                                kicad schematic
                                Transient Analysis  Tue Jul 07 18:54:48  2026
--------------------------------------------------------------------------------
Index   time            a2#branch_1_0   a2#branch_1_1   a2#branch_1_2   
--------------------------------------------------------------------------------
0	0.000000e+00	0.000000e+00	0.000000e+00	0.000000e+00	
1	1.000000e-11	0.000000e+00	0.000000e+00	0.000000e+00	
2	2.000000e-11	0.000000e+00	0.000000e+00	0.000000e+00	
3	4.000000e-11	0.000000e+00	0.000000e+00	0.000000e+00	
4	8.000000e-11	0.000000e+00	0.000000e+00	0.000000e+00	
5	1.600000e-10	0.000000e+00	0.000000e+00	0.000000e+00	
6	3.200000e-10	0.000000e+00	0.000000e+00	0.000000e+00	
7	6.400000e-10	0.000000e+00	0.000000e+00	0.000000e+00	
8	1.000000e-09	0.000000e+00	0.000000e+00	0.000000e+00	
9	1.064000e-09	0.000000e+00	0.000000e+00	0.000000e+00	
10	1.192000e-09	0.000000e+00	0.000000e+00	0.000000e+00	
11	1.448000e-09	0.000000e+00	0.000000e+00	0.000000e+00	
12	1.960000e-09	0.000000e+00	0.000000e+00	0.000000e+00	
13	2.960000e-09	0.000000e+00	0.000000e+00	0.000000e+00	
14	3.960000e-09	0.000000e+00	0.000000e+00	0.000000e+00	
15	4.960000e-09	0.000000e+00	0.000000e+00	0.000000e+00	
16	5.960000e-09	0.000000e+00	0.000000e+00	0.000000e+00	
17	6.000000e-09	0.000000e+00	0.000000e+00	0.000000e+00	
18	6.080000e-09	0.000000e+00	0.000000e+00	0.000000e+00	
19	6.240000e-09	0.000000e+00	0.000000e+00	0.000000e+00	
20	6.560000e-09	0.000000e+00	0.000000e+00	0.000000e+00	
21	7.000000e-09	0.000000e+00	0.000000e+00	0.000000e+00	
22	7.064000e-09	0.000000e+00	0.000000e+00	0.000000e+00	
23	7.192000e-09	0.000000e+00	0.000000e+00	0.000000e+00	
24	7.448000e-09	0.000000e+00	0.000000e+00	0.000000e+00	
25	7.960000e-09	0.000000e+00	0.000000e+00	0.000000e+00	
26	8.960000e-09	0.000000e+00	0.000000e+00	0.000000e+00	
27	9.960000e-09	0.000000e+00	0.000000e+00	0.000000e+00	
28	1.000000e-08	0.000000e+00	0.000000e+00	0.000000e+00	
29	1.008000e-08	0.000000e+00	0.000000e+00	0.000000e+00	
30	1.024000e-08	0.000000e+00	0.000000e+00	0.000000e+00	
31	1.056000e-08	0.000000e+00	0.000000e+00	0.000000e+00	
32	1.100000e-08	0.000000e+00	0.000000e+00	0.000000e+00	
33	1.106400e-08	0.000000e+00	0.000000e+00	0.000000e+00	
34	1.119200e-08	0.000000e+00	0.000000e+00	0.000000e+00	
35	1.144800e-08	0.000000e+00	0.000000e+00	0.000000e+00	
36	1.196000e-08	0.000000e+00	0.000000e+00	0.000000e+00	
37	1.296000e-08	0.000000e+00	0.000000e+00	0.000000e+00	
38	1.396000e-08	0.000000e+00	0.000000e+00	0.000000e+00	
39	1.496000e-08	0.000000e+00	0.000000e+00	0.000000e+00	
40	1.596000e-08	0.000000e+00	0.000000e+00	0.000000e+00	
41	1.600000e-08	0.000000e+00	0.000000e+00	0.000000e+00	
42	1.608000e-08	0.000000e+00	0.000000e+00	0.000000e+00	
43	1.624000e-08	0.000000e+00	0.000000e+00	0.000000e+00	
44	1.656000e-08	0.000000e+00	0.000000e+00	0.000000e+00	
45	1.700000e-08	0.000000e+00	0.000000e+00	0.000000e+00	
46	1.706400e-08	0.000000e+00	0.000000e+00	0.000000e+00	
47	1.719200e-08	0.000000e+00	0.000000e+00	0.000000e+00	
48	1.744800e-08	0.000000e+00	0.000000e+00	0.000000e+00	
49	1.796000e-08	0.000000e+00	0.000000e+00	0.000000e+00	
50	1.896000e-08	0.000000e+00	0.000000e+00	0.000000e+00	
51	1.996000e-08	0.000000e+00	0.000000e+00	0.000000e+00	
52	2.000000e-08	0.000000e+00	0.000000e+00	0.000000e+00	
53	2.008000e-08	0.000000e+00	0.000000e+00	0.000000e+00	
54	2.024000e-08	0.000000e+00	0.000000e+00	0.000000e+00	

Index   time            a2#branch_1_0   a2#branch_1_1   a2#branch_1_2   
--------------------------------------------------------------------------------
55	2.056000e-08	0.000000e+00	0.000000e+00	0.000000e+00	
56	2.100000e-08	0.000000e+00	0.000000e+00	0.000000e+00	
57	2.106400e-08	0.000000e+00	0.000000e+00	0.000000e+00	
58	2.119200e-08	0.000000e+00	0.000000e+00	0.000000e+00	
59	2.144800e-08	0.000000e+00	0.000000e+00	0.000000e+00	
60	2.196000e-08	0.000000e+00	0.000000e+00	0.000000e+00	
61	2.296000e-08	0.000000e+00	0.000000e+00	0.000000e+00	
62	2.396000e-08	0.000000e+00	0.000000e+00	0.000000e+00	
63	2.496000e-08	0.000000e+00	0.000000e+00	0.000000e+00	
64	2.596000e-08	0.000000e+00	0.000000e+00	0.000000e+00	
65	2.600000e-08	0.000000e+00	0.000000e+00	0.000000e+00	
66	2.608000e-08	0.000000e+00	0.000000e+00	0.000000e+00	
67	2.624000e-08	0.000000e+00	0.000000e+00	0.000000e+00	
68	2.656000e-08	0.000000e+00	0.000000e+00	0.000000e+00	
69	2.700000e-08	0.000000e+00	0.000000e+00	0.000000e+00	
70	2.706400e-08	0.000000e+00	0.000000e+00	0.000000e+00	
71	2.719200e-08	0.000000e+00	0.000000e+00	0.000000e+00	
72	2.744800e-08	0.000000e+00	0.000000e+00	0.000000e+00	
73	2.796000e-08	0.000000e+00	0.000000e+00	0.000000e+00	
74	2.896000e-08	0.000000e+00	0.000000e+00	0.000000e+00	
75	2.996000e-08	0.000000e+00	0.000000e+00	0.000000e+00	
76	3.000000e-08	0.000000e+00	0.000000e+00	0.000000e+00	
77	3.008000e-08	0.000000e+00	0.000000e+00	0.000000e+00	
78	3.024000e-08	0.000000e+00	0.000000e+00	0.000000e+00	
79	3.056000e-08	0.000000e+00	0.000000e+00	0.000000e+00	
80	3.100000e-08	0.000000e+00	0.000000e+00	0.000000e+00	
81	3.106400e-08	0.000000e+00	0.000000e+00	0.000000e+00	
82	3.119200e-08	0.000000e+00	0.000000e+00	0.000000e+00	
83	3.144800e-08	0.000000e+00	0.000000e+00	0.000000e+00	
84	3.196000e-08	0.000000e+00	0.000000e+00	0.000000e+00	
85	3.296000e-08	0.000000e+00	0.000000e+00	0.000000e+00	
86	3.396000e-08	0.000000e+00	0.000000e+00	0.000000e+00	
87	3.496000e-08	0.000000e+00	0.000000e+00	0.000000e+00	
88	3.596000e-08	0.000000e+00	0.000000e+00	0.000000e+00	
89	3.600000e-08	0.000000e+00	0.000000e+00	0.000000e+00	
90	3.608000e-08	0.000000e+00	0.000000e+00	0.000000e+00	
91	3.624000e-08	0.000000e+00	0.000000e+00	0.000000e+00	
92	3.656000e-08	0.000000e+00	0.000000e+00	0.000000e+00	
93	3.700000e-08	0.000000e+00	0.000000e+00	0.000000e+00	
94	3.706400e-08	0.000000e+00	0.000000e+00	0.000000e+00	
95	3.719200e-08	0.000000e+00	0.000000e+00	0.000000e+00	
96	3.744800e-08	0.000000e+00	0.000000e+00	0.000000e+00	
97	3.796000e-08	0.000000e+00	0.000000e+00	0.000000e+00	
98	3.896000e-08	0.000000e+00	0.000000e+00	0.000000e+00	
99	3.996000e-08	0.000000e+00	0.000000e+00	0.000000e+00	
100	4.000000e-08	0.000000e+00	0.000000e+00	0.000000e+00	
101	4.007999e-08	0.000000e+00	0.000000e+00	0.000000e+00	
102	4.023998e-08	0.000000e+00	0.000000e+00	0.000000e+00	
103	4.055996e-08	0.000000e+00	0.000000e+00	0.000000e+00	
104	4.100000e-08	0.000000e+00	0.000000e+00	0.000000e+00	
105	4.106400e-08	0.000000e+00	0.000000e+00	0.000000e+00	
106	4.119199e-08	0.000000e+00	0.000000e+00	0.000000e+00	
107	4.144797e-08	0.000000e+00	0.000000e+00	0.000000e+00	
108	4.195994e-08	0.000000e+00	0.000000e+00	0.000000e+00	
109	4.295994e-08	0.000000e+00	0.000000e+00	0.000000e+00	
110	4.395994e-08	0.000000e+00	0.000000e+00	0.000000e+00	
111	4.495994e-08	0.000000e+00	0.000000e+00	0.000000e+00	
112	4.595994e-08	0.000000e+00	0.000000e+00	0.000000e+00	

Index   time            a2#branch_1_0   a2#branch_1_1   a2#branch_1_2   
--------------------------------------------------------------------------------
113	4.600000e-08	0.000000e+00	0.000000e+00	0.000000e+00	
114	4.608013e-08	0.000000e+00	0.000000e+00	0.000000e+00	
115	4.624039e-08	0.000000e+00	0.000000e+00	0.000000e+00	
116	4.656091e-08	0.000000e+00	0.000000e+00	0.000000e+00	
117	4.700000e-08	0.000000e+00	0.000000e+00	0.000000e+00	
118	4.706410e-08	0.000000e+00	0.000000e+00	0.000000e+00	
119	4.719231e-08	0.000000e+00	0.000000e+00	0.000000e+00	
120	4.744873e-08	0.000000e+00	0.000000e+00	0.000000e+00	
121	4.796156e-08	0.000000e+00	0.000000e+00	0.000000e+00	
122	4.896156e-08	0.000000e+00	0.000000e+00	0.000000e+00	
123	4.996156e-08	0.000000e+00	0.000000e+00	0.000000e+00	
124	5.000000e-08	0.000000e+00	0.000000e+00	0.000000e+00	
125	5.007688e-08	0.000000e+00	0.000000e+00	0.000000e+00	
126	5.023064e-08	0.000000e+00	0.000000e+00	0.000000e+00	
127	5.053817e-08	0.000000e+00	0.000000e+00	0.000000e+00	
128	5.100000e-08	0.000000e+00	0.000000e+00	0.000000e+00	
129	5.106150e-08	0.000000e+00	0.000000e+00	0.000000e+00	
130	5.118451e-08	0.000000e+00	0.000000e+00	0.000000e+00	
131	5.143053e-08	0.000000e+00	0.000000e+00	0.000000e+00	
132	5.192257e-08	0.000000e+00	0.000000e+00	0.000000e+00	
133	5.200000e-08	0.000000e+00	0.000000e+00	0.000000e+00	
134	5.209841e-08	0.000000e+00	0.000000e+00	0.000000e+00	
135	5.229522e-08	0.000000e+00	0.000000e+00	0.000000e+00	
136	5.268886e-08	0.000000e+00	0.000000e+00	0.000000e+00	
137	5.347612e-08	0.000000e+00	0.000000e+00	0.000000e+00	
138	5.447612e-08	0.000000e+00	0.000000e+00	0.000000e+00	
139	5.547612e-08	0.000000e+00	0.000000e+00	0.000000e+00	
140	5.600000e-08	0.000000e+00	0.000000e+00	0.000000e+00	
141	5.610000e-08	0.000000e+00	0.000000e+00	0.000000e+00	
142	5.630000e-08	0.000000e+00	0.000000e+00	0.000000e+00	
143	5.670000e-08	0.000000e+00	0.000000e+00	0.000000e+00	
144	5.700000e-08	0.000000e+00	0.000000e+00	0.000000e+00	
145	5.708000e-08	0.000000e+00	0.000000e+00	0.000000e+00	
146	5.724000e-08	0.000000e+00	0.000000e+00	0.000000e+00	
147	5.756000e-08	0.000000e+00	0.000000e+00	0.000000e+00	
148	5.820000e-08	0.000000e+00	0.000000e+00	0.000000e+00	
149	5.920000e-08	0.000000e+00	0.000000e+00	0.000000e+00	
150	6.000000e-08	0.000000e+00	0.000000e+00	0.000000e+00	
151	6.010000e-08	0.000000e+00	0.000000e+00	0.000000e+00	
152	6.030000e-08	0.000000e+00	0.000000e+00	0.000000e+00	
153	6.070000e-08	0.000000e+00	0.000000e+00	0.000000e+00	
154	6.100000e-08	0.000000e+00	0.000000e+00	0.000000e+00	
155	6.108000e-08	0.000000e+00	0.000000e+00	0.000000e+00	
156	6.124000e-08	0.000000e+00	0.000000e+00	0.000000e+00	
157	6.156000e-08	0.000000e+00	0.000000e+00	0.000000e+00	
158	6.220000e-08	0.000000e+00	0.000000e+00	0.000000e+00	
159	6.230000e-08	0.000000e+00	0.000000e+00	0.000000e+00	
160	6.240000e-08	0.000000e+00	0.000000e+00	0.000000e+00	
161	6.260000e-08	0.000000e+00	0.000000e+00	0.000000e+00	
162	6.300000e-08	0.000000e+00	0.000000e+00	0.000000e+00	
163	6.330000e-08	0.000000e+00	0.000000e+00	0.000000e+00	
164	6.338000e-08	0.000000e+00	0.000000e+00	0.000000e+00	
165	6.354000e-08	0.000000e+00	0.000000e+00	0.000000e+00	
166	6.386000e-08	0.000000e+00	0.000000e+00	0.000000e+00	
167	6.450000e-08	0.000000e+00	0.000000e+00	0.000000e+00	
168	6.550000e-08	0.000000e+00	0.000000e+00	0.000000e+00	
169	6.600000e-08	0.000000e+00	0.000000e+00	0.000000e+00	
170	6.610000e-08	0.000000e+00	0.000000e+00	0.000000e+00	

Index   time            a2#branch_1_0   a2#branch_1_1   a2#branch_1_2   
--------------------------------------------------------------------------------
171	6.630000e-08	0.000000e+00	0.000000e+00	0.000000e+00	
172	6.670000e-08	0.000000e+00	0.000000e+00	0.000000e+00	
173	6.700000e-08	0.000000e+00	0.000000e+00	0.000000e+00	
174	6.708000e-08	0.000000e+00	0.000000e+00	0.000000e+00	
175	6.724000e-08	0.000000e+00	0.000000e+00	0.000000e+00	
176	6.756000e-08	0.000000e+00	0.000000e+00	0.000000e+00	
177	6.820000e-08	0.000000e+00	0.000000e+00	0.000000e+00	
178	6.920000e-08	0.000000e+00	0.000000e+00	0.000000e+00	
179	7.000000e-08	0.000000e+00	0.000000e+00	0.000000e+00	
180	7.010000e-08	0.000000e+00	0.000000e+00	0.000000e+00	
181	7.030000e-08	0.000000e+00	0.000000e+00	0.000000e+00	
182	7.070000e-08	0.000000e+00	0.000000e+00	0.000000e+00	
183	7.100000e-08	0.000000e+00	0.000000e+00	0.000000e+00	
184	7.108000e-08	0.000000e+00	0.000000e+00	0.000000e+00	
185	7.124000e-08	0.000000e+00	0.000000e+00	0.000000e+00	
186	7.156000e-08	0.000000e+00	0.000000e+00	0.000000e+00	
187	7.200000e-08	0.000000e+00	0.000000e+00	0.000000e+00	
188	7.206400e-08	0.000000e+00	0.000000e+00	0.000000e+00	
189	7.219200e-08	0.000000e+00	0.000000e+00	0.000000e+00	
190	7.244800e-08	0.000000e+00	0.000000e+00	0.000000e+00	
191	7.296000e-08	0.000000e+00	0.000000e+00	0.000000e+00	
192	7.396000e-08	0.000000e+00	0.000000e+00	0.000000e+00	
193	7.496000e-08	0.000000e+00	0.000000e+00	0.000000e+00	
194	7.596000e-08	0.000000e+00	0.000000e+00	0.000000e+00	
195	7.600000e-08	0.000000e+00	0.000000e+00	0.000000e+00	
196	7.608000e-08	0.000000e+00	0.000000e+00	0.000000e+00	
197	7.624000e-08	0.000000e+00	0.000000e+00	0.000000e+00	
198	7.656000e-08	0.000000e+00	0.000000e+00	0.000000e+00	
199	7.700000e-08	0.000000e+00	0.000000e+00	0.000000e+00	
200	7.706400e-08	0.000000e+00	0.000000e+00	0.000000e+00	
201	7.719200e-08	0.000000e+00	0.000000e+00	0.000000e+00	
202	7.744800e-08	0.000000e+00	0.000000e+00	0.000000e+00	
203	7.796000e-08	0.000000e+00	0.000000e+00	0.000000e+00	
204	7.896000e-08	0.000000e+00	0.000000e+00	0.000000e+00	
205	7.996000e-08	0.000000e+00	0.000000e+00	0.000000e+00	
206	8.000000e-08	0.000000e+00	0.000000e+00	0.000000e+00	
207	8.008000e-08	0.000000e+00	0.000000e+00	0.000000e+00	
208	8.024000e-08	0.000000e+00	0.000000e+00	0.000000e+00	
209	8.056000e-08	0.000000e+00	0.000000e+00	0.000000e+00	
210	8.100000e-08	0.000000e+00	0.000000e+00	0.000000e+00	
211	8.106400e-08	0.000000e+00	0.000000e+00	0.000000e+00	
212	8.119200e-08	0.000000e+00	0.000000e+00	0.000000e+00	
213	8.144800e-08	0.000000e+00	0.000000e+00	0.000000e+00	
214	8.196000e-08	0.000000e+00	0.000000e+00	0.000000e+00	
215	8.296000e-08	0.000000e+00	0.000000e+00	0.000000e+00	
216	8.396000e-08	0.000000e+00	0.000000e+00	0.000000e+00	
217	8.496000e-08	0.000000e+00	0.000000e+00	0.000000e+00	
218	8.596000e-08	0.000000e+00	0.000000e+00	0.000000e+00	
219	8.600000e-08	0.000000e+00	0.000000e+00	0.000000e+00	
220	8.608000e-08	0.000000e+00	0.000000e+00	0.000000e+00	
221	8.624000e-08	0.000000e+00	0.000000e+00	0.000000e+00	
222	8.656000e-08	0.000000e+00	0.000000e+00	0.000000e+00	
223	8.700000e-08	0.000000e+00	0.000000e+00	0.000000e+00	
224	8.706400e-08	0.000000e+00	0.000000e+00	0.000000e+00	
225	8.719200e-08	0.000000e+00	0.000000e+00	0.000000e+00	
226	8.744800e-08	0.000000e+00	0.000000e+00	0.000000e+00	
227	8.796000e-08	0.000000e+00	0.000000e+00	0.000000e+00	
228	8.896000e-08	0.000000e+00	0.000000e+00	0.000000e+00	

Index   time            a2#branch_1_0   a2#branch_1_1   a2#branch_1_2   
--------------------------------------------------------------------------------
229	8.996000e-08	0.000000e+00	0.000000e+00	0.000000e+00	
230	9.000000e-08	0.000000e+00	0.000000e+00	0.000000e+00	
231	9.008000e-08	0.000000e+00	0.000000e+00	0.000000e+00	
232	9.024000e-08	0.000000e+00	0.000000e+00	0.000000e+00	
233	9.056000e-08	0.000000e+00	0.000000e+00	0.000000e+00	
234	9.100000e-08	0.000000e+00	0.000000e+00	0.000000e+00	
235	9.106400e-08	0.000000e+00	0.000000e+00	0.000000e+00	
236	9.119200e-08	0.000000e+00	0.000000e+00	0.000000e+00	
237	9.144800e-08	0.000000e+00	0.000000e+00	0.000000e+00	
238	9.196000e-08	0.000000e+00	0.000000e+00	0.000000e+00	
239	9.200000e-08	0.000000e+00	0.000000e+00	0.000000e+00	
240	9.208000e-08	0.000000e+00	0.000000e+00	0.000000e+00	
241	9.224000e-08	0.000000e+00	0.000000e+00	0.000000e+00	
242	9.256000e-08	0.000000e+00	0.000000e+00	0.000000e+00	
243	9.320000e-08	0.000000e+00	0.000000e+00	0.000000e+00	
244	9.420000e-08	0.000000e+00	0.000000e+00	0.000000e+00	
245	9.520000e-08	0.000000e+00	0.000000e+00	0.000000e+00	
246	9.600000e-08	0.000000e+00	0.000000e+00	0.000000e+00	
247	9.610000e-08	0.000000e+00	0.000000e+00	0.000000e+00	
248	9.630000e-08	0.000000e+00	0.000000e+00	0.000000e+00	
249	9.670000e-08	0.000000e+00	0.000000e+00	0.000000e+00	
250	9.700000e-08	0.000000e+00	0.000000e+00	0.000000e+00	
251	9.708000e-08	0.000000e+00	0.000000e+00	0.000000e+00	
252	9.724000e-08	0.000000e+00	0.000000e+00	0.000000e+00	
253	9.756000e-08	0.000000e+00	0.000000e+00	0.000000e+00	
254	9.820000e-08	0.000000e+00	0.000000e+00	0.000000e+00	
255	9.920000e-08	0.000000e+00	0.000000e+00	0.000000e+00	
256	1.000000e-07	0.000000e+00	0.000000e+00	0.000000e+00	
257	1.001000e-07	0.000000e+00	0.000000e+00	0.000000e+00	
258	1.003000e-07	0.000000e+00	0.000000e+00	0.000000e+00	
259	1.007000e-07	0.000000e+00	0.000000e+00	0.000000e+00	
260	1.010000e-07	0.000000e+00	0.000000e+00	0.000000e+00	
261	1.010800e-07	0.000000e+00	0.000000e+00	0.000000e+00	
262	1.012400e-07	0.000000e+00	0.000000e+00	0.000000e+00	
263	1.015600e-07	0.000000e+00	0.000000e+00	0.000000e+00	
264	1.022000e-07	0.000000e+00	0.000000e+00	0.000000e+00	
265	1.032000e-07	0.000000e+00	0.000000e+00	0.000000e+00	
266	1.042000e-07	0.000000e+00	0.000000e+00	0.000000e+00	
267	1.052000e-07	0.000000e+00	0.000000e+00	0.000000e+00	
268	1.060000e-07	0.000000e+00	0.000000e+00	0.000000e+00	
269	1.061000e-07	0.000000e+00	0.000000e+00	0.000000e+00	
270	1.063000e-07	0.000000e+00	0.000000e+00	0.000000e+00	
271	1.067000e-07	0.000000e+00	0.000000e+00	0.000000e+00	
272	1.070000e-07	0.000000e+00	0.000000e+00	0.000000e+00	
273	1.070800e-07	0.000000e+00	0.000000e+00	0.000000e+00	
274	1.072400e-07	0.000000e+00	0.000000e+00	0.000000e+00	
275	1.075600e-07	0.000000e+00	0.000000e+00	0.000000e+00	
276	1.082000e-07	0.000000e+00	0.000000e+00	0.000000e+00	
277	1.092000e-07	0.000000e+00	0.000000e+00	0.000000e+00	
278	1.100000e-07	0.000000e+00	0.000000e+00	0.000000e+00	
279	1.101000e-07	0.000000e+00	0.000000e+00	0.000000e+00	
280	1.103000e-07	0.000000e+00	0.000000e+00	0.000000e+00	
281	1.107000e-07	0.000000e+00	0.000000e+00	0.000000e+00	
282	1.110000e-07	0.000000e+00	0.000000e+00	0.000000e+00	
283	1.110800e-07	0.000000e+00	0.000000e+00	0.000000e+00	
284	1.112400e-07	0.000000e+00	0.000000e+00	0.000000e+00	
285	1.115600e-07	0.000000e+00	0.000000e+00	0.000000e+00	
286	1.120000e-07	0.000000e+00	0.000000e+00	0.000000e+00	

Index   time            a2#branch_1_0   a2#branch_1_1   a2#branch_1_2   
--------------------------------------------------------------------------------
287	1.120640e-07	0.000000e+00	0.000000e+00	0.000000e+00	
288	1.121920e-07	0.000000e+00	0.000000e+00	0.000000e+00	
289	1.124480e-07	0.000000e+00	0.000000e+00	0.000000e+00	
290	1.129600e-07	0.000000e+00	0.000000e+00	0.000000e+00	
291	1.139600e-07	0.000000e+00	0.000000e+00	0.000000e+00	
292	1.149600e-07	0.000000e+00	0.000000e+00	0.000000e+00	
293	1.159600e-07	0.000000e+00	0.000000e+00	0.000000e+00	
294	1.160000e-07	0.000000e+00	0.000000e+00	0.000000e+00	
295	1.160800e-07	0.000000e+00	0.000000e+00	0.000000e+00	
296	1.162400e-07	0.000000e+00	0.000000e+00	0.000000e+00	
297	1.165600e-07	0.000000e+00	0.000000e+00	0.000000e+00	
298	1.170000e-07	0.000000e+00	0.000000e+00	0.000000e+00	
299	1.170640e-07	0.000000e+00	0.000000e+00	0.000000e+00	
300	1.171920e-07	0.000000e+00	0.000000e+00	0.000000e+00	
301	1.174480e-07	0.000000e+00	0.000000e+00	0.000000e+00	
302	1.179600e-07	0.000000e+00	0.000000e+00	0.000000e+00	
303	1.189600e-07	0.000000e+00	0.000000e+00	0.000000e+00	
304	1.199600e-07	0.000000e+00	0.000000e+00	0.000000e+00	
305	1.200000e-07	0.000000e+00	0.000000e+00	0.000000e+00	
306	1.200800e-07	0.000000e+00	0.000000e+00	0.000000e+00	
307	1.202400e-07	0.000000e+00	0.000000e+00	0.000000e+00	
308	1.205600e-07	0.000000e+00	0.000000e+00	0.000000e+00	
309	1.210000e-07	0.000000e+00	0.000000e+00	0.000000e+00	
310	1.210640e-07	0.000000e+00	0.000000e+00	0.000000e+00	
311	1.211920e-07	0.000000e+00	0.000000e+00	0.000000e+00	
312	1.214480e-07	0.000000e+00	0.000000e+00	0.000000e+00	
313	1.219600e-07	0.000000e+00	0.000000e+00	0.000000e+00	
314	1.229600e-07	0.000000e+00	0.000000e+00	0.000000e+00	
315	1.239600e-07	0.000000e+00	0.000000e+00	0.000000e+00	
316	1.249600e-07	0.000000e+00	0.000000e+00	0.000000e+00	
317	1.259600e-07	0.000000e+00	0.000000e+00	0.000000e+00	
318	1.260000e-07	0.000000e+00	0.000000e+00	0.000000e+00	
319	1.260800e-07	0.000000e+00	0.000000e+00	0.000000e+00	
320	1.262400e-07	0.000000e+00	0.000000e+00	0.000000e+00	
321	1.265600e-07	0.000000e+00	0.000000e+00	0.000000e+00	
322	1.270000e-07	0.000000e+00	0.000000e+00	0.000000e+00	
323	1.270640e-07	0.000000e+00	0.000000e+00	0.000000e+00	
324	1.271920e-07	0.000000e+00	0.000000e+00	0.000000e+00	
325	1.274480e-07	0.000000e+00	0.000000e+00	0.000000e+00	
326	1.279600e-07	0.000000e+00	0.000000e+00	0.000000e+00	
327	1.289600e-07	0.000000e+00	0.000000e+00	0.000000e+00	
328	1.299600e-07	0.000000e+00	0.000000e+00	0.000000e+00	
329	1.300000e-07	0.000000e+00	0.000000e+00	0.000000e+00	
330	1.300800e-07	0.000000e+00	0.000000e+00	0.000000e+00	
331	1.302400e-07	0.000000e+00	0.000000e+00	0.000000e+00	
332	1.305600e-07	0.000000e+00	0.000000e+00	0.000000e+00	
333	1.310000e-07	0.000000e+00	0.000000e+00	0.000000e+00	
334	1.310640e-07	0.000000e+00	0.000000e+00	0.000000e+00	
335	1.311920e-07	0.000000e+00	0.000000e+00	0.000000e+00	
336	1.314480e-07	0.000000e+00	0.000000e+00	0.000000e+00	
337	1.319600e-07	0.000000e+00	0.000000e+00	0.000000e+00	
338	1.320000e-07	0.000000e+00	0.000000e+00	0.000000e+00	
339	1.320800e-07	0.000000e+00	0.000000e+00	0.000000e+00	
340	1.322400e-07	0.000000e+00	0.000000e+00	0.000000e+00	
341	1.322560e-07	0.000000e+00	0.000000e+00	0.000000e+00	
342	1.322880e-07	0.000000e+00	0.000000e+00	0.000000e+00	
343	1.323520e-07	0.000000e+00	0.000000e+00	0.000000e+00	
344	1.324800e-07	0.000000e+00	0.000000e+00	0.000000e+00	

Index   time            a2#branch_1_0   a2#branch_1_1   a2#branch_1_2   
--------------------------------------------------------------------------------
345	1.327360e-07	0.000000e+00	0.000000e+00	0.000000e+00	
346	1.332400e-07	0.000000e+00	0.000000e+00	0.000000e+00	
347	1.332912e-07	0.000000e+00	0.000000e+00	0.000000e+00	
348	1.333936e-07	0.000000e+00	0.000000e+00	0.000000e+00	
349	1.335984e-07	0.000000e+00	0.000000e+00	0.000000e+00	
350	1.340080e-07	0.000000e+00	0.000000e+00	0.000000e+00	
351	1.348272e-07	0.000000e+00	0.000000e+00	0.000000e+00	
352	1.358272e-07	0.000000e+00	0.000000e+00	0.000000e+00	
353	1.360000e-07	0.000000e+00	0.000000e+00	0.000000e+00	
354	1.361000e-07	0.000000e+00	0.000000e+00	0.000000e+00	
355	1.363000e-07	0.000000e+00	0.000000e+00	0.000000e+00	
356	1.367000e-07	0.000000e+00	0.000000e+00	0.000000e+00	
357	1.370000e-07	0.000000e+00	0.000000e+00	0.000000e+00	
358	1.370800e-07	0.000000e+00	0.000000e+00	0.000000e+00	
359	1.372400e-07	0.000000e+00	0.000000e+00	0.000000e+00	
360	1.375600e-07	0.000000e+00	0.000000e+00	0.000000e+00	
361	1.382000e-07	0.000000e+00	0.000000e+00	0.000000e+00	
362	1.392000e-07	0.000000e+00	0.000000e+00	0.000000e+00	
363	1.400000e-07	0.000000e+00	0.000000e+00	0.000000e+00	
364	1.401000e-07	0.000000e+00	0.000000e+00	0.000000e+00	
365	1.403000e-07	0.000000e+00	0.000000e+00	0.000000e+00	
366	1.407000e-07	0.000000e+00	0.000000e+00	0.000000e+00	
367	1.410000e-07	0.000000e+00	0.000000e+00	0.000000e+00	
368	1.410800e-07	0.000000e+00	0.000000e+00	0.000000e+00	
369	1.412400e-07	0.000000e+00	0.000000e+00	0.000000e+00	
370	1.415600e-07	0.000000e+00	0.000000e+00	0.000000e+00	
371	1.422000e-07	0.000000e+00	0.000000e+00	0.000000e+00	
372	1.432000e-07	0.000000e+00	0.000000e+00	0.000000e+00	
373	1.442000e-07	0.000000e+00	0.000000e+00	0.000000e+00	
374	1.452000e-07	0.000000e+00	0.000000e+00	0.000000e+00	
375	1.460000e-07	0.000000e+00	0.000000e+00	0.000000e+00	
376	1.461000e-07	0.000000e+00	0.000000e+00	0.000000e+00	
377	1.463000e-07	0.000000e+00	0.000000e+00	0.000000e+00	
378	1.467000e-07	0.000000e+00	0.000000e+00	0.000000e+00	
379	1.470000e-07	0.000000e+00	0.000000e+00	0.000000e+00	
380	1.470800e-07	0.000000e+00	0.000000e+00	0.000000e+00	
381	1.472400e-07	0.000000e+00	0.000000e+00	0.000000e+00	
382	1.475600e-07	0.000000e+00	0.000000e+00	0.000000e+00	
383	1.482000e-07	0.000000e+00	0.000000e+00	0.000000e+00	
384	1.492000e-07	0.000000e+00	0.000000e+00	0.000000e+00	
385	1.500000e-07	0.000000e+00	0.000000e+00	0.000000e+00	
386	1.501000e-07	0.000000e+00	0.000000e+00	0.000000e+00	
387	1.503000e-07	0.000000e+00	0.000000e+00	0.000000e+00	
388	1.507000e-07	0.000000e+00	0.000000e+00	0.000000e+00	
389	1.510000e-07	0.000000e+00	0.000000e+00	0.000000e+00	
390	1.510800e-07	0.000000e+00	0.000000e+00	0.000000e+00	
391	1.512400e-07	0.000000e+00	0.000000e+00	0.000000e+00	
392	1.515600e-07	0.000000e+00	0.000000e+00	0.000000e+00	
393	1.520000e-07	0.000000e+00	0.000000e+00	0.000000e+00	
394	1.520640e-07	0.000000e+00	0.000000e+00	0.000000e+00	
395	1.521920e-07	0.000000e+00	0.000000e+00	0.000000e+00	
396	1.524480e-07	0.000000e+00	0.000000e+00	0.000000e+00	
397	1.529600e-07	0.000000e+00	0.000000e+00	0.000000e+00	
398	1.539600e-07	0.000000e+00	0.000000e+00	0.000000e+00	
399	1.549600e-07	0.000000e+00	0.000000e+00	0.000000e+00	
400	1.559600e-07	0.000000e+00	0.000000e+00	0.000000e+00	
401	1.560000e-07	0.000000e+00	0.000000e+00	0.000000e+00	
402	1.560800e-07	0.000000e+00	0.000000e+00	0.000000e+00	

Index   time            a2#branch_1_0   a2#branch_1_1   a2#branch_1_2   
--------------------------------------------------------------------------------
403	1.562400e-07	0.000000e+00	0.000000e+00	0.000000e+00	
404	1.565600e-07	0.000000e+00	0.000000e+00	0.000000e+00	
405	1.570000e-07	0.000000e+00	0.000000e+00	0.000000e+00	
406	1.570640e-07	0.000000e+00	0.000000e+00	0.000000e+00	
407	1.571920e-07	0.000000e+00	0.000000e+00	0.000000e+00	
408	1.574480e-07	0.000000e+00	0.000000e+00	0.000000e+00	
409	1.579600e-07	0.000000e+00	0.000000e+00	0.000000e+00	
410	1.589600e-07	0.000000e+00	0.000000e+00	0.000000e+00	
411	1.599600e-07	0.000000e+00	0.000000e+00	0.000000e+00	
412	1.600000e-07	0.000000e+00	0.000000e+00	0.000000e+00	
413	1.600800e-07	0.000000e+00	0.000000e+00	0.000000e+00	
414	1.602400e-07	0.000000e+00	0.000000e+00	0.000000e+00	
415	1.605600e-07	0.000000e+00	0.000000e+00	0.000000e+00	
416	1.610000e-07	0.000000e+00	0.000000e+00	0.000000e+00	
417	1.610640e-07	0.000000e+00	0.000000e+00	0.000000e+00	
418	1.611920e-07	0.000000e+00	0.000000e+00	0.000000e+00	
419	1.614480e-07	0.000000e+00	0.000000e+00	0.000000e+00	
420	1.619600e-07	0.000000e+00	0.000000e+00	0.000000e+00	
421	1.629600e-07	0.000000e+00	0.000000e+00	0.000000e+00	
422	1.639600e-07	0.000000e+00	0.000000e+00	0.000000e+00	
423	1.649600e-07	0.000000e+00	0.000000e+00	0.000000e+00	
424	1.659600e-07	0.000000e+00	0.000000e+00	0.000000e+00	
425	1.660000e-07	0.000000e+00	0.000000e+00	0.000000e+00	
426	1.660800e-07	0.000000e+00	0.000000e+00	0.000000e+00	
427	1.662400e-07	0.000000e+00	0.000000e+00	0.000000e+00	
428	1.665600e-07	0.000000e+00	0.000000e+00	0.000000e+00	
429	1.670000e-07	0.000000e+00	0.000000e+00	0.000000e+00	
430	1.670640e-07	0.000000e+00	0.000000e+00	0.000000e+00	
431	1.671920e-07	0.000000e+00	0.000000e+00	0.000000e+00	
432	1.674480e-07	0.000000e+00	0.000000e+00	0.000000e+00	
433	1.679600e-07	0.000000e+00	0.000000e+00	0.000000e+00	
434	1.689600e-07	0.000000e+00	0.000000e+00	0.000000e+00	
435	1.699600e-07	0.000000e+00	0.000000e+00	0.000000e+00	
436	1.700000e-07	0.000000e+00	0.000000e+00	0.000000e+00	
437	1.700800e-07	0.000000e+00	0.000000e+00	0.000000e+00	
438	1.702400e-07	0.000000e+00	0.000000e+00	0.000000e+00	
439	1.705600e-07	0.000000e+00	0.000000e+00	0.000000e+00	
440	1.710000e-07	0.000000e+00	0.000000e+00	0.000000e+00	
441	1.710640e-07	0.000000e+00	0.000000e+00	0.000000e+00	
442	1.711920e-07	0.000000e+00	0.000000e+00	0.000000e+00	
443	1.714480e-07	0.000000e+00	0.000000e+00	0.000000e+00	
444	1.719600e-07	0.000000e+00	0.000000e+00	0.000000e+00	
445	1.720000e-07	0.000000e+00	0.000000e+00	0.000000e+00	
446	1.720800e-07	0.000000e+00	0.000000e+00	0.000000e+00	
447	1.722400e-07	0.000000e+00	0.000000e+00	0.000000e+00	
448	1.725600e-07	0.000000e+00	0.000000e+00	0.000000e+00	
449	1.732000e-07	0.000000e+00	0.000000e+00	0.000000e+00	
450	1.742000e-07	0.000000e+00	0.000000e+00	0.000000e+00	
451	1.752000e-07	0.000000e+00	0.000000e+00	0.000000e+00	
452	1.760000e-07	0.000000e+00	0.000000e+00	0.000000e+00	
453	1.761000e-07	0.000000e+00	0.000000e+00	0.000000e+00	
454	1.763000e-07	0.000000e+00	0.000000e+00	0.000000e+00	
455	1.767000e-07	0.000000e+00	0.000000e+00	0.000000e+00	
456	1.770000e-07	0.000000e+00	0.000000e+00	0.000000e+00	
457	1.770800e-07	0.000000e+00	0.000000e+00	0.000000e+00	
458	1.772400e-07	0.000000e+00	0.000000e+00	0.000000e+00	
459	1.775600e-07	0.000000e+00	0.000000e+00	0.000000e+00	
460	1.782000e-07	0.000000e+00	0.000000e+00	0.000000e+00	

Index   time            a2#branch_1_0   a2#branch_1_1   a2#branch_1_2   
--------------------------------------------------------------------------------
461	1.792000e-07	0.000000e+00	0.000000e+00	0.000000e+00	
462	1.800000e-07	0.000000e+00	0.000000e+00	0.000000e+00	
463	1.801000e-07	0.000000e+00	0.000000e+00	0.000000e+00	
464	1.803000e-07	0.000000e+00	0.000000e+00	0.000000e+00	
465	1.807000e-07	0.000000e+00	0.000000e+00	0.000000e+00	
466	1.810000e-07	0.000000e+00	0.000000e+00	0.000000e+00	
467	1.810800e-07	0.000000e+00	0.000000e+00	0.000000e+00	
468	1.812400e-07	0.000000e+00	0.000000e+00	0.000000e+00	
469	1.815600e-07	0.000000e+00	0.000000e+00	0.000000e+00	
470	1.822000e-07	0.000000e+00	0.000000e+00	0.000000e+00	
471	1.832000e-07	0.000000e+00	0.000000e+00	0.000000e+00	
472	1.842000e-07	0.000000e+00	0.000000e+00	0.000000e+00	
473	1.852000e-07	0.000000e+00	0.000000e+00	0.000000e+00	
474	1.860000e-07	0.000000e+00	0.000000e+00	0.000000e+00	
475	1.861000e-07	0.000000e+00	0.000000e+00	0.000000e+00	
476	1.863000e-07	0.000000e+00	0.000000e+00	0.000000e+00	
477	1.867000e-07	0.000000e+00	0.000000e+00	0.000000e+00	
478	1.870000e-07	0.000000e+00	0.000000e+00	0.000000e+00	
479	1.870800e-07	0.000000e+00	0.000000e+00	0.000000e+00	
480	1.872400e-07	0.000000e+00	0.000000e+00	0.000000e+00	
481	1.875600e-07	0.000000e+00	0.000000e+00	0.000000e+00	
482	1.882000e-07	0.000000e+00	0.000000e+00	0.000000e+00	
483	1.892000e-07	0.000000e+00	0.000000e+00	0.000000e+00	
484	1.900000e-07	0.000000e+00	0.000000e+00	0.000000e+00	
485	1.901000e-07	0.000000e+00	0.000000e+00	0.000000e+00	
486	1.903000e-07	0.000000e+00	0.000000e+00	0.000000e+00	
487	1.907000e-07	0.000000e+00	0.000000e+00	0.000000e+00	
488	1.910000e-07	0.000000e+00	0.000000e+00	0.000000e+00	
489	1.910800e-07	0.000000e+00	0.000000e+00	0.000000e+00	
490	1.912400e-07	0.000000e+00	0.000000e+00	0.000000e+00	
491	1.915600e-07	0.000000e+00	0.000000e+00	0.000000e+00	
492	1.922000e-07	0.000000e+00	0.000000e+00	0.000000e+00	
493	1.932000e-07	0.000000e+00	0.000000e+00	0.000000e+00	
494	1.942000e-07	0.000000e+00	0.000000e+00	0.000000e+00	
495	1.952000e-07	0.000000e+00	0.000000e+00	0.000000e+00	
496	1.960000e-07	0.000000e+00	0.000000e+00	0.000000e+00	
497	1.961000e-07	0.000000e+00	0.000000e+00	0.000000e+00	
498	1.963000e-07	0.000000e+00	0.000000e+00	0.000000e+00	
499	1.967000e-07	0.000000e+00	0.000000e+00	0.000000e+00	
500	1.970000e-07	0.000000e+00	0.000000e+00	0.000000e+00	
501	1.970800e-07	0.000000e+00	0.000000e+00	0.000000e+00	
502	1.972400e-07	0.000000e+00	0.000000e+00	0.000000e+00	
503	1.975600e-07	0.000000e+00	0.000000e+00	0.000000e+00	
504	1.982000e-07	0.000000e+00	0.000000e+00	0.000000e+00	
505	1.992000e-07	0.000000e+00	0.000000e+00	0.000000e+00	
506	2.000000e-07	0.000000e+00	0.000000e+00	0.000000e+00	
507	2.001000e-07	0.000000e+00	0.000000e+00	0.000000e+00	
508	2.003000e-07	0.000000e+00	0.000000e+00	0.000000e+00	
509	2.007000e-07	0.000000e+00	0.000000e+00	0.000000e+00	
510	2.010000e-07	0.000000e+00	0.000000e+00	0.000000e+00	
511	2.010800e-07	0.000000e+00	0.000000e+00	0.000000e+00	
512	2.012400e-07	0.000000e+00	0.000000e+00	0.000000e+00	
513	2.015600e-07	0.000000e+00	0.000000e+00	0.000000e+00	
514	2.022000e-07	0.000000e+00	0.000000e+00	0.000000e+00	
515	2.023000e-07	0.000000e+00	0.000000e+00	0.000000e+00	
516	2.024000e-07	0.000000e+00	0.000000e+00	0.000000e+00	
517	2.026000e-07	0.000000e+00	0.000000e+00	0.000000e+00	
518	2.030000e-07	0.000000e+00	0.000000e+00	0.000000e+00	

Index   time            a2#branch_1_0   a2#branch_1_1   a2#branch_1_2   
--------------------------------------------------------------------------------
519	2.033000e-07	0.000000e+00	0.000000e+00	0.000000e+00	
520	2.033800e-07	0.000000e+00	0.000000e+00	0.000000e+00	
521	2.035400e-07	0.000000e+00	0.000000e+00	0.000000e+00	
522	2.038600e-07	0.000000e+00	0.000000e+00	0.000000e+00	
523	2.045000e-07	0.000000e+00	0.000000e+00	0.000000e+00	
524	2.055000e-07	0.000000e+00	0.000000e+00	0.000000e+00	
525	2.060000e-07	0.000000e+00	0.000000e+00	0.000000e+00	
526	2.061000e-07	0.000000e+00	0.000000e+00	0.000000e+00	
527	2.063000e-07	0.000000e+00	0.000000e+00	0.000000e+00	
528	2.067000e-07	0.000000e+00	0.000000e+00	0.000000e+00	
529	2.070000e-07	0.000000e+00	0.000000e+00	0.000000e+00	
530	2.070800e-07	0.000000e+00	0.000000e+00	0.000000e+00	
531	2.072400e-07	0.000000e+00	0.000000e+00	0.000000e+00	
532	2.075600e-07	0.000000e+00	0.000000e+00	0.000000e+00	
533	2.082000e-07	0.000000e+00	0.000000e+00	0.000000e+00	
534	2.092000e-07	0.000000e+00	0.000000e+00	0.000000e+00	
535	2.100000e-07	0.000000e+00	0.000000e+00	0.000000e+00	
536	2.101000e-07	0.000000e+00	0.000000e+00	0.000000e+00	
537	2.103000e-07	0.000000e+00	0.000000e+00	0.000000e+00	
538	2.107000e-07	0.000000e+00	0.000000e+00	0.000000e+00	
539	2.110000e-07	0.000000e+00	0.000000e+00	0.000000e+00	
540	2.110800e-07	0.000000e+00	0.000000e+00	0.000000e+00	
541	2.112400e-07	0.000000e+00	0.000000e+00	0.000000e+00	
542	2.115600e-07	0.000000e+00	0.000000e+00	0.000000e+00	
543	2.120000e-07	0.000000e+00	0.000000e+00	0.000000e+00	
544	2.120640e-07	0.000000e+00	0.000000e+00	0.000000e+00	
545	2.121920e-07	0.000000e+00	0.000000e+00	0.000000e+00	
546	2.124480e-07	0.000000e+00	0.000000e+00	0.000000e+00	
547	2.129600e-07	0.000000e+00	0.000000e+00	0.000000e+00	
548	2.139600e-07	0.000000e+00	0.000000e+00	0.000000e+00	
549	2.149600e-07	0.000000e+00	0.000000e+00	0.000000e+00	
550	2.159600e-07	0.000000e+00	0.000000e+00	0.000000e+00	
551	2.160000e-07	0.000000e+00	0.000000e+00	0.000000e+00	
552	2.160800e-07	0.000000e+00	0.000000e+00	0.000000e+00	
553	2.162400e-07	0.000000e+00	0.000000e+00	0.000000e+00	
554	2.165600e-07	0.000000e+00	0.000000e+00	0.000000e+00	
555	2.170000e-07	0.000000e+00	0.000000e+00	0.000000e+00	
556	2.170640e-07	0.000000e+00	0.000000e+00	0.000000e+00	
557	2.171920e-07	0.000000e+00	0.000000e+00	0.000000e+00	
558	2.174480e-07	0.000000e+00	0.000000e+00	0.000000e+00	
559	2.179600e-07	0.000000e+00	0.000000e+00	0.000000e+00	
560	2.189600e-07	0.000000e+00	0.000000e+00	0.000000e+00	
561	2.199600e-07	0.000000e+00	0.000000e+00	0.000000e+00	
562	2.200000e-07	0.000000e+00	0.000000e+00	0.000000e+00	
563	2.200800e-07	0.000000e+00	0.000000e+00	0.000000e+00	
564	2.202400e-07	0.000000e+00	0.000000e+00	0.000000e+00	
565	2.205600e-07	0.000000e+00	0.000000e+00	0.000000e+00	
566	2.210000e-07	0.000000e+00	0.000000e+00	0.000000e+00	
567	2.210640e-07	0.000000e+00	0.000000e+00	0.000000e+00	
568	2.211920e-07	0.000000e+00	0.000000e+00	0.000000e+00	
569	2.214480e-07	0.000000e+00	0.000000e+00	0.000000e+00	
570	2.219600e-07	0.000000e+00	0.000000e+00	0.000000e+00	
571	2.229600e-07	0.000000e+00	0.000000e+00	0.000000e+00	
572	2.239600e-07	0.000000e+00	0.000000e+00	0.000000e+00	
573	2.249600e-07	0.000000e+00	0.000000e+00	0.000000e+00	
574	2.259600e-07	0.000000e+00	0.000000e+00	0.000000e+00	
575	2.260000e-07	0.000000e+00	0.000000e+00	0.000000e+00	
576	2.260800e-07	0.000000e+00	0.000000e+00	0.000000e+00	

Index   time            a2#branch_1_0   a2#branch_1_1   a2#branch_1_2   
--------------------------------------------------------------------------------
577	2.262400e-07	0.000000e+00	0.000000e+00	0.000000e+00	
578	2.265600e-07	0.000000e+00	0.000000e+00	0.000000e+00	
579	2.270000e-07	0.000000e+00	0.000000e+00	0.000000e+00	
580	2.270640e-07	0.000000e+00	0.000000e+00	0.000000e+00	
581	2.271920e-07	0.000000e+00	0.000000e+00	0.000000e+00	
582	2.274480e-07	0.000000e+00	0.000000e+00	0.000000e+00	
583	2.279600e-07	0.000000e+00	0.000000e+00	0.000000e+00	
584	2.289600e-07	0.000000e+00	0.000000e+00	0.000000e+00	
585	2.299600e-07	0.000000e+00	0.000000e+00	0.000000e+00	
586	2.300000e-07	0.000000e+00	0.000000e+00	0.000000e+00	
587	2.300800e-07	0.000000e+00	0.000000e+00	0.000000e+00	
588	2.302400e-07	0.000000e+00	0.000000e+00	0.000000e+00	
589	2.305600e-07	0.000000e+00	0.000000e+00	0.000000e+00	
590	2.310000e-07	0.000000e+00	0.000000e+00	0.000000e+00	
591	2.310640e-07	0.000000e+00	0.000000e+00	0.000000e+00	
592	2.311920e-07	0.000000e+00	0.000000e+00	0.000000e+00	
593	2.314480e-07	0.000000e+00	0.000000e+00	0.000000e+00	
594	2.319600e-07	0.000000e+00	0.000000e+00	0.000000e+00	
595	2.320000e-07	0.000000e+00	0.000000e+00	0.000000e+00	
596	2.320800e-07	0.000000e+00	0.000000e+00	0.000000e+00	
597	2.322400e-07	0.000000e+00	0.000000e+00	0.000000e+00	
598	2.325600e-07	0.000000e+00	0.000000e+00	0.000000e+00	
599	2.332000e-07	0.000000e+00	0.000000e+00	0.000000e+00	
600	2.342000e-07	0.000000e+00	0.000000e+00	0.000000e+00	
601	2.352000e-07	0.000000e+00	0.000000e+00	0.000000e+00	
602	2.360000e-07	0.000000e+00	0.000000e+00	0.000000e+00	
603	2.361000e-07	0.000000e+00	0.000000e+00	0.000000e+00	
604	2.363000e-07	0.000000e+00	0.000000e+00	0.000000e+00	
605	2.367000e-07	0.000000e+00	0.000000e+00	0.000000e+00	
606	2.370000e-07	0.000000e+00	0.000000e+00	0.000000e+00	
607	2.370800e-07	0.000000e+00	0.000000e+00	0.000000e+00	
608	2.372400e-07	0.000000e+00	0.000000e+00	0.000000e+00	
609	2.375600e-07	0.000000e+00	0.000000e+00	0.000000e+00	
610	2.382000e-07	0.000000e+00	0.000000e+00	0.000000e+00	
611	2.392000e-07	0.000000e+00	0.000000e+00	0.000000e+00	
612	2.400000e-07	0.000000e+00	0.000000e+00	0.000000e+00	
613	2.401000e-07	0.000000e+00	0.000000e+00	0.000000e+00	
614	2.403000e-07	0.000000e+00	0.000000e+00	0.000000e+00	
615	2.407000e-07	0.000000e+00	0.000000e+00	0.000000e+00	
616	2.410000e-07	0.000000e+00	0.000000e+00	0.000000e+00	
617	2.410800e-07	0.000000e+00	0.000000e+00	0.000000e+00	
618	2.412400e-07	0.000000e+00	0.000000e+00	0.000000e+00	
619	2.415600e-07	0.000000e+00	0.000000e+00	0.000000e+00	
620	2.422000e-07	0.000000e+00	0.000000e+00	0.000000e+00	
621	2.432000e-07	0.000000e+00	0.000000e+00	0.000000e+00	
622	2.442000e-07	0.000000e+00	0.000000e+00	0.000000e+00	
623	2.452000e-07	0.000000e+00	0.000000e+00	0.000000e+00	
624	2.460000e-07	0.000000e+00	0.000000e+00	0.000000e+00	
625	2.461000e-07	0.000000e+00	0.000000e+00	0.000000e+00	
626	2.463000e-07	0.000000e+00	0.000000e+00	0.000000e+00	
627	2.467000e-07	0.000000e+00	0.000000e+00	0.000000e+00	
628	2.470000e-07	0.000000e+00	0.000000e+00	0.000000e+00	
629	2.470800e-07	0.000000e+00	0.000000e+00	0.000000e+00	
630	2.472400e-07	0.000000e+00	0.000000e+00	0.000000e+00	
631	2.475600e-07	0.000000e+00	0.000000e+00	0.000000e+00	
632	2.482000e-07	0.000000e+00	0.000000e+00	0.000000e+00	
633	2.492000e-07	0.000000e+00	0.000000e+00	0.000000e+00	
634	2.500000e-07	0.000000e+00	0.000000e+00	0.000000e+00	

Index   time            a2#branch_1_0   a2#branch_1_1   a2#branch_1_2   
--------------------------------------------------------------------------------
635	2.501000e-07	0.000000e+00	0.000000e+00	0.000000e+00	
636	2.503000e-07	0.000000e+00	0.000000e+00	0.000000e+00	
637	2.507000e-07	0.000000e+00	0.000000e+00	0.000000e+00	
638	2.510000e-07	0.000000e+00	0.000000e+00	0.000000e+00	
639	2.510800e-07	0.000000e+00	0.000000e+00	0.000000e+00	
640	2.512400e-07	0.000000e+00	0.000000e+00	0.000000e+00	
641	2.515600e-07	0.000000e+00	0.000000e+00	0.000000e+00	
642	2.520000e-07	0.000000e+00	0.000000e+00	0.000000e+00	
643	2.520640e-07	0.000000e+00	0.000000e+00	0.000000e+00	
644	2.521920e-07	0.000000e+00	0.000000e+00	0.000000e+00	
645	2.524480e-07	0.000000e+00	0.000000e+00	0.000000e+00	
646	2.529600e-07	0.000000e+00	0.000000e+00	0.000000e+00	
647	2.539600e-07	0.000000e+00	0.000000e+00	0.000000e+00	
648	2.549600e-07	0.000000e+00	0.000000e+00	0.000000e+00	
649	2.559600e-07	0.000000e+00	0.000000e+00	0.000000e+00	
650	2.560000e-07	0.000000e+00	0.000000e+00	0.000000e+00	
651	2.560800e-07	0.000000e+00	0.000000e+00	0.000000e+00	
652	2.562400e-07	0.000000e+00	0.000000e+00	0.000000e+00	
653	2.565600e-07	0.000000e+00	0.000000e+00	0.000000e+00	
654	2.570000e-07	0.000000e+00	0.000000e+00	0.000000e+00	
655	2.570640e-07	0.000000e+00	0.000000e+00	0.000000e+00	
656	2.571920e-07	0.000000e+00	0.000000e+00	0.000000e+00	
657	2.574480e-07	0.000000e+00	0.000000e+00	0.000000e+00	
658	2.579600e-07	0.000000e+00	0.000000e+00	0.000000e+00	
659	2.589600e-07	0.000000e+00	0.000000e+00	0.000000e+00	
660	2.599600e-07	0.000000e+00	0.000000e+00	0.000000e+00	
661	2.600000e-07	0.000000e+00	0.000000e+00	0.000000e+00	
662	2.600800e-07	0.000000e+00	0.000000e+00	0.000000e+00	
663	2.602400e-07	0.000000e+00	0.000000e+00	0.000000e+00	
664	2.605600e-07	0.000000e+00	0.000000e+00	0.000000e+00	
665	2.610000e-07	0.000000e+00	0.000000e+00	0.000000e+00	
666	2.610640e-07	0.000000e+00	0.000000e+00	0.000000e+00	
667	2.611920e-07	0.000000e+00	0.000000e+00	0.000000e+00	
668	2.614480e-07	0.000000e+00	0.000000e+00	0.000000e+00	
669	2.619600e-07	0.000000e+00	0.000000e+00	0.000000e+00	
670	2.629600e-07	0.000000e+00	0.000000e+00	0.000000e+00	
671	2.639600e-07	0.000000e+00	0.000000e+00	0.000000e+00	
672	2.649600e-07	0.000000e+00	0.000000e+00	0.000000e+00	
673	2.659600e-07	0.000000e+00	0.000000e+00	0.000000e+00	
674	2.660000e-07	0.000000e+00	0.000000e+00	0.000000e+00	
675	2.660800e-07	0.000000e+00	0.000000e+00	0.000000e+00	
676	2.662400e-07	0.000000e+00	0.000000e+00	0.000000e+00	
677	2.665600e-07	0.000000e+00	0.000000e+00	0.000000e+00	
678	2.670000e-07	0.000000e+00	0.000000e+00	0.000000e+00	
679	2.670640e-07	0.000000e+00	0.000000e+00	0.000000e+00	
680	2.671920e-07	0.000000e+00	0.000000e+00	0.000000e+00	
681	2.674480e-07	0.000000e+00	0.000000e+00	0.000000e+00	
682	2.679600e-07	0.000000e+00	0.000000e+00	0.000000e+00	
683	2.689600e-07	0.000000e+00	0.000000e+00	0.000000e+00	
684	2.699600e-07	0.000000e+00	0.000000e+00	0.000000e+00	
685	2.700000e-07	0.000000e+00	0.000000e+00	0.000000e+00	
686	2.700800e-07	0.000000e+00	0.000000e+00	0.000000e+00	
687	2.702400e-07	0.000000e+00	0.000000e+00	0.000000e+00	
688	2.705600e-07	0.000000e+00	0.000000e+00	0.000000e+00	
689	2.710000e-07	0.000000e+00	0.000000e+00	0.000000e+00	
690	2.710640e-07	0.000000e+00	0.000000e+00	0.000000e+00	
691	2.711920e-07	0.000000e+00	0.000000e+00	0.000000e+00	
692	2.714480e-07	0.000000e+00	0.000000e+00	0.000000e+00	

Index   time            a2#branch_1_0   a2#branch_1_1   a2#branch_1_2   
--------------------------------------------------------------------------------
693	2.719600e-07	0.000000e+00	0.000000e+00	0.000000e+00	
694	2.722400e-07	0.000000e+00	0.000000e+00	0.000000e+00	
695	2.723400e-07	0.000000e+00	0.000000e+00	0.000000e+00	
696	2.725400e-07	0.000000e+00	0.000000e+00	0.000000e+00	
697	2.729400e-07	0.000000e+00	0.000000e+00	0.000000e+00	
698	2.732400e-07	0.000000e+00	0.000000e+00	0.000000e+00	
699	2.733200e-07	0.000000e+00	0.000000e+00	0.000000e+00	
700	2.734800e-07	0.000000e+00	0.000000e+00	0.000000e+00	
701	2.738000e-07	0.000000e+00	0.000000e+00	0.000000e+00	
702	2.744400e-07	0.000000e+00	0.000000e+00	0.000000e+00	
703	2.754400e-07	0.000000e+00	0.000000e+00	0.000000e+00	
704	2.760000e-07	0.000000e+00	0.000000e+00	0.000000e+00	
705	2.761000e-07	0.000000e+00	0.000000e+00	0.000000e+00	
706	2.763000e-07	0.000000e+00	0.000000e+00	0.000000e+00	
707	2.767000e-07	0.000000e+00	0.000000e+00	0.000000e+00	
708	2.770000e-07	0.000000e+00	0.000000e+00	0.000000e+00	
709	2.770800e-07	0.000000e+00	0.000000e+00	0.000000e+00	
710	2.772400e-07	0.000000e+00	0.000000e+00	0.000000e+00	
711	2.775600e-07	0.000000e+00	0.000000e+00	0.000000e+00	
712	2.782000e-07	0.000000e+00	0.000000e+00	0.000000e+00	
713	2.792000e-07	0.000000e+00	0.000000e+00	0.000000e+00	
714	2.800000e-07	0.000000e+00	0.000000e+00	0.000000e+00	
715	2.801000e-07	0.000000e+00	0.000000e+00	0.000000e+00	
716	2.803000e-07	0.000000e+00	0.000000e+00	0.000000e+00	
717	2.807000e-07	0.000000e+00	0.000000e+00	0.000000e+00	
718	2.810000e-07	0.000000e+00	0.000000e+00	0.000000e+00	
719	2.810800e-07	0.000000e+00	0.000000e+00	0.000000e+00	
720	2.812400e-07	0.000000e+00	0.000000e+00	0.000000e+00	
721	2.815600e-07	0.000000e+00	0.000000e+00	0.000000e+00	
722	2.822000e-07	0.000000e+00	0.000000e+00	0.000000e+00	
723	2.832000e-07	0.000000e+00	0.000000e+00	0.000000e+00	
724	2.842000e-07	0.000000e+00	0.000000e+00	0.000000e+00	
725	2.852000e-07	0.000000e+00	0.000000e+00	0.000000e+00	
726	2.860000e-07	0.000000e+00	0.000000e+00	0.000000e+00	
727	2.861000e-07	0.000000e+00	0.000000e+00	0.000000e+00	
728	2.863000e-07	0.000000e+00	0.000000e+00	0.000000e+00	
729	2.867000e-07	0.000000e+00	0.000000e+00	0.000000e+00	
730	2.870000e-07	0.000000e+00	0.000000e+00	0.000000e+00	
731	2.870800e-07	0.000000e+00	0.000000e+00	0.000000e+00	
732	2.872400e-07	0.000000e+00	0.000000e+00	0.000000e+00	
733	2.875600e-07	0.000000e+00	0.000000e+00	0.000000e+00	
734	2.882000e-07	0.000000e+00	0.000000e+00	0.000000e+00	
735	2.892000e-07	0.000000e+00	0.000000e+00	0.000000e+00	
736	2.900000e-07	0.000000e+00	0.000000e+00	0.000000e+00	
737	2.901000e-07	0.000000e+00	0.000000e+00	0.000000e+00	
738	2.903000e-07	0.000000e+00	0.000000e+00	0.000000e+00	
739	2.907000e-07	0.000000e+00	0.000000e+00	0.000000e+00	
740	2.910000e-07	0.000000e+00	0.000000e+00	0.000000e+00	
741	2.910800e-07	0.000000e+00	0.000000e+00	0.000000e+00	
742	2.912400e-07	0.000000e+00	0.000000e+00	0.000000e+00	
743	2.915600e-07	0.000000e+00	0.000000e+00	0.000000e+00	
744	2.920000e-07	0.000000e+00	0.000000e+00	0.000000e+00	
745	2.920640e-07	0.000000e+00	0.000000e+00	0.000000e+00	
746	2.921920e-07	0.000000e+00	0.000000e+00	0.000000e+00	
747	2.924480e-07	0.000000e+00	0.000000e+00	0.000000e+00	
748	2.929600e-07	0.000000e+00	0.000000e+00	0.000000e+00	
749	2.939600e-07	0.000000e+00	0.000000e+00	0.000000e+00	
750	2.949600e-07	0.000000e+00	0.000000e+00	0.000000e+00	

Index   time            a2#branch_1_0   a2#branch_1_1   a2#branch_1_2   
--------------------------------------------------------------------------------
751	2.959600e-07	0.000000e+00	0.000000e+00	0.000000e+00	
752	2.960000e-07	0.000000e+00	0.000000e+00	0.000000e+00	
753	2.960800e-07	0.000000e+00	0.000000e+00	0.000000e+00	
754	2.962400e-07	0.000000e+00	0.000000e+00	0.000000e+00	
755	2.965600e-07	0.000000e+00	0.000000e+00	0.000000e+00	
756	2.970000e-07	0.000000e+00	0.000000e+00	0.000000e+00	
757	2.970640e-07	0.000000e+00	0.000000e+00	0.000000e+00	
758	2.971920e-07	0.000000e+00	0.000000e+00	0.000000e+00	
759	2.974480e-07	0.000000e+00	0.000000e+00	0.000000e+00	
760	2.979600e-07	0.000000e+00	0.000000e+00	0.000000e+00	
761	2.989600e-07	0.000000e+00	0.000000e+00	0.000000e+00	
762	2.999600e-07	0.000000e+00	0.000000e+00	0.000000e+00	
763	3.000000e-07	0.000000e+00	0.000000e+00	0.000000e+00	

                                kicad schematic
                                Transient Analysis  Tue Jul 07 18:54:48  2026
--------------------------------------------------------------------------------
Index   time            v1#branch       v2#branch       v3#branch       
--------------------------------------------------------------------------------
0	0.000000e+00	0.000000e+00	0.000000e+00	0.000000e+00	
1	1.000000e-11	0.000000e+00	0.000000e+00	0.000000e+00	
2	2.000000e-11	0.000000e+00	0.000000e+00	0.000000e+00	
3	4.000000e-11	0.000000e+00	0.000000e+00	0.000000e+00	
4	8.000000e-11	0.000000e+00	0.000000e+00	0.000000e+00	
5	1.600000e-10	0.000000e+00	0.000000e+00	0.000000e+00	
6	3.200000e-10	0.000000e+00	0.000000e+00	0.000000e+00	
7	6.400000e-10	0.000000e+00	0.000000e+00	0.000000e+00	
8	1.000000e-09	0.000000e+00	0.000000e+00	0.000000e+00	
9	1.064000e-09	0.000000e+00	0.000000e+00	0.000000e+00	
10	1.192000e-09	0.000000e+00	0.000000e+00	0.000000e+00	
11	1.448000e-09	0.000000e+00	0.000000e+00	0.000000e+00	
12	1.960000e-09	0.000000e+00	0.000000e+00	0.000000e+00	
13	2.960000e-09	0.000000e+00	0.000000e+00	0.000000e+00	
14	3.960000e-09	0.000000e+00	0.000000e+00	0.000000e+00	
15	4.960000e-09	0.000000e+00	0.000000e+00	0.000000e+00	
16	5.960000e-09	0.000000e+00	0.000000e+00	0.000000e+00	
17	6.000000e-09	0.000000e+00	0.000000e+00	0.000000e+00	
18	6.080000e-09	0.000000e+00	0.000000e+00	0.000000e+00	
19	6.240000e-09	0.000000e+00	0.000000e+00	0.000000e+00	
20	6.560000e-09	0.000000e+00	0.000000e+00	0.000000e+00	
21	7.000000e-09	0.000000e+00	0.000000e+00	0.000000e+00	
22	7.064000e-09	0.000000e+00	0.000000e+00	0.000000e+00	
23	7.192000e-09	0.000000e+00	0.000000e+00	0.000000e+00	
24	7.448000e-09	0.000000e+00	0.000000e+00	0.000000e+00	
25	7.960000e-09	0.000000e+00	0.000000e+00	0.000000e+00	
26	8.960000e-09	0.000000e+00	0.000000e+00	0.000000e+00	
27	9.960000e-09	0.000000e+00	0.000000e+00	0.000000e+00	
28	1.000000e-08	0.000000e+00	0.000000e+00	0.000000e+00	
29	1.008000e-08	0.000000e+00	0.000000e+00	0.000000e+00	
30	1.024000e-08	0.000000e+00	0.000000e+00	0.000000e+00	
31	1.056000e-08	0.000000e+00	0.000000e+00	0.000000e+00	
32	1.100000e-08	0.000000e+00	0.000000e+00	0.000000e+00	
33	1.106400e-08	0.000000e+00	0.000000e+00	0.000000e+00	
34	1.119200e-08	0.000000e+00	0.000000e+00	0.000000e+00	
35	1.144800e-08	0.000000e+00	0.000000e+00	0.000000e+00	
36	1.196000e-08	0.000000e+00	0.000000e+00	0.000000e+00	
37	1.296000e-08	0.000000e+00	0.000000e+00	0.000000e+00	
38	1.396000e-08	0.000000e+00	0.000000e+00	0.000000e+00	
39	1.496000e-08	0.000000e+00	0.000000e+00	0.000000e+00	
40	1.596000e-08	0.000000e+00	0.000000e+00	0.000000e+00	
41	1.600000e-08	0.000000e+00	0.000000e+00	0.000000e+00	
42	1.608000e-08	0.000000e+00	0.000000e+00	0.000000e+00	
43	1.624000e-08	0.000000e+00	0.000000e+00	0.000000e+00	
44	1.656000e-08	0.000000e+00	0.000000e+00	0.000000e+00	
45	1.700000e-08	0.000000e+00	0.000000e+00	0.000000e+00	
46	1.706400e-08	0.000000e+00	0.000000e+00	0.000000e+00	
47	1.719200e-08	0.000000e+00	0.000000e+00	0.000000e+00	
48	1.744800e-08	0.000000e+00	0.000000e+00	0.000000e+00	
49	1.796000e-08	0.000000e+00	0.000000e+00	0.000000e+00	
50	1.896000e-08	0.000000e+00	0.000000e+00	0.000000e+00	
51	1.996000e-08	0.000000e+00	0.000000e+00	0.000000e+00	
52	2.000000e-08	0.000000e+00	0.000000e+00	0.000000e+00	
53	2.008000e-08	0.000000e+00	0.000000e+00	0.000000e+00	
54	2.024000e-08	0.000000e+00	0.000000e+00	0.000000e+00	

Index   time            v1#branch       v2#branch       v3#branch       
--------------------------------------------------------------------------------
55	2.056000e-08	0.000000e+00	0.000000e+00	0.000000e+00	
56	2.100000e-08	0.000000e+00	0.000000e+00	0.000000e+00	
57	2.106400e-08	0.000000e+00	0.000000e+00	0.000000e+00	
58	2.119200e-08	0.000000e+00	0.000000e+00	0.000000e+00	
59	2.144800e-08	0.000000e+00	0.000000e+00	0.000000e+00	
60	2.196000e-08	0.000000e+00	0.000000e+00	0.000000e+00	
61	2.296000e-08	0.000000e+00	0.000000e+00	0.000000e+00	
62	2.396000e-08	0.000000e+00	0.000000e+00	0.000000e+00	
63	2.496000e-08	0.000000e+00	0.000000e+00	0.000000e+00	
64	2.596000e-08	0.000000e+00	0.000000e+00	0.000000e+00	
65	2.600000e-08	0.000000e+00	0.000000e+00	0.000000e+00	
66	2.608000e-08	0.000000e+00	0.000000e+00	0.000000e+00	
67	2.624000e-08	0.000000e+00	0.000000e+00	0.000000e+00	
68	2.656000e-08	0.000000e+00	0.000000e+00	0.000000e+00	
69	2.700000e-08	0.000000e+00	0.000000e+00	0.000000e+00	
70	2.706400e-08	0.000000e+00	0.000000e+00	0.000000e+00	
71	2.719200e-08	0.000000e+00	0.000000e+00	0.000000e+00	
72	2.744800e-08	0.000000e+00	0.000000e+00	0.000000e+00	
73	2.796000e-08	0.000000e+00	0.000000e+00	0.000000e+00	
74	2.896000e-08	0.000000e+00	0.000000e+00	0.000000e+00	
75	2.996000e-08	0.000000e+00	0.000000e+00	0.000000e+00	
76	3.000000e-08	0.000000e+00	0.000000e+00	0.000000e+00	
77	3.008000e-08	0.000000e+00	0.000000e+00	0.000000e+00	
78	3.024000e-08	0.000000e+00	0.000000e+00	0.000000e+00	
79	3.056000e-08	0.000000e+00	0.000000e+00	0.000000e+00	
80	3.100000e-08	0.000000e+00	0.000000e+00	0.000000e+00	
81	3.106400e-08	0.000000e+00	0.000000e+00	0.000000e+00	
82	3.119200e-08	0.000000e+00	0.000000e+00	0.000000e+00	
83	3.144800e-08	0.000000e+00	0.000000e+00	0.000000e+00	
84	3.196000e-08	0.000000e+00	0.000000e+00	0.000000e+00	
85	3.296000e-08	0.000000e+00	0.000000e+00	0.000000e+00	
86	3.396000e-08	0.000000e+00	0.000000e+00	0.000000e+00	
87	3.496000e-08	0.000000e+00	0.000000e+00	0.000000e+00	
88	3.596000e-08	0.000000e+00	0.000000e+00	0.000000e+00	
89	3.600000e-08	0.000000e+00	0.000000e+00	0.000000e+00	
90	3.608000e-08	0.000000e+00	0.000000e+00	0.000000e+00	
91	3.624000e-08	0.000000e+00	0.000000e+00	0.000000e+00	
92	3.656000e-08	0.000000e+00	0.000000e+00	0.000000e+00	
93	3.700000e-08	0.000000e+00	0.000000e+00	0.000000e+00	
94	3.706400e-08	0.000000e+00	0.000000e+00	0.000000e+00	
95	3.719200e-08	0.000000e+00	0.000000e+00	0.000000e+00	
96	3.744800e-08	0.000000e+00	0.000000e+00	0.000000e+00	
97	3.796000e-08	0.000000e+00	0.000000e+00	0.000000e+00	
98	3.896000e-08	0.000000e+00	0.000000e+00	0.000000e+00	
99	3.996000e-08	0.000000e+00	0.000000e+00	0.000000e+00	
100	4.000000e-08	0.000000e+00	0.000000e+00	0.000000e+00	
101	4.007999e-08	0.000000e+00	0.000000e+00	0.000000e+00	
102	4.023998e-08	0.000000e+00	0.000000e+00	0.000000e+00	
103	4.055996e-08	0.000000e+00	0.000000e+00	0.000000e+00	
104	4.100000e-08	0.000000e+00	0.000000e+00	0.000000e+00	
105	4.106400e-08	0.000000e+00	0.000000e+00	0.000000e+00	
106	4.119199e-08	0.000000e+00	0.000000e+00	0.000000e+00	
107	4.144797e-08	0.000000e+00	0.000000e+00	0.000000e+00	
108	4.195994e-08	0.000000e+00	0.000000e+00	0.000000e+00	
109	4.295994e-08	0.000000e+00	0.000000e+00	0.000000e+00	
110	4.395994e-08	0.000000e+00	0.000000e+00	0.000000e+00	
111	4.495994e-08	0.000000e+00	0.000000e+00	0.000000e+00	
112	4.595994e-08	0.000000e+00	0.000000e+00	0.000000e+00	

Index   time            v1#branch       v2#branch       v3#branch       
--------------------------------------------------------------------------------
113	4.600000e-08	0.000000e+00	0.000000e+00	0.000000e+00	
114	4.608013e-08	0.000000e+00	0.000000e+00	0.000000e+00	
115	4.624039e-08	0.000000e+00	0.000000e+00	0.000000e+00	
116	4.656091e-08	0.000000e+00	0.000000e+00	0.000000e+00	
117	4.700000e-08	0.000000e+00	0.000000e+00	0.000000e+00	
118	4.706410e-08	0.000000e+00	0.000000e+00	0.000000e+00	
119	4.719231e-08	0.000000e+00	0.000000e+00	0.000000e+00	
120	4.744873e-08	0.000000e+00	0.000000e+00	0.000000e+00	
121	4.796156e-08	0.000000e+00	0.000000e+00	0.000000e+00	
122	4.896156e-08	0.000000e+00	0.000000e+00	0.000000e+00	
123	4.996156e-08	0.000000e+00	0.000000e+00	0.000000e+00	
124	5.000000e-08	0.000000e+00	0.000000e+00	0.000000e+00	
125	5.007688e-08	0.000000e+00	0.000000e+00	0.000000e+00	
126	5.023064e-08	0.000000e+00	0.000000e+00	0.000000e+00	
127	5.053817e-08	0.000000e+00	0.000000e+00	0.000000e+00	
128	5.100000e-08	0.000000e+00	0.000000e+00	0.000000e+00	
129	5.106150e-08	0.000000e+00	0.000000e+00	0.000000e+00	
130	5.118451e-08	0.000000e+00	0.000000e+00	0.000000e+00	
131	5.143053e-08	0.000000e+00	0.000000e+00	0.000000e+00	
132	5.192257e-08	0.000000e+00	0.000000e+00	0.000000e+00	
133	5.200000e-08	0.000000e+00	0.000000e+00	0.000000e+00	
134	5.209841e-08	0.000000e+00	0.000000e+00	0.000000e+00	
135	5.229522e-08	0.000000e+00	0.000000e+00	0.000000e+00	
136	5.268886e-08	0.000000e+00	0.000000e+00	0.000000e+00	
137	5.347612e-08	0.000000e+00	0.000000e+00	0.000000e+00	
138	5.447612e-08	0.000000e+00	0.000000e+00	0.000000e+00	
139	5.547612e-08	0.000000e+00	0.000000e+00	0.000000e+00	
140	5.600000e-08	0.000000e+00	0.000000e+00	0.000000e+00	
141	5.610000e-08	0.000000e+00	0.000000e+00	0.000000e+00	
142	5.630000e-08	0.000000e+00	0.000000e+00	0.000000e+00	
143	5.670000e-08	0.000000e+00	0.000000e+00	0.000000e+00	
144	5.700000e-08	0.000000e+00	0.000000e+00	0.000000e+00	
145	5.708000e-08	0.000000e+00	0.000000e+00	0.000000e+00	
146	5.724000e-08	0.000000e+00	0.000000e+00	0.000000e+00	
147	5.756000e-08	0.000000e+00	0.000000e+00	0.000000e+00	
148	5.820000e-08	0.000000e+00	0.000000e+00	0.000000e+00	
149	5.920000e-08	0.000000e+00	0.000000e+00	0.000000e+00	
150	6.000000e-08	0.000000e+00	0.000000e+00	0.000000e+00	
151	6.010000e-08	0.000000e+00	0.000000e+00	0.000000e+00	
152	6.030000e-08	0.000000e+00	0.000000e+00	0.000000e+00	
153	6.070000e-08	0.000000e+00	0.000000e+00	0.000000e+00	
154	6.100000e-08	0.000000e+00	0.000000e+00	0.000000e+00	
155	6.108000e-08	0.000000e+00	0.000000e+00	0.000000e+00	
156	6.124000e-08	0.000000e+00	0.000000e+00	0.000000e+00	
157	6.156000e-08	0.000000e+00	0.000000e+00	0.000000e+00	
158	6.220000e-08	0.000000e+00	0.000000e+00	0.000000e+00	
159	6.230000e-08	0.000000e+00	0.000000e+00	0.000000e+00	
160	6.240000e-08	0.000000e+00	0.000000e+00	0.000000e+00	
161	6.260000e-08	0.000000e+00	0.000000e+00	0.000000e+00	
162	6.300000e-08	0.000000e+00	0.000000e+00	0.000000e+00	
163	6.330000e-08	0.000000e+00	0.000000e+00	0.000000e+00	
164	6.338000e-08	0.000000e+00	0.000000e+00	0.000000e+00	
165	6.354000e-08	0.000000e+00	0.000000e+00	0.000000e+00	
166	6.386000e-08	0.000000e+00	0.000000e+00	0.000000e+00	
167	6.450000e-08	0.000000e+00	0.000000e+00	0.000000e+00	
168	6.550000e-08	0.000000e+00	0.000000e+00	0.000000e+00	
169	6.600000e-08	0.000000e+00	0.000000e+00	0.000000e+00	
170	6.610000e-08	0.000000e+00	0.000000e+00	0.000000e+00	

Index   time            v1#branch       v2#branch       v3#branch       
--------------------------------------------------------------------------------
171	6.630000e-08	0.000000e+00	0.000000e+00	0.000000e+00	
172	6.670000e-08	0.000000e+00	0.000000e+00	0.000000e+00	
173	6.700000e-08	0.000000e+00	0.000000e+00	0.000000e+00	
174	6.708000e-08	0.000000e+00	0.000000e+00	0.000000e+00	
175	6.724000e-08	0.000000e+00	0.000000e+00	0.000000e+00	
176	6.756000e-08	0.000000e+00	0.000000e+00	0.000000e+00	
177	6.820000e-08	0.000000e+00	0.000000e+00	0.000000e+00	
178	6.920000e-08	0.000000e+00	0.000000e+00	0.000000e+00	
179	7.000000e-08	0.000000e+00	0.000000e+00	0.000000e+00	
180	7.010000e-08	0.000000e+00	0.000000e+00	0.000000e+00	
181	7.030000e-08	0.000000e+00	0.000000e+00	0.000000e+00	
182	7.070000e-08	0.000000e+00	0.000000e+00	0.000000e+00	
183	7.100000e-08	0.000000e+00	0.000000e+00	0.000000e+00	
184	7.108000e-08	0.000000e+00	0.000000e+00	0.000000e+00	
185	7.124000e-08	0.000000e+00	0.000000e+00	0.000000e+00	
186	7.156000e-08	0.000000e+00	0.000000e+00	0.000000e+00	
187	7.200000e-08	0.000000e+00	0.000000e+00	0.000000e+00	
188	7.206400e-08	0.000000e+00	0.000000e+00	0.000000e+00	
189	7.219200e-08	0.000000e+00	0.000000e+00	0.000000e+00	
190	7.244800e-08	0.000000e+00	0.000000e+00	0.000000e+00	
191	7.296000e-08	0.000000e+00	0.000000e+00	0.000000e+00	
192	7.396000e-08	0.000000e+00	0.000000e+00	0.000000e+00	
193	7.496000e-08	0.000000e+00	0.000000e+00	0.000000e+00	
194	7.596000e-08	0.000000e+00	0.000000e+00	0.000000e+00	
195	7.600000e-08	0.000000e+00	0.000000e+00	0.000000e+00	
196	7.608000e-08	0.000000e+00	0.000000e+00	0.000000e+00	
197	7.624000e-08	0.000000e+00	0.000000e+00	0.000000e+00	
198	7.656000e-08	0.000000e+00	0.000000e+00	0.000000e+00	
199	7.700000e-08	0.000000e+00	0.000000e+00	0.000000e+00	
200	7.706400e-08	0.000000e+00	0.000000e+00	0.000000e+00	
201	7.719200e-08	0.000000e+00	0.000000e+00	0.000000e+00	
202	7.744800e-08	0.000000e+00	0.000000e+00	0.000000e+00	
203	7.796000e-08	0.000000e+00	0.000000e+00	0.000000e+00	
204	7.896000e-08	0.000000e+00	0.000000e+00	0.000000e+00	
205	7.996000e-08	0.000000e+00	0.000000e+00	0.000000e+00	
206	8.000000e-08	0.000000e+00	0.000000e+00	0.000000e+00	
207	8.008000e-08	0.000000e+00	0.000000e+00	0.000000e+00	
208	8.024000e-08	0.000000e+00	0.000000e+00	0.000000e+00	
209	8.056000e-08	0.000000e+00	0.000000e+00	0.000000e+00	
210	8.100000e-08	0.000000e+00	0.000000e+00	0.000000e+00	
211	8.106400e-08	0.000000e+00	0.000000e+00	0.000000e+00	
212	8.119200e-08	0.000000e+00	0.000000e+00	0.000000e+00	
213	8.144800e-08	0.000000e+00	0.000000e+00	0.000000e+00	
214	8.196000e-08	0.000000e+00	0.000000e+00	0.000000e+00	
215	8.296000e-08	0.000000e+00	0.000000e+00	0.000000e+00	
216	8.396000e-08	0.000000e+00	0.000000e+00	0.000000e+00	
217	8.496000e-08	0.000000e+00	0.000000e+00	0.000000e+00	
218	8.596000e-08	0.000000e+00	0.000000e+00	0.000000e+00	
219	8.600000e-08	0.000000e+00	0.000000e+00	0.000000e+00	
220	8.608000e-08	0.000000e+00	0.000000e+00	0.000000e+00	
221	8.624000e-08	0.000000e+00	0.000000e+00	0.000000e+00	
222	8.656000e-08	0.000000e+00	0.000000e+00	0.000000e+00	
223	8.700000e-08	0.000000e+00	0.000000e+00	0.000000e+00	
224	8.706400e-08	0.000000e+00	0.000000e+00	0.000000e+00	
225	8.719200e-08	0.000000e+00	0.000000e+00	0.000000e+00	
226	8.744800e-08	0.000000e+00	0.000000e+00	0.000000e+00	
227	8.796000e-08	0.000000e+00	0.000000e+00	0.000000e+00	
228	8.896000e-08	0.000000e+00	0.000000e+00	0.000000e+00	

Index   time            v1#branch       v2#branch       v3#branch       
--------------------------------------------------------------------------------
229	8.996000e-08	0.000000e+00	0.000000e+00	0.000000e+00	
230	9.000000e-08	0.000000e+00	0.000000e+00	0.000000e+00	
231	9.008000e-08	0.000000e+00	0.000000e+00	0.000000e+00	
232	9.024000e-08	0.000000e+00	0.000000e+00	0.000000e+00	
233	9.056000e-08	0.000000e+00	0.000000e+00	0.000000e+00	
234	9.100000e-08	0.000000e+00	0.000000e+00	0.000000e+00	
235	9.106400e-08	0.000000e+00	0.000000e+00	0.000000e+00	
236	9.119200e-08	0.000000e+00	0.000000e+00	0.000000e+00	
237	9.144800e-08	0.000000e+00	0.000000e+00	0.000000e+00	
238	9.196000e-08	0.000000e+00	0.000000e+00	0.000000e+00	
239	9.200000e-08	0.000000e+00	0.000000e+00	0.000000e+00	
240	9.208000e-08	0.000000e+00	0.000000e+00	0.000000e+00	
241	9.224000e-08	0.000000e+00	0.000000e+00	0.000000e+00	
242	9.256000e-08	0.000000e+00	0.000000e+00	0.000000e+00	
243	9.320000e-08	0.000000e+00	0.000000e+00	0.000000e+00	
244	9.420000e-08	0.000000e+00	0.000000e+00	0.000000e+00	
245	9.520000e-08	0.000000e+00	0.000000e+00	0.000000e+00	
246	9.600000e-08	0.000000e+00	0.000000e+00	0.000000e+00	
247	9.610000e-08	0.000000e+00	0.000000e+00	0.000000e+00	
248	9.630000e-08	0.000000e+00	0.000000e+00	0.000000e+00	
249	9.670000e-08	0.000000e+00	0.000000e+00	0.000000e+00	
250	9.700000e-08	0.000000e+00	0.000000e+00	0.000000e+00	
251	9.708000e-08	0.000000e+00	0.000000e+00	0.000000e+00	
252	9.724000e-08	0.000000e+00	0.000000e+00	0.000000e+00	
253	9.756000e-08	0.000000e+00	0.000000e+00	0.000000e+00	
254	9.820000e-08	0.000000e+00	0.000000e+00	0.000000e+00	
255	9.920000e-08	0.000000e+00	0.000000e+00	0.000000e+00	
256	1.000000e-07	0.000000e+00	0.000000e+00	0.000000e+00	
257	1.001000e-07	0.000000e+00	0.000000e+00	0.000000e+00	
258	1.003000e-07	0.000000e+00	0.000000e+00	0.000000e+00	
259	1.007000e-07	0.000000e+00	0.000000e+00	0.000000e+00	
260	1.010000e-07	0.000000e+00	0.000000e+00	0.000000e+00	
261	1.010800e-07	0.000000e+00	0.000000e+00	0.000000e+00	
262	1.012400e-07	0.000000e+00	0.000000e+00	0.000000e+00	
263	1.015600e-07	0.000000e+00	0.000000e+00	0.000000e+00	
264	1.022000e-07	0.000000e+00	0.000000e+00	0.000000e+00	
265	1.032000e-07	0.000000e+00	0.000000e+00	0.000000e+00	
266	1.042000e-07	0.000000e+00	0.000000e+00	0.000000e+00	
267	1.052000e-07	0.000000e+00	0.000000e+00	0.000000e+00	
268	1.060000e-07	0.000000e+00	0.000000e+00	0.000000e+00	
269	1.061000e-07	0.000000e+00	0.000000e+00	0.000000e+00	
270	1.063000e-07	0.000000e+00	0.000000e+00	0.000000e+00	
271	1.067000e-07	0.000000e+00	0.000000e+00	0.000000e+00	
272	1.070000e-07	0.000000e+00	0.000000e+00	0.000000e+00	
273	1.070800e-07	0.000000e+00	0.000000e+00	0.000000e+00	
274	1.072400e-07	0.000000e+00	0.000000e+00	0.000000e+00	
275	1.075600e-07	0.000000e+00	0.000000e+00	0.000000e+00	
276	1.082000e-07	0.000000e+00	0.000000e+00	0.000000e+00	
277	1.092000e-07	0.000000e+00	0.000000e+00	0.000000e+00	
278	1.100000e-07	0.000000e+00	0.000000e+00	0.000000e+00	
279	1.101000e-07	0.000000e+00	0.000000e+00	0.000000e+00	
280	1.103000e-07	0.000000e+00	0.000000e+00	0.000000e+00	
281	1.107000e-07	0.000000e+00	0.000000e+00	0.000000e+00	
282	1.110000e-07	0.000000e+00	0.000000e+00	0.000000e+00	
283	1.110800e-07	0.000000e+00	0.000000e+00	0.000000e+00	
284	1.112400e-07	0.000000e+00	0.000000e+00	0.000000e+00	
285	1.115600e-07	0.000000e+00	0.000000e+00	0.000000e+00	
286	1.120000e-07	0.000000e+00	0.000000e+00	0.000000e+00	

Index   time            v1#branch       v2#branch       v3#branch       
--------------------------------------------------------------------------------
287	1.120640e-07	0.000000e+00	0.000000e+00	0.000000e+00	
288	1.121920e-07	0.000000e+00	0.000000e+00	0.000000e+00	
289	1.124480e-07	0.000000e+00	0.000000e+00	0.000000e+00	
290	1.129600e-07	0.000000e+00	0.000000e+00	0.000000e+00	
291	1.139600e-07	0.000000e+00	0.000000e+00	0.000000e+00	
292	1.149600e-07	0.000000e+00	0.000000e+00	0.000000e+00	
293	1.159600e-07	0.000000e+00	0.000000e+00	0.000000e+00	
294	1.160000e-07	0.000000e+00	0.000000e+00	0.000000e+00	
295	1.160800e-07	0.000000e+00	0.000000e+00	0.000000e+00	
296	1.162400e-07	0.000000e+00	0.000000e+00	0.000000e+00	
297	1.165600e-07	0.000000e+00	0.000000e+00	0.000000e+00	
298	1.170000e-07	0.000000e+00	0.000000e+00	0.000000e+00	
299	1.170640e-07	0.000000e+00	0.000000e+00	0.000000e+00	
300	1.171920e-07	0.000000e+00	0.000000e+00	0.000000e+00	
301	1.174480e-07	0.000000e+00	0.000000e+00	0.000000e+00	
302	1.179600e-07	0.000000e+00	0.000000e+00	0.000000e+00	
303	1.189600e-07	0.000000e+00	0.000000e+00	0.000000e+00	
304	1.199600e-07	0.000000e+00	0.000000e+00	0.000000e+00	
305	1.200000e-07	0.000000e+00	0.000000e+00	0.000000e+00	
306	1.200800e-07	0.000000e+00	0.000000e+00	0.000000e+00	
307	1.202400e-07	0.000000e+00	0.000000e+00	0.000000e+00	
308	1.205600e-07	0.000000e+00	0.000000e+00	0.000000e+00	
309	1.210000e-07	0.000000e+00	0.000000e+00	0.000000e+00	
310	1.210640e-07	0.000000e+00	0.000000e+00	0.000000e+00	
311	1.211920e-07	0.000000e+00	0.000000e+00	0.000000e+00	
312	1.214480e-07	0.000000e+00	0.000000e+00	0.000000e+00	
313	1.219600e-07	0.000000e+00	0.000000e+00	0.000000e+00	
314	1.229600e-07	0.000000e+00	0.000000e+00	0.000000e+00	
315	1.239600e-07	0.000000e+00	0.000000e+00	0.000000e+00	
316	1.249600e-07	0.000000e+00	0.000000e+00	0.000000e+00	
317	1.259600e-07	0.000000e+00	0.000000e+00	0.000000e+00	
318	1.260000e-07	0.000000e+00	0.000000e+00	0.000000e+00	
319	1.260800e-07	0.000000e+00	0.000000e+00	0.000000e+00	
320	1.262400e-07	0.000000e+00	0.000000e+00	0.000000e+00	
321	1.265600e-07	0.000000e+00	0.000000e+00	0.000000e+00	
322	1.270000e-07	0.000000e+00	0.000000e+00	0.000000e+00	
323	1.270640e-07	0.000000e+00	0.000000e+00	0.000000e+00	
324	1.271920e-07	0.000000e+00	0.000000e+00	0.000000e+00	
325	1.274480e-07	0.000000e+00	0.000000e+00	0.000000e+00	
326	1.279600e-07	0.000000e+00	0.000000e+00	0.000000e+00	
327	1.289600e-07	0.000000e+00	0.000000e+00	0.000000e+00	
328	1.299600e-07	0.000000e+00	0.000000e+00	0.000000e+00	
329	1.300000e-07	0.000000e+00	0.000000e+00	0.000000e+00	
330	1.300800e-07	0.000000e+00	0.000000e+00	0.000000e+00	
331	1.302400e-07	0.000000e+00	0.000000e+00	0.000000e+00	
332	1.305600e-07	0.000000e+00	0.000000e+00	0.000000e+00	
333	1.310000e-07	0.000000e+00	0.000000e+00	0.000000e+00	
334	1.310640e-07	0.000000e+00	0.000000e+00	0.000000e+00	
335	1.311920e-07	0.000000e+00	0.000000e+00	0.000000e+00	
336	1.314480e-07	0.000000e+00	0.000000e+00	0.000000e+00	
337	1.319600e-07	0.000000e+00	0.000000e+00	0.000000e+00	
338	1.320000e-07	0.000000e+00	0.000000e+00	0.000000e+00	
339	1.320800e-07	0.000000e+00	0.000000e+00	0.000000e+00	
340	1.322400e-07	0.000000e+00	0.000000e+00	0.000000e+00	
341	1.322560e-07	0.000000e+00	0.000000e+00	0.000000e+00	
342	1.322880e-07	0.000000e+00	0.000000e+00	0.000000e+00	
343	1.323520e-07	0.000000e+00	0.000000e+00	0.000000e+00	
344	1.324800e-07	0.000000e+00	0.000000e+00	0.000000e+00	

Index   time            v1#branch       v2#branch       v3#branch       
--------------------------------------------------------------------------------
345	1.327360e-07	0.000000e+00	0.000000e+00	0.000000e+00	
346	1.332400e-07	0.000000e+00	0.000000e+00	0.000000e+00	
347	1.332912e-07	0.000000e+00	0.000000e+00	0.000000e+00	
348	1.333936e-07	0.000000e+00	0.000000e+00	0.000000e+00	
349	1.335984e-07	0.000000e+00	0.000000e+00	0.000000e+00	
350	1.340080e-07	0.000000e+00	0.000000e+00	0.000000e+00	
351	1.348272e-07	0.000000e+00	0.000000e+00	0.000000e+00	
352	1.358272e-07	0.000000e+00	0.000000e+00	0.000000e+00	
353	1.360000e-07	0.000000e+00	0.000000e+00	0.000000e+00	
354	1.361000e-07	0.000000e+00	0.000000e+00	0.000000e+00	
355	1.363000e-07	0.000000e+00	0.000000e+00	0.000000e+00	
356	1.367000e-07	0.000000e+00	0.000000e+00	0.000000e+00	
357	1.370000e-07	0.000000e+00	0.000000e+00	0.000000e+00	
358	1.370800e-07	0.000000e+00	0.000000e+00	0.000000e+00	
359	1.372400e-07	0.000000e+00	0.000000e+00	0.000000e+00	
360	1.375600e-07	0.000000e+00	0.000000e+00	0.000000e+00	
361	1.382000e-07	0.000000e+00	0.000000e+00	0.000000e+00	
362	1.392000e-07	0.000000e+00	0.000000e+00	0.000000e+00	
363	1.400000e-07	0.000000e+00	0.000000e+00	0.000000e+00	
364	1.401000e-07	0.000000e+00	0.000000e+00	0.000000e+00	
365	1.403000e-07	0.000000e+00	0.000000e+00	0.000000e+00	
366	1.407000e-07	0.000000e+00	0.000000e+00	0.000000e+00	
367	1.410000e-07	0.000000e+00	0.000000e+00	0.000000e+00	
368	1.410800e-07	0.000000e+00	0.000000e+00	0.000000e+00	
369	1.412400e-07	0.000000e+00	0.000000e+00	0.000000e+00	
370	1.415600e-07	0.000000e+00	0.000000e+00	0.000000e+00	
371	1.422000e-07	0.000000e+00	0.000000e+00	0.000000e+00	
372	1.432000e-07	0.000000e+00	0.000000e+00	0.000000e+00	
373	1.442000e-07	0.000000e+00	0.000000e+00	0.000000e+00	
374	1.452000e-07	0.000000e+00	0.000000e+00	0.000000e+00	
375	1.460000e-07	0.000000e+00	0.000000e+00	0.000000e+00	
376	1.461000e-07	0.000000e+00	0.000000e+00	0.000000e+00	
377	1.463000e-07	0.000000e+00	0.000000e+00	0.000000e+00	
378	1.467000e-07	0.000000e+00	0.000000e+00	0.000000e+00	
379	1.470000e-07	0.000000e+00	0.000000e+00	0.000000e+00	
380	1.470800e-07	0.000000e+00	0.000000e+00	0.000000e+00	
381	1.472400e-07	0.000000e+00	0.000000e+00	0.000000e+00	
382	1.475600e-07	0.000000e+00	0.000000e+00	0.000000e+00	
383	1.482000e-07	0.000000e+00	0.000000e+00	0.000000e+00	
384	1.492000e-07	0.000000e+00	0.000000e+00	0.000000e+00	
385	1.500000e-07	0.000000e+00	0.000000e+00	0.000000e+00	
386	1.501000e-07	0.000000e+00	0.000000e+00	0.000000e+00	
387	1.503000e-07	0.000000e+00	0.000000e+00	0.000000e+00	
388	1.507000e-07	0.000000e+00	0.000000e+00	0.000000e+00	
389	1.510000e-07	0.000000e+00	0.000000e+00	0.000000e+00	
390	1.510800e-07	0.000000e+00	0.000000e+00	0.000000e+00	
391	1.512400e-07	0.000000e+00	0.000000e+00	0.000000e+00	
392	1.515600e-07	0.000000e+00	0.000000e+00	0.000000e+00	
393	1.520000e-07	0.000000e+00	0.000000e+00	0.000000e+00	
394	1.520640e-07	0.000000e+00	0.000000e+00	0.000000e+00	
395	1.521920e-07	0.000000e+00	0.000000e+00	0.000000e+00	
396	1.524480e-07	0.000000e+00	0.000000e+00	0.000000e+00	
397	1.529600e-07	0.000000e+00	0.000000e+00	0.000000e+00	
398	1.539600e-07	0.000000e+00	0.000000e+00	0.000000e+00	
399	1.549600e-07	0.000000e+00	0.000000e+00	0.000000e+00	
400	1.559600e-07	0.000000e+00	0.000000e+00	0.000000e+00	
401	1.560000e-07	0.000000e+00	0.000000e+00	0.000000e+00	
402	1.560800e-07	0.000000e+00	0.000000e+00	0.000000e+00	

Index   time            v1#branch       v2#branch       v3#branch       
--------------------------------------------------------------------------------
403	1.562400e-07	0.000000e+00	0.000000e+00	0.000000e+00	
404	1.565600e-07	0.000000e+00	0.000000e+00	0.000000e+00	
405	1.570000e-07	0.000000e+00	0.000000e+00	0.000000e+00	
406	1.570640e-07	0.000000e+00	0.000000e+00	0.000000e+00	
407	1.571920e-07	0.000000e+00	0.000000e+00	0.000000e+00	
408	1.574480e-07	0.000000e+00	0.000000e+00	0.000000e+00	
409	1.579600e-07	0.000000e+00	0.000000e+00	0.000000e+00	
410	1.589600e-07	0.000000e+00	0.000000e+00	0.000000e+00	
411	1.599600e-07	0.000000e+00	0.000000e+00	0.000000e+00	
412	1.600000e-07	0.000000e+00	0.000000e+00	0.000000e+00	
413	1.600800e-07	0.000000e+00	0.000000e+00	0.000000e+00	
414	1.602400e-07	0.000000e+00	0.000000e+00	0.000000e+00	
415	1.605600e-07	0.000000e+00	0.000000e+00	0.000000e+00	
416	1.610000e-07	0.000000e+00	0.000000e+00	0.000000e+00	
417	1.610640e-07	0.000000e+00	0.000000e+00	0.000000e+00	
418	1.611920e-07	0.000000e+00	0.000000e+00	0.000000e+00	
419	1.614480e-07	0.000000e+00	0.000000e+00	0.000000e+00	
420	1.619600e-07	0.000000e+00	0.000000e+00	0.000000e+00	
421	1.629600e-07	0.000000e+00	0.000000e+00	0.000000e+00	
422	1.639600e-07	0.000000e+00	0.000000e+00	0.000000e+00	
423	1.649600e-07	0.000000e+00	0.000000e+00	0.000000e+00	
424	1.659600e-07	0.000000e+00	0.000000e+00	0.000000e+00	
425	1.660000e-07	0.000000e+00	0.000000e+00	0.000000e+00	
426	1.660800e-07	0.000000e+00	0.000000e+00	0.000000e+00	
427	1.662400e-07	0.000000e+00	0.000000e+00	0.000000e+00	
428	1.665600e-07	0.000000e+00	0.000000e+00	0.000000e+00	
429	1.670000e-07	0.000000e+00	0.000000e+00	0.000000e+00	
430	1.670640e-07	0.000000e+00	0.000000e+00	0.000000e+00	
431	1.671920e-07	0.000000e+00	0.000000e+00	0.000000e+00	
432	1.674480e-07	0.000000e+00	0.000000e+00	0.000000e+00	
433	1.679600e-07	0.000000e+00	0.000000e+00	0.000000e+00	
434	1.689600e-07	0.000000e+00	0.000000e+00	0.000000e+00	
435	1.699600e-07	0.000000e+00	0.000000e+00	0.000000e+00	
436	1.700000e-07	0.000000e+00	0.000000e+00	0.000000e+00	
437	1.700800e-07	0.000000e+00	0.000000e+00	0.000000e+00	
438	1.702400e-07	0.000000e+00	0.000000e+00	0.000000e+00	
439	1.705600e-07	0.000000e+00	0.000000e+00	0.000000e+00	
440	1.710000e-07	0.000000e+00	0.000000e+00	0.000000e+00	
441	1.710640e-07	0.000000e+00	0.000000e+00	0.000000e+00	
442	1.711920e-07	0.000000e+00	0.000000e+00	0.000000e+00	
443	1.714480e-07	0.000000e+00	0.000000e+00	0.000000e+00	
444	1.719600e-07	0.000000e+00	0.000000e+00	0.000000e+00	
445	1.720000e-07	0.000000e+00	0.000000e+00	0.000000e+00	
446	1.720800e-07	0.000000e+00	0.000000e+00	0.000000e+00	
447	1.722400e-07	0.000000e+00	0.000000e+00	0.000000e+00	
448	1.725600e-07	0.000000e+00	0.000000e+00	0.000000e+00	
449	1.732000e-07	0.000000e+00	0.000000e+00	0.000000e+00	
450	1.742000e-07	0.000000e+00	0.000000e+00	0.000000e+00	
451	1.752000e-07	0.000000e+00	0.000000e+00	0.000000e+00	
452	1.760000e-07	0.000000e+00	0.000000e+00	0.000000e+00	
453	1.761000e-07	0.000000e+00	0.000000e+00	0.000000e+00	
454	1.763000e-07	0.000000e+00	0.000000e+00	0.000000e+00	
455	1.767000e-07	0.000000e+00	0.000000e+00	0.000000e+00	
456	1.770000e-07	0.000000e+00	0.000000e+00	0.000000e+00	
457	1.770800e-07	0.000000e+00	0.000000e+00	0.000000e+00	
458	1.772400e-07	0.000000e+00	0.000000e+00	0.000000e+00	
459	1.775600e-07	0.000000e+00	0.000000e+00	0.000000e+00	
460	1.782000e-07	0.000000e+00	0.000000e+00	0.000000e+00	

Index   time            v1#branch       v2#branch       v3#branch       
--------------------------------------------------------------------------------
461	1.792000e-07	0.000000e+00	0.000000e+00	0.000000e+00	
462	1.800000e-07	0.000000e+00	0.000000e+00	0.000000e+00	
463	1.801000e-07	0.000000e+00	0.000000e+00	0.000000e+00	
464	1.803000e-07	0.000000e+00	0.000000e+00	0.000000e+00	
465	1.807000e-07	0.000000e+00	0.000000e+00	0.000000e+00	
466	1.810000e-07	0.000000e+00	0.000000e+00	0.000000e+00	
467	1.810800e-07	0.000000e+00	0.000000e+00	0.000000e+00	
468	1.812400e-07	0.000000e+00	0.000000e+00	0.000000e+00	
469	1.815600e-07	0.000000e+00	0.000000e+00	0.000000e+00	
470	1.822000e-07	0.000000e+00	0.000000e+00	0.000000e+00	
471	1.832000e-07	0.000000e+00	0.000000e+00	0.000000e+00	
472	1.842000e-07	0.000000e+00	0.000000e+00	0.000000e+00	
473	1.852000e-07	0.000000e+00	0.000000e+00	0.000000e+00	
474	1.860000e-07	0.000000e+00	0.000000e+00	0.000000e+00	
475	1.861000e-07	0.000000e+00	0.000000e+00	0.000000e+00	
476	1.863000e-07	0.000000e+00	0.000000e+00	0.000000e+00	
477	1.867000e-07	0.000000e+00	0.000000e+00	0.000000e+00	
478	1.870000e-07	0.000000e+00	0.000000e+00	0.000000e+00	
479	1.870800e-07	0.000000e+00	0.000000e+00	0.000000e+00	
480	1.872400e-07	0.000000e+00	0.000000e+00	0.000000e+00	
481	1.875600e-07	0.000000e+00	0.000000e+00	0.000000e+00	
482	1.882000e-07	0.000000e+00	0.000000e+00	0.000000e+00	
483	1.892000e-07	0.000000e+00	0.000000e+00	0.000000e+00	
484	1.900000e-07	0.000000e+00	0.000000e+00	0.000000e+00	
485	1.901000e-07	0.000000e+00	0.000000e+00	0.000000e+00	
486	1.903000e-07	0.000000e+00	0.000000e+00	0.000000e+00	
487	1.907000e-07	0.000000e+00	0.000000e+00	0.000000e+00	
488	1.910000e-07	0.000000e+00	0.000000e+00	0.000000e+00	
489	1.910800e-07	0.000000e+00	0.000000e+00	0.000000e+00	
490	1.912400e-07	0.000000e+00	0.000000e+00	0.000000e+00	
491	1.915600e-07	0.000000e+00	0.000000e+00	0.000000e+00	
492	1.922000e-07	0.000000e+00	0.000000e+00	0.000000e+00	
493	1.932000e-07	0.000000e+00	0.000000e+00	0.000000e+00	
494	1.942000e-07	0.000000e+00	0.000000e+00	0.000000e+00	
495	1.952000e-07	0.000000e+00	0.000000e+00	0.000000e+00	
496	1.960000e-07	0.000000e+00	0.000000e+00	0.000000e+00	
497	1.961000e-07	0.000000e+00	0.000000e+00	0.000000e+00	
498	1.963000e-07	0.000000e+00	0.000000e+00	0.000000e+00	
499	1.967000e-07	0.000000e+00	0.000000e+00	0.000000e+00	
500	1.970000e-07	0.000000e+00	0.000000e+00	0.000000e+00	
501	1.970800e-07	0.000000e+00	0.000000e+00	0.000000e+00	
502	1.972400e-07	0.000000e+00	0.000000e+00	0.000000e+00	
503	1.975600e-07	0.000000e+00	0.000000e+00	0.000000e+00	
504	1.982000e-07	0.000000e+00	0.000000e+00	0.000000e+00	
505	1.992000e-07	0.000000e+00	0.000000e+00	0.000000e+00	
506	2.000000e-07	0.000000e+00	0.000000e+00	0.000000e+00	
507	2.001000e-07	0.000000e+00	0.000000e+00	0.000000e+00	
508	2.003000e-07	0.000000e+00	0.000000e+00	0.000000e+00	
509	2.007000e-07	0.000000e+00	0.000000e+00	0.000000e+00	
510	2.010000e-07	0.000000e+00	0.000000e+00	0.000000e+00	
511	2.010800e-07	0.000000e+00	0.000000e+00	0.000000e+00	
512	2.012400e-07	0.000000e+00	0.000000e+00	0.000000e+00	
513	2.015600e-07	0.000000e+00	0.000000e+00	0.000000e+00	
514	2.022000e-07	0.000000e+00	0.000000e+00	0.000000e+00	
515	2.023000e-07	0.000000e+00	0.000000e+00	0.000000e+00	
516	2.024000e-07	0.000000e+00	0.000000e+00	0.000000e+00	
517	2.026000e-07	0.000000e+00	0.000000e+00	0.000000e+00	
518	2.030000e-07	0.000000e+00	0.000000e+00	0.000000e+00	

Index   time            v1#branch       v2#branch       v3#branch       
--------------------------------------------------------------------------------
519	2.033000e-07	0.000000e+00	0.000000e+00	0.000000e+00	
520	2.033800e-07	0.000000e+00	0.000000e+00	0.000000e+00	
521	2.035400e-07	0.000000e+00	0.000000e+00	0.000000e+00	
522	2.038600e-07	0.000000e+00	0.000000e+00	0.000000e+00	
523	2.045000e-07	0.000000e+00	0.000000e+00	0.000000e+00	
524	2.055000e-07	0.000000e+00	0.000000e+00	0.000000e+00	
525	2.060000e-07	0.000000e+00	0.000000e+00	0.000000e+00	
526	2.061000e-07	0.000000e+00	0.000000e+00	0.000000e+00	
527	2.063000e-07	0.000000e+00	0.000000e+00	0.000000e+00	
528	2.067000e-07	0.000000e+00	0.000000e+00	0.000000e+00	
529	2.070000e-07	0.000000e+00	0.000000e+00	0.000000e+00	
530	2.070800e-07	0.000000e+00	0.000000e+00	0.000000e+00	
531	2.072400e-07	0.000000e+00	0.000000e+00	0.000000e+00	
532	2.075600e-07	0.000000e+00	0.000000e+00	0.000000e+00	
533	2.082000e-07	0.000000e+00	0.000000e+00	0.000000e+00	
534	2.092000e-07	0.000000e+00	0.000000e+00	0.000000e+00	
535	2.100000e-07	0.000000e+00	0.000000e+00	0.000000e+00	
536	2.101000e-07	0.000000e+00	0.000000e+00	0.000000e+00	
537	2.103000e-07	0.000000e+00	0.000000e+00	0.000000e+00	
538	2.107000e-07	0.000000e+00	0.000000e+00	0.000000e+00	
539	2.110000e-07	0.000000e+00	0.000000e+00	0.000000e+00	
540	2.110800e-07	0.000000e+00	0.000000e+00	0.000000e+00	
541	2.112400e-07	0.000000e+00	0.000000e+00	0.000000e+00	
542	2.115600e-07	0.000000e+00	0.000000e+00	0.000000e+00	
543	2.120000e-07	0.000000e+00	0.000000e+00	0.000000e+00	
544	2.120640e-07	0.000000e+00	0.000000e+00	0.000000e+00	
545	2.121920e-07	0.000000e+00	0.000000e+00	0.000000e+00	
546	2.124480e-07	0.000000e+00	0.000000e+00	0.000000e+00	
547	2.129600e-07	0.000000e+00	0.000000e+00	0.000000e+00	
548	2.139600e-07	0.000000e+00	0.000000e+00	0.000000e+00	
549	2.149600e-07	0.000000e+00	0.000000e+00	0.000000e+00	
550	2.159600e-07	0.000000e+00	0.000000e+00	0.000000e+00	
551	2.160000e-07	0.000000e+00	0.000000e+00	0.000000e+00	
552	2.160800e-07	0.000000e+00	0.000000e+00	0.000000e+00	
553	2.162400e-07	0.000000e+00	0.000000e+00	0.000000e+00	
554	2.165600e-07	0.000000e+00	0.000000e+00	0.000000e+00	
555	2.170000e-07	0.000000e+00	0.000000e+00	0.000000e+00	
556	2.170640e-07	0.000000e+00	0.000000e+00	0.000000e+00	
557	2.171920e-07	0.000000e+00	0.000000e+00	0.000000e+00	
558	2.174480e-07	0.000000e+00	0.000000e+00	0.000000e+00	
559	2.179600e-07	0.000000e+00	0.000000e+00	0.000000e+00	
560	2.189600e-07	0.000000e+00	0.000000e+00	0.000000e+00	
561	2.199600e-07	0.000000e+00	0.000000e+00	0.000000e+00	
562	2.200000e-07	0.000000e+00	0.000000e+00	0.000000e+00	
563	2.200800e-07	0.000000e+00	0.000000e+00	0.000000e+00	
564	2.202400e-07	0.000000e+00	0.000000e+00	0.000000e+00	
565	2.205600e-07	0.000000e+00	0.000000e+00	0.000000e+00	
566	2.210000e-07	0.000000e+00	0.000000e+00	0.000000e+00	
567	2.210640e-07	0.000000e+00	0.000000e+00	0.000000e+00	
568	2.211920e-07	0.000000e+00	0.000000e+00	0.000000e+00	
569	2.214480e-07	0.000000e+00	0.000000e+00	0.000000e+00	
570	2.219600e-07	0.000000e+00	0.000000e+00	0.000000e+00	
571	2.229600e-07	0.000000e+00	0.000000e+00	0.000000e+00	
572	2.239600e-07	0.000000e+00	0.000000e+00	0.000000e+00	
573	2.249600e-07	0.000000e+00	0.000000e+00	0.000000e+00	
574	2.259600e-07	0.000000e+00	0.000000e+00	0.000000e+00	
575	2.260000e-07	0.000000e+00	0.000000e+00	0.000000e+00	
576	2.260800e-07	0.000000e+00	0.000000e+00	0.000000e+00	

Index   time            v1#branch       v2#branch       v3#branch       
--------------------------------------------------------------------------------
577	2.262400e-07	0.000000e+00	0.000000e+00	0.000000e+00	
578	2.265600e-07	0.000000e+00	0.000000e+00	0.000000e+00	
579	2.270000e-07	0.000000e+00	0.000000e+00	0.000000e+00	
580	2.270640e-07	0.000000e+00	0.000000e+00	0.000000e+00	
581	2.271920e-07	0.000000e+00	0.000000e+00	0.000000e+00	
582	2.274480e-07	0.000000e+00	0.000000e+00	0.000000e+00	
583	2.279600e-07	0.000000e+00	0.000000e+00	0.000000e+00	
584	2.289600e-07	0.000000e+00	0.000000e+00	0.000000e+00	
585	2.299600e-07	0.000000e+00	0.000000e+00	0.000000e+00	
586	2.300000e-07	0.000000e+00	0.000000e+00	0.000000e+00	
587	2.300800e-07	0.000000e+00	0.000000e+00	0.000000e+00	
588	2.302400e-07	0.000000e+00	0.000000e+00	0.000000e+00	
589	2.305600e-07	0.000000e+00	0.000000e+00	0.000000e+00	
590	2.310000e-07	0.000000e+00	0.000000e+00	0.000000e+00	
591	2.310640e-07	0.000000e+00	0.000000e+00	0.000000e+00	
592	2.311920e-07	0.000000e+00	0.000000e+00	0.000000e+00	
593	2.314480e-07	0.000000e+00	0.000000e+00	0.000000e+00	
594	2.319600e-07	0.000000e+00	0.000000e+00	0.000000e+00	
595	2.320000e-07	0.000000e+00	0.000000e+00	0.000000e+00	
596	2.320800e-07	0.000000e+00	0.000000e+00	0.000000e+00	
597	2.322400e-07	0.000000e+00	0.000000e+00	0.000000e+00	
598	2.325600e-07	0.000000e+00	0.000000e+00	0.000000e+00	
599	2.332000e-07	0.000000e+00	0.000000e+00	0.000000e+00	
600	2.342000e-07	0.000000e+00	0.000000e+00	0.000000e+00	
601	2.352000e-07	0.000000e+00	0.000000e+00	0.000000e+00	
602	2.360000e-07	0.000000e+00	0.000000e+00	0.000000e+00	
603	2.361000e-07	0.000000e+00	0.000000e+00	0.000000e+00	
604	2.363000e-07	0.000000e+00	0.000000e+00	0.000000e+00	
605	2.367000e-07	0.000000e+00	0.000000e+00	0.000000e+00	
606	2.370000e-07	0.000000e+00	0.000000e+00	0.000000e+00	
607	2.370800e-07	0.000000e+00	0.000000e+00	0.000000e+00	
608	2.372400e-07	0.000000e+00	0.000000e+00	0.000000e+00	
609	2.375600e-07	0.000000e+00	0.000000e+00	0.000000e+00	
610	2.382000e-07	0.000000e+00	0.000000e+00	0.000000e+00	
611	2.392000e-07	0.000000e+00	0.000000e+00	0.000000e+00	
612	2.400000e-07	0.000000e+00	0.000000e+00	0.000000e+00	
613	2.401000e-07	0.000000e+00	0.000000e+00	0.000000e+00	
614	2.403000e-07	0.000000e+00	0.000000e+00	0.000000e+00	
615	2.407000e-07	0.000000e+00	0.000000e+00	0.000000e+00	
616	2.410000e-07	0.000000e+00	0.000000e+00	0.000000e+00	
617	2.410800e-07	0.000000e+00	0.000000e+00	0.000000e+00	
618	2.412400e-07	0.000000e+00	0.000000e+00	0.000000e+00	
619	2.415600e-07	0.000000e+00	0.000000e+00	0.000000e+00	
620	2.422000e-07	0.000000e+00	0.000000e+00	0.000000e+00	
621	2.432000e-07	0.000000e+00	0.000000e+00	0.000000e+00	
622	2.442000e-07	0.000000e+00	0.000000e+00	0.000000e+00	
623	2.452000e-07	0.000000e+00	0.000000e+00	0.000000e+00	
624	2.460000e-07	0.000000e+00	0.000000e+00	0.000000e+00	
625	2.461000e-07	0.000000e+00	0.000000e+00	0.000000e+00	
626	2.463000e-07	0.000000e+00	0.000000e+00	0.000000e+00	
627	2.467000e-07	0.000000e+00	0.000000e+00	0.000000e+00	
628	2.470000e-07	0.000000e+00	0.000000e+00	0.000000e+00	
629	2.470800e-07	0.000000e+00	0.000000e+00	0.000000e+00	
630	2.472400e-07	0.000000e+00	0.000000e+00	0.000000e+00	
631	2.475600e-07	0.000000e+00	0.000000e+00	0.000000e+00	
632	2.482000e-07	0.000000e+00	0.000000e+00	0.000000e+00	
633	2.492000e-07	0.000000e+00	0.000000e+00	0.000000e+00	
634	2.500000e-07	0.000000e+00	0.000000e+00	0.000000e+00	

Index   time            v1#branch       v2#branch       v3#branch       
--------------------------------------------------------------------------------
635	2.501000e-07	0.000000e+00	0.000000e+00	0.000000e+00	
636	2.503000e-07	0.000000e+00	0.000000e+00	0.000000e+00	
637	2.507000e-07	0.000000e+00	0.000000e+00	0.000000e+00	
638	2.510000e-07	0.000000e+00	0.000000e+00	0.000000e+00	
639	2.510800e-07	0.000000e+00	0.000000e+00	0.000000e+00	
640	2.512400e-07	0.000000e+00	0.000000e+00	0.000000e+00	
641	2.515600e-07	0.000000e+00	0.000000e+00	0.000000e+00	
642	2.520000e-07	0.000000e+00	0.000000e+00	0.000000e+00	
643	2.520640e-07	0.000000e+00	0.000000e+00	0.000000e+00	
644	2.521920e-07	0.000000e+00	0.000000e+00	0.000000e+00	
645	2.524480e-07	0.000000e+00	0.000000e+00	0.000000e+00	
646	2.529600e-07	0.000000e+00	0.000000e+00	0.000000e+00	
647	2.539600e-07	0.000000e+00	0.000000e+00	0.000000e+00	
648	2.549600e-07	0.000000e+00	0.000000e+00	0.000000e+00	
649	2.559600e-07	0.000000e+00	0.000000e+00	0.000000e+00	
650	2.560000e-07	0.000000e+00	0.000000e+00	0.000000e+00	
651	2.560800e-07	0.000000e+00	0.000000e+00	0.000000e+00	
652	2.562400e-07	0.000000e+00	0.000000e+00	0.000000e+00	
653	2.565600e-07	0.000000e+00	0.000000e+00	0.000000e+00	
654	2.570000e-07	0.000000e+00	0.000000e+00	0.000000e+00	
655	2.570640e-07	0.000000e+00	0.000000e+00	0.000000e+00	
656	2.571920e-07	0.000000e+00	0.000000e+00	0.000000e+00	
657	2.574480e-07	0.000000e+00	0.000000e+00	0.000000e+00	
658	2.579600e-07	0.000000e+00	0.000000e+00	0.000000e+00	
659	2.589600e-07	0.000000e+00	0.000000e+00	0.000000e+00	
660	2.599600e-07	0.000000e+00	0.000000e+00	0.000000e+00	
661	2.600000e-07	0.000000e+00	0.000000e+00	0.000000e+00	
662	2.600800e-07	0.000000e+00	0.000000e+00	0.000000e+00	
663	2.602400e-07	0.000000e+00	0.000000e+00	0.000000e+00	
664	2.605600e-07	0.000000e+00	0.000000e+00	0.000000e+00	
665	2.610000e-07	0.000000e+00	0.000000e+00	0.000000e+00	
666	2.610640e-07	0.000000e+00	0.000000e+00	0.000000e+00	
667	2.611920e-07	0.000000e+00	0.000000e+00	0.000000e+00	
668	2.614480e-07	0.000000e+00	0.000000e+00	0.000000e+00	
669	2.619600e-07	0.000000e+00	0.000000e+00	0.000000e+00	
670	2.629600e-07	0.000000e+00	0.000000e+00	0.000000e+00	
671	2.639600e-07	0.000000e+00	0.000000e+00	0.000000e+00	
672	2.649600e-07	0.000000e+00	0.000000e+00	0.000000e+00	
673	2.659600e-07	0.000000e+00	0.000000e+00	0.000000e+00	
674	2.660000e-07	0.000000e+00	0.000000e+00	0.000000e+00	
675	2.660800e-07	0.000000e+00	0.000000e+00	0.000000e+00	
676	2.662400e-07	0.000000e+00	0.000000e+00	0.000000e+00	
677	2.665600e-07	0.000000e+00	0.000000e+00	0.000000e+00	
678	2.670000e-07	0.000000e+00	0.000000e+00	0.000000e+00	
679	2.670640e-07	0.000000e+00	0.000000e+00	0.000000e+00	
680	2.671920e-07	0.000000e+00	0.000000e+00	0.000000e+00	
681	2.674480e-07	0.000000e+00	0.000000e+00	0.000000e+00	
682	2.679600e-07	0.000000e+00	0.000000e+00	0.000000e+00	
683	2.689600e-07	0.000000e+00	0.000000e+00	0.000000e+00	
684	2.699600e-07	0.000000e+00	0.000000e+00	0.000000e+00	
685	2.700000e-07	0.000000e+00	0.000000e+00	0.000000e+00	
686	2.700800e-07	0.000000e+00	0.000000e+00	0.000000e+00	
687	2.702400e-07	0.000000e+00	0.000000e+00	0.000000e+00	
688	2.705600e-07	0.000000e+00	0.000000e+00	0.000000e+00	
689	2.710000e-07	0.000000e+00	0.000000e+00	0.000000e+00	
690	2.710640e-07	0.000000e+00	0.000000e+00	0.000000e+00	
691	2.711920e-07	0.000000e+00	0.000000e+00	0.000000e+00	
692	2.714480e-07	0.000000e+00	0.000000e+00	0.000000e+00	

Index   time            v1#branch       v2#branch       v3#branch       
--------------------------------------------------------------------------------
693	2.719600e-07	0.000000e+00	0.000000e+00	0.000000e+00	
694	2.722400e-07	0.000000e+00	0.000000e+00	0.000000e+00	
695	2.723400e-07	0.000000e+00	0.000000e+00	0.000000e+00	
696	2.725400e-07	0.000000e+00	0.000000e+00	0.000000e+00	
697	2.729400e-07	0.000000e+00	0.000000e+00	0.000000e+00	
698	2.732400e-07	0.000000e+00	0.000000e+00	0.000000e+00	
699	2.733200e-07	0.000000e+00	0.000000e+00	0.000000e+00	
700	2.734800e-07	0.000000e+00	0.000000e+00	0.000000e+00	
701	2.738000e-07	0.000000e+00	0.000000e+00	0.000000e+00	
702	2.744400e-07	0.000000e+00	0.000000e+00	0.000000e+00	
703	2.754400e-07	0.000000e+00	0.000000e+00	0.000000e+00	
704	2.760000e-07	0.000000e+00	0.000000e+00	0.000000e+00	
705	2.761000e-07	0.000000e+00	0.000000e+00	0.000000e+00	
706	2.763000e-07	0.000000e+00	0.000000e+00	0.000000e+00	
707	2.767000e-07	0.000000e+00	0.000000e+00	0.000000e+00	
708	2.770000e-07	0.000000e+00	0.000000e+00	0.000000e+00	
709	2.770800e-07	0.000000e+00	0.000000e+00	0.000000e+00	
710	2.772400e-07	0.000000e+00	0.000000e+00	0.000000e+00	
711	2.775600e-07	0.000000e+00	0.000000e+00	0.000000e+00	
712	2.782000e-07	0.000000e+00	0.000000e+00	0.000000e+00	
713	2.792000e-07	0.000000e+00	0.000000e+00	0.000000e+00	
714	2.800000e-07	0.000000e+00	0.000000e+00	0.000000e+00	
715	2.801000e-07	0.000000e+00	0.000000e+00	0.000000e+00	
716	2.803000e-07	0.000000e+00	0.000000e+00	0.000000e+00	
717	2.807000e-07	0.000000e+00	0.000000e+00	0.000000e+00	
718	2.810000e-07	0.000000e+00	0.000000e+00	0.000000e+00	
719	2.810800e-07	0.000000e+00	0.000000e+00	0.000000e+00	
720	2.812400e-07	0.000000e+00	0.000000e+00	0.000000e+00	
721	2.815600e-07	0.000000e+00	0.000000e+00	0.000000e+00	
722	2.822000e-07	0.000000e+00	0.000000e+00	0.000000e+00	
723	2.832000e-07	0.000000e+00	0.000000e+00	0.000000e+00	
724	2.842000e-07	0.000000e+00	0.000000e+00	0.000000e+00	
725	2.852000e-07	0.000000e+00	0.000000e+00	0.000000e+00	
726	2.860000e-07	0.000000e+00	0.000000e+00	0.000000e+00	
727	2.861000e-07	0.000000e+00	0.000000e+00	0.000000e+00	
728	2.863000e-07	0.000000e+00	0.000000e+00	0.000000e+00	
729	2.867000e-07	0.000000e+00	0.000000e+00	0.000000e+00	
730	2.870000e-07	0.000000e+00	0.000000e+00	0.000000e+00	
731	2.870800e-07	0.000000e+00	0.000000e+00	0.000000e+00	
732	2.872400e-07	0.000000e+00	0.000000e+00	0.000000e+00	
733	2.875600e-07	0.000000e+00	0.000000e+00	0.000000e+00	
734	2.882000e-07	0.000000e+00	0.000000e+00	0.000000e+00	
735	2.892000e-07	0.000000e+00	0.000000e+00	0.000000e+00	
736	2.900000e-07	0.000000e+00	0.000000e+00	0.000000e+00	
737	2.901000e-07	0.000000e+00	0.000000e+00	0.000000e+00	
738	2.903000e-07	0.000000e+00	0.000000e+00	0.000000e+00	
739	2.907000e-07	0.000000e+00	0.000000e+00	0.000000e+00	
740	2.910000e-07	0.000000e+00	0.000000e+00	0.000000e+00	
741	2.910800e-07	0.000000e+00	0.000000e+00	0.000000e+00	
742	2.912400e-07	0.000000e+00	0.000000e+00	0.000000e+00	
743	2.915600e-07	0.000000e+00	0.000000e+00	0.000000e+00	
744	2.920000e-07	0.000000e+00	0.000000e+00	0.000000e+00	
745	2.920640e-07	0.000000e+00	0.000000e+00	0.000000e+00	
746	2.921920e-07	0.000000e+00	0.000000e+00	0.000000e+00	
747	2.924480e-07	0.000000e+00	0.000000e+00	0.000000e+00	
748	2.929600e-07	0.000000e+00	0.000000e+00	0.000000e+00	
749	2.939600e-07	0.000000e+00	0.000000e+00	0.000000e+00	
750	2.949600e-07	0.000000e+00	0.000000e+00	0.000000e+00	

Index   time            v1#branch       v2#branch       v3#branch       
--------------------------------------------------------------------------------
751	2.959600e-07	0.000000e+00	0.000000e+00	0.000000e+00	
752	2.960000e-07	0.000000e+00	0.000000e+00	0.000000e+00	
753	2.960800e-07	0.000000e+00	0.000000e+00	0.000000e+00	
754	2.962400e-07	0.000000e+00	0.000000e+00	0.000000e+00	
755	2.965600e-07	0.000000e+00	0.000000e+00	0.000000e+00	
756	2.970000e-07	0.000000e+00	0.000000e+00	0.000000e+00	
757	2.970640e-07	0.000000e+00	0.000000e+00	0.000000e+00	
758	2.971920e-07	0.000000e+00	0.000000e+00	0.000000e+00	
759	2.974480e-07	0.000000e+00	0.000000e+00	0.000000e+00	
760	2.979600e-07	0.000000e+00	0.000000e+00	0.000000e+00	
761	2.989600e-07	0.000000e+00	0.000000e+00	0.000000e+00	
762	2.999600e-07	0.000000e+00	0.000000e+00	0.000000e+00	
763	3.000000e-07	0.000000e+00	0.000000e+00	0.000000e+00	

                                kicad schematic
                                Transient Analysis  Tue Jul 07 18:54:48  2026
--------------------------------------------------------------------------------
Index   time            v4#branch       v5#branch       v6#branch       
--------------------------------------------------------------------------------
0	0.000000e+00	0.000000e+00	0.000000e+00	0.000000e+00	
1	1.000000e-11	0.000000e+00	0.000000e+00	0.000000e+00	
2	2.000000e-11	0.000000e+00	0.000000e+00	0.000000e+00	
3	4.000000e-11	0.000000e+00	0.000000e+00	0.000000e+00	
4	8.000000e-11	0.000000e+00	0.000000e+00	0.000000e+00	
5	1.600000e-10	0.000000e+00	0.000000e+00	0.000000e+00	
6	3.200000e-10	0.000000e+00	0.000000e+00	0.000000e+00	
7	6.400000e-10	0.000000e+00	0.000000e+00	0.000000e+00	
8	1.000000e-09	0.000000e+00	0.000000e+00	0.000000e+00	
9	1.064000e-09	0.000000e+00	0.000000e+00	0.000000e+00	
10	1.192000e-09	0.000000e+00	0.000000e+00	0.000000e+00	
11	1.448000e-09	0.000000e+00	0.000000e+00	0.000000e+00	
12	1.960000e-09	0.000000e+00	0.000000e+00	0.000000e+00	
13	2.960000e-09	0.000000e+00	0.000000e+00	0.000000e+00	
14	3.960000e-09	0.000000e+00	0.000000e+00	0.000000e+00	
15	4.960000e-09	0.000000e+00	0.000000e+00	0.000000e+00	
16	5.960000e-09	0.000000e+00	0.000000e+00	0.000000e+00	
17	6.000000e-09	0.000000e+00	0.000000e+00	0.000000e+00	
18	6.080000e-09	0.000000e+00	0.000000e+00	0.000000e+00	
19	6.240000e-09	0.000000e+00	0.000000e+00	0.000000e+00	
20	6.560000e-09	0.000000e+00	0.000000e+00	0.000000e+00	
21	7.000000e-09	0.000000e+00	0.000000e+00	0.000000e+00	
22	7.064000e-09	0.000000e+00	0.000000e+00	0.000000e+00	
23	7.192000e-09	0.000000e+00	0.000000e+00	0.000000e+00	
24	7.448000e-09	0.000000e+00	0.000000e+00	0.000000e+00	
25	7.960000e-09	0.000000e+00	0.000000e+00	0.000000e+00	
26	8.960000e-09	0.000000e+00	0.000000e+00	0.000000e+00	
27	9.960000e-09	0.000000e+00	0.000000e+00	0.000000e+00	
28	1.000000e-08	0.000000e+00	0.000000e+00	0.000000e+00	
29	1.008000e-08	0.000000e+00	0.000000e+00	0.000000e+00	
30	1.024000e-08	0.000000e+00	0.000000e+00	0.000000e+00	
31	1.056000e-08	0.000000e+00	0.000000e+00	0.000000e+00	
32	1.100000e-08	0.000000e+00	0.000000e+00	0.000000e+00	
33	1.106400e-08	0.000000e+00	0.000000e+00	0.000000e+00	
34	1.119200e-08	0.000000e+00	0.000000e+00	0.000000e+00	
35	1.144800e-08	0.000000e+00	0.000000e+00	0.000000e+00	
36	1.196000e-08	0.000000e+00	0.000000e+00	0.000000e+00	
37	1.296000e-08	0.000000e+00	0.000000e+00	0.000000e+00	
38	1.396000e-08	0.000000e+00	0.000000e+00	0.000000e+00	
39	1.496000e-08	0.000000e+00	0.000000e+00	0.000000e+00	
40	1.596000e-08	0.000000e+00	0.000000e+00	0.000000e+00	
41	1.600000e-08	0.000000e+00	0.000000e+00	0.000000e+00	
42	1.608000e-08	0.000000e+00	0.000000e+00	0.000000e+00	
43	1.624000e-08	0.000000e+00	0.000000e+00	0.000000e+00	
44	1.656000e-08	0.000000e+00	0.000000e+00	0.000000e+00	
45	1.700000e-08	0.000000e+00	0.000000e+00	0.000000e+00	
46	1.706400e-08	0.000000e+00	0.000000e+00	0.000000e+00	
47	1.719200e-08	0.000000e+00	0.000000e+00	0.000000e+00	
48	1.744800e-08	0.000000e+00	0.000000e+00	0.000000e+00	
49	1.796000e-08	0.000000e+00	0.000000e+00	0.000000e+00	
50	1.896000e-08	0.000000e+00	0.000000e+00	0.000000e+00	
51	1.996000e-08	0.000000e+00	0.000000e+00	0.000000e+00	
52	2.000000e-08	0.000000e+00	0.000000e+00	0.000000e+00	
53	2.008000e-08	0.000000e+00	0.000000e+00	0.000000e+00	
54	2.024000e-08	0.000000e+00	0.000000e+00	0.000000e+00	

Index   time            v4#branch       v5#branch       v6#branch       
--------------------------------------------------------------------------------
55	2.056000e-08	0.000000e+00	0.000000e+00	0.000000e+00	
56	2.100000e-08	0.000000e+00	0.000000e+00	0.000000e+00	
57	2.106400e-08	0.000000e+00	0.000000e+00	0.000000e+00	
58	2.119200e-08	0.000000e+00	0.000000e+00	0.000000e+00	
59	2.144800e-08	0.000000e+00	0.000000e+00	0.000000e+00	
60	2.196000e-08	0.000000e+00	0.000000e+00	0.000000e+00	
61	2.296000e-08	0.000000e+00	0.000000e+00	0.000000e+00	
62	2.396000e-08	0.000000e+00	0.000000e+00	0.000000e+00	
63	2.496000e-08	0.000000e+00	0.000000e+00	0.000000e+00	
64	2.596000e-08	0.000000e+00	0.000000e+00	0.000000e+00	
65	2.600000e-08	0.000000e+00	0.000000e+00	0.000000e+00	
66	2.608000e-08	0.000000e+00	0.000000e+00	0.000000e+00	
67	2.624000e-08	0.000000e+00	0.000000e+00	0.000000e+00	
68	2.656000e-08	0.000000e+00	0.000000e+00	0.000000e+00	
69	2.700000e-08	0.000000e+00	0.000000e+00	0.000000e+00	
70	2.706400e-08	0.000000e+00	0.000000e+00	0.000000e+00	
71	2.719200e-08	0.000000e+00	0.000000e+00	0.000000e+00	
72	2.744800e-08	0.000000e+00	0.000000e+00	0.000000e+00	
73	2.796000e-08	0.000000e+00	0.000000e+00	0.000000e+00	
74	2.896000e-08	0.000000e+00	0.000000e+00	0.000000e+00	
75	2.996000e-08	0.000000e+00	0.000000e+00	0.000000e+00	
76	3.000000e-08	0.000000e+00	0.000000e+00	0.000000e+00	
77	3.008000e-08	0.000000e+00	0.000000e+00	0.000000e+00	
78	3.024000e-08	0.000000e+00	0.000000e+00	0.000000e+00	
79	3.056000e-08	0.000000e+00	0.000000e+00	0.000000e+00	
80	3.100000e-08	0.000000e+00	0.000000e+00	0.000000e+00	
81	3.106400e-08	0.000000e+00	0.000000e+00	0.000000e+00	
82	3.119200e-08	0.000000e+00	0.000000e+00	0.000000e+00	
83	3.144800e-08	0.000000e+00	0.000000e+00	0.000000e+00	
84	3.196000e-08	0.000000e+00	0.000000e+00	0.000000e+00	
85	3.296000e-08	0.000000e+00	0.000000e+00	0.000000e+00	
86	3.396000e-08	0.000000e+00	0.000000e+00	0.000000e+00	
87	3.496000e-08	0.000000e+00	0.000000e+00	0.000000e+00	
88	3.596000e-08	0.000000e+00	0.000000e+00	0.000000e+00	
89	3.600000e-08	0.000000e+00	0.000000e+00	0.000000e+00	
90	3.608000e-08	0.000000e+00	0.000000e+00	0.000000e+00	
91	3.624000e-08	0.000000e+00	0.000000e+00	0.000000e+00	
92	3.656000e-08	0.000000e+00	0.000000e+00	0.000000e+00	
93	3.700000e-08	0.000000e+00	0.000000e+00	0.000000e+00	
94	3.706400e-08	0.000000e+00	0.000000e+00	0.000000e+00	
95	3.719200e-08	0.000000e+00	0.000000e+00	0.000000e+00	
96	3.744800e-08	0.000000e+00	0.000000e+00	0.000000e+00	
97	3.796000e-08	0.000000e+00	0.000000e+00	0.000000e+00	
98	3.896000e-08	0.000000e+00	0.000000e+00	0.000000e+00	
99	3.996000e-08	0.000000e+00	0.000000e+00	0.000000e+00	
100	4.000000e-08	0.000000e+00	0.000000e+00	0.000000e+00	
101	4.007999e-08	0.000000e+00	0.000000e+00	0.000000e+00	
102	4.023998e-08	0.000000e+00	0.000000e+00	0.000000e+00	
103	4.055996e-08	0.000000e+00	0.000000e+00	0.000000e+00	
104	4.100000e-08	0.000000e+00	0.000000e+00	0.000000e+00	
105	4.106400e-08	0.000000e+00	0.000000e+00	0.000000e+00	
106	4.119199e-08	0.000000e+00	0.000000e+00	0.000000e+00	
107	4.144797e-08	0.000000e+00	0.000000e+00	0.000000e+00	
108	4.195994e-08	0.000000e+00	0.000000e+00	0.000000e+00	
109	4.295994e-08	0.000000e+00	0.000000e+00	0.000000e+00	
110	4.395994e-08	0.000000e+00	0.000000e+00	0.000000e+00	
111	4.495994e-08	0.000000e+00	0.000000e+00	0.000000e+00	
112	4.595994e-08	0.000000e+00	0.000000e+00	0.000000e+00	

Index   time            v4#branch       v5#branch       v6#branch       
--------------------------------------------------------------------------------
113	4.600000e-08	0.000000e+00	0.000000e+00	0.000000e+00	
114	4.608013e-08	0.000000e+00	0.000000e+00	0.000000e+00	
115	4.624039e-08	0.000000e+00	0.000000e+00	0.000000e+00	
116	4.656091e-08	0.000000e+00	0.000000e+00	0.000000e+00	
117	4.700000e-08	0.000000e+00	0.000000e+00	0.000000e+00	
118	4.706410e-08	0.000000e+00	0.000000e+00	0.000000e+00	
119	4.719231e-08	0.000000e+00	0.000000e+00	0.000000e+00	
120	4.744873e-08	0.000000e+00	0.000000e+00	0.000000e+00	
121	4.796156e-08	0.000000e+00	0.000000e+00	0.000000e+00	
122	4.896156e-08	0.000000e+00	0.000000e+00	0.000000e+00	
123	4.996156e-08	0.000000e+00	0.000000e+00	0.000000e+00	
124	5.000000e-08	0.000000e+00	0.000000e+00	0.000000e+00	
125	5.007688e-08	0.000000e+00	0.000000e+00	0.000000e+00	
126	5.023064e-08	0.000000e+00	0.000000e+00	0.000000e+00	
127	5.053817e-08	0.000000e+00	0.000000e+00	0.000000e+00	
128	5.100000e-08	0.000000e+00	0.000000e+00	0.000000e+00	
129	5.106150e-08	0.000000e+00	0.000000e+00	0.000000e+00	
130	5.118451e-08	0.000000e+00	0.000000e+00	0.000000e+00	
131	5.143053e-08	0.000000e+00	0.000000e+00	0.000000e+00	
132	5.192257e-08	0.000000e+00	0.000000e+00	0.000000e+00	
133	5.200000e-08	0.000000e+00	0.000000e+00	0.000000e+00	
134	5.209841e-08	0.000000e+00	0.000000e+00	0.000000e+00	
135	5.229522e-08	0.000000e+00	0.000000e+00	0.000000e+00	
136	5.268886e-08	0.000000e+00	0.000000e+00	0.000000e+00	
137	5.347612e-08	0.000000e+00	0.000000e+00	0.000000e+00	
138	5.447612e-08	0.000000e+00	0.000000e+00	0.000000e+00	
139	5.547612e-08	0.000000e+00	0.000000e+00	0.000000e+00	
140	5.600000e-08	0.000000e+00	0.000000e+00	0.000000e+00	
141	5.610000e-08	0.000000e+00	0.000000e+00	0.000000e+00	
142	5.630000e-08	0.000000e+00	0.000000e+00	0.000000e+00	
143	5.670000e-08	0.000000e+00	0.000000e+00	0.000000e+00	
144	5.700000e-08	0.000000e+00	0.000000e+00	0.000000e+00	
145	5.708000e-08	0.000000e+00	0.000000e+00	0.000000e+00	
146	5.724000e-08	0.000000e+00	0.000000e+00	0.000000e+00	
147	5.756000e-08	0.000000e+00	0.000000e+00	0.000000e+00	
148	5.820000e-08	0.000000e+00	0.000000e+00	0.000000e+00	
149	5.920000e-08	0.000000e+00	0.000000e+00	0.000000e+00	
150	6.000000e-08	0.000000e+00	0.000000e+00	0.000000e+00	
151	6.010000e-08	0.000000e+00	0.000000e+00	0.000000e+00	
152	6.030000e-08	0.000000e+00	0.000000e+00	0.000000e+00	
153	6.070000e-08	0.000000e+00	0.000000e+00	0.000000e+00	
154	6.100000e-08	0.000000e+00	0.000000e+00	0.000000e+00	
155	6.108000e-08	0.000000e+00	0.000000e+00	0.000000e+00	
156	6.124000e-08	0.000000e+00	0.000000e+00	0.000000e+00	
157	6.156000e-08	0.000000e+00	0.000000e+00	0.000000e+00	
158	6.220000e-08	0.000000e+00	0.000000e+00	0.000000e+00	
159	6.230000e-08	0.000000e+00	0.000000e+00	0.000000e+00	
160	6.240000e-08	0.000000e+00	0.000000e+00	0.000000e+00	
161	6.260000e-08	0.000000e+00	0.000000e+00	0.000000e+00	
162	6.300000e-08	0.000000e+00	0.000000e+00	0.000000e+00	
163	6.330000e-08	0.000000e+00	0.000000e+00	0.000000e+00	
164	6.338000e-08	0.000000e+00	0.000000e+00	0.000000e+00	
165	6.354000e-08	0.000000e+00	0.000000e+00	0.000000e+00	
166	6.386000e-08	0.000000e+00	0.000000e+00	0.000000e+00	
167	6.450000e-08	0.000000e+00	0.000000e+00	0.000000e+00	
168	6.550000e-08	0.000000e+00	0.000000e+00	0.000000e+00	
169	6.600000e-08	0.000000e+00	0.000000e+00	0.000000e+00	
170	6.610000e-08	0.000000e+00	0.000000e+00	0.000000e+00	

Index   time            v4#branch       v5#branch       v6#branch       
--------------------------------------------------------------------------------
171	6.630000e-08	0.000000e+00	0.000000e+00	0.000000e+00	
172	6.670000e-08	0.000000e+00	0.000000e+00	0.000000e+00	
173	6.700000e-08	0.000000e+00	0.000000e+00	0.000000e+00	
174	6.708000e-08	0.000000e+00	0.000000e+00	0.000000e+00	
175	6.724000e-08	0.000000e+00	0.000000e+00	0.000000e+00	
176	6.756000e-08	0.000000e+00	0.000000e+00	0.000000e+00	
177	6.820000e-08	0.000000e+00	0.000000e+00	0.000000e+00	
178	6.920000e-08	0.000000e+00	0.000000e+00	0.000000e+00	
179	7.000000e-08	0.000000e+00	0.000000e+00	0.000000e+00	
180	7.010000e-08	0.000000e+00	0.000000e+00	0.000000e+00	
181	7.030000e-08	0.000000e+00	0.000000e+00	0.000000e+00	
182	7.070000e-08	0.000000e+00	0.000000e+00	0.000000e+00	
183	7.100000e-08	0.000000e+00	0.000000e+00	0.000000e+00	
184	7.108000e-08	0.000000e+00	0.000000e+00	0.000000e+00	
185	7.124000e-08	0.000000e+00	0.000000e+00	0.000000e+00	
186	7.156000e-08	0.000000e+00	0.000000e+00	0.000000e+00	
187	7.200000e-08	0.000000e+00	0.000000e+00	0.000000e+00	
188	7.206400e-08	0.000000e+00	0.000000e+00	0.000000e+00	
189	7.219200e-08	0.000000e+00	0.000000e+00	0.000000e+00	
190	7.244800e-08	0.000000e+00	0.000000e+00	0.000000e+00	
191	7.296000e-08	0.000000e+00	0.000000e+00	0.000000e+00	
192	7.396000e-08	0.000000e+00	0.000000e+00	0.000000e+00	
193	7.496000e-08	0.000000e+00	0.000000e+00	0.000000e+00	
194	7.596000e-08	0.000000e+00	0.000000e+00	0.000000e+00	
195	7.600000e-08	0.000000e+00	0.000000e+00	0.000000e+00	
196	7.608000e-08	0.000000e+00	0.000000e+00	0.000000e+00	
197	7.624000e-08	0.000000e+00	0.000000e+00	0.000000e+00	
198	7.656000e-08	0.000000e+00	0.000000e+00	0.000000e+00	
199	7.700000e-08	0.000000e+00	0.000000e+00	0.000000e+00	
200	7.706400e-08	0.000000e+00	0.000000e+00	0.000000e+00	
201	7.719200e-08	0.000000e+00	0.000000e+00	0.000000e+00	
202	7.744800e-08	0.000000e+00	0.000000e+00	0.000000e+00	
203	7.796000e-08	0.000000e+00	0.000000e+00	0.000000e+00	
204	7.896000e-08	0.000000e+00	0.000000e+00	0.000000e+00	
205	7.996000e-08	0.000000e+00	0.000000e+00	0.000000e+00	
206	8.000000e-08	0.000000e+00	0.000000e+00	0.000000e+00	
207	8.008000e-08	0.000000e+00	0.000000e+00	0.000000e+00	
208	8.024000e-08	0.000000e+00	0.000000e+00	0.000000e+00	
209	8.056000e-08	0.000000e+00	0.000000e+00	0.000000e+00	
210	8.100000e-08	0.000000e+00	0.000000e+00	0.000000e+00	
211	8.106400e-08	0.000000e+00	0.000000e+00	0.000000e+00	
212	8.119200e-08	0.000000e+00	0.000000e+00	0.000000e+00	
213	8.144800e-08	0.000000e+00	0.000000e+00	0.000000e+00	
214	8.196000e-08	0.000000e+00	0.000000e+00	0.000000e+00	
215	8.296000e-08	0.000000e+00	0.000000e+00	0.000000e+00	
216	8.396000e-08	0.000000e+00	0.000000e+00	0.000000e+00	
217	8.496000e-08	0.000000e+00	0.000000e+00	0.000000e+00	
218	8.596000e-08	0.000000e+00	0.000000e+00	0.000000e+00	
219	8.600000e-08	0.000000e+00	0.000000e+00	0.000000e+00	
220	8.608000e-08	0.000000e+00	0.000000e+00	0.000000e+00	
221	8.624000e-08	0.000000e+00	0.000000e+00	0.000000e+00	
222	8.656000e-08	0.000000e+00	0.000000e+00	0.000000e+00	
223	8.700000e-08	0.000000e+00	0.000000e+00	0.000000e+00	
224	8.706400e-08	0.000000e+00	0.000000e+00	0.000000e+00	
225	8.719200e-08	0.000000e+00	0.000000e+00	0.000000e+00	
226	8.744800e-08	0.000000e+00	0.000000e+00	0.000000e+00	
227	8.796000e-08	0.000000e+00	0.000000e+00	0.000000e+00	
228	8.896000e-08	0.000000e+00	0.000000e+00	0.000000e+00	

Index   time            v4#branch       v5#branch       v6#branch       
--------------------------------------------------------------------------------
229	8.996000e-08	0.000000e+00	0.000000e+00	0.000000e+00	
230	9.000000e-08	0.000000e+00	0.000000e+00	0.000000e+00	
231	9.008000e-08	0.000000e+00	0.000000e+00	0.000000e+00	
232	9.024000e-08	0.000000e+00	0.000000e+00	0.000000e+00	
233	9.056000e-08	0.000000e+00	0.000000e+00	0.000000e+00	
234	9.100000e-08	0.000000e+00	0.000000e+00	0.000000e+00	
235	9.106400e-08	0.000000e+00	0.000000e+00	0.000000e+00	
236	9.119200e-08	0.000000e+00	0.000000e+00	0.000000e+00	
237	9.144800e-08	0.000000e+00	0.000000e+00	0.000000e+00	
238	9.196000e-08	0.000000e+00	0.000000e+00	0.000000e+00	
239	9.200000e-08	0.000000e+00	0.000000e+00	0.000000e+00	
240	9.208000e-08	0.000000e+00	0.000000e+00	0.000000e+00	
241	9.224000e-08	0.000000e+00	0.000000e+00	0.000000e+00	
242	9.256000e-08	0.000000e+00	0.000000e+00	0.000000e+00	
243	9.320000e-08	0.000000e+00	0.000000e+00	0.000000e+00	
244	9.420000e-08	0.000000e+00	0.000000e+00	0.000000e+00	
245	9.520000e-08	0.000000e+00	0.000000e+00	0.000000e+00	
246	9.600000e-08	0.000000e+00	0.000000e+00	0.000000e+00	
247	9.610000e-08	0.000000e+00	0.000000e+00	0.000000e+00	
248	9.630000e-08	0.000000e+00	0.000000e+00	0.000000e+00	
249	9.670000e-08	0.000000e+00	0.000000e+00	0.000000e+00	
250	9.700000e-08	0.000000e+00	0.000000e+00	0.000000e+00	
251	9.708000e-08	0.000000e+00	0.000000e+00	0.000000e+00	
252	9.724000e-08	0.000000e+00	0.000000e+00	0.000000e+00	
253	9.756000e-08	0.000000e+00	0.000000e+00	0.000000e+00	
254	9.820000e-08	0.000000e+00	0.000000e+00	0.000000e+00	
255	9.920000e-08	0.000000e+00	0.000000e+00	0.000000e+00	
256	1.000000e-07	0.000000e+00	0.000000e+00	0.000000e+00	
257	1.001000e-07	0.000000e+00	0.000000e+00	0.000000e+00	
258	1.003000e-07	0.000000e+00	0.000000e+00	0.000000e+00	
259	1.007000e-07	0.000000e+00	0.000000e+00	0.000000e+00	
260	1.010000e-07	0.000000e+00	0.000000e+00	0.000000e+00	
261	1.010800e-07	0.000000e+00	0.000000e+00	0.000000e+00	
262	1.012400e-07	0.000000e+00	0.000000e+00	0.000000e+00	
263	1.015600e-07	0.000000e+00	0.000000e+00	0.000000e+00	
264	1.022000e-07	0.000000e+00	0.000000e+00	0.000000e+00	
265	1.032000e-07	0.000000e+00	0.000000e+00	0.000000e+00	
266	1.042000e-07	0.000000e+00	0.000000e+00	0.000000e+00	
267	1.052000e-07	0.000000e+00	0.000000e+00	0.000000e+00	
268	1.060000e-07	0.000000e+00	0.000000e+00	0.000000e+00	
269	1.061000e-07	0.000000e+00	0.000000e+00	0.000000e+00	
270	1.063000e-07	0.000000e+00	0.000000e+00	0.000000e+00	
271	1.067000e-07	0.000000e+00	0.000000e+00	0.000000e+00	
272	1.070000e-07	0.000000e+00	0.000000e+00	0.000000e+00	
273	1.070800e-07	0.000000e+00	0.000000e+00	0.000000e+00	
274	1.072400e-07	0.000000e+00	0.000000e+00	0.000000e+00	
275	1.075600e-07	0.000000e+00	0.000000e+00	0.000000e+00	
276	1.082000e-07	0.000000e+00	0.000000e+00	0.000000e+00	
277	1.092000e-07	0.000000e+00	0.000000e+00	0.000000e+00	
278	1.100000e-07	0.000000e+00	0.000000e+00	0.000000e+00	
279	1.101000e-07	0.000000e+00	0.000000e+00	0.000000e+00	
280	1.103000e-07	0.000000e+00	0.000000e+00	0.000000e+00	
281	1.107000e-07	0.000000e+00	0.000000e+00	0.000000e+00	
282	1.110000e-07	0.000000e+00	0.000000e+00	0.000000e+00	
283	1.110800e-07	0.000000e+00	0.000000e+00	0.000000e+00	
284	1.112400e-07	0.000000e+00	0.000000e+00	0.000000e+00	
285	1.115600e-07	0.000000e+00	0.000000e+00	0.000000e+00	
286	1.120000e-07	0.000000e+00	0.000000e+00	0.000000e+00	

Index   time            v4#branch       v5#branch       v6#branch       
--------------------------------------------------------------------------------
287	1.120640e-07	0.000000e+00	0.000000e+00	0.000000e+00	
288	1.121920e-07	0.000000e+00	0.000000e+00	0.000000e+00	
289	1.124480e-07	0.000000e+00	0.000000e+00	0.000000e+00	
290	1.129600e-07	0.000000e+00	0.000000e+00	0.000000e+00	
291	1.139600e-07	0.000000e+00	0.000000e+00	0.000000e+00	
292	1.149600e-07	0.000000e+00	0.000000e+00	0.000000e+00	
293	1.159600e-07	0.000000e+00	0.000000e+00	0.000000e+00	
294	1.160000e-07	0.000000e+00	0.000000e+00	0.000000e+00	
295	1.160800e-07	0.000000e+00	0.000000e+00	0.000000e+00	
296	1.162400e-07	0.000000e+00	0.000000e+00	0.000000e+00	
297	1.165600e-07	0.000000e+00	0.000000e+00	0.000000e+00	
298	1.170000e-07	0.000000e+00	0.000000e+00	0.000000e+00	
299	1.170640e-07	0.000000e+00	0.000000e+00	0.000000e+00	
300	1.171920e-07	0.000000e+00	0.000000e+00	0.000000e+00	
301	1.174480e-07	0.000000e+00	0.000000e+00	0.000000e+00	
302	1.179600e-07	0.000000e+00	0.000000e+00	0.000000e+00	
303	1.189600e-07	0.000000e+00	0.000000e+00	0.000000e+00	
304	1.199600e-07	0.000000e+00	0.000000e+00	0.000000e+00	
305	1.200000e-07	0.000000e+00	0.000000e+00	0.000000e+00	
306	1.200800e-07	0.000000e+00	0.000000e+00	0.000000e+00	
307	1.202400e-07	0.000000e+00	0.000000e+00	0.000000e+00	
308	1.205600e-07	0.000000e+00	0.000000e+00	0.000000e+00	
309	1.210000e-07	0.000000e+00	0.000000e+00	0.000000e+00	
310	1.210640e-07	0.000000e+00	0.000000e+00	0.000000e+00	
311	1.211920e-07	0.000000e+00	0.000000e+00	0.000000e+00	
312	1.214480e-07	0.000000e+00	0.000000e+00	0.000000e+00	
313	1.219600e-07	0.000000e+00	0.000000e+00	0.000000e+00	
314	1.229600e-07	0.000000e+00	0.000000e+00	0.000000e+00	
315	1.239600e-07	0.000000e+00	0.000000e+00	0.000000e+00	
316	1.249600e-07	0.000000e+00	0.000000e+00	0.000000e+00	
317	1.259600e-07	0.000000e+00	0.000000e+00	0.000000e+00	
318	1.260000e-07	0.000000e+00	0.000000e+00	0.000000e+00	
319	1.260800e-07	0.000000e+00	0.000000e+00	0.000000e+00	
320	1.262400e-07	0.000000e+00	0.000000e+00	0.000000e+00	
321	1.265600e-07	0.000000e+00	0.000000e+00	0.000000e+00	
322	1.270000e-07	0.000000e+00	0.000000e+00	0.000000e+00	
323	1.270640e-07	0.000000e+00	0.000000e+00	0.000000e+00	
324	1.271920e-07	0.000000e+00	0.000000e+00	0.000000e+00	
325	1.274480e-07	0.000000e+00	0.000000e+00	0.000000e+00	
326	1.279600e-07	0.000000e+00	0.000000e+00	0.000000e+00	
327	1.289600e-07	0.000000e+00	0.000000e+00	0.000000e+00	
328	1.299600e-07	0.000000e+00	0.000000e+00	0.000000e+00	
329	1.300000e-07	0.000000e+00	0.000000e+00	0.000000e+00	
330	1.300800e-07	0.000000e+00	0.000000e+00	0.000000e+00	
331	1.302400e-07	0.000000e+00	0.000000e+00	0.000000e+00	
332	1.305600e-07	0.000000e+00	0.000000e+00	0.000000e+00	
333	1.310000e-07	0.000000e+00	0.000000e+00	0.000000e+00	
334	1.310640e-07	0.000000e+00	0.000000e+00	0.000000e+00	
335	1.311920e-07	0.000000e+00	0.000000e+00	0.000000e+00	
336	1.314480e-07	0.000000e+00	0.000000e+00	0.000000e+00	
337	1.319600e-07	0.000000e+00	0.000000e+00	0.000000e+00	
338	1.320000e-07	0.000000e+00	0.000000e+00	0.000000e+00	
339	1.320800e-07	0.000000e+00	0.000000e+00	0.000000e+00	
340	1.322400e-07	0.000000e+00	0.000000e+00	0.000000e+00	
341	1.322560e-07	0.000000e+00	0.000000e+00	0.000000e+00	
342	1.322880e-07	0.000000e+00	0.000000e+00	0.000000e+00	
343	1.323520e-07	0.000000e+00	0.000000e+00	0.000000e+00	
344	1.324800e-07	0.000000e+00	0.000000e+00	0.000000e+00	

Index   time            v4#branch       v5#branch       v6#branch       
--------------------------------------------------------------------------------
345	1.327360e-07	0.000000e+00	0.000000e+00	0.000000e+00	
346	1.332400e-07	0.000000e+00	0.000000e+00	0.000000e+00	
347	1.332912e-07	0.000000e+00	0.000000e+00	0.000000e+00	
348	1.333936e-07	0.000000e+00	0.000000e+00	0.000000e+00	
349	1.335984e-07	0.000000e+00	0.000000e+00	0.000000e+00	
350	1.340080e-07	0.000000e+00	0.000000e+00	0.000000e+00	
351	1.348272e-07	0.000000e+00	0.000000e+00	0.000000e+00	
352	1.358272e-07	0.000000e+00	0.000000e+00	0.000000e+00	
353	1.360000e-07	0.000000e+00	0.000000e+00	0.000000e+00	
354	1.361000e-07	0.000000e+00	0.000000e+00	0.000000e+00	
355	1.363000e-07	0.000000e+00	0.000000e+00	0.000000e+00	
356	1.367000e-07	0.000000e+00	0.000000e+00	0.000000e+00	
357	1.370000e-07	0.000000e+00	0.000000e+00	0.000000e+00	
358	1.370800e-07	0.000000e+00	0.000000e+00	0.000000e+00	
359	1.372400e-07	0.000000e+00	0.000000e+00	0.000000e+00	
360	1.375600e-07	0.000000e+00	0.000000e+00	0.000000e+00	
361	1.382000e-07	0.000000e+00	0.000000e+00	0.000000e+00	
362	1.392000e-07	0.000000e+00	0.000000e+00	0.000000e+00	
363	1.400000e-07	0.000000e+00	0.000000e+00	0.000000e+00	
364	1.401000e-07	0.000000e+00	0.000000e+00	0.000000e+00	
365	1.403000e-07	0.000000e+00	0.000000e+00	0.000000e+00	
366	1.407000e-07	0.000000e+00	0.000000e+00	0.000000e+00	
367	1.410000e-07	0.000000e+00	0.000000e+00	0.000000e+00	
368	1.410800e-07	0.000000e+00	0.000000e+00	0.000000e+00	
369	1.412400e-07	0.000000e+00	0.000000e+00	0.000000e+00	
370	1.415600e-07	0.000000e+00	0.000000e+00	0.000000e+00	
371	1.422000e-07	0.000000e+00	0.000000e+00	0.000000e+00	
372	1.432000e-07	0.000000e+00	0.000000e+00	0.000000e+00	
373	1.442000e-07	0.000000e+00	0.000000e+00	0.000000e+00	
374	1.452000e-07	0.000000e+00	0.000000e+00	0.000000e+00	
375	1.460000e-07	0.000000e+00	0.000000e+00	0.000000e+00	
376	1.461000e-07	0.000000e+00	0.000000e+00	0.000000e+00	
377	1.463000e-07	0.000000e+00	0.000000e+00	0.000000e+00	
378	1.467000e-07	0.000000e+00	0.000000e+00	0.000000e+00	
379	1.470000e-07	0.000000e+00	0.000000e+00	0.000000e+00	
380	1.470800e-07	0.000000e+00	0.000000e+00	0.000000e+00	
381	1.472400e-07	0.000000e+00	0.000000e+00	0.000000e+00	
382	1.475600e-07	0.000000e+00	0.000000e+00	0.000000e+00	
383	1.482000e-07	0.000000e+00	0.000000e+00	0.000000e+00	
384	1.492000e-07	0.000000e+00	0.000000e+00	0.000000e+00	
385	1.500000e-07	0.000000e+00	0.000000e+00	0.000000e+00	
386	1.501000e-07	0.000000e+00	0.000000e+00	0.000000e+00	
387	1.503000e-07	0.000000e+00	0.000000e+00	0.000000e+00	
388	1.507000e-07	0.000000e+00	0.000000e+00	0.000000e+00	
389	1.510000e-07	0.000000e+00	0.000000e+00	0.000000e+00	
390	1.510800e-07	0.000000e+00	0.000000e+00	0.000000e+00	
391	1.512400e-07	0.000000e+00	0.000000e+00	0.000000e+00	
392	1.515600e-07	0.000000e+00	0.000000e+00	0.000000e+00	
393	1.520000e-07	0.000000e+00	0.000000e+00	0.000000e+00	
394	1.520640e-07	0.000000e+00	0.000000e+00	0.000000e+00	
395	1.521920e-07	0.000000e+00	0.000000e+00	0.000000e+00	
396	1.524480e-07	0.000000e+00	0.000000e+00	0.000000e+00	
397	1.529600e-07	0.000000e+00	0.000000e+00	0.000000e+00	
398	1.539600e-07	0.000000e+00	0.000000e+00	0.000000e+00	
399	1.549600e-07	0.000000e+00	0.000000e+00	0.000000e+00	
400	1.559600e-07	0.000000e+00	0.000000e+00	0.000000e+00	
401	1.560000e-07	0.000000e+00	0.000000e+00	0.000000e+00	
402	1.560800e-07	0.000000e+00	0.000000e+00	0.000000e+00	

Index   time            v4#branch       v5#branch       v6#branch       
--------------------------------------------------------------------------------
403	1.562400e-07	0.000000e+00	0.000000e+00	0.000000e+00	
404	1.565600e-07	0.000000e+00	0.000000e+00	0.000000e+00	
405	1.570000e-07	0.000000e+00	0.000000e+00	0.000000e+00	
406	1.570640e-07	0.000000e+00	0.000000e+00	0.000000e+00	
407	1.571920e-07	0.000000e+00	0.000000e+00	0.000000e+00	
408	1.574480e-07	0.000000e+00	0.000000e+00	0.000000e+00	
409	1.579600e-07	0.000000e+00	0.000000e+00	0.000000e+00	
410	1.589600e-07	0.000000e+00	0.000000e+00	0.000000e+00	
411	1.599600e-07	0.000000e+00	0.000000e+00	0.000000e+00	
412	1.600000e-07	0.000000e+00	0.000000e+00	0.000000e+00	
413	1.600800e-07	0.000000e+00	0.000000e+00	0.000000e+00	
414	1.602400e-07	0.000000e+00	0.000000e+00	0.000000e+00	
415	1.605600e-07	0.000000e+00	0.000000e+00	0.000000e+00	
416	1.610000e-07	0.000000e+00	0.000000e+00	0.000000e+00	
417	1.610640e-07	0.000000e+00	0.000000e+00	0.000000e+00	
418	1.611920e-07	0.000000e+00	0.000000e+00	0.000000e+00	
419	1.614480e-07	0.000000e+00	0.000000e+00	0.000000e+00	
420	1.619600e-07	0.000000e+00	0.000000e+00	0.000000e+00	
421	1.629600e-07	0.000000e+00	0.000000e+00	0.000000e+00	
422	1.639600e-07	0.000000e+00	0.000000e+00	0.000000e+00	
423	1.649600e-07	0.000000e+00	0.000000e+00	0.000000e+00	
424	1.659600e-07	0.000000e+00	0.000000e+00	0.000000e+00	
425	1.660000e-07	0.000000e+00	0.000000e+00	0.000000e+00	
426	1.660800e-07	0.000000e+00	0.000000e+00	0.000000e+00	
427	1.662400e-07	0.000000e+00	0.000000e+00	0.000000e+00	
428	1.665600e-07	0.000000e+00	0.000000e+00	0.000000e+00	
429	1.670000e-07	0.000000e+00	0.000000e+00	0.000000e+00	
430	1.670640e-07	0.000000e+00	0.000000e+00	0.000000e+00	
431	1.671920e-07	0.000000e+00	0.000000e+00	0.000000e+00	
432	1.674480e-07	0.000000e+00	0.000000e+00	0.000000e+00	
433	1.679600e-07	0.000000e+00	0.000000e+00	0.000000e+00	
434	1.689600e-07	0.000000e+00	0.000000e+00	0.000000e+00	
435	1.699600e-07	0.000000e+00	0.000000e+00	0.000000e+00	
436	1.700000e-07	0.000000e+00	0.000000e+00	0.000000e+00	
437	1.700800e-07	0.000000e+00	0.000000e+00	0.000000e+00	
438	1.702400e-07	0.000000e+00	0.000000e+00	0.000000e+00	
439	1.705600e-07	0.000000e+00	0.000000e+00	0.000000e+00	
440	1.710000e-07	0.000000e+00	0.000000e+00	0.000000e+00	
441	1.710640e-07	0.000000e+00	0.000000e+00	0.000000e+00	
442	1.711920e-07	0.000000e+00	0.000000e+00	0.000000e+00	
443	1.714480e-07	0.000000e+00	0.000000e+00	0.000000e+00	
444	1.719600e-07	0.000000e+00	0.000000e+00	0.000000e+00	
445	1.720000e-07	0.000000e+00	0.000000e+00	0.000000e+00	
446	1.720800e-07	0.000000e+00	0.000000e+00	0.000000e+00	
447	1.722400e-07	0.000000e+00	0.000000e+00	0.000000e+00	
448	1.725600e-07	0.000000e+00	0.000000e+00	0.000000e+00	
449	1.732000e-07	0.000000e+00	0.000000e+00	0.000000e+00	
450	1.742000e-07	0.000000e+00	0.000000e+00	0.000000e+00	
451	1.752000e-07	0.000000e+00	0.000000e+00	0.000000e+00	
452	1.760000e-07	0.000000e+00	0.000000e+00	0.000000e+00	
453	1.761000e-07	0.000000e+00	0.000000e+00	0.000000e+00	
454	1.763000e-07	0.000000e+00	0.000000e+00	0.000000e+00	
455	1.767000e-07	0.000000e+00	0.000000e+00	0.000000e+00	
456	1.770000e-07	0.000000e+00	0.000000e+00	0.000000e+00	
457	1.770800e-07	0.000000e+00	0.000000e+00	0.000000e+00	
458	1.772400e-07	0.000000e+00	0.000000e+00	0.000000e+00	
459	1.775600e-07	0.000000e+00	0.000000e+00	0.000000e+00	
460	1.782000e-07	0.000000e+00	0.000000e+00	0.000000e+00	

Index   time            v4#branch       v5#branch       v6#branch       
--------------------------------------------------------------------------------
461	1.792000e-07	0.000000e+00	0.000000e+00	0.000000e+00	
462	1.800000e-07	0.000000e+00	0.000000e+00	0.000000e+00	
463	1.801000e-07	0.000000e+00	0.000000e+00	0.000000e+00	
464	1.803000e-07	0.000000e+00	0.000000e+00	0.000000e+00	
465	1.807000e-07	0.000000e+00	0.000000e+00	0.000000e+00	
466	1.810000e-07	0.000000e+00	0.000000e+00	0.000000e+00	
467	1.810800e-07	0.000000e+00	0.000000e+00	0.000000e+00	
468	1.812400e-07	0.000000e+00	0.000000e+00	0.000000e+00	
469	1.815600e-07	0.000000e+00	0.000000e+00	0.000000e+00	
470	1.822000e-07	0.000000e+00	0.000000e+00	0.000000e+00	
471	1.832000e-07	0.000000e+00	0.000000e+00	0.000000e+00	
472	1.842000e-07	0.000000e+00	0.000000e+00	0.000000e+00	
473	1.852000e-07	0.000000e+00	0.000000e+00	0.000000e+00	
474	1.860000e-07	0.000000e+00	0.000000e+00	0.000000e+00	
475	1.861000e-07	0.000000e+00	0.000000e+00	0.000000e+00	
476	1.863000e-07	0.000000e+00	0.000000e+00	0.000000e+00	
477	1.867000e-07	0.000000e+00	0.000000e+00	0.000000e+00	
478	1.870000e-07	0.000000e+00	0.000000e+00	0.000000e+00	
479	1.870800e-07	0.000000e+00	0.000000e+00	0.000000e+00	
480	1.872400e-07	0.000000e+00	0.000000e+00	0.000000e+00	
481	1.875600e-07	0.000000e+00	0.000000e+00	0.000000e+00	
482	1.882000e-07	0.000000e+00	0.000000e+00	0.000000e+00	
483	1.892000e-07	0.000000e+00	0.000000e+00	0.000000e+00	
484	1.900000e-07	0.000000e+00	0.000000e+00	0.000000e+00	
485	1.901000e-07	0.000000e+00	0.000000e+00	0.000000e+00	
486	1.903000e-07	0.000000e+00	0.000000e+00	0.000000e+00	
487	1.907000e-07	0.000000e+00	0.000000e+00	0.000000e+00	
488	1.910000e-07	0.000000e+00	0.000000e+00	0.000000e+00	
489	1.910800e-07	0.000000e+00	0.000000e+00	0.000000e+00	
490	1.912400e-07	0.000000e+00	0.000000e+00	0.000000e+00	
491	1.915600e-07	0.000000e+00	0.000000e+00	0.000000e+00	
492	1.922000e-07	0.000000e+00	0.000000e+00	0.000000e+00	
493	1.932000e-07	0.000000e+00	0.000000e+00	0.000000e+00	
494	1.942000e-07	0.000000e+00	0.000000e+00	0.000000e+00	
495	1.952000e-07	0.000000e+00	0.000000e+00	0.000000e+00	
496	1.960000e-07	0.000000e+00	0.000000e+00	0.000000e+00	
497	1.961000e-07	0.000000e+00	0.000000e+00	0.000000e+00	
498	1.963000e-07	0.000000e+00	0.000000e+00	0.000000e+00	
499	1.967000e-07	0.000000e+00	0.000000e+00	0.000000e+00	
500	1.970000e-07	0.000000e+00	0.000000e+00	0.000000e+00	
501	1.970800e-07	0.000000e+00	0.000000e+00	0.000000e+00	
502	1.972400e-07	0.000000e+00	0.000000e+00	0.000000e+00	
503	1.975600e-07	0.000000e+00	0.000000e+00	0.000000e+00	
504	1.982000e-07	0.000000e+00	0.000000e+00	0.000000e+00	
505	1.992000e-07	0.000000e+00	0.000000e+00	0.000000e+00	
506	2.000000e-07	0.000000e+00	0.000000e+00	0.000000e+00	
507	2.001000e-07	0.000000e+00	0.000000e+00	0.000000e+00	
508	2.003000e-07	0.000000e+00	0.000000e+00	0.000000e+00	
509	2.007000e-07	0.000000e+00	0.000000e+00	0.000000e+00	
510	2.010000e-07	0.000000e+00	0.000000e+00	0.000000e+00	
511	2.010800e-07	0.000000e+00	0.000000e+00	0.000000e+00	
512	2.012400e-07	0.000000e+00	0.000000e+00	0.000000e+00	
513	2.015600e-07	0.000000e+00	0.000000e+00	0.000000e+00	
514	2.022000e-07	0.000000e+00	0.000000e+00	0.000000e+00	
515	2.023000e-07	0.000000e+00	0.000000e+00	0.000000e+00	
516	2.024000e-07	0.000000e+00	0.000000e+00	0.000000e+00	
517	2.026000e-07	0.000000e+00	0.000000e+00	0.000000e+00	
518	2.030000e-07	0.000000e+00	0.000000e+00	0.000000e+00	

Index   time            v4#branch       v5#branch       v6#branch       
--------------------------------------------------------------------------------
519	2.033000e-07	0.000000e+00	0.000000e+00	0.000000e+00	
520	2.033800e-07	0.000000e+00	0.000000e+00	0.000000e+00	
521	2.035400e-07	0.000000e+00	0.000000e+00	0.000000e+00	
522	2.038600e-07	0.000000e+00	0.000000e+00	0.000000e+00	
523	2.045000e-07	0.000000e+00	0.000000e+00	0.000000e+00	
524	2.055000e-07	0.000000e+00	0.000000e+00	0.000000e+00	
525	2.060000e-07	0.000000e+00	0.000000e+00	0.000000e+00	
526	2.061000e-07	0.000000e+00	0.000000e+00	0.000000e+00	
527	2.063000e-07	0.000000e+00	0.000000e+00	0.000000e+00	
528	2.067000e-07	0.000000e+00	0.000000e+00	0.000000e+00	
529	2.070000e-07	0.000000e+00	0.000000e+00	0.000000e+00	
530	2.070800e-07	0.000000e+00	0.000000e+00	0.000000e+00	
531	2.072400e-07	0.000000e+00	0.000000e+00	0.000000e+00	
532	2.075600e-07	0.000000e+00	0.000000e+00	0.000000e+00	
533	2.082000e-07	0.000000e+00	0.000000e+00	0.000000e+00	
534	2.092000e-07	0.000000e+00	0.000000e+00	0.000000e+00	
535	2.100000e-07	0.000000e+00	0.000000e+00	0.000000e+00	
536	2.101000e-07	0.000000e+00	0.000000e+00	0.000000e+00	
537	2.103000e-07	0.000000e+00	0.000000e+00	0.000000e+00	
538	2.107000e-07	0.000000e+00	0.000000e+00	0.000000e+00	
539	2.110000e-07	0.000000e+00	0.000000e+00	0.000000e+00	
540	2.110800e-07	0.000000e+00	0.000000e+00	0.000000e+00	
541	2.112400e-07	0.000000e+00	0.000000e+00	0.000000e+00	
542	2.115600e-07	0.000000e+00	0.000000e+00	0.000000e+00	
543	2.120000e-07	0.000000e+00	0.000000e+00	0.000000e+00	
544	2.120640e-07	0.000000e+00	0.000000e+00	0.000000e+00	
545	2.121920e-07	0.000000e+00	0.000000e+00	0.000000e+00	
546	2.124480e-07	0.000000e+00	0.000000e+00	0.000000e+00	
547	2.129600e-07	0.000000e+00	0.000000e+00	0.000000e+00	
548	2.139600e-07	0.000000e+00	0.000000e+00	0.000000e+00	
549	2.149600e-07	0.000000e+00	0.000000e+00	0.000000e+00	
550	2.159600e-07	0.000000e+00	0.000000e+00	0.000000e+00	
551	2.160000e-07	0.000000e+00	0.000000e+00	0.000000e+00	
552	2.160800e-07	0.000000e+00	0.000000e+00	0.000000e+00	
553	2.162400e-07	0.000000e+00	0.000000e+00	0.000000e+00	
554	2.165600e-07	0.000000e+00	0.000000e+00	0.000000e+00	
555	2.170000e-07	0.000000e+00	0.000000e+00	0.000000e+00	
556	2.170640e-07	0.000000e+00	0.000000e+00	0.000000e+00	
557	2.171920e-07	0.000000e+00	0.000000e+00	0.000000e+00	
558	2.174480e-07	0.000000e+00	0.000000e+00	0.000000e+00	
559	2.179600e-07	0.000000e+00	0.000000e+00	0.000000e+00	
560	2.189600e-07	0.000000e+00	0.000000e+00	0.000000e+00	
561	2.199600e-07	0.000000e+00	0.000000e+00	0.000000e+00	
562	2.200000e-07	0.000000e+00	0.000000e+00	0.000000e+00	
563	2.200800e-07	0.000000e+00	0.000000e+00	0.000000e+00	
564	2.202400e-07	0.000000e+00	0.000000e+00	0.000000e+00	
565	2.205600e-07	0.000000e+00	0.000000e+00	0.000000e+00	
566	2.210000e-07	0.000000e+00	0.000000e+00	0.000000e+00	
567	2.210640e-07	0.000000e+00	0.000000e+00	0.000000e+00	
568	2.211920e-07	0.000000e+00	0.000000e+00	0.000000e+00	
569	2.214480e-07	0.000000e+00	0.000000e+00	0.000000e+00	
570	2.219600e-07	0.000000e+00	0.000000e+00	0.000000e+00	
571	2.229600e-07	0.000000e+00	0.000000e+00	0.000000e+00	
572	2.239600e-07	0.000000e+00	0.000000e+00	0.000000e+00	
573	2.249600e-07	0.000000e+00	0.000000e+00	0.000000e+00	
574	2.259600e-07	0.000000e+00	0.000000e+00	0.000000e+00	
575	2.260000e-07	0.000000e+00	0.000000e+00	0.000000e+00	
576	2.260800e-07	0.000000e+00	0.000000e+00	0.000000e+00	

Index   time            v4#branch       v5#branch       v6#branch       
--------------------------------------------------------------------------------
577	2.262400e-07	0.000000e+00	0.000000e+00	0.000000e+00	
578	2.265600e-07	0.000000e+00	0.000000e+00	0.000000e+00	
579	2.270000e-07	0.000000e+00	0.000000e+00	0.000000e+00	
580	2.270640e-07	0.000000e+00	0.000000e+00	0.000000e+00	
581	2.271920e-07	0.000000e+00	0.000000e+00	0.000000e+00	
582	2.274480e-07	0.000000e+00	0.000000e+00	0.000000e+00	
583	2.279600e-07	0.000000e+00	0.000000e+00	0.000000e+00	
584	2.289600e-07	0.000000e+00	0.000000e+00	0.000000e+00	
585	2.299600e-07	0.000000e+00	0.000000e+00	0.000000e+00	
586	2.300000e-07	0.000000e+00	0.000000e+00	0.000000e+00	
587	2.300800e-07	0.000000e+00	0.000000e+00	0.000000e+00	
588	2.302400e-07	0.000000e+00	0.000000e+00	0.000000e+00	
589	2.305600e-07	0.000000e+00	0.000000e+00	0.000000e+00	
590	2.310000e-07	0.000000e+00	0.000000e+00	0.000000e+00	
591	2.310640e-07	0.000000e+00	0.000000e+00	0.000000e+00	
592	2.311920e-07	0.000000e+00	0.000000e+00	0.000000e+00	
593	2.314480e-07	0.000000e+00	0.000000e+00	0.000000e+00	
594	2.319600e-07	0.000000e+00	0.000000e+00	0.000000e+00	
595	2.320000e-07	0.000000e+00	0.000000e+00	0.000000e+00	
596	2.320800e-07	0.000000e+00	0.000000e+00	0.000000e+00	
597	2.322400e-07	0.000000e+00	0.000000e+00	0.000000e+00	
598	2.325600e-07	0.000000e+00	0.000000e+00	0.000000e+00	
599	2.332000e-07	0.000000e+00	0.000000e+00	0.000000e+00	
600	2.342000e-07	0.000000e+00	0.000000e+00	0.000000e+00	
601	2.352000e-07	0.000000e+00	0.000000e+00	0.000000e+00	
602	2.360000e-07	0.000000e+00	0.000000e+00	0.000000e+00	
603	2.361000e-07	0.000000e+00	0.000000e+00	0.000000e+00	
604	2.363000e-07	0.000000e+00	0.000000e+00	0.000000e+00	
605	2.367000e-07	0.000000e+00	0.000000e+00	0.000000e+00	
606	2.370000e-07	0.000000e+00	0.000000e+00	0.000000e+00	
607	2.370800e-07	0.000000e+00	0.000000e+00	0.000000e+00	
608	2.372400e-07	0.000000e+00	0.000000e+00	0.000000e+00	
609	2.375600e-07	0.000000e+00	0.000000e+00	0.000000e+00	
610	2.382000e-07	0.000000e+00	0.000000e+00	0.000000e+00	
611	2.392000e-07	0.000000e+00	0.000000e+00	0.000000e+00	
612	2.400000e-07	0.000000e+00	0.000000e+00	0.000000e+00	
613	2.401000e-07	0.000000e+00	0.000000e+00	0.000000e+00	
614	2.403000e-07	0.000000e+00	0.000000e+00	0.000000e+00	
615	2.407000e-07	0.000000e+00	0.000000e+00	0.000000e+00	
616	2.410000e-07	0.000000e+00	0.000000e+00	0.000000e+00	
617	2.410800e-07	0.000000e+00	0.000000e+00	0.000000e+00	
618	2.412400e-07	0.000000e+00	0.000000e+00	0.000000e+00	
619	2.415600e-07	0.000000e+00	0.000000e+00	0.000000e+00	
620	2.422000e-07	0.000000e+00	0.000000e+00	0.000000e+00	
621	2.432000e-07	0.000000e+00	0.000000e+00	0.000000e+00	
622	2.442000e-07	0.000000e+00	0.000000e+00	0.000000e+00	
623	2.452000e-07	0.000000e+00	0.000000e+00	0.000000e+00	
624	2.460000e-07	0.000000e+00	0.000000e+00	0.000000e+00	
625	2.461000e-07	0.000000e+00	0.000000e+00	0.000000e+00	
626	2.463000e-07	0.000000e+00	0.000000e+00	0.000000e+00	
627	2.467000e-07	0.000000e+00	0.000000e+00	0.000000e+00	
628	2.470000e-07	0.000000e+00	0.000000e+00	0.000000e+00	
629	2.470800e-07	0.000000e+00	0.000000e+00	0.000000e+00	
630	2.472400e-07	0.000000e+00	0.000000e+00	0.000000e+00	
631	2.475600e-07	0.000000e+00	0.000000e+00	0.000000e+00	
632	2.482000e-07	0.000000e+00	0.000000e+00	0.000000e+00	
633	2.492000e-07	0.000000e+00	0.000000e+00	0.000000e+00	
634	2.500000e-07	0.000000e+00	0.000000e+00	0.000000e+00	

Index   time            v4#branch       v5#branch       v6#branch       
--------------------------------------------------------------------------------
635	2.501000e-07	0.000000e+00	0.000000e+00	0.000000e+00	
636	2.503000e-07	0.000000e+00	0.000000e+00	0.000000e+00	
637	2.507000e-07	0.000000e+00	0.000000e+00	0.000000e+00	
638	2.510000e-07	0.000000e+00	0.000000e+00	0.000000e+00	
639	2.510800e-07	0.000000e+00	0.000000e+00	0.000000e+00	
640	2.512400e-07	0.000000e+00	0.000000e+00	0.000000e+00	
641	2.515600e-07	0.000000e+00	0.000000e+00	0.000000e+00	
642	2.520000e-07	0.000000e+00	0.000000e+00	0.000000e+00	
643	2.520640e-07	0.000000e+00	0.000000e+00	0.000000e+00	
644	2.521920e-07	0.000000e+00	0.000000e+00	0.000000e+00	
645	2.524480e-07	0.000000e+00	0.000000e+00	0.000000e+00	
646	2.529600e-07	0.000000e+00	0.000000e+00	0.000000e+00	
647	2.539600e-07	0.000000e+00	0.000000e+00	0.000000e+00	
648	2.549600e-07	0.000000e+00	0.000000e+00	0.000000e+00	
649	2.559600e-07	0.000000e+00	0.000000e+00	0.000000e+00	
650	2.560000e-07	0.000000e+00	0.000000e+00	0.000000e+00	
651	2.560800e-07	0.000000e+00	0.000000e+00	0.000000e+00	
652	2.562400e-07	0.000000e+00	0.000000e+00	0.000000e+00	
653	2.565600e-07	0.000000e+00	0.000000e+00	0.000000e+00	
654	2.570000e-07	0.000000e+00	0.000000e+00	0.000000e+00	
655	2.570640e-07	0.000000e+00	0.000000e+00	0.000000e+00	
656	2.571920e-07	0.000000e+00	0.000000e+00	0.000000e+00	
657	2.574480e-07	0.000000e+00	0.000000e+00	0.000000e+00	
658	2.579600e-07	0.000000e+00	0.000000e+00	0.000000e+00	
659	2.589600e-07	0.000000e+00	0.000000e+00	0.000000e+00	
660	2.599600e-07	0.000000e+00	0.000000e+00	0.000000e+00	
661	2.600000e-07	0.000000e+00	0.000000e+00	0.000000e+00	
662	2.600800e-07	0.000000e+00	0.000000e+00	0.000000e+00	
663	2.602400e-07	0.000000e+00	0.000000e+00	0.000000e+00	
664	2.605600e-07	0.000000e+00	0.000000e+00	0.000000e+00	
665	2.610000e-07	0.000000e+00	0.000000e+00	0.000000e+00	
666	2.610640e-07	0.000000e+00	0.000000e+00	0.000000e+00	
667	2.611920e-07	0.000000e+00	0.000000e+00	0.000000e+00	
668	2.614480e-07	0.000000e+00	0.000000e+00	0.000000e+00	
669	2.619600e-07	0.000000e+00	0.000000e+00	0.000000e+00	
670	2.629600e-07	0.000000e+00	0.000000e+00	0.000000e+00	
671	2.639600e-07	0.000000e+00	0.000000e+00	0.000000e+00	
672	2.649600e-07	0.000000e+00	0.000000e+00	0.000000e+00	
673	2.659600e-07	0.000000e+00	0.000000e+00	0.000000e+00	
674	2.660000e-07	0.000000e+00	0.000000e+00	0.000000e+00	
675	2.660800e-07	0.000000e+00	0.000000e+00	0.000000e+00	
676	2.662400e-07	0.000000e+00	0.000000e+00	0.000000e+00	
677	2.665600e-07	0.000000e+00	0.000000e+00	0.000000e+00	
678	2.670000e-07	0.000000e+00	0.000000e+00	0.000000e+00	
679	2.670640e-07	0.000000e+00	0.000000e+00	0.000000e+00	
680	2.671920e-07	0.000000e+00	0.000000e+00	0.000000e+00	
681	2.674480e-07	0.000000e+00	0.000000e+00	0.000000e+00	
682	2.679600e-07	0.000000e+00	0.000000e+00	0.000000e+00	
683	2.689600e-07	0.000000e+00	0.000000e+00	0.000000e+00	
684	2.699600e-07	0.000000e+00	0.000000e+00	0.000000e+00	
685	2.700000e-07	0.000000e+00	0.000000e+00	0.000000e+00	
686	2.700800e-07	0.000000e+00	0.000000e+00	0.000000e+00	
687	2.702400e-07	0.000000e+00	0.000000e+00	0.000000e+00	
688	2.705600e-07	0.000000e+00	0.000000e+00	0.000000e+00	
689	2.710000e-07	0.000000e+00	0.000000e+00	0.000000e+00	
690	2.710640e-07	0.000000e+00	0.000000e+00	0.000000e+00	
691	2.711920e-07	0.000000e+00	0.000000e+00	0.000000e+00	
692	2.714480e-07	0.000000e+00	0.000000e+00	0.000000e+00	

Index   time            v4#branch       v5#branch       v6#branch       
--------------------------------------------------------------------------------
693	2.719600e-07	0.000000e+00	0.000000e+00	0.000000e+00	
694	2.722400e-07	0.000000e+00	0.000000e+00	0.000000e+00	
695	2.723400e-07	0.000000e+00	0.000000e+00	0.000000e+00	
696	2.725400e-07	0.000000e+00	0.000000e+00	0.000000e+00	
697	2.729400e-07	0.000000e+00	0.000000e+00	0.000000e+00	
698	2.732400e-07	0.000000e+00	0.000000e+00	0.000000e+00	
699	2.733200e-07	0.000000e+00	0.000000e+00	0.000000e+00	
700	2.734800e-07	0.000000e+00	0.000000e+00	0.000000e+00	
701	2.738000e-07	0.000000e+00	0.000000e+00	0.000000e+00	
702	2.744400e-07	0.000000e+00	0.000000e+00	0.000000e+00	
703	2.754400e-07	0.000000e+00	0.000000e+00	0.000000e+00	
704	2.760000e-07	0.000000e+00	0.000000e+00	0.000000e+00	
705	2.761000e-07	0.000000e+00	0.000000e+00	0.000000e+00	
706	2.763000e-07	0.000000e+00	0.000000e+00	0.000000e+00	
707	2.767000e-07	0.000000e+00	0.000000e+00	0.000000e+00	
708	2.770000e-07	0.000000e+00	0.000000e+00	0.000000e+00	
709	2.770800e-07	0.000000e+00	0.000000e+00	0.000000e+00	
710	2.772400e-07	0.000000e+00	0.000000e+00	0.000000e+00	
711	2.775600e-07	0.000000e+00	0.000000e+00	0.000000e+00	
712	2.782000e-07	0.000000e+00	0.000000e+00	0.000000e+00	
713	2.792000e-07	0.000000e+00	0.000000e+00	0.000000e+00	
714	2.800000e-07	0.000000e+00	0.000000e+00	0.000000e+00	
715	2.801000e-07	0.000000e+00	0.000000e+00	0.000000e+00	
716	2.803000e-07	0.000000e+00	0.000000e+00	0.000000e+00	
717	2.807000e-07	0.000000e+00	0.000000e+00	0.000000e+00	
718	2.810000e-07	0.000000e+00	0.000000e+00	0.000000e+00	
719	2.810800e-07	0.000000e+00	0.000000e+00	0.000000e+00	
720	2.812400e-07	0.000000e+00	0.000000e+00	0.000000e+00	
721	2.815600e-07	0.000000e+00	0.000000e+00	0.000000e+00	
722	2.822000e-07	0.000000e+00	0.000000e+00	0.000000e+00	
723	2.832000e-07	0.000000e+00	0.000000e+00	0.000000e+00	
724	2.842000e-07	0.000000e+00	0.000000e+00	0.000000e+00	
725	2.852000e-07	0.000000e+00	0.000000e+00	0.000000e+00	
726	2.860000e-07	0.000000e+00	0.000000e+00	0.000000e+00	
727	2.861000e-07	0.000000e+00	0.000000e+00	0.000000e+00	
728	2.863000e-07	0.000000e+00	0.000000e+00	0.000000e+00	
729	2.867000e-07	0.000000e+00	0.000000e+00	0.000000e+00	
730	2.870000e-07	0.000000e+00	0.000000e+00	0.000000e+00	
731	2.870800e-07	0.000000e+00	0.000000e+00	0.000000e+00	
732	2.872400e-07	0.000000e+00	0.000000e+00	0.000000e+00	
733	2.875600e-07	0.000000e+00	0.000000e+00	0.000000e+00	
734	2.882000e-07	0.000000e+00	0.000000e+00	0.000000e+00	
735	2.892000e-07	0.000000e+00	0.000000e+00	0.000000e+00	
736	2.900000e-07	0.000000e+00	0.000000e+00	0.000000e+00	
737	2.901000e-07	0.000000e+00	0.000000e+00	0.000000e+00	
738	2.903000e-07	0.000000e+00	0.000000e+00	0.000000e+00	
739	2.907000e-07	0.000000e+00	0.000000e+00	0.000000e+00	
740	2.910000e-07	0.000000e+00	0.000000e+00	0.000000e+00	
741	2.910800e-07	0.000000e+00	0.000000e+00	0.000000e+00	
742	2.912400e-07	0.000000e+00	0.000000e+00	0.000000e+00	
743	2.915600e-07	0.000000e+00	0.000000e+00	0.000000e+00	
744	2.920000e-07	0.000000e+00	0.000000e+00	0.000000e+00	
745	2.920640e-07	0.000000e+00	0.000000e+00	0.000000e+00	
746	2.921920e-07	0.000000e+00	0.000000e+00	0.000000e+00	
747	2.924480e-07	0.000000e+00	0.000000e+00	0.000000e+00	
748	2.929600e-07	0.000000e+00	0.000000e+00	0.000000e+00	
749	2.939600e-07	0.000000e+00	0.000000e+00	0.000000e+00	
750	2.949600e-07	0.000000e+00	0.000000e+00	0.000000e+00	

Index   time            v4#branch       v5#branch       v6#branch       
--------------------------------------------------------------------------------
751	2.959600e-07	0.000000e+00	0.000000e+00	0.000000e+00	
752	2.960000e-07	0.000000e+00	0.000000e+00	0.000000e+00	
753	2.960800e-07	0.000000e+00	0.000000e+00	0.000000e+00	
754	2.962400e-07	0.000000e+00	0.000000e+00	0.000000e+00	
755	2.965600e-07	0.000000e+00	0.000000e+00	0.000000e+00	
756	2.970000e-07	0.000000e+00	0.000000e+00	0.000000e+00	
757	2.970640e-07	0.000000e+00	0.000000e+00	0.000000e+00	
758	2.971920e-07	0.000000e+00	0.000000e+00	0.000000e+00	
759	2.974480e-07	0.000000e+00	0.000000e+00	0.000000e+00	
760	2.979600e-07	0.000000e+00	0.000000e+00	0.000000e+00	
761	2.989600e-07	0.000000e+00	0.000000e+00	0.000000e+00	
762	2.999600e-07	0.000000e+00	0.000000e+00	0.000000e+00	
763	3.000000e-07	0.000000e+00	0.000000e+00	0.000000e+00	

                                kicad schematic
                                Transient Analysis  Tue Jul 07 18:54:48  2026
--------------------------------------------------------------------------------
Index   time            v7#branch       v8#branch       v9#branch       
--------------------------------------------------------------------------------
0	0.000000e+00	0.000000e+00	0.000000e+00	0.000000e+00	
1	1.000000e-11	0.000000e+00	0.000000e+00	0.000000e+00	
2	2.000000e-11	0.000000e+00	0.000000e+00	0.000000e+00	
3	4.000000e-11	0.000000e+00	0.000000e+00	0.000000e+00	
4	8.000000e-11	0.000000e+00	0.000000e+00	0.000000e+00	
5	1.600000e-10	0.000000e+00	0.000000e+00	0.000000e+00	
6	3.200000e-10	0.000000e+00	0.000000e+00	0.000000e+00	
7	6.400000e-10	0.000000e+00	0.000000e+00	0.000000e+00	
8	1.000000e-09	0.000000e+00	0.000000e+00	0.000000e+00	
9	1.064000e-09	0.000000e+00	0.000000e+00	0.000000e+00	
10	1.192000e-09	0.000000e+00	0.000000e+00	0.000000e+00	
11	1.448000e-09	0.000000e+00	0.000000e+00	0.000000e+00	
12	1.960000e-09	0.000000e+00	0.000000e+00	0.000000e+00	
13	2.960000e-09	0.000000e+00	0.000000e+00	0.000000e+00	
14	3.960000e-09	0.000000e+00	0.000000e+00	0.000000e+00	
15	4.960000e-09	0.000000e+00	0.000000e+00	0.000000e+00	
16	5.960000e-09	0.000000e+00	0.000000e+00	0.000000e+00	
17	6.000000e-09	0.000000e+00	0.000000e+00	0.000000e+00	
18	6.080000e-09	0.000000e+00	0.000000e+00	0.000000e+00	
19	6.240000e-09	0.000000e+00	0.000000e+00	0.000000e+00	
20	6.560000e-09	0.000000e+00	0.000000e+00	0.000000e+00	
21	7.000000e-09	0.000000e+00	0.000000e+00	0.000000e+00	
22	7.064000e-09	0.000000e+00	0.000000e+00	0.000000e+00	
23	7.192000e-09	0.000000e+00	0.000000e+00	0.000000e+00	
24	7.448000e-09	0.000000e+00	0.000000e+00	0.000000e+00	
25	7.960000e-09	0.000000e+00	0.000000e+00	0.000000e+00	
26	8.960000e-09	0.000000e+00	0.000000e+00	0.000000e+00	
27	9.960000e-09	0.000000e+00	0.000000e+00	0.000000e+00	
28	1.000000e-08	0.000000e+00	0.000000e+00	0.000000e+00	
29	1.008000e-08	0.000000e+00	0.000000e+00	0.000000e+00	
30	1.024000e-08	0.000000e+00	0.000000e+00	0.000000e+00	
31	1.056000e-08	0.000000e+00	0.000000e+00	0.000000e+00	
32	1.100000e-08	0.000000e+00	0.000000e+00	0.000000e+00	
33	1.106400e-08	0.000000e+00	0.000000e+00	0.000000e+00	
34	1.119200e-08	0.000000e+00	0.000000e+00	0.000000e+00	
35	1.144800e-08	0.000000e+00	0.000000e+00	0.000000e+00	
36	1.196000e-08	0.000000e+00	0.000000e+00	0.000000e+00	
37	1.296000e-08	0.000000e+00	0.000000e+00	0.000000e+00	
38	1.396000e-08	0.000000e+00	0.000000e+00	0.000000e+00	
39	1.496000e-08	0.000000e+00	0.000000e+00	0.000000e+00	
40	1.596000e-08	0.000000e+00	0.000000e+00	0.000000e+00	
41	1.600000e-08	0.000000e+00	0.000000e+00	0.000000e+00	
42	1.608000e-08	0.000000e+00	0.000000e+00	0.000000e+00	
43	1.624000e-08	0.000000e+00	0.000000e+00	0.000000e+00	
44	1.656000e-08	0.000000e+00	0.000000e+00	0.000000e+00	
45	1.700000e-08	0.000000e+00	0.000000e+00	0.000000e+00	
46	1.706400e-08	0.000000e+00	0.000000e+00	0.000000e+00	
47	1.719200e-08	0.000000e+00	0.000000e+00	0.000000e+00	
48	1.744800e-08	0.000000e+00	0.000000e+00	0.000000e+00	
49	1.796000e-08	0.000000e+00	0.000000e+00	0.000000e+00	
50	1.896000e-08	0.000000e+00	0.000000e+00	0.000000e+00	
51	1.996000e-08	0.000000e+00	0.000000e+00	0.000000e+00	
52	2.000000e-08	0.000000e+00	0.000000e+00	0.000000e+00	
53	2.008000e-08	0.000000e+00	0.000000e+00	0.000000e+00	
54	2.024000e-08	0.000000e+00	0.000000e+00	0.000000e+00	

Index   time            v7#branch       v8#branch       v9#branch       
--------------------------------------------------------------------------------
55	2.056000e-08	0.000000e+00	0.000000e+00	0.000000e+00	
56	2.100000e-08	0.000000e+00	0.000000e+00	0.000000e+00	
57	2.106400e-08	0.000000e+00	0.000000e+00	0.000000e+00	
58	2.119200e-08	0.000000e+00	0.000000e+00	0.000000e+00	
59	2.144800e-08	0.000000e+00	0.000000e+00	0.000000e+00	
60	2.196000e-08	0.000000e+00	0.000000e+00	0.000000e+00	
61	2.296000e-08	0.000000e+00	0.000000e+00	0.000000e+00	
62	2.396000e-08	0.000000e+00	0.000000e+00	0.000000e+00	
63	2.496000e-08	0.000000e+00	0.000000e+00	0.000000e+00	
64	2.596000e-08	0.000000e+00	0.000000e+00	0.000000e+00	
65	2.600000e-08	0.000000e+00	0.000000e+00	0.000000e+00	
66	2.608000e-08	0.000000e+00	0.000000e+00	0.000000e+00	
67	2.624000e-08	0.000000e+00	0.000000e+00	0.000000e+00	
68	2.656000e-08	0.000000e+00	0.000000e+00	0.000000e+00	
69	2.700000e-08	0.000000e+00	0.000000e+00	0.000000e+00	
70	2.706400e-08	0.000000e+00	0.000000e+00	0.000000e+00	
71	2.719200e-08	0.000000e+00	0.000000e+00	0.000000e+00	
72	2.744800e-08	0.000000e+00	0.000000e+00	0.000000e+00	
73	2.796000e-08	0.000000e+00	0.000000e+00	0.000000e+00	
74	2.896000e-08	0.000000e+00	0.000000e+00	0.000000e+00	
75	2.996000e-08	0.000000e+00	0.000000e+00	0.000000e+00	
76	3.000000e-08	0.000000e+00	0.000000e+00	0.000000e+00	
77	3.008000e-08	0.000000e+00	0.000000e+00	0.000000e+00	
78	3.024000e-08	0.000000e+00	0.000000e+00	0.000000e+00	
79	3.056000e-08	0.000000e+00	0.000000e+00	0.000000e+00	
80	3.100000e-08	0.000000e+00	0.000000e+00	0.000000e+00	
81	3.106400e-08	0.000000e+00	0.000000e+00	0.000000e+00	
82	3.119200e-08	0.000000e+00	0.000000e+00	0.000000e+00	
83	3.144800e-08	0.000000e+00	0.000000e+00	0.000000e+00	
84	3.196000e-08	0.000000e+00	0.000000e+00	0.000000e+00	
85	3.296000e-08	0.000000e+00	0.000000e+00	0.000000e+00	
86	3.396000e-08	0.000000e+00	0.000000e+00	0.000000e+00	
87	3.496000e-08	0.000000e+00	0.000000e+00	0.000000e+00	
88	3.596000e-08	0.000000e+00	0.000000e+00	0.000000e+00	
89	3.600000e-08	0.000000e+00	0.000000e+00	0.000000e+00	
90	3.608000e-08	0.000000e+00	0.000000e+00	0.000000e+00	
91	3.624000e-08	0.000000e+00	0.000000e+00	0.000000e+00	
92	3.656000e-08	0.000000e+00	0.000000e+00	0.000000e+00	
93	3.700000e-08	0.000000e+00	0.000000e+00	0.000000e+00	
94	3.706400e-08	0.000000e+00	0.000000e+00	0.000000e+00	
95	3.719200e-08	0.000000e+00	0.000000e+00	0.000000e+00	
96	3.744800e-08	0.000000e+00	0.000000e+00	0.000000e+00	
97	3.796000e-08	0.000000e+00	0.000000e+00	0.000000e+00	
98	3.896000e-08	0.000000e+00	0.000000e+00	0.000000e+00	
99	3.996000e-08	0.000000e+00	0.000000e+00	0.000000e+00	
100	4.000000e-08	0.000000e+00	0.000000e+00	0.000000e+00	
101	4.007999e-08	0.000000e+00	0.000000e+00	0.000000e+00	
102	4.023998e-08	0.000000e+00	0.000000e+00	0.000000e+00	
103	4.055996e-08	0.000000e+00	0.000000e+00	0.000000e+00	
104	4.100000e-08	0.000000e+00	0.000000e+00	0.000000e+00	
105	4.106400e-08	0.000000e+00	0.000000e+00	0.000000e+00	
106	4.119199e-08	0.000000e+00	0.000000e+00	0.000000e+00	
107	4.144797e-08	0.000000e+00	0.000000e+00	0.000000e+00	
108	4.195994e-08	0.000000e+00	0.000000e+00	0.000000e+00	
109	4.295994e-08	0.000000e+00	0.000000e+00	0.000000e+00	
110	4.395994e-08	0.000000e+00	0.000000e+00	0.000000e+00	
111	4.495994e-08	0.000000e+00	0.000000e+00	0.000000e+00	
112	4.595994e-08	0.000000e+00	0.000000e+00	0.000000e+00	

Index   time            v7#branch       v8#branch       v9#branch       
--------------------------------------------------------------------------------
113	4.600000e-08	0.000000e+00	0.000000e+00	0.000000e+00	
114	4.608013e-08	0.000000e+00	0.000000e+00	0.000000e+00	
115	4.624039e-08	0.000000e+00	0.000000e+00	0.000000e+00	
116	4.656091e-08	0.000000e+00	0.000000e+00	0.000000e+00	
117	4.700000e-08	0.000000e+00	0.000000e+00	0.000000e+00	
118	4.706410e-08	0.000000e+00	0.000000e+00	0.000000e+00	
119	4.719231e-08	0.000000e+00	0.000000e+00	0.000000e+00	
120	4.744873e-08	0.000000e+00	0.000000e+00	0.000000e+00	
121	4.796156e-08	0.000000e+00	0.000000e+00	0.000000e+00	
122	4.896156e-08	0.000000e+00	0.000000e+00	0.000000e+00	
123	4.996156e-08	0.000000e+00	0.000000e+00	0.000000e+00	
124	5.000000e-08	0.000000e+00	0.000000e+00	0.000000e+00	
125	5.007688e-08	0.000000e+00	0.000000e+00	0.000000e+00	
126	5.023064e-08	0.000000e+00	0.000000e+00	0.000000e+00	
127	5.053817e-08	0.000000e+00	0.000000e+00	0.000000e+00	
128	5.100000e-08	0.000000e+00	0.000000e+00	0.000000e+00	
129	5.106150e-08	0.000000e+00	0.000000e+00	0.000000e+00	
130	5.118451e-08	0.000000e+00	0.000000e+00	0.000000e+00	
131	5.143053e-08	0.000000e+00	0.000000e+00	0.000000e+00	
132	5.192257e-08	0.000000e+00	0.000000e+00	0.000000e+00	
133	5.200000e-08	0.000000e+00	0.000000e+00	0.000000e+00	
134	5.209841e-08	0.000000e+00	0.000000e+00	0.000000e+00	
135	5.229522e-08	0.000000e+00	0.000000e+00	0.000000e+00	
136	5.268886e-08	0.000000e+00	0.000000e+00	0.000000e+00	
137	5.347612e-08	0.000000e+00	0.000000e+00	0.000000e+00	
138	5.447612e-08	0.000000e+00	0.000000e+00	0.000000e+00	
139	5.547612e-08	0.000000e+00	0.000000e+00	0.000000e+00	
140	5.600000e-08	0.000000e+00	0.000000e+00	0.000000e+00	
141	5.610000e-08	0.000000e+00	0.000000e+00	0.000000e+00	
142	5.630000e-08	0.000000e+00	0.000000e+00	0.000000e+00	
143	5.670000e-08	0.000000e+00	0.000000e+00	0.000000e+00	
144	5.700000e-08	0.000000e+00	0.000000e+00	0.000000e+00	
145	5.708000e-08	0.000000e+00	0.000000e+00	0.000000e+00	
146	5.724000e-08	0.000000e+00	0.000000e+00	0.000000e+00	
147	5.756000e-08	0.000000e+00	0.000000e+00	0.000000e+00	
148	5.820000e-08	0.000000e+00	0.000000e+00	0.000000e+00	
149	5.920000e-08	0.000000e+00	0.000000e+00	0.000000e+00	
150	6.000000e-08	0.000000e+00	0.000000e+00	0.000000e+00	
151	6.010000e-08	0.000000e+00	0.000000e+00	0.000000e+00	
152	6.030000e-08	0.000000e+00	0.000000e+00	0.000000e+00	
153	6.070000e-08	0.000000e+00	0.000000e+00	0.000000e+00	
154	6.100000e-08	0.000000e+00	0.000000e+00	0.000000e+00	
155	6.108000e-08	0.000000e+00	0.000000e+00	0.000000e+00	
156	6.124000e-08	0.000000e+00	0.000000e+00	0.000000e+00	
157	6.156000e-08	0.000000e+00	0.000000e+00	0.000000e+00	
158	6.220000e-08	0.000000e+00	0.000000e+00	0.000000e+00	
159	6.230000e-08	0.000000e+00	0.000000e+00	0.000000e+00	
160	6.240000e-08	0.000000e+00	0.000000e+00	0.000000e+00	
161	6.260000e-08	0.000000e+00	0.000000e+00	0.000000e+00	
162	6.300000e-08	0.000000e+00	0.000000e+00	0.000000e+00	
163	6.330000e-08	0.000000e+00	0.000000e+00	0.000000e+00	
164	6.338000e-08	0.000000e+00	0.000000e+00	0.000000e+00	
165	6.354000e-08	0.000000e+00	0.000000e+00	0.000000e+00	
166	6.386000e-08	0.000000e+00	0.000000e+00	0.000000e+00	
167	6.450000e-08	0.000000e+00	0.000000e+00	0.000000e+00	
168	6.550000e-08	0.000000e+00	0.000000e+00	0.000000e+00	
169	6.600000e-08	0.000000e+00	0.000000e+00	0.000000e+00	
170	6.610000e-08	0.000000e+00	0.000000e+00	0.000000e+00	

Index   time            v7#branch       v8#branch       v9#branch       
--------------------------------------------------------------------------------
171	6.630000e-08	0.000000e+00	0.000000e+00	0.000000e+00	
172	6.670000e-08	0.000000e+00	0.000000e+00	0.000000e+00	
173	6.700000e-08	0.000000e+00	0.000000e+00	0.000000e+00	
174	6.708000e-08	0.000000e+00	0.000000e+00	0.000000e+00	
175	6.724000e-08	0.000000e+00	0.000000e+00	0.000000e+00	
176	6.756000e-08	0.000000e+00	0.000000e+00	0.000000e+00	
177	6.820000e-08	0.000000e+00	0.000000e+00	0.000000e+00	
178	6.920000e-08	0.000000e+00	0.000000e+00	0.000000e+00	
179	7.000000e-08	0.000000e+00	0.000000e+00	0.000000e+00	
180	7.010000e-08	0.000000e+00	0.000000e+00	0.000000e+00	
181	7.030000e-08	0.000000e+00	0.000000e+00	0.000000e+00	
182	7.070000e-08	0.000000e+00	0.000000e+00	0.000000e+00	
183	7.100000e-08	0.000000e+00	0.000000e+00	0.000000e+00	
184	7.108000e-08	0.000000e+00	0.000000e+00	0.000000e+00	
185	7.124000e-08	0.000000e+00	0.000000e+00	0.000000e+00	
186	7.156000e-08	0.000000e+00	0.000000e+00	0.000000e+00	
187	7.200000e-08	0.000000e+00	0.000000e+00	0.000000e+00	
188	7.206400e-08	0.000000e+00	0.000000e+00	0.000000e+00	
189	7.219200e-08	0.000000e+00	0.000000e+00	0.000000e+00	
190	7.244800e-08	0.000000e+00	0.000000e+00	0.000000e+00	
191	7.296000e-08	0.000000e+00	0.000000e+00	0.000000e+00	
192	7.396000e-08	0.000000e+00	0.000000e+00	0.000000e+00	
193	7.496000e-08	0.000000e+00	0.000000e+00	0.000000e+00	
194	7.596000e-08	0.000000e+00	0.000000e+00	0.000000e+00	
195	7.600000e-08	0.000000e+00	0.000000e+00	0.000000e+00	
196	7.608000e-08	0.000000e+00	0.000000e+00	0.000000e+00	
197	7.624000e-08	0.000000e+00	0.000000e+00	0.000000e+00	
198	7.656000e-08	0.000000e+00	0.000000e+00	0.000000e+00	
199	7.700000e-08	0.000000e+00	0.000000e+00	0.000000e+00	
200	7.706400e-08	0.000000e+00	0.000000e+00	0.000000e+00	
201	7.719200e-08	0.000000e+00	0.000000e+00	0.000000e+00	
202	7.744800e-08	0.000000e+00	0.000000e+00	0.000000e+00	
203	7.796000e-08	0.000000e+00	0.000000e+00	0.000000e+00	
204	7.896000e-08	0.000000e+00	0.000000e+00	0.000000e+00	
205	7.996000e-08	0.000000e+00	0.000000e+00	0.000000e+00	
206	8.000000e-08	0.000000e+00	0.000000e+00	0.000000e+00	
207	8.008000e-08	0.000000e+00	0.000000e+00	0.000000e+00	
208	8.024000e-08	0.000000e+00	0.000000e+00	0.000000e+00	
209	8.056000e-08	0.000000e+00	0.000000e+00	0.000000e+00	
210	8.100000e-08	0.000000e+00	0.000000e+00	0.000000e+00	
211	8.106400e-08	0.000000e+00	0.000000e+00	0.000000e+00	
212	8.119200e-08	0.000000e+00	0.000000e+00	0.000000e+00	
213	8.144800e-08	0.000000e+00	0.000000e+00	0.000000e+00	
214	8.196000e-08	0.000000e+00	0.000000e+00	0.000000e+00	
215	8.296000e-08	0.000000e+00	0.000000e+00	0.000000e+00	
216	8.396000e-08	0.000000e+00	0.000000e+00	0.000000e+00	
217	8.496000e-08	0.000000e+00	0.000000e+00	0.000000e+00	
218	8.596000e-08	0.000000e+00	0.000000e+00	0.000000e+00	
219	8.600000e-08	0.000000e+00	0.000000e+00	0.000000e+00	
220	8.608000e-08	0.000000e+00	0.000000e+00	0.000000e+00	
221	8.624000e-08	0.000000e+00	0.000000e+00	0.000000e+00	
222	8.656000e-08	0.000000e+00	0.000000e+00	0.000000e+00	
223	8.700000e-08	0.000000e+00	0.000000e+00	0.000000e+00	
224	8.706400e-08	0.000000e+00	0.000000e+00	0.000000e+00	
225	8.719200e-08	0.000000e+00	0.000000e+00	0.000000e+00	
226	8.744800e-08	0.000000e+00	0.000000e+00	0.000000e+00	
227	8.796000e-08	0.000000e+00	0.000000e+00	0.000000e+00	
228	8.896000e-08	0.000000e+00	0.000000e+00	0.000000e+00	

Index   time            v7#branch       v8#branch       v9#branch       
--------------------------------------------------------------------------------
229	8.996000e-08	0.000000e+00	0.000000e+00	0.000000e+00	
230	9.000000e-08	0.000000e+00	0.000000e+00	0.000000e+00	
231	9.008000e-08	0.000000e+00	0.000000e+00	0.000000e+00	
232	9.024000e-08	0.000000e+00	0.000000e+00	0.000000e+00	
233	9.056000e-08	0.000000e+00	0.000000e+00	0.000000e+00	
234	9.100000e-08	0.000000e+00	0.000000e+00	0.000000e+00	
235	9.106400e-08	0.000000e+00	0.000000e+00	0.000000e+00	
236	9.119200e-08	0.000000e+00	0.000000e+00	0.000000e+00	
237	9.144800e-08	0.000000e+00	0.000000e+00	0.000000e+00	
238	9.196000e-08	0.000000e+00	0.000000e+00	0.000000e+00	
239	9.200000e-08	0.000000e+00	0.000000e+00	0.000000e+00	
240	9.208000e-08	0.000000e+00	0.000000e+00	0.000000e+00	
241	9.224000e-08	0.000000e+00	0.000000e+00	0.000000e+00	
242	9.256000e-08	0.000000e+00	0.000000e+00	0.000000e+00	
243	9.320000e-08	0.000000e+00	0.000000e+00	0.000000e+00	
244	9.420000e-08	0.000000e+00	0.000000e+00	0.000000e+00	
245	9.520000e-08	0.000000e+00	0.000000e+00	0.000000e+00	
246	9.600000e-08	0.000000e+00	0.000000e+00	0.000000e+00	
247	9.610000e-08	0.000000e+00	0.000000e+00	0.000000e+00	
248	9.630000e-08	0.000000e+00	0.000000e+00	0.000000e+00	
249	9.670000e-08	0.000000e+00	0.000000e+00	0.000000e+00	
250	9.700000e-08	0.000000e+00	0.000000e+00	0.000000e+00	
251	9.708000e-08	0.000000e+00	0.000000e+00	0.000000e+00	
252	9.724000e-08	0.000000e+00	0.000000e+00	0.000000e+00	
253	9.756000e-08	0.000000e+00	0.000000e+00	0.000000e+00	
254	9.820000e-08	0.000000e+00	0.000000e+00	0.000000e+00	
255	9.920000e-08	0.000000e+00	0.000000e+00	0.000000e+00	
256	1.000000e-07	0.000000e+00	0.000000e+00	0.000000e+00	
257	1.001000e-07	0.000000e+00	0.000000e+00	0.000000e+00	
258	1.003000e-07	0.000000e+00	0.000000e+00	0.000000e+00	
259	1.007000e-07	0.000000e+00	0.000000e+00	0.000000e+00	
260	1.010000e-07	0.000000e+00	0.000000e+00	0.000000e+00	
261	1.010800e-07	0.000000e+00	0.000000e+00	0.000000e+00	
262	1.012400e-07	0.000000e+00	0.000000e+00	0.000000e+00	
263	1.015600e-07	0.000000e+00	0.000000e+00	0.000000e+00	
264	1.022000e-07	0.000000e+00	0.000000e+00	0.000000e+00	
265	1.032000e-07	0.000000e+00	0.000000e+00	0.000000e+00	
266	1.042000e-07	0.000000e+00	0.000000e+00	0.000000e+00	
267	1.052000e-07	0.000000e+00	0.000000e+00	0.000000e+00	
268	1.060000e-07	0.000000e+00	0.000000e+00	0.000000e+00	
269	1.061000e-07	0.000000e+00	0.000000e+00	0.000000e+00	
270	1.063000e-07	0.000000e+00	0.000000e+00	0.000000e+00	
271	1.067000e-07	0.000000e+00	0.000000e+00	0.000000e+00	
272	1.070000e-07	0.000000e+00	0.000000e+00	0.000000e+00	
273	1.070800e-07	0.000000e+00	0.000000e+00	0.000000e+00	
274	1.072400e-07	0.000000e+00	0.000000e+00	0.000000e+00	
275	1.075600e-07	0.000000e+00	0.000000e+00	0.000000e+00	
276	1.082000e-07	0.000000e+00	0.000000e+00	0.000000e+00	
277	1.092000e-07	0.000000e+00	0.000000e+00	0.000000e+00	
278	1.100000e-07	0.000000e+00	0.000000e+00	0.000000e+00	
279	1.101000e-07	0.000000e+00	0.000000e+00	0.000000e+00	
280	1.103000e-07	0.000000e+00	0.000000e+00	0.000000e+00	
281	1.107000e-07	0.000000e+00	0.000000e+00	0.000000e+00	
282	1.110000e-07	0.000000e+00	0.000000e+00	0.000000e+00	
283	1.110800e-07	0.000000e+00	0.000000e+00	0.000000e+00	
284	1.112400e-07	0.000000e+00	0.000000e+00	0.000000e+00	
285	1.115600e-07	0.000000e+00	0.000000e+00	0.000000e+00	
286	1.120000e-07	0.000000e+00	0.000000e+00	0.000000e+00	

Index   time            v7#branch       v8#branch       v9#branch       
--------------------------------------------------------------------------------
287	1.120640e-07	0.000000e+00	0.000000e+00	0.000000e+00	
288	1.121920e-07	0.000000e+00	0.000000e+00	0.000000e+00	
289	1.124480e-07	0.000000e+00	0.000000e+00	0.000000e+00	
290	1.129600e-07	0.000000e+00	0.000000e+00	0.000000e+00	
291	1.139600e-07	0.000000e+00	0.000000e+00	0.000000e+00	
292	1.149600e-07	0.000000e+00	0.000000e+00	0.000000e+00	
293	1.159600e-07	0.000000e+00	0.000000e+00	0.000000e+00	
294	1.160000e-07	0.000000e+00	0.000000e+00	0.000000e+00	
295	1.160800e-07	0.000000e+00	0.000000e+00	0.000000e+00	
296	1.162400e-07	0.000000e+00	0.000000e+00	0.000000e+00	
297	1.165600e-07	0.000000e+00	0.000000e+00	0.000000e+00	
298	1.170000e-07	0.000000e+00	0.000000e+00	0.000000e+00	
299	1.170640e-07	0.000000e+00	0.000000e+00	0.000000e+00	
300	1.171920e-07	0.000000e+00	0.000000e+00	0.000000e+00	
301	1.174480e-07	0.000000e+00	0.000000e+00	0.000000e+00	
302	1.179600e-07	0.000000e+00	0.000000e+00	0.000000e+00	
303	1.189600e-07	0.000000e+00	0.000000e+00	0.000000e+00	
304	1.199600e-07	0.000000e+00	0.000000e+00	0.000000e+00	
305	1.200000e-07	0.000000e+00	0.000000e+00	0.000000e+00	
306	1.200800e-07	0.000000e+00	0.000000e+00	0.000000e+00	
307	1.202400e-07	0.000000e+00	0.000000e+00	0.000000e+00	
308	1.205600e-07	0.000000e+00	0.000000e+00	0.000000e+00	
309	1.210000e-07	0.000000e+00	0.000000e+00	0.000000e+00	
310	1.210640e-07	0.000000e+00	0.000000e+00	0.000000e+00	
311	1.211920e-07	0.000000e+00	0.000000e+00	0.000000e+00	
312	1.214480e-07	0.000000e+00	0.000000e+00	0.000000e+00	
313	1.219600e-07	0.000000e+00	0.000000e+00	0.000000e+00	
314	1.229600e-07	0.000000e+00	0.000000e+00	0.000000e+00	
315	1.239600e-07	0.000000e+00	0.000000e+00	0.000000e+00	
316	1.249600e-07	0.000000e+00	0.000000e+00	0.000000e+00	
317	1.259600e-07	0.000000e+00	0.000000e+00	0.000000e+00	
318	1.260000e-07	0.000000e+00	0.000000e+00	0.000000e+00	
319	1.260800e-07	0.000000e+00	0.000000e+00	0.000000e+00	
320	1.262400e-07	0.000000e+00	0.000000e+00	0.000000e+00	
321	1.265600e-07	0.000000e+00	0.000000e+00	0.000000e+00	
322	1.270000e-07	0.000000e+00	0.000000e+00	0.000000e+00	
323	1.270640e-07	0.000000e+00	0.000000e+00	0.000000e+00	
324	1.271920e-07	0.000000e+00	0.000000e+00	0.000000e+00	
325	1.274480e-07	0.000000e+00	0.000000e+00	0.000000e+00	
326	1.279600e-07	0.000000e+00	0.000000e+00	0.000000e+00	
327	1.289600e-07	0.000000e+00	0.000000e+00	0.000000e+00	
328	1.299600e-07	0.000000e+00	0.000000e+00	0.000000e+00	
329	1.300000e-07	0.000000e+00	0.000000e+00	0.000000e+00	
330	1.300800e-07	0.000000e+00	0.000000e+00	0.000000e+00	
331	1.302400e-07	0.000000e+00	0.000000e+00	0.000000e+00	
332	1.305600e-07	0.000000e+00	0.000000e+00	0.000000e+00	
333	1.310000e-07	0.000000e+00	0.000000e+00	0.000000e+00	
334	1.310640e-07	0.000000e+00	0.000000e+00	0.000000e+00	
335	1.311920e-07	0.000000e+00	0.000000e+00	0.000000e+00	
336	1.314480e-07	0.000000e+00	0.000000e+00	0.000000e+00	
337	1.319600e-07	0.000000e+00	0.000000e+00	0.000000e+00	
338	1.320000e-07	0.000000e+00	0.000000e+00	0.000000e+00	
339	1.320800e-07	0.000000e+00	0.000000e+00	0.000000e+00	
340	1.322400e-07	0.000000e+00	0.000000e+00	0.000000e+00	
341	1.322560e-07	0.000000e+00	0.000000e+00	0.000000e+00	
342	1.322880e-07	0.000000e+00	0.000000e+00	0.000000e+00	
343	1.323520e-07	0.000000e+00	0.000000e+00	0.000000e+00	
344	1.324800e-07	0.000000e+00	0.000000e+00	0.000000e+00	

Index   time            v7#branch       v8#branch       v9#branch       
--------------------------------------------------------------------------------
345	1.327360e-07	0.000000e+00	0.000000e+00	0.000000e+00	
346	1.332400e-07	0.000000e+00	0.000000e+00	0.000000e+00	
347	1.332912e-07	0.000000e+00	0.000000e+00	0.000000e+00	
348	1.333936e-07	0.000000e+00	0.000000e+00	0.000000e+00	
349	1.335984e-07	0.000000e+00	0.000000e+00	0.000000e+00	
350	1.340080e-07	0.000000e+00	0.000000e+00	0.000000e+00	
351	1.348272e-07	0.000000e+00	0.000000e+00	0.000000e+00	
352	1.358272e-07	0.000000e+00	0.000000e+00	0.000000e+00	
353	1.360000e-07	0.000000e+00	0.000000e+00	0.000000e+00	
354	1.361000e-07	0.000000e+00	0.000000e+00	0.000000e+00	
355	1.363000e-07	0.000000e+00	0.000000e+00	0.000000e+00	
356	1.367000e-07	0.000000e+00	0.000000e+00	0.000000e+00	
357	1.370000e-07	0.000000e+00	0.000000e+00	0.000000e+00	
358	1.370800e-07	0.000000e+00	0.000000e+00	0.000000e+00	
359	1.372400e-07	0.000000e+00	0.000000e+00	0.000000e+00	
360	1.375600e-07	0.000000e+00	0.000000e+00	0.000000e+00	
361	1.382000e-07	0.000000e+00	0.000000e+00	0.000000e+00	
362	1.392000e-07	0.000000e+00	0.000000e+00	0.000000e+00	
363	1.400000e-07	0.000000e+00	0.000000e+00	0.000000e+00	
364	1.401000e-07	0.000000e+00	0.000000e+00	0.000000e+00	
365	1.403000e-07	0.000000e+00	0.000000e+00	0.000000e+00	
366	1.407000e-07	0.000000e+00	0.000000e+00	0.000000e+00	
367	1.410000e-07	0.000000e+00	0.000000e+00	0.000000e+00	
368	1.410800e-07	0.000000e+00	0.000000e+00	0.000000e+00	
369	1.412400e-07	0.000000e+00	0.000000e+00	0.000000e+00	
370	1.415600e-07	0.000000e+00	0.000000e+00	0.000000e+00	
371	1.422000e-07	0.000000e+00	0.000000e+00	0.000000e+00	
372	1.432000e-07	0.000000e+00	0.000000e+00	0.000000e+00	
373	1.442000e-07	0.000000e+00	0.000000e+00	0.000000e+00	
374	1.452000e-07	0.000000e+00	0.000000e+00	0.000000e+00	
375	1.460000e-07	0.000000e+00	0.000000e+00	0.000000e+00	
376	1.461000e-07	0.000000e+00	0.000000e+00	0.000000e+00	
377	1.463000e-07	0.000000e+00	0.000000e+00	0.000000e+00	
378	1.467000e-07	0.000000e+00	0.000000e+00	0.000000e+00	
379	1.470000e-07	0.000000e+00	0.000000e+00	0.000000e+00	
380	1.470800e-07	0.000000e+00	0.000000e+00	0.000000e+00	
381	1.472400e-07	0.000000e+00	0.000000e+00	0.000000e+00	
382	1.475600e-07	0.000000e+00	0.000000e+00	0.000000e+00	
383	1.482000e-07	0.000000e+00	0.000000e+00	0.000000e+00	
384	1.492000e-07	0.000000e+00	0.000000e+00	0.000000e+00	
385	1.500000e-07	0.000000e+00	0.000000e+00	0.000000e+00	
386	1.501000e-07	0.000000e+00	0.000000e+00	0.000000e+00	
387	1.503000e-07	0.000000e+00	0.000000e+00	0.000000e+00	
388	1.507000e-07	0.000000e+00	0.000000e+00	0.000000e+00	
389	1.510000e-07	0.000000e+00	0.000000e+00	0.000000e+00	
390	1.510800e-07	0.000000e+00	0.000000e+00	0.000000e+00	
391	1.512400e-07	0.000000e+00	0.000000e+00	0.000000e+00	
392	1.515600e-07	0.000000e+00	0.000000e+00	0.000000e+00	
393	1.520000e-07	0.000000e+00	0.000000e+00	0.000000e+00	
394	1.520640e-07	0.000000e+00	0.000000e+00	0.000000e+00	
395	1.521920e-07	0.000000e+00	0.000000e+00	0.000000e+00	
396	1.524480e-07	0.000000e+00	0.000000e+00	0.000000e+00	
397	1.529600e-07	0.000000e+00	0.000000e+00	0.000000e+00	
398	1.539600e-07	0.000000e+00	0.000000e+00	0.000000e+00	
399	1.549600e-07	0.000000e+00	0.000000e+00	0.000000e+00	
400	1.559600e-07	0.000000e+00	0.000000e+00	0.000000e+00	
401	1.560000e-07	0.000000e+00	0.000000e+00	0.000000e+00	
402	1.560800e-07	0.000000e+00	0.000000e+00	0.000000e+00	

Index   time            v7#branch       v8#branch       v9#branch       
--------------------------------------------------------------------------------
403	1.562400e-07	0.000000e+00	0.000000e+00	0.000000e+00	
404	1.565600e-07	0.000000e+00	0.000000e+00	0.000000e+00	
405	1.570000e-07	0.000000e+00	0.000000e+00	0.000000e+00	
406	1.570640e-07	0.000000e+00	0.000000e+00	0.000000e+00	
407	1.571920e-07	0.000000e+00	0.000000e+00	0.000000e+00	
408	1.574480e-07	0.000000e+00	0.000000e+00	0.000000e+00	
409	1.579600e-07	0.000000e+00	0.000000e+00	0.000000e+00	
410	1.589600e-07	0.000000e+00	0.000000e+00	0.000000e+00	
411	1.599600e-07	0.000000e+00	0.000000e+00	0.000000e+00	
412	1.600000e-07	0.000000e+00	0.000000e+00	0.000000e+00	
413	1.600800e-07	0.000000e+00	0.000000e+00	0.000000e+00	
414	1.602400e-07	0.000000e+00	0.000000e+00	0.000000e+00	
415	1.605600e-07	0.000000e+00	0.000000e+00	0.000000e+00	
416	1.610000e-07	0.000000e+00	0.000000e+00	0.000000e+00	
417	1.610640e-07	0.000000e+00	0.000000e+00	0.000000e+00	
418	1.611920e-07	0.000000e+00	0.000000e+00	0.000000e+00	
419	1.614480e-07	0.000000e+00	0.000000e+00	0.000000e+00	
420	1.619600e-07	0.000000e+00	0.000000e+00	0.000000e+00	
421	1.629600e-07	0.000000e+00	0.000000e+00	0.000000e+00	
422	1.639600e-07	0.000000e+00	0.000000e+00	0.000000e+00	
423	1.649600e-07	0.000000e+00	0.000000e+00	0.000000e+00	
424	1.659600e-07	0.000000e+00	0.000000e+00	0.000000e+00	
425	1.660000e-07	0.000000e+00	0.000000e+00	0.000000e+00	
426	1.660800e-07	0.000000e+00	0.000000e+00	0.000000e+00	
427	1.662400e-07	0.000000e+00	0.000000e+00	0.000000e+00	
428	1.665600e-07	0.000000e+00	0.000000e+00	0.000000e+00	
429	1.670000e-07	0.000000e+00	0.000000e+00	0.000000e+00	
430	1.670640e-07	0.000000e+00	0.000000e+00	0.000000e+00	
431	1.671920e-07	0.000000e+00	0.000000e+00	0.000000e+00	
432	1.674480e-07	0.000000e+00	0.000000e+00	0.000000e+00	
433	1.679600e-07	0.000000e+00	0.000000e+00	0.000000e+00	
434	1.689600e-07	0.000000e+00	0.000000e+00	0.000000e+00	
435	1.699600e-07	0.000000e+00	0.000000e+00	0.000000e+00	
436	1.700000e-07	0.000000e+00	0.000000e+00	0.000000e+00	
437	1.700800e-07	0.000000e+00	0.000000e+00	0.000000e+00	
438	1.702400e-07	0.000000e+00	0.000000e+00	0.000000e+00	
439	1.705600e-07	0.000000e+00	0.000000e+00	0.000000e+00	
440	1.710000e-07	0.000000e+00	0.000000e+00	0.000000e+00	
441	1.710640e-07	0.000000e+00	0.000000e+00	0.000000e+00	
442	1.711920e-07	0.000000e+00	0.000000e+00	0.000000e+00	
443	1.714480e-07	0.000000e+00	0.000000e+00	0.000000e+00	
444	1.719600e-07	0.000000e+00	0.000000e+00	0.000000e+00	
445	1.720000e-07	0.000000e+00	0.000000e+00	0.000000e+00	
446	1.720800e-07	0.000000e+00	0.000000e+00	0.000000e+00	
447	1.722400e-07	0.000000e+00	0.000000e+00	0.000000e+00	
448	1.725600e-07	0.000000e+00	0.000000e+00	0.000000e+00	
449	1.732000e-07	0.000000e+00	0.000000e+00	0.000000e+00	
450	1.742000e-07	0.000000e+00	0.000000e+00	0.000000e+00	
451	1.752000e-07	0.000000e+00	0.000000e+00	0.000000e+00	
452	1.760000e-07	0.000000e+00	0.000000e+00	0.000000e+00	
453	1.761000e-07	0.000000e+00	0.000000e+00	0.000000e+00	
454	1.763000e-07	0.000000e+00	0.000000e+00	0.000000e+00	
455	1.767000e-07	0.000000e+00	0.000000e+00	0.000000e+00	
456	1.770000e-07	0.000000e+00	0.000000e+00	0.000000e+00	
457	1.770800e-07	0.000000e+00	0.000000e+00	0.000000e+00	
458	1.772400e-07	0.000000e+00	0.000000e+00	0.000000e+00	
459	1.775600e-07	0.000000e+00	0.000000e+00	0.000000e+00	
460	1.782000e-07	0.000000e+00	0.000000e+00	0.000000e+00	

Index   time            v7#branch       v8#branch       v9#branch       
--------------------------------------------------------------------------------
461	1.792000e-07	0.000000e+00	0.000000e+00	0.000000e+00	
462	1.800000e-07	0.000000e+00	0.000000e+00	0.000000e+00	
463	1.801000e-07	0.000000e+00	0.000000e+00	0.000000e+00	
464	1.803000e-07	0.000000e+00	0.000000e+00	0.000000e+00	
465	1.807000e-07	0.000000e+00	0.000000e+00	0.000000e+00	
466	1.810000e-07	0.000000e+00	0.000000e+00	0.000000e+00	
467	1.810800e-07	0.000000e+00	0.000000e+00	0.000000e+00	
468	1.812400e-07	0.000000e+00	0.000000e+00	0.000000e+00	
469	1.815600e-07	0.000000e+00	0.000000e+00	0.000000e+00	
470	1.822000e-07	0.000000e+00	0.000000e+00	0.000000e+00	
471	1.832000e-07	0.000000e+00	0.000000e+00	0.000000e+00	
472	1.842000e-07	0.000000e+00	0.000000e+00	0.000000e+00	
473	1.852000e-07	0.000000e+00	0.000000e+00	0.000000e+00	
474	1.860000e-07	0.000000e+00	0.000000e+00	0.000000e+00	
475	1.861000e-07	0.000000e+00	0.000000e+00	0.000000e+00	
476	1.863000e-07	0.000000e+00	0.000000e+00	0.000000e+00	
477	1.867000e-07	0.000000e+00	0.000000e+00	0.000000e+00	
478	1.870000e-07	0.000000e+00	0.000000e+00	0.000000e+00	
479	1.870800e-07	0.000000e+00	0.000000e+00	0.000000e+00	
480	1.872400e-07	0.000000e+00	0.000000e+00	0.000000e+00	
481	1.875600e-07	0.000000e+00	0.000000e+00	0.000000e+00	
482	1.882000e-07	0.000000e+00	0.000000e+00	0.000000e+00	
483	1.892000e-07	0.000000e+00	0.000000e+00	0.000000e+00	
484	1.900000e-07	0.000000e+00	0.000000e+00	0.000000e+00	
485	1.901000e-07	0.000000e+00	0.000000e+00	0.000000e+00	
486	1.903000e-07	0.000000e+00	0.000000e+00	0.000000e+00	
487	1.907000e-07	0.000000e+00	0.000000e+00	0.000000e+00	
488	1.910000e-07	0.000000e+00	0.000000e+00	0.000000e+00	
489	1.910800e-07	0.000000e+00	0.000000e+00	0.000000e+00	
490	1.912400e-07	0.000000e+00	0.000000e+00	0.000000e+00	
491	1.915600e-07	0.000000e+00	0.000000e+00	0.000000e+00	
492	1.922000e-07	0.000000e+00	0.000000e+00	0.000000e+00	
493	1.932000e-07	0.000000e+00	0.000000e+00	0.000000e+00	
494	1.942000e-07	0.000000e+00	0.000000e+00	0.000000e+00	
495	1.952000e-07	0.000000e+00	0.000000e+00	0.000000e+00	
496	1.960000e-07	0.000000e+00	0.000000e+00	0.000000e+00	
497	1.961000e-07	0.000000e+00	0.000000e+00	0.000000e+00	
498	1.963000e-07	0.000000e+00	0.000000e+00	0.000000e+00	
499	1.967000e-07	0.000000e+00	0.000000e+00	0.000000e+00	
500	1.970000e-07	0.000000e+00	0.000000e+00	0.000000e+00	
501	1.970800e-07	0.000000e+00	0.000000e+00	0.000000e+00	
502	1.972400e-07	0.000000e+00	0.000000e+00	0.000000e+00	
503	1.975600e-07	0.000000e+00	0.000000e+00	0.000000e+00	
504	1.982000e-07	0.000000e+00	0.000000e+00	0.000000e+00	
505	1.992000e-07	0.000000e+00	0.000000e+00	0.000000e+00	
506	2.000000e-07	0.000000e+00	0.000000e+00	0.000000e+00	
507	2.001000e-07	0.000000e+00	0.000000e+00	0.000000e+00	
508	2.003000e-07	0.000000e+00	0.000000e+00	0.000000e+00	
509	2.007000e-07	0.000000e+00	0.000000e+00	0.000000e+00	
510	2.010000e-07	0.000000e+00	0.000000e+00	0.000000e+00	
511	2.010800e-07	0.000000e+00	0.000000e+00	0.000000e+00	
512	2.012400e-07	0.000000e+00	0.000000e+00	0.000000e+00	
513	2.015600e-07	0.000000e+00	0.000000e+00	0.000000e+00	
514	2.022000e-07	0.000000e+00	0.000000e+00	0.000000e+00	
515	2.023000e-07	0.000000e+00	0.000000e+00	0.000000e+00	
516	2.024000e-07	0.000000e+00	0.000000e+00	0.000000e+00	
517	2.026000e-07	0.000000e+00	0.000000e+00	0.000000e+00	
518	2.030000e-07	0.000000e+00	0.000000e+00	0.000000e+00	

Index   time            v7#branch       v8#branch       v9#branch       
--------------------------------------------------------------------------------
519	2.033000e-07	0.000000e+00	0.000000e+00	0.000000e+00	
520	2.033800e-07	0.000000e+00	0.000000e+00	0.000000e+00	
521	2.035400e-07	0.000000e+00	0.000000e+00	0.000000e+00	
522	2.038600e-07	0.000000e+00	0.000000e+00	0.000000e+00	
523	2.045000e-07	0.000000e+00	0.000000e+00	0.000000e+00	
524	2.055000e-07	0.000000e+00	0.000000e+00	0.000000e+00	
525	2.060000e-07	0.000000e+00	0.000000e+00	0.000000e+00	
526	2.061000e-07	0.000000e+00	0.000000e+00	0.000000e+00	
527	2.063000e-07	0.000000e+00	0.000000e+00	0.000000e+00	
528	2.067000e-07	0.000000e+00	0.000000e+00	0.000000e+00	
529	2.070000e-07	0.000000e+00	0.000000e+00	0.000000e+00	
530	2.070800e-07	0.000000e+00	0.000000e+00	0.000000e+00	
531	2.072400e-07	0.000000e+00	0.000000e+00	0.000000e+00	
532	2.075600e-07	0.000000e+00	0.000000e+00	0.000000e+00	
533	2.082000e-07	0.000000e+00	0.000000e+00	0.000000e+00	
534	2.092000e-07	0.000000e+00	0.000000e+00	0.000000e+00	
535	2.100000e-07	0.000000e+00	0.000000e+00	0.000000e+00	
536	2.101000e-07	0.000000e+00	0.000000e+00	0.000000e+00	
537	2.103000e-07	0.000000e+00	0.000000e+00	0.000000e+00	
538	2.107000e-07	0.000000e+00	0.000000e+00	0.000000e+00	
539	2.110000e-07	0.000000e+00	0.000000e+00	0.000000e+00	
540	2.110800e-07	0.000000e+00	0.000000e+00	0.000000e+00	
541	2.112400e-07	0.000000e+00	0.000000e+00	0.000000e+00	
542	2.115600e-07	0.000000e+00	0.000000e+00	0.000000e+00	
543	2.120000e-07	0.000000e+00	0.000000e+00	0.000000e+00	
544	2.120640e-07	0.000000e+00	0.000000e+00	0.000000e+00	
545	2.121920e-07	0.000000e+00	0.000000e+00	0.000000e+00	
546	2.124480e-07	0.000000e+00	0.000000e+00	0.000000e+00	
547	2.129600e-07	0.000000e+00	0.000000e+00	0.000000e+00	
548	2.139600e-07	0.000000e+00	0.000000e+00	0.000000e+00	
549	2.149600e-07	0.000000e+00	0.000000e+00	0.000000e+00	
550	2.159600e-07	0.000000e+00	0.000000e+00	0.000000e+00	
551	2.160000e-07	0.000000e+00	0.000000e+00	0.000000e+00	
552	2.160800e-07	0.000000e+00	0.000000e+00	0.000000e+00	
553	2.162400e-07	0.000000e+00	0.000000e+00	0.000000e+00	
554	2.165600e-07	0.000000e+00	0.000000e+00	0.000000e+00	
555	2.170000e-07	0.000000e+00	0.000000e+00	0.000000e+00	
556	2.170640e-07	0.000000e+00	0.000000e+00	0.000000e+00	
557	2.171920e-07	0.000000e+00	0.000000e+00	0.000000e+00	
558	2.174480e-07	0.000000e+00	0.000000e+00	0.000000e+00	
559	2.179600e-07	0.000000e+00	0.000000e+00	0.000000e+00	
560	2.189600e-07	0.000000e+00	0.000000e+00	0.000000e+00	
561	2.199600e-07	0.000000e+00	0.000000e+00	0.000000e+00	
562	2.200000e-07	0.000000e+00	0.000000e+00	0.000000e+00	
563	2.200800e-07	0.000000e+00	0.000000e+00	0.000000e+00	
564	2.202400e-07	0.000000e+00	0.000000e+00	0.000000e+00	
565	2.205600e-07	0.000000e+00	0.000000e+00	0.000000e+00	
566	2.210000e-07	0.000000e+00	0.000000e+00	0.000000e+00	
567	2.210640e-07	0.000000e+00	0.000000e+00	0.000000e+00	
568	2.211920e-07	0.000000e+00	0.000000e+00	0.000000e+00	
569	2.214480e-07	0.000000e+00	0.000000e+00	0.000000e+00	
570	2.219600e-07	0.000000e+00	0.000000e+00	0.000000e+00	
571	2.229600e-07	0.000000e+00	0.000000e+00	0.000000e+00	
572	2.239600e-07	0.000000e+00	0.000000e+00	0.000000e+00	
573	2.249600e-07	0.000000e+00	0.000000e+00	0.000000e+00	
574	2.259600e-07	0.000000e+00	0.000000e+00	0.000000e+00	
575	2.260000e-07	0.000000e+00	0.000000e+00	0.000000e+00	
576	2.260800e-07	0.000000e+00	0.000000e+00	0.000000e+00	

Index   time            v7#branch       v8#branch       v9#branch       
--------------------------------------------------------------------------------
577	2.262400e-07	0.000000e+00	0.000000e+00	0.000000e+00	
578	2.265600e-07	0.000000e+00	0.000000e+00	0.000000e+00	
579	2.270000e-07	0.000000e+00	0.000000e+00	0.000000e+00	
580	2.270640e-07	0.000000e+00	0.000000e+00	0.000000e+00	
581	2.271920e-07	0.000000e+00	0.000000e+00	0.000000e+00	
582	2.274480e-07	0.000000e+00	0.000000e+00	0.000000e+00	
583	2.279600e-07	0.000000e+00	0.000000e+00	0.000000e+00	
584	2.289600e-07	0.000000e+00	0.000000e+00	0.000000e+00	
585	2.299600e-07	0.000000e+00	0.000000e+00	0.000000e+00	
586	2.300000e-07	0.000000e+00	0.000000e+00	0.000000e+00	
587	2.300800e-07	0.000000e+00	0.000000e+00	0.000000e+00	
588	2.302400e-07	0.000000e+00	0.000000e+00	0.000000e+00	
589	2.305600e-07	0.000000e+00	0.000000e+00	0.000000e+00	
590	2.310000e-07	0.000000e+00	0.000000e+00	0.000000e+00	
591	2.310640e-07	0.000000e+00	0.000000e+00	0.000000e+00	
592	2.311920e-07	0.000000e+00	0.000000e+00	0.000000e+00	
593	2.314480e-07	0.000000e+00	0.000000e+00	0.000000e+00	
594	2.319600e-07	0.000000e+00	0.000000e+00	0.000000e+00	
595	2.320000e-07	0.000000e+00	0.000000e+00	0.000000e+00	
596	2.320800e-07	0.000000e+00	0.000000e+00	0.000000e+00	
597	2.322400e-07	0.000000e+00	0.000000e+00	0.000000e+00	
598	2.325600e-07	0.000000e+00	0.000000e+00	0.000000e+00	
599	2.332000e-07	0.000000e+00	0.000000e+00	0.000000e+00	
600	2.342000e-07	0.000000e+00	0.000000e+00	0.000000e+00	
601	2.352000e-07	0.000000e+00	0.000000e+00	0.000000e+00	
602	2.360000e-07	0.000000e+00	0.000000e+00	0.000000e+00	
603	2.361000e-07	0.000000e+00	0.000000e+00	0.000000e+00	
604	2.363000e-07	0.000000e+00	0.000000e+00	0.000000e+00	
605	2.367000e-07	0.000000e+00	0.000000e+00	0.000000e+00	
606	2.370000e-07	0.000000e+00	0.000000e+00	0.000000e+00	
607	2.370800e-07	0.000000e+00	0.000000e+00	0.000000e+00	
608	2.372400e-07	0.000000e+00	0.000000e+00	0.000000e+00	
609	2.375600e-07	0.000000e+00	0.000000e+00	0.000000e+00	
610	2.382000e-07	0.000000e+00	0.000000e+00	0.000000e+00	
611	2.392000e-07	0.000000e+00	0.000000e+00	0.000000e+00	
612	2.400000e-07	0.000000e+00	0.000000e+00	0.000000e+00	
613	2.401000e-07	0.000000e+00	0.000000e+00	0.000000e+00	
614	2.403000e-07	0.000000e+00	0.000000e+00	0.000000e+00	
615	2.407000e-07	0.000000e+00	0.000000e+00	0.000000e+00	
616	2.410000e-07	0.000000e+00	0.000000e+00	0.000000e+00	
617	2.410800e-07	0.000000e+00	0.000000e+00	0.000000e+00	
618	2.412400e-07	0.000000e+00	0.000000e+00	0.000000e+00	
619	2.415600e-07	0.000000e+00	0.000000e+00	0.000000e+00	
620	2.422000e-07	0.000000e+00	0.000000e+00	0.000000e+00	
621	2.432000e-07	0.000000e+00	0.000000e+00	0.000000e+00	
622	2.442000e-07	0.000000e+00	0.000000e+00	0.000000e+00	
623	2.452000e-07	0.000000e+00	0.000000e+00	0.000000e+00	
624	2.460000e-07	0.000000e+00	0.000000e+00	0.000000e+00	
625	2.461000e-07	0.000000e+00	0.000000e+00	0.000000e+00	
626	2.463000e-07	0.000000e+00	0.000000e+00	0.000000e+00	
627	2.467000e-07	0.000000e+00	0.000000e+00	0.000000e+00	
628	2.470000e-07	0.000000e+00	0.000000e+00	0.000000e+00	
629	2.470800e-07	0.000000e+00	0.000000e+00	0.000000e+00	
630	2.472400e-07	0.000000e+00	0.000000e+00	0.000000e+00	
631	2.475600e-07	0.000000e+00	0.000000e+00	0.000000e+00	
632	2.482000e-07	0.000000e+00	0.000000e+00	0.000000e+00	
633	2.492000e-07	0.000000e+00	0.000000e+00	0.000000e+00	
634	2.500000e-07	0.000000e+00	0.000000e+00	0.000000e+00	

Index   time            v7#branch       v8#branch       v9#branch       
--------------------------------------------------------------------------------
635	2.501000e-07	0.000000e+00	0.000000e+00	0.000000e+00	
636	2.503000e-07	0.000000e+00	0.000000e+00	0.000000e+00	
637	2.507000e-07	0.000000e+00	0.000000e+00	0.000000e+00	
638	2.510000e-07	0.000000e+00	0.000000e+00	0.000000e+00	
639	2.510800e-07	0.000000e+00	0.000000e+00	0.000000e+00	
640	2.512400e-07	0.000000e+00	0.000000e+00	0.000000e+00	
641	2.515600e-07	0.000000e+00	0.000000e+00	0.000000e+00	
642	2.520000e-07	0.000000e+00	0.000000e+00	0.000000e+00	
643	2.520640e-07	0.000000e+00	0.000000e+00	0.000000e+00	
644	2.521920e-07	0.000000e+00	0.000000e+00	0.000000e+00	
645	2.524480e-07	0.000000e+00	0.000000e+00	0.000000e+00	
646	2.529600e-07	0.000000e+00	0.000000e+00	0.000000e+00	
647	2.539600e-07	0.000000e+00	0.000000e+00	0.000000e+00	
648	2.549600e-07	0.000000e+00	0.000000e+00	0.000000e+00	
649	2.559600e-07	0.000000e+00	0.000000e+00	0.000000e+00	
650	2.560000e-07	0.000000e+00	0.000000e+00	0.000000e+00	
651	2.560800e-07	0.000000e+00	0.000000e+00	0.000000e+00	
652	2.562400e-07	0.000000e+00	0.000000e+00	0.000000e+00	
653	2.565600e-07	0.000000e+00	0.000000e+00	0.000000e+00	
654	2.570000e-07	0.000000e+00	0.000000e+00	0.000000e+00	
655	2.570640e-07	0.000000e+00	0.000000e+00	0.000000e+00	
656	2.571920e-07	0.000000e+00	0.000000e+00	0.000000e+00	
657	2.574480e-07	0.000000e+00	0.000000e+00	0.000000e+00	
658	2.579600e-07	0.000000e+00	0.000000e+00	0.000000e+00	
659	2.589600e-07	0.000000e+00	0.000000e+00	0.000000e+00	
660	2.599600e-07	0.000000e+00	0.000000e+00	0.000000e+00	
661	2.600000e-07	0.000000e+00	0.000000e+00	0.000000e+00	
662	2.600800e-07	0.000000e+00	0.000000e+00	0.000000e+00	
663	2.602400e-07	0.000000e+00	0.000000e+00	0.000000e+00	
664	2.605600e-07	0.000000e+00	0.000000e+00	0.000000e+00	
665	2.610000e-07	0.000000e+00	0.000000e+00	0.000000e+00	
666	2.610640e-07	0.000000e+00	0.000000e+00	0.000000e+00	
667	2.611920e-07	0.000000e+00	0.000000e+00	0.000000e+00	
668	2.614480e-07	0.000000e+00	0.000000e+00	0.000000e+00	
669	2.619600e-07	0.000000e+00	0.000000e+00	0.000000e+00	
670	2.629600e-07	0.000000e+00	0.000000e+00	0.000000e+00	
671	2.639600e-07	0.000000e+00	0.000000e+00	0.000000e+00	
672	2.649600e-07	0.000000e+00	0.000000e+00	0.000000e+00	
673	2.659600e-07	0.000000e+00	0.000000e+00	0.000000e+00	
674	2.660000e-07	0.000000e+00	0.000000e+00	0.000000e+00	
675	2.660800e-07	0.000000e+00	0.000000e+00	0.000000e+00	
676	2.662400e-07	0.000000e+00	0.000000e+00	0.000000e+00	
677	2.665600e-07	0.000000e+00	0.000000e+00	0.000000e+00	
678	2.670000e-07	0.000000e+00	0.000000e+00	0.000000e+00	
679	2.670640e-07	0.000000e+00	0.000000e+00	0.000000e+00	
680	2.671920e-07	0.000000e+00	0.000000e+00	0.000000e+00	
681	2.674480e-07	0.000000e+00	0.000000e+00	0.000000e+00	
682	2.679600e-07	0.000000e+00	0.000000e+00	0.000000e+00	
683	2.689600e-07	0.000000e+00	0.000000e+00	0.000000e+00	
684	2.699600e-07	0.000000e+00	0.000000e+00	0.000000e+00	
685	2.700000e-07	0.000000e+00	0.000000e+00	0.000000e+00	
686	2.700800e-07	0.000000e+00	0.000000e+00	0.000000e+00	
687	2.702400e-07	0.000000e+00	0.000000e+00	0.000000e+00	
688	2.705600e-07	0.000000e+00	0.000000e+00	0.000000e+00	
689	2.710000e-07	0.000000e+00	0.000000e+00	0.000000e+00	
690	2.710640e-07	0.000000e+00	0.000000e+00	0.000000e+00	
691	2.711920e-07	0.000000e+00	0.000000e+00	0.000000e+00	
692	2.714480e-07	0.000000e+00	0.000000e+00	0.000000e+00	

Index   time            v7#branch       v8#branch       v9#branch       
--------------------------------------------------------------------------------
693	2.719600e-07	0.000000e+00	0.000000e+00	0.000000e+00	
694	2.722400e-07	0.000000e+00	0.000000e+00	0.000000e+00	
695	2.723400e-07	0.000000e+00	0.000000e+00	0.000000e+00	
696	2.725400e-07	0.000000e+00	0.000000e+00	0.000000e+00	
697	2.729400e-07	0.000000e+00	0.000000e+00	0.000000e+00	
698	2.732400e-07	0.000000e+00	0.000000e+00	0.000000e+00	
699	2.733200e-07	0.000000e+00	0.000000e+00	0.000000e+00	
700	2.734800e-07	0.000000e+00	0.000000e+00	0.000000e+00	
701	2.738000e-07	0.000000e+00	0.000000e+00	0.000000e+00	
702	2.744400e-07	0.000000e+00	0.000000e+00	0.000000e+00	
703	2.754400e-07	0.000000e+00	0.000000e+00	0.000000e+00	
704	2.760000e-07	0.000000e+00	0.000000e+00	0.000000e+00	
705	2.761000e-07	0.000000e+00	0.000000e+00	0.000000e+00	
706	2.763000e-07	0.000000e+00	0.000000e+00	0.000000e+00	
707	2.767000e-07	0.000000e+00	0.000000e+00	0.000000e+00	
708	2.770000e-07	0.000000e+00	0.000000e+00	0.000000e+00	
709	2.770800e-07	0.000000e+00	0.000000e+00	0.000000e+00	
710	2.772400e-07	0.000000e+00	0.000000e+00	0.000000e+00	
711	2.775600e-07	0.000000e+00	0.000000e+00	0.000000e+00	
712	2.782000e-07	0.000000e+00	0.000000e+00	0.000000e+00	
713	2.792000e-07	0.000000e+00	0.000000e+00	0.000000e+00	
714	2.800000e-07	0.000000e+00	0.000000e+00	0.000000e+00	
715	2.801000e-07	0.000000e+00	0.000000e+00	0.000000e+00	
716	2.803000e-07	0.000000e+00	0.000000e+00	0.000000e+00	
717	2.807000e-07	0.000000e+00	0.000000e+00	0.000000e+00	
718	2.810000e-07	0.000000e+00	0.000000e+00	0.000000e+00	
719	2.810800e-07	0.000000e+00	0.000000e+00	0.000000e+00	
720	2.812400e-07	0.000000e+00	0.000000e+00	0.000000e+00	
721	2.815600e-07	0.000000e+00	0.000000e+00	0.000000e+00	
722	2.822000e-07	0.000000e+00	0.000000e+00	0.000000e+00	
723	2.832000e-07	0.000000e+00	0.000000e+00	0.000000e+00	
724	2.842000e-07	0.000000e+00	0.000000e+00	0.000000e+00	
725	2.852000e-07	0.000000e+00	0.000000e+00	0.000000e+00	
726	2.860000e-07	0.000000e+00	0.000000e+00	0.000000e+00	
727	2.861000e-07	0.000000e+00	0.000000e+00	0.000000e+00	
728	2.863000e-07	0.000000e+00	0.000000e+00	0.000000e+00	
729	2.867000e-07	0.000000e+00	0.000000e+00	0.000000e+00	
730	2.870000e-07	0.000000e+00	0.000000e+00	0.000000e+00	
731	2.870800e-07	0.000000e+00	0.000000e+00	0.000000e+00	
732	2.872400e-07	0.000000e+00	0.000000e+00	0.000000e+00	
733	2.875600e-07	0.000000e+00	0.000000e+00	0.000000e+00	
734	2.882000e-07	0.000000e+00	0.000000e+00	0.000000e+00	
735	2.892000e-07	0.000000e+00	0.000000e+00	0.000000e+00	
736	2.900000e-07	0.000000e+00	0.000000e+00	0.000000e+00	
737	2.901000e-07	0.000000e+00	0.000000e+00	0.000000e+00	
738	2.903000e-07	0.000000e+00	0.000000e+00	0.000000e+00	
739	2.907000e-07	0.000000e+00	0.000000e+00	0.000000e+00	
740	2.910000e-07	0.000000e+00	0.000000e+00	0.000000e+00	
741	2.910800e-07	0.000000e+00	0.000000e+00	0.000000e+00	
742	2.912400e-07	0.000000e+00	0.000000e+00	0.000000e+00	
743	2.915600e-07	0.000000e+00	0.000000e+00	0.000000e+00	
744	2.920000e-07	0.000000e+00	0.000000e+00	0.000000e+00	
745	2.920640e-07	0.000000e+00	0.000000e+00	0.000000e+00	
746	2.921920e-07	0.000000e+00	0.000000e+00	0.000000e+00	
747	2.924480e-07	0.000000e+00	0.000000e+00	0.000000e+00	
748	2.929600e-07	0.000000e+00	0.000000e+00	0.000000e+00	
749	2.939600e-07	0.000000e+00	0.000000e+00	0.000000e+00	
750	2.949600e-07	0.000000e+00	0.000000e+00	0.000000e+00	

Index   time            v7#branch       v8#branch       v9#branch       
--------------------------------------------------------------------------------
751	2.959600e-07	0.000000e+00	0.000000e+00	0.000000e+00	
752	2.960000e-07	0.000000e+00	0.000000e+00	0.000000e+00	
753	2.960800e-07	0.000000e+00	0.000000e+00	0.000000e+00	
754	2.962400e-07	0.000000e+00	0.000000e+00	0.000000e+00	
755	2.965600e-07	0.000000e+00	0.000000e+00	0.000000e+00	
756	2.970000e-07	0.000000e+00	0.000000e+00	0.000000e+00	
757	2.970640e-07	0.000000e+00	0.000000e+00	0.000000e+00	
758	2.971920e-07	0.000000e+00	0.000000e+00	0.000000e+00	
759	2.974480e-07	0.000000e+00	0.000000e+00	0.000000e+00	
760	2.979600e-07	0.000000e+00	0.000000e+00	0.000000e+00	
761	2.989600e-07	0.000000e+00	0.000000e+00	0.000000e+00	
762	2.999600e-07	0.000000e+00	0.000000e+00	0.000000e+00	
763	3.000000e-07	0.000000e+00	0.000000e+00	0.000000e+00	

                                kicad schematic
                                Transient Analysis  Tue Jul 07 18:54:48  2026
--------------------------------------------------------------------------------
Index   time            v10#branch      v11#branch      
--------------------------------------------------------------------------------
0	0.000000e+00	0.000000e+00	0.000000e+00	
1	1.000000e-11	0.000000e+00	0.000000e+00	
2	2.000000e-11	0.000000e+00	0.000000e+00	
3	4.000000e-11	0.000000e+00	0.000000e+00	
4	8.000000e-11	0.000000e+00	0.000000e+00	
5	1.600000e-10	0.000000e+00	0.000000e+00	
6	3.200000e-10	0.000000e+00	0.000000e+00	
7	6.400000e-10	0.000000e+00	0.000000e+00	
8	1.000000e-09	0.000000e+00	0.000000e+00	
9	1.064000e-09	0.000000e+00	0.000000e+00	
10	1.192000e-09	0.000000e+00	0.000000e+00	
11	1.448000e-09	0.000000e+00	0.000000e+00	
12	1.960000e-09	0.000000e+00	0.000000e+00	
13	2.960000e-09	0.000000e+00	0.000000e+00	
14	3.960000e-09	0.000000e+00	0.000000e+00	
15	4.960000e-09	0.000000e+00	0.000000e+00	
16	5.960000e-09	0.000000e+00	0.000000e+00	
17	6.000000e-09	0.000000e+00	0.000000e+00	
18	6.080000e-09	0.000000e+00	0.000000e+00	
19	6.240000e-09	0.000000e+00	0.000000e+00	
20	6.560000e-09	0.000000e+00	0.000000e+00	
21	7.000000e-09	0.000000e+00	0.000000e+00	
22	7.064000e-09	0.000000e+00	0.000000e+00	
23	7.192000e-09	0.000000e+00	0.000000e+00	
24	7.448000e-09	0.000000e+00	0.000000e+00	
25	7.960000e-09	0.000000e+00	0.000000e+00	
26	8.960000e-09	0.000000e+00	0.000000e+00	
27	9.960000e-09	0.000000e+00	0.000000e+00	
28	1.000000e-08	0.000000e+00	0.000000e+00	
29	1.008000e-08	0.000000e+00	0.000000e+00	
30	1.024000e-08	0.000000e+00	0.000000e+00	
31	1.056000e-08	0.000000e+00	0.000000e+00	
32	1.100000e-08	0.000000e+00	0.000000e+00	
33	1.106400e-08	0.000000e+00	0.000000e+00	
34	1.119200e-08	0.000000e+00	0.000000e+00	
35	1.144800e-08	0.000000e+00	0.000000e+00	
36	1.196000e-08	0.000000e+00	0.000000e+00	
37	1.296000e-08	0.000000e+00	0.000000e+00	
38	1.396000e-08	0.000000e+00	0.000000e+00	
39	1.496000e-08	0.000000e+00	0.000000e+00	
40	1.596000e-08	0.000000e+00	0.000000e+00	
41	1.600000e-08	0.000000e+00	0.000000e+00	
42	1.608000e-08	0.000000e+00	0.000000e+00	
43	1.624000e-08	0.000000e+00	0.000000e+00	
44	1.656000e-08	0.000000e+00	0.000000e+00	
45	1.700000e-08	0.000000e+00	0.000000e+00	
46	1.706400e-08	0.000000e+00	0.000000e+00	
47	1.719200e-08	0.000000e+00	0.000000e+00	
48	1.744800e-08	0.000000e+00	0.000000e+00	
49	1.796000e-08	0.000000e+00	0.000000e+00	
50	1.896000e-08	0.000000e+00	0.000000e+00	
51	1.996000e-08	0.000000e+00	0.000000e+00	
52	2.000000e-08	0.000000e+00	0.000000e+00	
53	2.008000e-08	0.000000e+00	0.000000e+00	
54	2.024000e-08	0.000000e+00	0.000000e+00	

Index   time            v10#branch      v11#branch      
--------------------------------------------------------------------------------
55	2.056000e-08	0.000000e+00	0.000000e+00	
56	2.100000e-08	0.000000e+00	0.000000e+00	
57	2.106400e-08	0.000000e+00	0.000000e+00	
58	2.119200e-08	0.000000e+00	0.000000e+00	
59	2.144800e-08	0.000000e+00	0.000000e+00	
60	2.196000e-08	0.000000e+00	0.000000e+00	
61	2.296000e-08	0.000000e+00	0.000000e+00	
62	2.396000e-08	0.000000e+00	0.000000e+00	
63	2.496000e-08	0.000000e+00	0.000000e+00	
64	2.596000e-08	0.000000e+00	0.000000e+00	
65	2.600000e-08	0.000000e+00	0.000000e+00	
66	2.608000e-08	0.000000e+00	0.000000e+00	
67	2.624000e-08	0.000000e+00	0.000000e+00	
68	2.656000e-08	0.000000e+00	0.000000e+00	
69	2.700000e-08	0.000000e+00	0.000000e+00	
70	2.706400e-08	0.000000e+00	0.000000e+00	
71	2.719200e-08	0.000000e+00	0.000000e+00	
72	2.744800e-08	0.000000e+00	0.000000e+00	
73	2.796000e-08	0.000000e+00	0.000000e+00	
74	2.896000e-08	0.000000e+00	0.000000e+00	
75	2.996000e-08	0.000000e+00	0.000000e+00	
76	3.000000e-08	0.000000e+00	0.000000e+00	
77	3.008000e-08	0.000000e+00	0.000000e+00	
78	3.024000e-08	0.000000e+00	0.000000e+00	
79	3.056000e-08	0.000000e+00	0.000000e+00	
80	3.100000e-08	0.000000e+00	0.000000e+00	
81	3.106400e-08	0.000000e+00	0.000000e+00	
82	3.119200e-08	0.000000e+00	0.000000e+00	
83	3.144800e-08	0.000000e+00	0.000000e+00	
84	3.196000e-08	0.000000e+00	0.000000e+00	
85	3.296000e-08	0.000000e+00	0.000000e+00	
86	3.396000e-08	0.000000e+00	0.000000e+00	
87	3.496000e-08	0.000000e+00	0.000000e+00	
88	3.596000e-08	0.000000e+00	0.000000e+00	
89	3.600000e-08	0.000000e+00	0.000000e+00	
90	3.608000e-08	0.000000e+00	0.000000e+00	
91	3.624000e-08	0.000000e+00	0.000000e+00	
92	3.656000e-08	0.000000e+00	0.000000e+00	
93	3.700000e-08	0.000000e+00	0.000000e+00	
94	3.706400e-08	0.000000e+00	0.000000e+00	
95	3.719200e-08	0.000000e+00	0.000000e+00	
96	3.744800e-08	0.000000e+00	0.000000e+00	
97	3.796000e-08	0.000000e+00	0.000000e+00	
98	3.896000e-08	0.000000e+00	0.000000e+00	
99	3.996000e-08	0.000000e+00	0.000000e+00	
100	4.000000e-08	0.000000e+00	0.000000e+00	
101	4.007999e-08	0.000000e+00	0.000000e+00	
102	4.023998e-08	0.000000e+00	0.000000e+00	
103	4.055996e-08	0.000000e+00	0.000000e+00	
104	4.100000e-08	0.000000e+00	0.000000e+00	
105	4.106400e-08	0.000000e+00	0.000000e+00	
106	4.119199e-08	0.000000e+00	0.000000e+00	
107	4.144797e-08	0.000000e+00	0.000000e+00	
108	4.195994e-08	0.000000e+00	0.000000e+00	
109	4.295994e-08	0.000000e+00	0.000000e+00	
110	4.395994e-08	0.000000e+00	0.000000e+00	
111	4.495994e-08	0.000000e+00	0.000000e+00	
112	4.595994e-08	0.000000e+00	0.000000e+00	

Index   time            v10#branch      v11#branch      
--------------------------------------------------------------------------------
113	4.600000e-08	0.000000e+00	0.000000e+00	
114	4.608013e-08	0.000000e+00	0.000000e+00	
115	4.624039e-08	0.000000e+00	0.000000e+00	
116	4.656091e-08	0.000000e+00	0.000000e+00	
117	4.700000e-08	0.000000e+00	0.000000e+00	
118	4.706410e-08	0.000000e+00	0.000000e+00	
119	4.719231e-08	0.000000e+00	0.000000e+00	
120	4.744873e-08	0.000000e+00	0.000000e+00	
121	4.796156e-08	0.000000e+00	0.000000e+00	
122	4.896156e-08	0.000000e+00	0.000000e+00	
123	4.996156e-08	0.000000e+00	0.000000e+00	
124	5.000000e-08	0.000000e+00	0.000000e+00	
125	5.007688e-08	0.000000e+00	0.000000e+00	
126	5.023064e-08	0.000000e+00	0.000000e+00	
127	5.053817e-08	0.000000e+00	0.000000e+00	
128	5.100000e-08	0.000000e+00	0.000000e+00	
129	5.106150e-08	0.000000e+00	0.000000e+00	
130	5.118451e-08	0.000000e+00	0.000000e+00	
131	5.143053e-08	0.000000e+00	0.000000e+00	
132	5.192257e-08	0.000000e+00	0.000000e+00	
133	5.200000e-08	0.000000e+00	0.000000e+00	
134	5.209841e-08	0.000000e+00	0.000000e+00	
135	5.229522e-08	0.000000e+00	0.000000e+00	
136	5.268886e-08	0.000000e+00	0.000000e+00	
137	5.347612e-08	0.000000e+00	0.000000e+00	
138	5.447612e-08	0.000000e+00	0.000000e+00	
139	5.547612e-08	0.000000e+00	0.000000e+00	
140	5.600000e-08	0.000000e+00	0.000000e+00	
141	5.610000e-08	0.000000e+00	0.000000e+00	
142	5.630000e-08	0.000000e+00	0.000000e+00	
143	5.670000e-08	0.000000e+00	0.000000e+00	
144	5.700000e-08	0.000000e+00	0.000000e+00	
145	5.708000e-08	0.000000e+00	0.000000e+00	
146	5.724000e-08	0.000000e+00	0.000000e+00	
147	5.756000e-08	0.000000e+00	0.000000e+00	
148	5.820000e-08	0.000000e+00	0.000000e+00	
149	5.920000e-08	0.000000e+00	0.000000e+00	
150	6.000000e-08	0.000000e+00	0.000000e+00	
151	6.010000e-08	0.000000e+00	0.000000e+00	
152	6.030000e-08	0.000000e+00	0.000000e+00	
153	6.070000e-08	0.000000e+00	0.000000e+00	
154	6.100000e-08	0.000000e+00	0.000000e+00	
155	6.108000e-08	0.000000e+00	0.000000e+00	
156	6.124000e-08	0.000000e+00	0.000000e+00	
157	6.156000e-08	0.000000e+00	0.000000e+00	
158	6.220000e-08	0.000000e+00	0.000000e+00	
159	6.230000e-08	0.000000e+00	0.000000e+00	
160	6.240000e-08	0.000000e+00	0.000000e+00	
161	6.260000e-08	0.000000e+00	0.000000e+00	
162	6.300000e-08	0.000000e+00	0.000000e+00	
163	6.330000e-08	0.000000e+00	0.000000e+00	
164	6.338000e-08	0.000000e+00	0.000000e+00	
165	6.354000e-08	0.000000e+00	0.000000e+00	
166	6.386000e-08	0.000000e+00	0.000000e+00	
167	6.450000e-08	0.000000e+00	0.000000e+00	
168	6.550000e-08	0.000000e+00	0.000000e+00	
169	6.600000e-08	0.000000e+00	0.000000e+00	
170	6.610000e-08	0.000000e+00	0.000000e+00	

Index   time            v10#branch      v11#branch      
--------------------------------------------------------------------------------
171	6.630000e-08	0.000000e+00	0.000000e+00	
172	6.670000e-08	0.000000e+00	0.000000e+00	
173	6.700000e-08	0.000000e+00	0.000000e+00	
174	6.708000e-08	0.000000e+00	0.000000e+00	
175	6.724000e-08	0.000000e+00	0.000000e+00	
176	6.756000e-08	0.000000e+00	0.000000e+00	
177	6.820000e-08	0.000000e+00	0.000000e+00	
178	6.920000e-08	0.000000e+00	0.000000e+00	
179	7.000000e-08	0.000000e+00	0.000000e+00	
180	7.010000e-08	0.000000e+00	0.000000e+00	
181	7.030000e-08	0.000000e+00	0.000000e+00	
182	7.070000e-08	0.000000e+00	0.000000e+00	
183	7.100000e-08	0.000000e+00	0.000000e+00	
184	7.108000e-08	0.000000e+00	0.000000e+00	
185	7.124000e-08	0.000000e+00	0.000000e+00	
186	7.156000e-08	0.000000e+00	0.000000e+00	
187	7.200000e-08	0.000000e+00	0.000000e+00	
188	7.206400e-08	0.000000e+00	0.000000e+00	
189	7.219200e-08	0.000000e+00	0.000000e+00	
190	7.244800e-08	0.000000e+00	0.000000e+00	
191	7.296000e-08	0.000000e+00	0.000000e+00	
192	7.396000e-08	0.000000e+00	0.000000e+00	
193	7.496000e-08	0.000000e+00	0.000000e+00	
194	7.596000e-08	0.000000e+00	0.000000e+00	
195	7.600000e-08	0.000000e+00	0.000000e+00	
196	7.608000e-08	0.000000e+00	0.000000e+00	
197	7.624000e-08	0.000000e+00	0.000000e+00	
198	7.656000e-08	0.000000e+00	0.000000e+00	
199	7.700000e-08	0.000000e+00	0.000000e+00	
200	7.706400e-08	0.000000e+00	0.000000e+00	
201	7.719200e-08	0.000000e+00	0.000000e+00	
202	7.744800e-08	0.000000e+00	0.000000e+00	
203	7.796000e-08	0.000000e+00	0.000000e+00	
204	7.896000e-08	0.000000e+00	0.000000e+00	
205	7.996000e-08	0.000000e+00	0.000000e+00	
206	8.000000e-08	0.000000e+00	0.000000e+00	
207	8.008000e-08	0.000000e+00	0.000000e+00	
208	8.024000e-08	0.000000e+00	0.000000e+00	
209	8.056000e-08	0.000000e+00	0.000000e+00	
210	8.100000e-08	0.000000e+00	0.000000e+00	
211	8.106400e-08	0.000000e+00	0.000000e+00	
212	8.119200e-08	0.000000e+00	0.000000e+00	
213	8.144800e-08	0.000000e+00	0.000000e+00	
214	8.196000e-08	0.000000e+00	0.000000e+00	
215	8.296000e-08	0.000000e+00	0.000000e+00	
216	8.396000e-08	0.000000e+00	0.000000e+00	
217	8.496000e-08	0.000000e+00	0.000000e+00	
218	8.596000e-08	0.000000e+00	0.000000e+00	
219	8.600000e-08	0.000000e+00	0.000000e+00	
220	8.608000e-08	0.000000e+00	0.000000e+00	
221	8.624000e-08	0.000000e+00	0.000000e+00	
222	8.656000e-08	0.000000e+00	0.000000e+00	
223	8.700000e-08	0.000000e+00	0.000000e+00	
224	8.706400e-08	0.000000e+00	0.000000e+00	
225	8.719200e-08	0.000000e+00	0.000000e+00	
226	8.744800e-08	0.000000e+00	0.000000e+00	
227	8.796000e-08	0.000000e+00	0.000000e+00	
228	8.896000e-08	0.000000e+00	0.000000e+00	

Index   time            v10#branch      v11#branch      
--------------------------------------------------------------------------------
229	8.996000e-08	0.000000e+00	0.000000e+00	
230	9.000000e-08	0.000000e+00	0.000000e+00	
231	9.008000e-08	0.000000e+00	0.000000e+00	
232	9.024000e-08	0.000000e+00	0.000000e+00	
233	9.056000e-08	0.000000e+00	0.000000e+00	
234	9.100000e-08	0.000000e+00	0.000000e+00	
235	9.106400e-08	0.000000e+00	0.000000e+00	
236	9.119200e-08	0.000000e+00	0.000000e+00	
237	9.144800e-08	0.000000e+00	0.000000e+00	
238	9.196000e-08	0.000000e+00	0.000000e+00	
239	9.200000e-08	0.000000e+00	0.000000e+00	
240	9.208000e-08	0.000000e+00	0.000000e+00	
241	9.224000e-08	0.000000e+00	0.000000e+00	
242	9.256000e-08	0.000000e+00	0.000000e+00	
243	9.320000e-08	0.000000e+00	0.000000e+00	
244	9.420000e-08	0.000000e+00	0.000000e+00	
245	9.520000e-08	0.000000e+00	0.000000e+00	
246	9.600000e-08	0.000000e+00	0.000000e+00	
247	9.610000e-08	0.000000e+00	0.000000e+00	
248	9.630000e-08	0.000000e+00	0.000000e+00	
249	9.670000e-08	0.000000e+00	0.000000e+00	
250	9.700000e-08	0.000000e+00	0.000000e+00	
251	9.708000e-08	0.000000e+00	0.000000e+00	
252	9.724000e-08	0.000000e+00	0.000000e+00	
253	9.756000e-08	0.000000e+00	0.000000e+00	
254	9.820000e-08	0.000000e+00	0.000000e+00	
255	9.920000e-08	0.000000e+00	0.000000e+00	
256	1.000000e-07	0.000000e+00	0.000000e+00	
257	1.001000e-07	0.000000e+00	0.000000e+00	
258	1.003000e-07	0.000000e+00	0.000000e+00	
259	1.007000e-07	0.000000e+00	0.000000e+00	
260	1.010000e-07	0.000000e+00	0.000000e+00	
261	1.010800e-07	0.000000e+00	0.000000e+00	
262	1.012400e-07	0.000000e+00	0.000000e+00	
263	1.015600e-07	0.000000e+00	0.000000e+00	
264	1.022000e-07	0.000000e+00	0.000000e+00	
265	1.032000e-07	0.000000e+00	0.000000e+00	
266	1.042000e-07	0.000000e+00	0.000000e+00	
267	1.052000e-07	0.000000e+00	0.000000e+00	
268	1.060000e-07	0.000000e+00	0.000000e+00	
269	1.061000e-07	0.000000e+00	0.000000e+00	
270	1.063000e-07	0.000000e+00	0.000000e+00	
271	1.067000e-07	0.000000e+00	0.000000e+00	
272	1.070000e-07	0.000000e+00	0.000000e+00	
273	1.070800e-07	0.000000e+00	0.000000e+00	
274	1.072400e-07	0.000000e+00	0.000000e+00	
275	1.075600e-07	0.000000e+00	0.000000e+00	
276	1.082000e-07	0.000000e+00	0.000000e+00	
277	1.092000e-07	0.000000e+00	0.000000e+00	
278	1.100000e-07	0.000000e+00	0.000000e+00	
279	1.101000e-07	0.000000e+00	0.000000e+00	
280	1.103000e-07	0.000000e+00	0.000000e+00	
281	1.107000e-07	0.000000e+00	0.000000e+00	
282	1.110000e-07	0.000000e+00	0.000000e+00	
283	1.110800e-07	0.000000e+00	0.000000e+00	
284	1.112400e-07	0.000000e+00	0.000000e+00	
285	1.115600e-07	0.000000e+00	0.000000e+00	
286	1.120000e-07	0.000000e+00	0.000000e+00	

Index   time            v10#branch      v11#branch      
--------------------------------------------------------------------------------
287	1.120640e-07	0.000000e+00	0.000000e+00	
288	1.121920e-07	0.000000e+00	0.000000e+00	
289	1.124480e-07	0.000000e+00	0.000000e+00	
290	1.129600e-07	0.000000e+00	0.000000e+00	
291	1.139600e-07	0.000000e+00	0.000000e+00	
292	1.149600e-07	0.000000e+00	0.000000e+00	
293	1.159600e-07	0.000000e+00	0.000000e+00	
294	1.160000e-07	0.000000e+00	0.000000e+00	
295	1.160800e-07	0.000000e+00	0.000000e+00	
296	1.162400e-07	0.000000e+00	0.000000e+00	
297	1.165600e-07	0.000000e+00	0.000000e+00	
298	1.170000e-07	0.000000e+00	0.000000e+00	
299	1.170640e-07	0.000000e+00	0.000000e+00	
300	1.171920e-07	0.000000e+00	0.000000e+00	
301	1.174480e-07	0.000000e+00	0.000000e+00	
302	1.179600e-07	0.000000e+00	0.000000e+00	
303	1.189600e-07	0.000000e+00	0.000000e+00	
304	1.199600e-07	0.000000e+00	0.000000e+00	
305	1.200000e-07	0.000000e+00	0.000000e+00	
306	1.200800e-07	0.000000e+00	0.000000e+00	
307	1.202400e-07	0.000000e+00	0.000000e+00	
308	1.205600e-07	0.000000e+00	0.000000e+00	
309	1.210000e-07	0.000000e+00	0.000000e+00	
310	1.210640e-07	0.000000e+00	0.000000e+00	
311	1.211920e-07	0.000000e+00	0.000000e+00	
312	1.214480e-07	0.000000e+00	0.000000e+00	
313	1.219600e-07	0.000000e+00	0.000000e+00	
314	1.229600e-07	0.000000e+00	0.000000e+00	
315	1.239600e-07	0.000000e+00	0.000000e+00	
316	1.249600e-07	0.000000e+00	0.000000e+00	
317	1.259600e-07	0.000000e+00	0.000000e+00	
318	1.260000e-07	0.000000e+00	0.000000e+00	
319	1.260800e-07	0.000000e+00	0.000000e+00	
320	1.262400e-07	0.000000e+00	0.000000e+00	
321	1.265600e-07	0.000000e+00	0.000000e+00	
322	1.270000e-07	0.000000e+00	0.000000e+00	
323	1.270640e-07	0.000000e+00	0.000000e+00	
324	1.271920e-07	0.000000e+00	0.000000e+00	
325	1.274480e-07	0.000000e+00	0.000000e+00	
326	1.279600e-07	0.000000e+00	0.000000e+00	
327	1.289600e-07	0.000000e+00	0.000000e+00	
328	1.299600e-07	0.000000e+00	0.000000e+00	
329	1.300000e-07	0.000000e+00	0.000000e+00	
330	1.300800e-07	0.000000e+00	0.000000e+00	
331	1.302400e-07	0.000000e+00	0.000000e+00	
332	1.305600e-07	0.000000e+00	0.000000e+00	
333	1.310000e-07	0.000000e+00	0.000000e+00	
334	1.310640e-07	0.000000e+00	0.000000e+00	
335	1.311920e-07	0.000000e+00	0.000000e+00	
336	1.314480e-07	0.000000e+00	0.000000e+00	
337	1.319600e-07	0.000000e+00	0.000000e+00	
338	1.320000e-07	0.000000e+00	0.000000e+00	
339	1.320800e-07	0.000000e+00	0.000000e+00	
340	1.322400e-07	0.000000e+00	0.000000e+00	
341	1.322560e-07	0.000000e+00	0.000000e+00	
342	1.322880e-07	0.000000e+00	0.000000e+00	
343	1.323520e-07	0.000000e+00	0.000000e+00	
344	1.324800e-07	0.000000e+00	0.000000e+00	

Index   time            v10#branch      v11#branch      
--------------------------------------------------------------------------------
345	1.327360e-07	0.000000e+00	0.000000e+00	
346	1.332400e-07	0.000000e+00	0.000000e+00	
347	1.332912e-07	0.000000e+00	0.000000e+00	
348	1.333936e-07	0.000000e+00	0.000000e+00	
349	1.335984e-07	0.000000e+00	0.000000e+00	
350	1.340080e-07	0.000000e+00	0.000000e+00	
351	1.348272e-07	0.000000e+00	0.000000e+00	
352	1.358272e-07	0.000000e+00	0.000000e+00	
353	1.360000e-07	0.000000e+00	0.000000e+00	
354	1.361000e-07	0.000000e+00	0.000000e+00	
355	1.363000e-07	0.000000e+00	0.000000e+00	
356	1.367000e-07	0.000000e+00	0.000000e+00	
357	1.370000e-07	0.000000e+00	0.000000e+00	
358	1.370800e-07	0.000000e+00	0.000000e+00	
359	1.372400e-07	0.000000e+00	0.000000e+00	
360	1.375600e-07	0.000000e+00	0.000000e+00	
361	1.382000e-07	0.000000e+00	0.000000e+00	
362	1.392000e-07	0.000000e+00	0.000000e+00	
363	1.400000e-07	0.000000e+00	0.000000e+00	
364	1.401000e-07	0.000000e+00	0.000000e+00	
365	1.403000e-07	0.000000e+00	0.000000e+00	
366	1.407000e-07	0.000000e+00	0.000000e+00	
367	1.410000e-07	0.000000e+00	0.000000e+00	
368	1.410800e-07	0.000000e+00	0.000000e+00	
369	1.412400e-07	0.000000e+00	0.000000e+00	
370	1.415600e-07	0.000000e+00	0.000000e+00	
371	1.422000e-07	0.000000e+00	0.000000e+00	
372	1.432000e-07	0.000000e+00	0.000000e+00	
373	1.442000e-07	0.000000e+00	0.000000e+00	
374	1.452000e-07	0.000000e+00	0.000000e+00	
375	1.460000e-07	0.000000e+00	0.000000e+00	
376	1.461000e-07	0.000000e+00	0.000000e+00	
377	1.463000e-07	0.000000e+00	0.000000e+00	
378	1.467000e-07	0.000000e+00	0.000000e+00	
379	1.470000e-07	0.000000e+00	0.000000e+00	
380	1.470800e-07	0.000000e+00	0.000000e+00	
381	1.472400e-07	0.000000e+00	0.000000e+00	
382	1.475600e-07	0.000000e+00	0.000000e+00	
383	1.482000e-07	0.000000e+00	0.000000e+00	
384	1.492000e-07	0.000000e+00	0.000000e+00	
385	1.500000e-07	0.000000e+00	0.000000e+00	
386	1.501000e-07	0.000000e+00	0.000000e+00	
387	1.503000e-07	0.000000e+00	0.000000e+00	
388	1.507000e-07	0.000000e+00	0.000000e+00	
389	1.510000e-07	0.000000e+00	0.000000e+00	
390	1.510800e-07	0.000000e+00	0.000000e+00	
391	1.512400e-07	0.000000e+00	0.000000e+00	
392	1.515600e-07	0.000000e+00	0.000000e+00	
393	1.520000e-07	0.000000e+00	0.000000e+00	
394	1.520640e-07	0.000000e+00	0.000000e+00	
395	1.521920e-07	0.000000e+00	0.000000e+00	
396	1.524480e-07	0.000000e+00	0.000000e+00	
397	1.529600e-07	0.000000e+00	0.000000e+00	
398	1.539600e-07	0.000000e+00	0.000000e+00	
399	1.549600e-07	0.000000e+00	0.000000e+00	
400	1.559600e-07	0.000000e+00	0.000000e+00	
401	1.560000e-07	0.000000e+00	0.000000e+00	
402	1.560800e-07	0.000000e+00	0.000000e+00	

Index   time            v10#branch      v11#branch      
--------------------------------------------------------------------------------
403	1.562400e-07	0.000000e+00	0.000000e+00	
404	1.565600e-07	0.000000e+00	0.000000e+00	
405	1.570000e-07	0.000000e+00	0.000000e+00	
406	1.570640e-07	0.000000e+00	0.000000e+00	
407	1.571920e-07	0.000000e+00	0.000000e+00	
408	1.574480e-07	0.000000e+00	0.000000e+00	
409	1.579600e-07	0.000000e+00	0.000000e+00	
410	1.589600e-07	0.000000e+00	0.000000e+00	
411	1.599600e-07	0.000000e+00	0.000000e+00	
412	1.600000e-07	0.000000e+00	0.000000e+00	
413	1.600800e-07	0.000000e+00	0.000000e+00	
414	1.602400e-07	0.000000e+00	0.000000e+00	
415	1.605600e-07	0.000000e+00	0.000000e+00	
416	1.610000e-07	0.000000e+00	0.000000e+00	
417	1.610640e-07	0.000000e+00	0.000000e+00	
418	1.611920e-07	0.000000e+00	0.000000e+00	
419	1.614480e-07	0.000000e+00	0.000000e+00	
420	1.619600e-07	0.000000e+00	0.000000e+00	
421	1.629600e-07	0.000000e+00	0.000000e+00	
422	1.639600e-07	0.000000e+00	0.000000e+00	
423	1.649600e-07	0.000000e+00	0.000000e+00	
424	1.659600e-07	0.000000e+00	0.000000e+00	
425	1.660000e-07	0.000000e+00	0.000000e+00	
426	1.660800e-07	0.000000e+00	0.000000e+00	
427	1.662400e-07	0.000000e+00	0.000000e+00	
428	1.665600e-07	0.000000e+00	0.000000e+00	
429	1.670000e-07	0.000000e+00	0.000000e+00	
430	1.670640e-07	0.000000e+00	0.000000e+00	
431	1.671920e-07	0.000000e+00	0.000000e+00	
432	1.674480e-07	0.000000e+00	0.000000e+00	
433	1.679600e-07	0.000000e+00	0.000000e+00	
434	1.689600e-07	0.000000e+00	0.000000e+00	
435	1.699600e-07	0.000000e+00	0.000000e+00	
436	1.700000e-07	0.000000e+00	0.000000e+00	
437	1.700800e-07	0.000000e+00	0.000000e+00	
438	1.702400e-07	0.000000e+00	0.000000e+00	
439	1.705600e-07	0.000000e+00	0.000000e+00	
440	1.710000e-07	0.000000e+00	0.000000e+00	
441	1.710640e-07	0.000000e+00	0.000000e+00	
442	1.711920e-07	0.000000e+00	0.000000e+00	
443	1.714480e-07	0.000000e+00	0.000000e+00	
444	1.719600e-07	0.000000e+00	0.000000e+00	
445	1.720000e-07	0.000000e+00	0.000000e+00	
446	1.720800e-07	0.000000e+00	0.000000e+00	
447	1.722400e-07	0.000000e+00	0.000000e+00	
448	1.725600e-07	0.000000e+00	0.000000e+00	
449	1.732000e-07	0.000000e+00	0.000000e+00	
450	1.742000e-07	0.000000e+00	0.000000e+00	
451	1.752000e-07	0.000000e+00	0.000000e+00	
452	1.760000e-07	0.000000e+00	0.000000e+00	
453	1.761000e-07	0.000000e+00	0.000000e+00	
454	1.763000e-07	0.000000e+00	0.000000e+00	
455	1.767000e-07	0.000000e+00	0.000000e+00	
456	1.770000e-07	0.000000e+00	0.000000e+00	
457	1.770800e-07	0.000000e+00	0.000000e+00	
458	1.772400e-07	0.000000e+00	0.000000e+00	
459	1.775600e-07	0.000000e+00	0.000000e+00	
460	1.782000e-07	0.000000e+00	0.000000e+00	

Index   time            v10#branch      v11#branch      
--------------------------------------------------------------------------------
461	1.792000e-07	0.000000e+00	0.000000e+00	
462	1.800000e-07	0.000000e+00	0.000000e+00	
463	1.801000e-07	0.000000e+00	0.000000e+00	
464	1.803000e-07	0.000000e+00	0.000000e+00	
465	1.807000e-07	0.000000e+00	0.000000e+00	
466	1.810000e-07	0.000000e+00	0.000000e+00	
467	1.810800e-07	0.000000e+00	0.000000e+00	
468	1.812400e-07	0.000000e+00	0.000000e+00	
469	1.815600e-07	0.000000e+00	0.000000e+00	
470	1.822000e-07	0.000000e+00	0.000000e+00	
471	1.832000e-07	0.000000e+00	0.000000e+00	
472	1.842000e-07	0.000000e+00	0.000000e+00	
473	1.852000e-07	0.000000e+00	0.000000e+00	
474	1.860000e-07	0.000000e+00	0.000000e+00	
475	1.861000e-07	0.000000e+00	0.000000e+00	
476	1.863000e-07	0.000000e+00	0.000000e+00	
477	1.867000e-07	0.000000e+00	0.000000e+00	
478	1.870000e-07	0.000000e+00	0.000000e+00	
479	1.870800e-07	0.000000e+00	0.000000e+00	
480	1.872400e-07	0.000000e+00	0.000000e+00	
481	1.875600e-07	0.000000e+00	0.000000e+00	
482	1.882000e-07	0.000000e+00	0.000000e+00	
483	1.892000e-07	0.000000e+00	0.000000e+00	
484	1.900000e-07	0.000000e+00	0.000000e+00	
485	1.901000e-07	0.000000e+00	0.000000e+00	
486	1.903000e-07	0.000000e+00	0.000000e+00	
487	1.907000e-07	0.000000e+00	0.000000e+00	
488	1.910000e-07	0.000000e+00	0.000000e+00	
489	1.910800e-07	0.000000e+00	0.000000e+00	
490	1.912400e-07	0.000000e+00	0.000000e+00	
491	1.915600e-07	0.000000e+00	0.000000e+00	
492	1.922000e-07	0.000000e+00	0.000000e+00	
493	1.932000e-07	0.000000e+00	0.000000e+00	
494	1.942000e-07	0.000000e+00	0.000000e+00	
495	1.952000e-07	0.000000e+00	0.000000e+00	
496	1.960000e-07	0.000000e+00	0.000000e+00	
497	1.961000e-07	0.000000e+00	0.000000e+00	
498	1.963000e-07	0.000000e+00	0.000000e+00	
499	1.967000e-07	0.000000e+00	0.000000e+00	
500	1.970000e-07	0.000000e+00	0.000000e+00	
501	1.970800e-07	0.000000e+00	0.000000e+00	
502	1.972400e-07	0.000000e+00	0.000000e+00	
503	1.975600e-07	0.000000e+00	0.000000e+00	
504	1.982000e-07	0.000000e+00	0.000000e+00	
505	1.992000e-07	0.000000e+00	0.000000e+00	
506	2.000000e-07	0.000000e+00	0.000000e+00	
507	2.001000e-07	0.000000e+00	0.000000e+00	
508	2.003000e-07	0.000000e+00	0.000000e+00	
509	2.007000e-07	0.000000e+00	0.000000e+00	
510	2.010000e-07	0.000000e+00	0.000000e+00	
511	2.010800e-07	0.000000e+00	0.000000e+00	
512	2.012400e-07	0.000000e+00	0.000000e+00	
513	2.015600e-07	0.000000e+00	0.000000e+00	
514	2.022000e-07	0.000000e+00	0.000000e+00	
515	2.023000e-07	0.000000e+00	0.000000e+00	
516	2.024000e-07	0.000000e+00	0.000000e+00	
517	2.026000e-07	0.000000e+00	0.000000e+00	
518	2.030000e-07	0.000000e+00	0.000000e+00	

Index   time            v10#branch      v11#branch      
--------------------------------------------------------------------------------
519	2.033000e-07	0.000000e+00	0.000000e+00	
520	2.033800e-07	0.000000e+00	0.000000e+00	
521	2.035400e-07	0.000000e+00	0.000000e+00	
522	2.038600e-07	0.000000e+00	0.000000e+00	
523	2.045000e-07	0.000000e+00	0.000000e+00	
524	2.055000e-07	0.000000e+00	0.000000e+00	
525	2.060000e-07	0.000000e+00	0.000000e+00	
526	2.061000e-07	0.000000e+00	0.000000e+00	
527	2.063000e-07	0.000000e+00	0.000000e+00	
528	2.067000e-07	0.000000e+00	0.000000e+00	
529	2.070000e-07	0.000000e+00	0.000000e+00	
530	2.070800e-07	0.000000e+00	0.000000e+00	
531	2.072400e-07	0.000000e+00	0.000000e+00	
532	2.075600e-07	0.000000e+00	0.000000e+00	
533	2.082000e-07	0.000000e+00	0.000000e+00	
534	2.092000e-07	0.000000e+00	0.000000e+00	
535	2.100000e-07	0.000000e+00	0.000000e+00	
536	2.101000e-07	0.000000e+00	0.000000e+00	
537	2.103000e-07	0.000000e+00	0.000000e+00	
538	2.107000e-07	0.000000e+00	0.000000e+00	
539	2.110000e-07	0.000000e+00	0.000000e+00	
540	2.110800e-07	0.000000e+00	0.000000e+00	
541	2.112400e-07	0.000000e+00	0.000000e+00	
542	2.115600e-07	0.000000e+00	0.000000e+00	
543	2.120000e-07	0.000000e+00	0.000000e+00	
544	2.120640e-07	0.000000e+00	0.000000e+00	
545	2.121920e-07	0.000000e+00	0.000000e+00	
546	2.124480e-07	0.000000e+00	0.000000e+00	
547	2.129600e-07	0.000000e+00	0.000000e+00	
548	2.139600e-07	0.000000e+00	0.000000e+00	
549	2.149600e-07	0.000000e+00	0.000000e+00	
550	2.159600e-07	0.000000e+00	0.000000e+00	
551	2.160000e-07	0.000000e+00	0.000000e+00	
552	2.160800e-07	0.000000e+00	0.000000e+00	
553	2.162400e-07	0.000000e+00	0.000000e+00	
554	2.165600e-07	0.000000e+00	0.000000e+00	
555	2.170000e-07	0.000000e+00	0.000000e+00	
556	2.170640e-07	0.000000e+00	0.000000e+00	
557	2.171920e-07	0.000000e+00	0.000000e+00	
558	2.174480e-07	0.000000e+00	0.000000e+00	
559	2.179600e-07	0.000000e+00	0.000000e+00	
560	2.189600e-07	0.000000e+00	0.000000e+00	
561	2.199600e-07	0.000000e+00	0.000000e+00	
562	2.200000e-07	0.000000e+00	0.000000e+00	
563	2.200800e-07	0.000000e+00	0.000000e+00	
564	2.202400e-07	0.000000e+00	0.000000e+00	
565	2.205600e-07	0.000000e+00	0.000000e+00	
566	2.210000e-07	0.000000e+00	0.000000e+00	
567	2.210640e-07	0.000000e+00	0.000000e+00	
568	2.211920e-07	0.000000e+00	0.000000e+00	
569	2.214480e-07	0.000000e+00	0.000000e+00	
570	2.219600e-07	0.000000e+00	0.000000e+00	
571	2.229600e-07	0.000000e+00	0.000000e+00	
572	2.239600e-07	0.000000e+00	0.000000e+00	
573	2.249600e-07	0.000000e+00	0.000000e+00	
574	2.259600e-07	0.000000e+00	0.000000e+00	
575	2.260000e-07	0.000000e+00	0.000000e+00	
576	2.260800e-07	0.000000e+00	0.000000e+00	

Index   time            v10#branch      v11#branch      
--------------------------------------------------------------------------------
577	2.262400e-07	0.000000e+00	0.000000e+00	
578	2.265600e-07	0.000000e+00	0.000000e+00	
579	2.270000e-07	0.000000e+00	0.000000e+00	
580	2.270640e-07	0.000000e+00	0.000000e+00	
581	2.271920e-07	0.000000e+00	0.000000e+00	
582	2.274480e-07	0.000000e+00	0.000000e+00	
583	2.279600e-07	0.000000e+00	0.000000e+00	
584	2.289600e-07	0.000000e+00	0.000000e+00	
585	2.299600e-07	0.000000e+00	0.000000e+00	
586	2.300000e-07	0.000000e+00	0.000000e+00	
587	2.300800e-07	0.000000e+00	0.000000e+00	
588	2.302400e-07	0.000000e+00	0.000000e+00	
589	2.305600e-07	0.000000e+00	0.000000e+00	
590	2.310000e-07	0.000000e+00	0.000000e+00	
591	2.310640e-07	0.000000e+00	0.000000e+00	
592	2.311920e-07	0.000000e+00	0.000000e+00	
593	2.314480e-07	0.000000e+00	0.000000e+00	
594	2.319600e-07	0.000000e+00	0.000000e+00	
595	2.320000e-07	0.000000e+00	0.000000e+00	
596	2.320800e-07	0.000000e+00	0.000000e+00	
597	2.322400e-07	0.000000e+00	0.000000e+00	
598	2.325600e-07	0.000000e+00	0.000000e+00	
599	2.332000e-07	0.000000e+00	0.000000e+00	
600	2.342000e-07	0.000000e+00	0.000000e+00	
601	2.352000e-07	0.000000e+00	0.000000e+00	
602	2.360000e-07	0.000000e+00	0.000000e+00	
603	2.361000e-07	0.000000e+00	0.000000e+00	
604	2.363000e-07	0.000000e+00	0.000000e+00	
605	2.367000e-07	0.000000e+00	0.000000e+00	
606	2.370000e-07	0.000000e+00	0.000000e+00	
607	2.370800e-07	0.000000e+00	0.000000e+00	
608	2.372400e-07	0.000000e+00	0.000000e+00	
609	2.375600e-07	0.000000e+00	0.000000e+00	
610	2.382000e-07	0.000000e+00	0.000000e+00	
611	2.392000e-07	0.000000e+00	0.000000e+00	
612	2.400000e-07	0.000000e+00	0.000000e+00	
613	2.401000e-07	0.000000e+00	0.000000e+00	
614	2.403000e-07	0.000000e+00	0.000000e+00	
615	2.407000e-07	0.000000e+00	0.000000e+00	
616	2.410000e-07	0.000000e+00	0.000000e+00	
617	2.410800e-07	0.000000e+00	0.000000e+00	
618	2.412400e-07	0.000000e+00	0.000000e+00	
619	2.415600e-07	0.000000e+00	0.000000e+00	
620	2.422000e-07	0.000000e+00	0.000000e+00	
621	2.432000e-07	0.000000e+00	0.000000e+00	
622	2.442000e-07	0.000000e+00	0.000000e+00	
623	2.452000e-07	0.000000e+00	0.000000e+00	
624	2.460000e-07	0.000000e+00	0.000000e+00	
625	2.461000e-07	0.000000e+00	0.000000e+00	
626	2.463000e-07	0.000000e+00	0.000000e+00	
627	2.467000e-07	0.000000e+00	0.000000e+00	
628	2.470000e-07	0.000000e+00	0.000000e+00	
629	2.470800e-07	0.000000e+00	0.000000e+00	
630	2.472400e-07	0.000000e+00	0.000000e+00	
631	2.475600e-07	0.000000e+00	0.000000e+00	
632	2.482000e-07	0.000000e+00	0.000000e+00	
633	2.492000e-07	0.000000e+00	0.000000e+00	
634	2.500000e-07	0.000000e+00	0.000000e+00	

Index   time            v10#branch      v11#branch      
--------------------------------------------------------------------------------
635	2.501000e-07	0.000000e+00	0.000000e+00	
636	2.503000e-07	0.000000e+00	0.000000e+00	
637	2.507000e-07	0.000000e+00	0.000000e+00	
638	2.510000e-07	0.000000e+00	0.000000e+00	
639	2.510800e-07	0.000000e+00	0.000000e+00	
640	2.512400e-07	0.000000e+00	0.000000e+00	
641	2.515600e-07	0.000000e+00	0.000000e+00	
642	2.520000e-07	0.000000e+00	0.000000e+00	
643	2.520640e-07	0.000000e+00	0.000000e+00	
644	2.521920e-07	0.000000e+00	0.000000e+00	
645	2.524480e-07	0.000000e+00	0.000000e+00	
646	2.529600e-07	0.000000e+00	0.000000e+00	
647	2.539600e-07	0.000000e+00	0.000000e+00	
648	2.549600e-07	0.000000e+00	0.000000e+00	
649	2.559600e-07	0.000000e+00	0.000000e+00	
650	2.560000e-07	0.000000e+00	0.000000e+00	
651	2.560800e-07	0.000000e+00	0.000000e+00	
652	2.562400e-07	0.000000e+00	0.000000e+00	
653	2.565600e-07	0.000000e+00	0.000000e+00	
654	2.570000e-07	0.000000e+00	0.000000e+00	
655	2.570640e-07	0.000000e+00	0.000000e+00	
656	2.571920e-07	0.000000e+00	0.000000e+00	
657	2.574480e-07	0.000000e+00	0.000000e+00	
658	2.579600e-07	0.000000e+00	0.000000e+00	
659	2.589600e-07	0.000000e+00	0.000000e+00	
660	2.599600e-07	0.000000e+00	0.000000e+00	
661	2.600000e-07	0.000000e+00	0.000000e+00	
662	2.600800e-07	0.000000e+00	0.000000e+00	
663	2.602400e-07	0.000000e+00	0.000000e+00	
664	2.605600e-07	0.000000e+00	0.000000e+00	
665	2.610000e-07	0.000000e+00	0.000000e+00	
666	2.610640e-07	0.000000e+00	0.000000e+00	
667	2.611920e-07	0.000000e+00	0.000000e+00	
668	2.614480e-07	0.000000e+00	0.000000e+00	
669	2.619600e-07	0.000000e+00	0.000000e+00	
670	2.629600e-07	0.000000e+00	0.000000e+00	
671	2.639600e-07	0.000000e+00	0.000000e+00	
672	2.649600e-07	0.000000e+00	0.000000e+00	
673	2.659600e-07	0.000000e+00	0.000000e+00	
674	2.660000e-07	0.000000e+00	0.000000e+00	
675	2.660800e-07	0.000000e+00	0.000000e+00	
676	2.662400e-07	0.000000e+00	0.000000e+00	
677	2.665600e-07	0.000000e+00	0.000000e+00	
678	2.670000e-07	0.000000e+00	0.000000e+00	
679	2.670640e-07	0.000000e+00	0.000000e+00	
680	2.671920e-07	0.000000e+00	0.000000e+00	
681	2.674480e-07	0.000000e+00	0.000000e+00	
682	2.679600e-07	0.000000e+00	0.000000e+00	
683	2.689600e-07	0.000000e+00	0.000000e+00	
684	2.699600e-07	0.000000e+00	0.000000e+00	
685	2.700000e-07	0.000000e+00	0.000000e+00	
686	2.700800e-07	0.000000e+00	0.000000e+00	
687	2.702400e-07	0.000000e+00	0.000000e+00	
688	2.705600e-07	0.000000e+00	0.000000e+00	
689	2.710000e-07	0.000000e+00	0.000000e+00	
690	2.710640e-07	0.000000e+00	0.000000e+00	
691	2.711920e-07	0.000000e+00	0.000000e+00	
692	2.714480e-07	0.000000e+00	0.000000e+00	

Index   time            v10#branch      v11#branch      
--------------------------------------------------------------------------------
693	2.719600e-07	0.000000e+00	0.000000e+00	
694	2.722400e-07	0.000000e+00	0.000000e+00	
695	2.723400e-07	0.000000e+00	0.000000e+00	
696	2.725400e-07	0.000000e+00	0.000000e+00	
697	2.729400e-07	0.000000e+00	0.000000e+00	
698	2.732400e-07	0.000000e+00	0.000000e+00	
699	2.733200e-07	0.000000e+00	0.000000e+00	
700	2.734800e-07	0.000000e+00	0.000000e+00	
701	2.738000e-07	0.000000e+00	0.000000e+00	
702	2.744400e-07	0.000000e+00	0.000000e+00	
703	2.754400e-07	0.000000e+00	0.000000e+00	
704	2.760000e-07	0.000000e+00	0.000000e+00	
705	2.761000e-07	0.000000e+00	0.000000e+00	
706	2.763000e-07	0.000000e+00	0.000000e+00	
707	2.767000e-07	0.000000e+00	0.000000e+00	
708	2.770000e-07	0.000000e+00	0.000000e+00	
709	2.770800e-07	0.000000e+00	0.000000e+00	
710	2.772400e-07	0.000000e+00	0.000000e+00	
711	2.775600e-07	0.000000e+00	0.000000e+00	
712	2.782000e-07	0.000000e+00	0.000000e+00	
713	2.792000e-07	0.000000e+00	0.000000e+00	
714	2.800000e-07	0.000000e+00	0.000000e+00	
715	2.801000e-07	0.000000e+00	0.000000e+00	
716	2.803000e-07	0.000000e+00	0.000000e+00	
717	2.807000e-07	0.000000e+00	0.000000e+00	
718	2.810000e-07	0.000000e+00	0.000000e+00	
719	2.810800e-07	0.000000e+00	0.000000e+00	
720	2.812400e-07	0.000000e+00	0.000000e+00	
721	2.815600e-07	0.000000e+00	0.000000e+00	
722	2.822000e-07	0.000000e+00	0.000000e+00	
723	2.832000e-07	0.000000e+00	0.000000e+00	
724	2.842000e-07	0.000000e+00	0.000000e+00	
725	2.852000e-07	0.000000e+00	0.000000e+00	
726	2.860000e-07	0.000000e+00	0.000000e+00	
727	2.861000e-07	0.000000e+00	0.000000e+00	
728	2.863000e-07	0.000000e+00	0.000000e+00	
729	2.867000e-07	0.000000e+00	0.000000e+00	
730	2.870000e-07	0.000000e+00	0.000000e+00	
731	2.870800e-07	0.000000e+00	0.000000e+00	
732	2.872400e-07	0.000000e+00	0.000000e+00	
733	2.875600e-07	0.000000e+00	0.000000e+00	
734	2.882000e-07	0.000000e+00	0.000000e+00	
735	2.892000e-07	0.000000e+00	0.000000e+00	
736	2.900000e-07	0.000000e+00	0.000000e+00	
737	2.901000e-07	0.000000e+00	0.000000e+00	
738	2.903000e-07	0.000000e+00	0.000000e+00	
739	2.907000e-07	0.000000e+00	0.000000e+00	
740	2.910000e-07	0.000000e+00	0.000000e+00	
741	2.910800e-07	0.000000e+00	0.000000e+00	
742	2.912400e-07	0.000000e+00	0.000000e+00	
743	2.915600e-07	0.000000e+00	0.000000e+00	
744	2.920000e-07	0.000000e+00	0.000000e+00	
745	2.920640e-07	0.000000e+00	0.000000e+00	
746	2.921920e-07	0.000000e+00	0.000000e+00	
747	2.924480e-07	0.000000e+00	0.000000e+00	
748	2.929600e-07	0.000000e+00	0.000000e+00	
749	2.939600e-07	0.000000e+00	0.000000e+00	
750	2.949600e-07	0.000000e+00	0.000000e+00	

Index   time            v10#branch      v11#branch      
--------------------------------------------------------------------------------
751	2.959600e-07	0.000000e+00	0.000000e+00	
752	2.960000e-07	0.000000e+00	0.000000e+00	
753	2.960800e-07	0.000000e+00	0.000000e+00	
754	2.962400e-07	0.000000e+00	0.000000e+00	
755	2.965600e-07	0.000000e+00	0.000000e+00	
756	2.970000e-07	0.000000e+00	0.000000e+00	
757	2.970640e-07	0.000000e+00	0.000000e+00	
758	2.971920e-07	0.000000e+00	0.000000e+00	
759	2.974480e-07	0.000000e+00	0.000000e+00	
760	2.979600e-07	0.000000e+00	0.000000e+00	
761	2.989600e-07	0.000000e+00	0.000000e+00	
762	2.999600e-07	0.000000e+00	0.000000e+00	
763	3.000000e-07	0.000000e+00	0.000000e+00	
