                                kicad schematic
                                Transient Analysis  Mon Jul 06 20:03:07  2026
--------------------------------------------------------------------------------
Index   time            clk             clk_delayed     corrected_data0 
--------------------------------------------------------------------------------
0	0.000000e+00	0.000000e+00	0.000000e+00	0.000000e+00	
1	1.000000e-12	5.000000e-02	0.000000e+00	0.000000e+00	
2	2.000000e-12	1.000000e-01	0.000000e+00	0.000000e+00	
3	4.000000e-12	2.000000e-01	0.000000e+00	0.000000e+00	
4	8.000000e-12	4.000000e-01	0.000000e+00	0.000000e+00	
5	1.600000e-11	8.000000e-01	0.000000e+00	0.000000e+00	
6	3.200000e-11	1.600000e+00	0.000000e+00	0.000000e+00	
7	6.400000e-11	3.200000e+00	0.000000e+00	0.000000e+00	
8	1.000000e-10	5.000000e+00	0.000000e+00	0.000000e+00	
9	1.064000e-10	5.000000e+00	0.000000e+00	0.000000e+00	
10	1.192000e-10	5.000000e+00	0.000000e+00	0.000000e+00	
11	1.448000e-10	5.000000e+00	0.000000e+00	0.000000e+00	
12	1.960000e-10	5.000000e+00	0.000000e+00	0.000000e+00	
13	2.984000e-10	5.000000e+00	0.000000e+00	0.000000e+00	
14	5.032000e-10	5.000000e+00	0.000000e+00	0.000000e+00	
15	9.128000e-10	5.000000e+00	0.000000e+00	0.000000e+00	
16	1.732000e-09	5.000000e+00	0.000000e+00	0.000000e+00	
17	3.000000e-09	5.000000e+00	0.000000e+00	0.000000e+00	
18	3.010000e-09	5.000000e+00	5.000000e-01	0.000000e+00	
19	3.030000e-09	5.000000e+00	1.500000e+00	0.000000e+00	
20	3.070000e-09	5.000000e+00	3.500000e+00	0.000000e+00	
21	3.100000e-09	5.000000e+00	5.000000e+00	0.000000e+00	
22	3.108000e-09	5.000000e+00	5.000000e+00	0.000000e+00	
23	3.124000e-09	5.000000e+00	5.000000e+00	0.000000e+00	
24	3.156000e-09	5.000000e+00	5.000000e+00	0.000000e+00	
25	3.220000e-09	5.000000e+00	5.000000e+00	0.000000e+00	
26	3.348000e-09	5.000000e+00	5.000000e+00	0.000000e+00	
27	3.604000e-09	5.000000e+00	5.000000e+00	0.000000e+00	
28	4.116000e-09	5.000000e+00	5.000000e+00	0.000000e+00	
29	5.140000e-09	5.000000e+00	5.000000e+00	0.000000e+00	
30	7.188000e-09	5.000000e+00	5.000000e+00	0.000000e+00	
31	1.010000e-08	5.000000e+00	5.000000e+00	0.000000e+00	
32	1.011000e-08	4.500000e+00	5.000000e+00	0.000000e+00	
33	1.013000e-08	3.500000e+00	5.000000e+00	0.000000e+00	
34	1.017000e-08	1.500000e+00	5.000000e+00	0.000000e+00	
35	1.020000e-08	0.000000e+00	5.000000e+00	0.000000e+00	
36	1.020800e-08	0.000000e+00	5.000000e+00	0.000000e+00	
37	1.022400e-08	0.000000e+00	5.000000e+00	0.000000e+00	
38	1.025600e-08	0.000000e+00	5.000000e+00	0.000000e+00	
39	1.032000e-08	0.000000e+00	5.000000e+00	0.000000e+00	
40	1.044800e-08	0.000000e+00	5.000000e+00	0.000000e+00	
41	1.070400e-08	0.000000e+00	5.000000e+00	0.000000e+00	
42	1.121600e-08	0.000000e+00	5.000000e+00	0.000000e+00	
43	1.224000e-08	0.000000e+00	5.000000e+00	0.000000e+00	
44	1.310000e-08	0.000000e+00	5.000000e+00	0.000000e+00	
45	1.311000e-08	0.000000e+00	4.500000e+00	0.000000e+00	
46	1.313000e-08	0.000000e+00	3.500000e+00	0.000000e+00	
47	1.317000e-08	0.000000e+00	1.500000e+00	0.000000e+00	
48	1.320000e-08	0.000000e+00	4.529710e-14	0.000000e+00	
49	1.320800e-08	0.000000e+00	0.000000e+00	0.000000e+00	
50	1.322400e-08	0.000000e+00	0.000000e+00	0.000000e+00	
51	1.325600e-08	0.000000e+00	0.000000e+00	0.000000e+00	
52	1.332000e-08	0.000000e+00	0.000000e+00	0.000000e+00	
53	1.344800e-08	0.000000e+00	0.000000e+00	0.000000e+00	
54	1.370400e-08	0.000000e+00	0.000000e+00	0.000000e+00	

Index   time            clk             clk_delayed     corrected_data0 
--------------------------------------------------------------------------------
55	1.421600e-08	0.000000e+00	0.000000e+00	0.000000e+00	
56	1.524000e-08	0.000000e+00	0.000000e+00	0.000000e+00	
57	1.728800e-08	0.000000e+00	0.000000e+00	0.000000e+00	
58	2.000000e-08	0.000000e+00	0.000000e+00	0.000000e+00	
59	2.001000e-08	5.000000e-01	0.000000e+00	0.000000e+00	
60	2.003000e-08	1.500000e+00	0.000000e+00	0.000000e+00	
61	2.007000e-08	3.500000e+00	0.000000e+00	0.000000e+00	
62	2.010000e-08	5.000000e+00	0.000000e+00	0.000000e+00	
63	2.010800e-08	5.000000e+00	0.000000e+00	0.000000e+00	
64	2.012400e-08	5.000000e+00	0.000000e+00	0.000000e+00	
65	2.015600e-08	5.000000e+00	0.000000e+00	0.000000e+00	
66	2.022000e-08	5.000000e+00	0.000000e+00	0.000000e+00	
67	2.034800e-08	5.000000e+00	0.000000e+00	0.000000e+00	
68	2.060400e-08	5.000000e+00	0.000000e+00	0.000000e+00	
69	2.111600e-08	5.000000e+00	0.000000e+00	0.000000e+00	
70	2.214000e-08	5.000000e+00	0.000000e+00	0.000000e+00	
71	2.300000e-08	5.000000e+00	0.000000e+00	0.000000e+00	
72	2.301000e-08	5.000000e+00	5.000000e-01	0.000000e+00	
73	2.303000e-08	5.000000e+00	1.500000e+00	0.000000e+00	
74	2.307000e-08	5.000000e+00	3.500000e+00	0.000000e+00	
75	2.310000e-08	5.000000e+00	5.000000e+00	0.000000e+00	
76	2.310800e-08	5.000000e+00	5.000000e+00	0.000000e+00	
77	2.312400e-08	5.000000e+00	5.000000e+00	0.000000e+00	
78	2.315600e-08	5.000000e+00	5.000000e+00	0.000000e+00	
79	2.322000e-08	5.000000e+00	5.000000e+00	0.000000e+00	
80	2.334800e-08	5.000000e+00	5.000000e+00	0.000000e+00	
81	2.360400e-08	5.000000e+00	5.000000e+00	0.000000e+00	
82	2.411600e-08	5.000000e+00	5.000000e+00	0.000000e+00	
83	2.514000e-08	5.000000e+00	5.000000e+00	0.000000e+00	
84	2.718800e-08	5.000000e+00	5.000000e+00	0.000000e+00	
85	3.010000e-08	5.000000e+00	5.000000e+00	0.000000e+00	
86	3.011000e-08	4.500000e+00	5.000000e+00	0.000000e+00	
87	3.013000e-08	3.500000e+00	5.000000e+00	0.000000e+00	
88	3.017000e-08	1.500000e+00	5.000000e+00	0.000000e+00	
89	3.020000e-08	4.529710e-14	5.000000e+00	0.000000e+00	
90	3.020800e-08	0.000000e+00	5.000000e+00	0.000000e+00	
91	3.022400e-08	0.000000e+00	5.000000e+00	0.000000e+00	
92	3.025600e-08	0.000000e+00	5.000000e+00	0.000000e+00	
93	3.032000e-08	0.000000e+00	5.000000e+00	0.000000e+00	
94	3.044800e-08	0.000000e+00	5.000000e+00	0.000000e+00	
95	3.070400e-08	0.000000e+00	5.000000e+00	0.000000e+00	
96	3.121600e-08	0.000000e+00	5.000000e+00	0.000000e+00	
97	3.224000e-08	0.000000e+00	5.000000e+00	0.000000e+00	
98	3.310000e-08	0.000000e+00	5.000000e+00	0.000000e+00	
99	3.311000e-08	0.000000e+00	4.500000e+00	0.000000e+00	
100	3.313000e-08	0.000000e+00	3.500000e+00	0.000000e+00	
101	3.317000e-08	0.000000e+00	1.500000e+00	0.000000e+00	
102	3.320000e-08	0.000000e+00	0.000000e+00	0.000000e+00	
103	3.320800e-08	0.000000e+00	0.000000e+00	0.000000e+00	
104	3.322400e-08	0.000000e+00	0.000000e+00	0.000000e+00	
105	3.325600e-08	0.000000e+00	0.000000e+00	0.000000e+00	
106	3.332000e-08	0.000000e+00	0.000000e+00	0.000000e+00	
107	3.344800e-08	0.000000e+00	0.000000e+00	0.000000e+00	
108	3.370400e-08	0.000000e+00	0.000000e+00	0.000000e+00	
109	3.421600e-08	0.000000e+00	0.000000e+00	0.000000e+00	
110	3.524000e-08	0.000000e+00	0.000000e+00	0.000000e+00	
111	3.728800e-08	0.000000e+00	0.000000e+00	0.000000e+00	
112	4.000000e-08	0.000000e+00	0.000000e+00	0.000000e+00	

Index   time            clk             clk_delayed     corrected_data0 
--------------------------------------------------------------------------------
113	4.001000e-08	5.000000e-01	0.000000e+00	0.000000e+00	
114	4.003000e-08	1.500000e+00	0.000000e+00	0.000000e+00	
115	4.007000e-08	3.500000e+00	0.000000e+00	0.000000e+00	
116	4.010000e-08	5.000000e+00	0.000000e+00	0.000000e+00	
117	4.010800e-08	5.000000e+00	0.000000e+00	0.000000e+00	
118	4.012400e-08	5.000000e+00	0.000000e+00	0.000000e+00	
119	4.015600e-08	5.000000e+00	0.000000e+00	0.000000e+00	
120	4.022000e-08	5.000000e+00	0.000000e+00	0.000000e+00	
121	4.034800e-08	5.000000e+00	0.000000e+00	0.000000e+00	
122	4.060400e-08	5.000000e+00	0.000000e+00	0.000000e+00	
123	4.111600e-08	5.000000e+00	0.000000e+00	0.000000e+00	
124	4.214000e-08	5.000000e+00	0.000000e+00	0.000000e+00	
125	4.300000e-08	5.000000e+00	0.000000e+00	0.000000e+00	
126	4.301000e-08	5.000000e+00	5.000000e-01	0.000000e+00	
127	4.303000e-08	5.000000e+00	1.500000e+00	0.000000e+00	
128	4.307000e-08	5.000000e+00	3.500000e+00	0.000000e+00	
129	4.310000e-08	5.000000e+00	5.000000e+00	0.000000e+00	
130	4.310800e-08	5.000000e+00	5.000000e+00	0.000000e+00	
131	4.312400e-08	5.000000e+00	5.000000e+00	0.000000e+00	
132	4.315600e-08	5.000000e+00	5.000000e+00	0.000000e+00	
133	4.322000e-08	5.000000e+00	5.000000e+00	0.000000e+00	
134	4.334800e-08	5.000000e+00	5.000000e+00	0.000000e+00	
135	4.360400e-08	5.000000e+00	5.000000e+00	0.000000e+00	
136	4.411600e-08	5.000000e+00	5.000000e+00	0.000000e+00	
137	4.503000e-08	5.000000e+00	5.000000e+00	0.000000e+00	
138	4.513000e-08	5.000000e+00	5.000000e+00	0.000000e+00	
139	4.533000e-08	5.000000e+00	5.000000e+00	0.000000e+00	
140	4.573000e-08	5.000000e+00	5.000000e+00	0.000000e+00	
141	4.603000e-08	5.000000e+00	5.000000e+00	0.000000e+00	
142	4.611000e-08	5.000000e+00	5.000000e+00	0.000000e+00	
143	4.627000e-08	5.000000e+00	5.000000e+00	0.000000e+00	
144	4.659000e-08	5.000000e+00	5.000000e+00	0.000000e+00	
145	4.723000e-08	5.000000e+00	5.000000e+00	0.000000e+00	
146	4.851000e-08	5.000000e+00	5.000000e+00	0.000000e+00	
147	5.010000e-08	5.000000e+00	5.000000e+00	0.000000e+00	
148	5.011000e-08	4.500000e+00	5.000000e+00	0.000000e+00	
149	5.013000e-08	3.500000e+00	5.000000e+00	0.000000e+00	
150	5.017000e-08	1.500000e+00	5.000000e+00	0.000000e+00	
151	5.020000e-08	0.000000e+00	5.000000e+00	0.000000e+00	
152	5.020800e-08	0.000000e+00	5.000000e+00	0.000000e+00	
153	5.022400e-08	0.000000e+00	5.000000e+00	0.000000e+00	
154	5.025600e-08	0.000000e+00	5.000000e+00	0.000000e+00	
155	5.032000e-08	0.000000e+00	5.000000e+00	0.000000e+00	
156	5.044800e-08	0.000000e+00	5.000000e+00	0.000000e+00	
157	5.070400e-08	0.000000e+00	5.000000e+00	0.000000e+00	
158	5.121600e-08	0.000000e+00	5.000000e+00	0.000000e+00	
159	5.224000e-08	0.000000e+00	5.000000e+00	0.000000e+00	
160	5.310000e-08	0.000000e+00	5.000000e+00	0.000000e+00	
161	5.311000e-08	0.000000e+00	4.500000e+00	0.000000e+00	
162	5.313000e-08	0.000000e+00	3.500000e+00	0.000000e+00	
163	5.317000e-08	0.000000e+00	1.500000e+00	0.000000e+00	
164	5.320000e-08	0.000000e+00	0.000000e+00	0.000000e+00	
165	5.320800e-08	0.000000e+00	0.000000e+00	0.000000e+00	
166	5.322400e-08	0.000000e+00	0.000000e+00	0.000000e+00	
167	5.325600e-08	0.000000e+00	0.000000e+00	0.000000e+00	
168	5.332000e-08	0.000000e+00	0.000000e+00	0.000000e+00	
169	5.344800e-08	0.000000e+00	0.000000e+00	0.000000e+00	
170	5.370400e-08	0.000000e+00	0.000000e+00	0.000000e+00	

Index   time            clk             clk_delayed     corrected_data0 
--------------------------------------------------------------------------------
171	5.421600e-08	0.000000e+00	0.000000e+00	0.000000e+00	
172	5.524000e-08	0.000000e+00	0.000000e+00	0.000000e+00	
173	5.728800e-08	0.000000e+00	0.000000e+00	0.000000e+00	
174	6.000000e-08	0.000000e+00	0.000000e+00	0.000000e+00	
175	6.001000e-08	5.000000e-01	0.000000e+00	0.000000e+00	
176	6.003000e-08	1.500000e+00	0.000000e+00	0.000000e+00	
177	6.007000e-08	3.500000e+00	0.000000e+00	0.000000e+00	
178	6.010000e-08	5.000000e+00	0.000000e+00	0.000000e+00	
179	6.010800e-08	5.000000e+00	0.000000e+00	0.000000e+00	
180	6.012400e-08	5.000000e+00	0.000000e+00	0.000000e+00	
181	6.015600e-08	5.000000e+00	0.000000e+00	0.000000e+00	
182	6.022000e-08	5.000000e+00	0.000000e+00	0.000000e+00	
183	6.034800e-08	5.000000e+00	0.000000e+00	0.000000e+00	
184	6.060400e-08	5.000000e+00	0.000000e+00	0.000000e+00	
185	6.111600e-08	5.000000e+00	0.000000e+00	0.000000e+00	
186	6.214000e-08	5.000000e+00	0.000000e+00	0.000000e+00	
187	6.300000e-08	5.000000e+00	0.000000e+00	0.000000e+00	
188	6.301000e-08	5.000000e+00	5.000000e-01	0.000000e+00	
189	6.303000e-08	5.000000e+00	1.500000e+00	0.000000e+00	
190	6.307000e-08	5.000000e+00	3.500000e+00	0.000000e+00	
191	6.310000e-08	5.000000e+00	5.000000e+00	0.000000e+00	
192	6.310800e-08	5.000000e+00	5.000000e+00	0.000000e+00	
193	6.312400e-08	5.000000e+00	5.000000e+00	0.000000e+00	
194	6.315600e-08	5.000000e+00	5.000000e+00	0.000000e+00	
195	6.322000e-08	5.000000e+00	5.000000e+00	0.000000e+00	
196	6.334800e-08	5.000000e+00	5.000000e+00	0.000000e+00	
197	6.360400e-08	5.000000e+00	5.000000e+00	0.000000e+00	
198	6.411600e-08	5.000000e+00	5.000000e+00	0.000000e+00	
199	6.503000e-08	5.000000e+00	5.000000e+00	0.000000e+00	
200	6.513000e-08	5.000000e+00	5.000000e+00	5.000000e-01	
201	6.533000e-08	5.000000e+00	5.000000e+00	1.500000e+00	
202	6.573000e-08	5.000000e+00	5.000000e+00	3.500000e+00	
203	6.603000e-08	5.000000e+00	5.000000e+00	5.000000e+00	
204	6.611000e-08	5.000000e+00	5.000000e+00	5.000000e+00	
205	6.627000e-08	5.000000e+00	5.000000e+00	5.000000e+00	
206	6.659000e-08	5.000000e+00	5.000000e+00	5.000000e+00	
207	6.723000e-08	5.000000e+00	5.000000e+00	5.000000e+00	
208	6.851000e-08	5.000000e+00	5.000000e+00	5.000000e+00	
209	7.010000e-08	5.000000e+00	5.000000e+00	5.000000e+00	
210	7.011000e-08	4.500000e+00	5.000000e+00	5.000000e+00	
211	7.013000e-08	3.500000e+00	5.000000e+00	5.000000e+00	
212	7.017000e-08	1.500000e+00	5.000000e+00	5.000000e+00	
213	7.020000e-08	5.417888e-13	5.000000e+00	5.000000e+00	
214	7.020800e-08	0.000000e+00	5.000000e+00	5.000000e+00	
215	7.022400e-08	0.000000e+00	5.000000e+00	5.000000e+00	
216	7.025600e-08	0.000000e+00	5.000000e+00	5.000000e+00	
217	7.032000e-08	0.000000e+00	5.000000e+00	5.000000e+00	
218	7.044800e-08	0.000000e+00	5.000000e+00	5.000000e+00	
219	7.070400e-08	0.000000e+00	5.000000e+00	5.000000e+00	
220	7.121600e-08	0.000000e+00	5.000000e+00	5.000000e+00	
221	7.224000e-08	0.000000e+00	5.000000e+00	5.000000e+00	
222	7.310000e-08	0.000000e+00	5.000000e+00	5.000000e+00	
223	7.311000e-08	0.000000e+00	4.500000e+00	5.000000e+00	
224	7.313000e-08	0.000000e+00	3.500000e+00	5.000000e+00	
225	7.317000e-08	0.000000e+00	1.500000e+00	5.000000e+00	
226	7.320000e-08	0.000000e+00	5.417888e-13	5.000000e+00	
227	7.320800e-08	0.000000e+00	0.000000e+00	5.000000e+00	
228	7.322400e-08	0.000000e+00	0.000000e+00	5.000000e+00	

Index   time            clk             clk_delayed     corrected_data0 
--------------------------------------------------------------------------------
229	7.325600e-08	0.000000e+00	0.000000e+00	5.000000e+00	
230	7.332000e-08	0.000000e+00	0.000000e+00	5.000000e+00	
231	7.344800e-08	0.000000e+00	0.000000e+00	5.000000e+00	
232	7.370400e-08	0.000000e+00	0.000000e+00	5.000000e+00	
233	7.421600e-08	0.000000e+00	0.000000e+00	5.000000e+00	
234	7.524000e-08	0.000000e+00	0.000000e+00	5.000000e+00	
235	7.728800e-08	0.000000e+00	0.000000e+00	5.000000e+00	
236	8.000000e-08	0.000000e+00	0.000000e+00	5.000000e+00	
237	8.001000e-08	5.000000e-01	0.000000e+00	5.000000e+00	
238	8.003000e-08	1.500000e+00	0.000000e+00	5.000000e+00	
239	8.007000e-08	3.500000e+00	0.000000e+00	5.000000e+00	
240	8.010000e-08	5.000000e+00	0.000000e+00	5.000000e+00	
241	8.010800e-08	5.000000e+00	0.000000e+00	5.000000e+00	
242	8.012400e-08	5.000000e+00	0.000000e+00	5.000000e+00	
243	8.015600e-08	5.000000e+00	0.000000e+00	5.000000e+00	
244	8.022000e-08	5.000000e+00	0.000000e+00	5.000000e+00	
245	8.034800e-08	5.000000e+00	0.000000e+00	5.000000e+00	
246	8.060400e-08	5.000000e+00	0.000000e+00	5.000000e+00	
247	8.111600e-08	5.000000e+00	0.000000e+00	5.000000e+00	
248	8.214000e-08	5.000000e+00	0.000000e+00	5.000000e+00	
249	8.300000e-08	5.000000e+00	0.000000e+00	5.000000e+00	
250	8.301000e-08	5.000000e+00	5.000000e-01	5.000000e+00	
251	8.303000e-08	5.000000e+00	1.500000e+00	5.000000e+00	
252	8.307000e-08	5.000000e+00	3.500000e+00	5.000000e+00	
253	8.310000e-08	5.000000e+00	5.000000e+00	5.000000e+00	
254	8.310800e-08	5.000000e+00	5.000000e+00	5.000000e+00	
255	8.312400e-08	5.000000e+00	5.000000e+00	5.000000e+00	
256	8.315600e-08	5.000000e+00	5.000000e+00	5.000000e+00	
257	8.322000e-08	5.000000e+00	5.000000e+00	5.000000e+00	
258	8.334800e-08	5.000000e+00	5.000000e+00	5.000000e+00	
259	8.360400e-08	5.000000e+00	5.000000e+00	5.000000e+00	
260	8.411600e-08	5.000000e+00	5.000000e+00	5.000000e+00	
261	8.503000e-08	5.000000e+00	5.000000e+00	5.000000e+00	
262	8.513000e-08	5.000000e+00	5.000000e+00	5.000000e+00	
263	8.533000e-08	5.000000e+00	5.000000e+00	5.000000e+00	
264	8.573000e-08	5.000000e+00	5.000000e+00	5.000000e+00	
265	8.603000e-08	5.000000e+00	5.000000e+00	5.000000e+00	
266	8.611000e-08	5.000000e+00	5.000000e+00	5.000000e+00	
267	8.627000e-08	5.000000e+00	5.000000e+00	5.000000e+00	
268	8.659000e-08	5.000000e+00	5.000000e+00	5.000000e+00	
269	8.723000e-08	5.000000e+00	5.000000e+00	5.000000e+00	
270	8.851000e-08	5.000000e+00	5.000000e+00	5.000000e+00	
271	9.010000e-08	5.000000e+00	5.000000e+00	5.000000e+00	
272	9.011000e-08	4.500000e+00	5.000000e+00	5.000000e+00	
273	9.013000e-08	3.500000e+00	5.000000e+00	5.000000e+00	
274	9.017000e-08	1.500000e+00	5.000000e+00	5.000000e+00	
275	9.020000e-08	5.417888e-13	5.000000e+00	5.000000e+00	
276	9.020800e-08	0.000000e+00	5.000000e+00	5.000000e+00	
277	9.022400e-08	0.000000e+00	5.000000e+00	5.000000e+00	
278	9.025600e-08	0.000000e+00	5.000000e+00	5.000000e+00	
279	9.032000e-08	0.000000e+00	5.000000e+00	5.000000e+00	
280	9.044800e-08	0.000000e+00	5.000000e+00	5.000000e+00	
281	9.070400e-08	0.000000e+00	5.000000e+00	5.000000e+00	
282	9.121600e-08	0.000000e+00	5.000000e+00	5.000000e+00	
283	9.224000e-08	0.000000e+00	5.000000e+00	5.000000e+00	
284	9.310000e-08	0.000000e+00	5.000000e+00	5.000000e+00	
285	9.311000e-08	0.000000e+00	4.500000e+00	5.000000e+00	
286	9.313000e-08	0.000000e+00	3.500000e+00	5.000000e+00	

Index   time            clk             clk_delayed     corrected_data0 
--------------------------------------------------------------------------------
287	9.317000e-08	0.000000e+00	1.500000e+00	5.000000e+00	
288	9.320000e-08	0.000000e+00	5.417888e-13	5.000000e+00	
289	9.320800e-08	0.000000e+00	0.000000e+00	5.000000e+00	
290	9.322400e-08	0.000000e+00	0.000000e+00	5.000000e+00	
291	9.325600e-08	0.000000e+00	0.000000e+00	5.000000e+00	
292	9.332000e-08	0.000000e+00	0.000000e+00	5.000000e+00	
293	9.344800e-08	0.000000e+00	0.000000e+00	5.000000e+00	
294	9.370400e-08	0.000000e+00	0.000000e+00	5.000000e+00	
295	9.421600e-08	0.000000e+00	0.000000e+00	5.000000e+00	
296	9.524000e-08	0.000000e+00	0.000000e+00	5.000000e+00	
297	9.728800e-08	0.000000e+00	0.000000e+00	5.000000e+00	
298	1.000000e-07	0.000000e+00	0.000000e+00	5.000000e+00	
299	1.000100e-07	5.000000e-01	0.000000e+00	5.000000e+00	
300	1.000300e-07	1.500000e+00	0.000000e+00	5.000000e+00	
301	1.000700e-07	3.500000e+00	0.000000e+00	5.000000e+00	
302	1.001000e-07	5.000000e+00	0.000000e+00	5.000000e+00	
303	1.001080e-07	5.000000e+00	0.000000e+00	5.000000e+00	
304	1.001240e-07	5.000000e+00	0.000000e+00	5.000000e+00	
305	1.001560e-07	5.000000e+00	0.000000e+00	5.000000e+00	
306	1.002200e-07	5.000000e+00	0.000000e+00	5.000000e+00	
307	1.003480e-07	5.000000e+00	0.000000e+00	5.000000e+00	
308	1.006040e-07	5.000000e+00	0.000000e+00	5.000000e+00	
309	1.011160e-07	5.000000e+00	0.000000e+00	5.000000e+00	
310	1.015000e-07	5.000000e+00	0.000000e+00	5.000000e+00	
311	1.015100e-07	5.000000e+00	0.000000e+00	5.000000e+00	
312	1.015300e-07	5.000000e+00	0.000000e+00	5.000000e+00	
313	1.015700e-07	5.000000e+00	0.000000e+00	5.000000e+00	
314	1.016000e-07	5.000000e+00	0.000000e+00	5.000000e+00	
315	1.016080e-07	5.000000e+00	0.000000e+00	5.000000e+00	
316	1.016240e-07	5.000000e+00	0.000000e+00	5.000000e+00	
317	1.016560e-07	5.000000e+00	0.000000e+00	5.000000e+00	
318	1.017200e-07	5.000000e+00	0.000000e+00	5.000000e+00	
319	1.018480e-07	5.000000e+00	0.000000e+00	5.000000e+00	
320	1.021040e-07	5.000000e+00	0.000000e+00	5.000000e+00	
321	1.026160e-07	5.000000e+00	0.000000e+00	5.000000e+00	
322	1.030000e-07	5.000000e+00	0.000000e+00	5.000000e+00	
323	1.030100e-07	5.000000e+00	5.000000e-01	5.000000e+00	
324	1.030300e-07	5.000000e+00	1.500000e+00	5.000000e+00	
325	1.030700e-07	5.000000e+00	3.500000e+00	5.000000e+00	
326	1.031000e-07	5.000000e+00	5.000000e+00	5.000000e+00	
327	1.031080e-07	5.000000e+00	5.000000e+00	5.000000e+00	
328	1.031240e-07	5.000000e+00	5.000000e+00	5.000000e+00	
329	1.031560e-07	5.000000e+00	5.000000e+00	5.000000e+00	
330	1.032200e-07	5.000000e+00	5.000000e+00	5.000000e+00	
331	1.033480e-07	5.000000e+00	5.000000e+00	5.000000e+00	
332	1.036040e-07	5.000000e+00	5.000000e+00	5.000000e+00	
333	1.041160e-07	5.000000e+00	5.000000e+00	5.000000e+00	
334	1.050300e-07	5.000000e+00	5.000000e+00	5.000000e+00	
335	1.051300e-07	5.000000e+00	5.000000e+00	5.000000e+00	
336	1.053300e-07	5.000000e+00	5.000000e+00	5.000000e+00	
337	1.057300e-07	5.000000e+00	5.000000e+00	5.000000e+00	
338	1.060300e-07	5.000000e+00	5.000000e+00	5.000000e+00	
339	1.061100e-07	5.000000e+00	5.000000e+00	5.000000e+00	
340	1.062700e-07	5.000000e+00	5.000000e+00	5.000000e+00	
341	1.065900e-07	5.000000e+00	5.000000e+00	5.000000e+00	
342	1.072300e-07	5.000000e+00	5.000000e+00	5.000000e+00	
343	1.085100e-07	5.000000e+00	5.000000e+00	5.000000e+00	
344	1.101000e-07	5.000000e+00	5.000000e+00	5.000000e+00	

Index   time            clk             clk_delayed     corrected_data0 
--------------------------------------------------------------------------------
345	1.101100e-07	4.500000e+00	5.000000e+00	5.000000e+00	
346	1.101300e-07	3.500000e+00	5.000000e+00	5.000000e+00	
347	1.101700e-07	1.500000e+00	5.000000e+00	5.000000e+00	
348	1.102000e-07	5.417888e-13	5.000000e+00	5.000000e+00	
349	1.102080e-07	0.000000e+00	5.000000e+00	5.000000e+00	
350	1.102240e-07	0.000000e+00	5.000000e+00	5.000000e+00	
351	1.102560e-07	0.000000e+00	5.000000e+00	5.000000e+00	
352	1.103200e-07	0.000000e+00	5.000000e+00	5.000000e+00	
353	1.104480e-07	0.000000e+00	5.000000e+00	5.000000e+00	
354	1.107040e-07	0.000000e+00	5.000000e+00	5.000000e+00	
355	1.112160e-07	0.000000e+00	5.000000e+00	5.000000e+00	
356	1.122400e-07	0.000000e+00	5.000000e+00	5.000000e+00	
357	1.131000e-07	0.000000e+00	5.000000e+00	5.000000e+00	
358	1.131100e-07	0.000000e+00	4.500000e+00	5.000000e+00	
359	1.131300e-07	0.000000e+00	3.500000e+00	5.000000e+00	
360	1.131700e-07	0.000000e+00	1.500000e+00	5.000000e+00	
361	1.132000e-07	0.000000e+00	5.417888e-13	5.000000e+00	
362	1.132080e-07	0.000000e+00	0.000000e+00	5.000000e+00	
363	1.132240e-07	0.000000e+00	0.000000e+00	5.000000e+00	
364	1.132560e-07	0.000000e+00	0.000000e+00	5.000000e+00	
365	1.133200e-07	0.000000e+00	0.000000e+00	5.000000e+00	
366	1.134480e-07	0.000000e+00	0.000000e+00	5.000000e+00	
367	1.137040e-07	0.000000e+00	0.000000e+00	5.000000e+00	
368	1.142160e-07	0.000000e+00	0.000000e+00	5.000000e+00	
369	1.152400e-07	0.000000e+00	0.000000e+00	5.000000e+00	
370	1.172880e-07	0.000000e+00	0.000000e+00	5.000000e+00	
371	1.200000e-07	0.000000e+00	0.000000e+00	5.000000e+00	
372	1.200100e-07	5.000000e-01	0.000000e+00	5.000000e+00	
373	1.200300e-07	1.500000e+00	0.000000e+00	5.000000e+00	
374	1.200700e-07	3.500000e+00	0.000000e+00	5.000000e+00	
375	1.201000e-07	5.000000e+00	0.000000e+00	5.000000e+00	
376	1.201080e-07	5.000000e+00	0.000000e+00	5.000000e+00	
377	1.201240e-07	5.000000e+00	0.000000e+00	5.000000e+00	
378	1.201560e-07	5.000000e+00	0.000000e+00	5.000000e+00	
379	1.202200e-07	5.000000e+00	0.000000e+00	5.000000e+00	
380	1.203480e-07	5.000000e+00	0.000000e+00	5.000000e+00	
381	1.206040e-07	5.000000e+00	0.000000e+00	5.000000e+00	
382	1.211160e-07	5.000000e+00	0.000000e+00	5.000000e+00	
383	1.221400e-07	5.000000e+00	0.000000e+00	5.000000e+00	
384	1.230000e-07	5.000000e+00	0.000000e+00	5.000000e+00	
385	1.230100e-07	5.000000e+00	5.000000e-01	5.000000e+00	
386	1.230300e-07	5.000000e+00	1.500000e+00	5.000000e+00	
387	1.230700e-07	5.000000e+00	3.500000e+00	5.000000e+00	
388	1.231000e-07	5.000000e+00	5.000000e+00	5.000000e+00	
389	1.231080e-07	5.000000e+00	5.000000e+00	5.000000e+00	
390	1.231240e-07	5.000000e+00	5.000000e+00	5.000000e+00	
391	1.231560e-07	5.000000e+00	5.000000e+00	5.000000e+00	
392	1.232200e-07	5.000000e+00	5.000000e+00	5.000000e+00	
393	1.233480e-07	5.000000e+00	5.000000e+00	5.000000e+00	
394	1.236040e-07	5.000000e+00	5.000000e+00	5.000000e+00	
395	1.241160e-07	5.000000e+00	5.000000e+00	5.000000e+00	
396	1.250300e-07	5.000000e+00	5.000000e+00	5.000000e+00	
397	1.251300e-07	5.000000e+00	5.000000e+00	5.000000e+00	
398	1.253300e-07	5.000000e+00	5.000000e+00	5.000000e+00	
399	1.257300e-07	5.000000e+00	5.000000e+00	5.000000e+00	
400	1.260300e-07	5.000000e+00	5.000000e+00	5.000000e+00	
401	1.261100e-07	5.000000e+00	5.000000e+00	5.000000e+00	
402	1.262700e-07	5.000000e+00	5.000000e+00	5.000000e+00	

Index   time            clk             clk_delayed     corrected_data0 
--------------------------------------------------------------------------------
403	1.265900e-07	5.000000e+00	5.000000e+00	5.000000e+00	
404	1.272300e-07	5.000000e+00	5.000000e+00	5.000000e+00	
405	1.285100e-07	5.000000e+00	5.000000e+00	5.000000e+00	
406	1.301000e-07	5.000000e+00	5.000000e+00	5.000000e+00	
407	1.301100e-07	4.500000e+00	5.000000e+00	5.000000e+00	
408	1.301300e-07	3.500000e+00	5.000000e+00	5.000000e+00	
409	1.301700e-07	1.500000e+00	5.000000e+00	5.000000e+00	
410	1.302000e-07	0.000000e+00	5.000000e+00	5.000000e+00	
411	1.302080e-07	0.000000e+00	5.000000e+00	5.000000e+00	
412	1.302240e-07	0.000000e+00	5.000000e+00	5.000000e+00	
413	1.302560e-07	0.000000e+00	5.000000e+00	5.000000e+00	
414	1.303200e-07	0.000000e+00	5.000000e+00	5.000000e+00	
415	1.304480e-07	0.000000e+00	5.000000e+00	5.000000e+00	
416	1.307040e-07	0.000000e+00	5.000000e+00	5.000000e+00	
417	1.312160e-07	0.000000e+00	5.000000e+00	5.000000e+00	
418	1.322400e-07	0.000000e+00	5.000000e+00	5.000000e+00	
419	1.331000e-07	0.000000e+00	5.000000e+00	5.000000e+00	
420	1.331100e-07	0.000000e+00	4.500000e+00	5.000000e+00	
421	1.331300e-07	0.000000e+00	3.500000e+00	5.000000e+00	
422	1.331700e-07	0.000000e+00	1.500000e+00	5.000000e+00	
423	1.332000e-07	0.000000e+00	0.000000e+00	5.000000e+00	
424	1.332080e-07	0.000000e+00	0.000000e+00	5.000000e+00	
425	1.332240e-07	0.000000e+00	0.000000e+00	5.000000e+00	
426	1.332560e-07	0.000000e+00	0.000000e+00	5.000000e+00	
427	1.333200e-07	0.000000e+00	0.000000e+00	5.000000e+00	
428	1.334480e-07	0.000000e+00	0.000000e+00	5.000000e+00	
429	1.337040e-07	0.000000e+00	0.000000e+00	5.000000e+00	
430	1.342160e-07	0.000000e+00	0.000000e+00	5.000000e+00	
431	1.352400e-07	0.000000e+00	0.000000e+00	5.000000e+00	
432	1.372880e-07	0.000000e+00	0.000000e+00	5.000000e+00	
433	1.400000e-07	0.000000e+00	0.000000e+00	5.000000e+00	
434	1.400100e-07	5.000000e-01	0.000000e+00	5.000000e+00	
435	1.400300e-07	1.500000e+00	0.000000e+00	5.000000e+00	
436	1.400700e-07	3.500000e+00	0.000000e+00	5.000000e+00	
437	1.401000e-07	5.000000e+00	0.000000e+00	5.000000e+00	
438	1.401080e-07	5.000000e+00	0.000000e+00	5.000000e+00	
439	1.401240e-07	5.000000e+00	0.000000e+00	5.000000e+00	
440	1.401560e-07	5.000000e+00	0.000000e+00	5.000000e+00	
441	1.402200e-07	5.000000e+00	0.000000e+00	5.000000e+00	
442	1.403480e-07	5.000000e+00	0.000000e+00	5.000000e+00	
443	1.406040e-07	5.000000e+00	0.000000e+00	5.000000e+00	
444	1.411160e-07	5.000000e+00	0.000000e+00	5.000000e+00	
445	1.421400e-07	5.000000e+00	0.000000e+00	5.000000e+00	
446	1.430000e-07	5.000000e+00	0.000000e+00	5.000000e+00	
447	1.430100e-07	5.000000e+00	5.000000e-01	5.000000e+00	
448	1.430300e-07	5.000000e+00	1.500000e+00	5.000000e+00	
449	1.430700e-07	5.000000e+00	3.500000e+00	5.000000e+00	
450	1.431000e-07	5.000000e+00	5.000000e+00	5.000000e+00	
451	1.431080e-07	5.000000e+00	5.000000e+00	5.000000e+00	
452	1.431240e-07	5.000000e+00	5.000000e+00	5.000000e+00	
453	1.431560e-07	5.000000e+00	5.000000e+00	5.000000e+00	
454	1.432200e-07	5.000000e+00	5.000000e+00	5.000000e+00	
455	1.433480e-07	5.000000e+00	5.000000e+00	5.000000e+00	
456	1.436040e-07	5.000000e+00	5.000000e+00	5.000000e+00	
457	1.441160e-07	5.000000e+00	5.000000e+00	5.000000e+00	
458	1.450300e-07	5.000000e+00	5.000000e+00	5.000000e+00	
459	1.451300e-07	5.000000e+00	5.000000e+00	4.500000e+00	
460	1.453300e-07	5.000000e+00	5.000000e+00	3.500000e+00	

Index   time            clk             clk_delayed     corrected_data0 
--------------------------------------------------------------------------------
461	1.457300e-07	5.000000e+00	5.000000e+00	1.500000e+00	
462	1.460300e-07	5.000000e+00	5.000000e+00	2.708944e-14	
463	1.461100e-07	5.000000e+00	5.000000e+00	0.000000e+00	
464	1.462700e-07	5.000000e+00	5.000000e+00	0.000000e+00	
465	1.465900e-07	5.000000e+00	5.000000e+00	0.000000e+00	
466	1.472300e-07	5.000000e+00	5.000000e+00	0.000000e+00	
467	1.485100e-07	5.000000e+00	5.000000e+00	0.000000e+00	
468	1.501000e-07	5.000000e+00	5.000000e+00	0.000000e+00	
469	1.501100e-07	4.500000e+00	5.000000e+00	0.000000e+00	
470	1.501300e-07	3.500000e+00	5.000000e+00	0.000000e+00	
471	1.501700e-07	1.500000e+00	5.000000e+00	0.000000e+00	
472	1.502000e-07	0.000000e+00	5.000000e+00	0.000000e+00	
473	1.502080e-07	0.000000e+00	5.000000e+00	0.000000e+00	
474	1.502240e-07	0.000000e+00	5.000000e+00	0.000000e+00	
475	1.502560e-07	0.000000e+00	5.000000e+00	0.000000e+00	
476	1.503200e-07	0.000000e+00	5.000000e+00	0.000000e+00	
477	1.504480e-07	0.000000e+00	5.000000e+00	0.000000e+00	
478	1.507040e-07	0.000000e+00	5.000000e+00	0.000000e+00	
479	1.512160e-07	0.000000e+00	5.000000e+00	0.000000e+00	
480	1.522400e-07	0.000000e+00	5.000000e+00	0.000000e+00	
481	1.531000e-07	0.000000e+00	5.000000e+00	0.000000e+00	
482	1.531100e-07	0.000000e+00	4.500000e+00	0.000000e+00	
483	1.531300e-07	0.000000e+00	3.500000e+00	0.000000e+00	
484	1.531700e-07	0.000000e+00	1.500000e+00	0.000000e+00	
485	1.532000e-07	0.000000e+00	0.000000e+00	0.000000e+00	
486	1.532080e-07	0.000000e+00	0.000000e+00	0.000000e+00	
487	1.532240e-07	0.000000e+00	0.000000e+00	0.000000e+00	
488	1.532560e-07	0.000000e+00	0.000000e+00	0.000000e+00	
489	1.533200e-07	0.000000e+00	0.000000e+00	0.000000e+00	
490	1.534480e-07	0.000000e+00	0.000000e+00	0.000000e+00	
491	1.537040e-07	0.000000e+00	0.000000e+00	0.000000e+00	
492	1.542160e-07	0.000000e+00	0.000000e+00	0.000000e+00	
493	1.552400e-07	0.000000e+00	0.000000e+00	0.000000e+00	
494	1.572880e-07	0.000000e+00	0.000000e+00	0.000000e+00	
495	1.600000e-07	0.000000e+00	0.000000e+00	0.000000e+00	
496	1.600100e-07	5.000000e-01	0.000000e+00	0.000000e+00	
497	1.600300e-07	1.500000e+00	0.000000e+00	0.000000e+00	
498	1.600700e-07	3.500000e+00	0.000000e+00	0.000000e+00	
499	1.601000e-07	5.000000e+00	0.000000e+00	0.000000e+00	
500	1.601080e-07	5.000000e+00	0.000000e+00	0.000000e+00	
501	1.601240e-07	5.000000e+00	0.000000e+00	0.000000e+00	
502	1.601560e-07	5.000000e+00	0.000000e+00	0.000000e+00	
503	1.602200e-07	5.000000e+00	0.000000e+00	0.000000e+00	
504	1.603480e-07	5.000000e+00	0.000000e+00	0.000000e+00	
505	1.606040e-07	5.000000e+00	0.000000e+00	0.000000e+00	
506	1.611160e-07	5.000000e+00	0.000000e+00	0.000000e+00	
507	1.621400e-07	5.000000e+00	0.000000e+00	0.000000e+00	
508	1.630000e-07	5.000000e+00	0.000000e+00	0.000000e+00	
509	1.630100e-07	5.000000e+00	5.000000e-01	0.000000e+00	
510	1.630300e-07	5.000000e+00	1.500000e+00	0.000000e+00	
511	1.630700e-07	5.000000e+00	3.500000e+00	0.000000e+00	
512	1.631000e-07	5.000000e+00	5.000000e+00	0.000000e+00	
513	1.631080e-07	5.000000e+00	5.000000e+00	0.000000e+00	
514	1.631240e-07	5.000000e+00	5.000000e+00	0.000000e+00	
515	1.631560e-07	5.000000e+00	5.000000e+00	0.000000e+00	
516	1.632200e-07	5.000000e+00	5.000000e+00	0.000000e+00	
517	1.633480e-07	5.000000e+00	5.000000e+00	0.000000e+00	
518	1.636040e-07	5.000000e+00	5.000000e+00	0.000000e+00	

Index   time            clk             clk_delayed     corrected_data0 
--------------------------------------------------------------------------------
519	1.641160e-07	5.000000e+00	5.000000e+00	0.000000e+00	
520	1.650300e-07	5.000000e+00	5.000000e+00	0.000000e+00	
521	1.651300e-07	5.000000e+00	5.000000e+00	0.000000e+00	
522	1.653300e-07	5.000000e+00	5.000000e+00	0.000000e+00	
523	1.657300e-07	5.000000e+00	5.000000e+00	0.000000e+00	
524	1.660300e-07	5.000000e+00	5.000000e+00	0.000000e+00	
525	1.661100e-07	5.000000e+00	5.000000e+00	0.000000e+00	
526	1.662700e-07	5.000000e+00	5.000000e+00	0.000000e+00	
527	1.665900e-07	5.000000e+00	5.000000e+00	0.000000e+00	
528	1.672300e-07	5.000000e+00	5.000000e+00	0.000000e+00	
529	1.685100e-07	5.000000e+00	5.000000e+00	0.000000e+00	
530	1.701000e-07	5.000000e+00	5.000000e+00	0.000000e+00	
531	1.701100e-07	4.500000e+00	5.000000e+00	0.000000e+00	
532	1.701300e-07	3.500000e+00	5.000000e+00	0.000000e+00	
533	1.701700e-07	1.500000e+00	5.000000e+00	0.000000e+00	
534	1.702000e-07	0.000000e+00	5.000000e+00	0.000000e+00	
535	1.702080e-07	0.000000e+00	5.000000e+00	0.000000e+00	
536	1.702240e-07	0.000000e+00	5.000000e+00	0.000000e+00	
537	1.702560e-07	0.000000e+00	5.000000e+00	0.000000e+00	
538	1.703200e-07	0.000000e+00	5.000000e+00	0.000000e+00	
539	1.704480e-07	0.000000e+00	5.000000e+00	0.000000e+00	
540	1.707040e-07	0.000000e+00	5.000000e+00	0.000000e+00	
541	1.712160e-07	0.000000e+00	5.000000e+00	0.000000e+00	
542	1.722400e-07	0.000000e+00	5.000000e+00	0.000000e+00	
543	1.731000e-07	0.000000e+00	5.000000e+00	0.000000e+00	
544	1.731100e-07	0.000000e+00	4.500000e+00	0.000000e+00	
545	1.731300e-07	0.000000e+00	3.500000e+00	0.000000e+00	
546	1.731700e-07	0.000000e+00	1.500000e+00	0.000000e+00	
547	1.732000e-07	0.000000e+00	0.000000e+00	0.000000e+00	
548	1.732080e-07	0.000000e+00	0.000000e+00	0.000000e+00	
549	1.732240e-07	0.000000e+00	0.000000e+00	0.000000e+00	
550	1.732560e-07	0.000000e+00	0.000000e+00	0.000000e+00	
551	1.733200e-07	0.000000e+00	0.000000e+00	0.000000e+00	
552	1.734480e-07	0.000000e+00	0.000000e+00	0.000000e+00	
553	1.737040e-07	0.000000e+00	0.000000e+00	0.000000e+00	
554	1.742160e-07	0.000000e+00	0.000000e+00	0.000000e+00	
555	1.752400e-07	0.000000e+00	0.000000e+00	0.000000e+00	
556	1.772880e-07	0.000000e+00	0.000000e+00	0.000000e+00	
557	1.800000e-07	0.000000e+00	0.000000e+00	0.000000e+00	
558	1.800100e-07	5.000000e-01	0.000000e+00	0.000000e+00	
559	1.800300e-07	1.500000e+00	0.000000e+00	0.000000e+00	
560	1.800700e-07	3.500000e+00	0.000000e+00	0.000000e+00	
561	1.801000e-07	5.000000e+00	0.000000e+00	0.000000e+00	
562	1.801080e-07	5.000000e+00	0.000000e+00	0.000000e+00	
563	1.801240e-07	5.000000e+00	0.000000e+00	0.000000e+00	
564	1.801560e-07	5.000000e+00	0.000000e+00	0.000000e+00	
565	1.802200e-07	5.000000e+00	0.000000e+00	0.000000e+00	
566	1.803480e-07	5.000000e+00	0.000000e+00	0.000000e+00	
567	1.806040e-07	5.000000e+00	0.000000e+00	0.000000e+00	
568	1.811160e-07	5.000000e+00	0.000000e+00	0.000000e+00	
569	1.821400e-07	5.000000e+00	0.000000e+00	0.000000e+00	
570	1.830000e-07	5.000000e+00	0.000000e+00	0.000000e+00	
571	1.830100e-07	5.000000e+00	5.000000e-01	0.000000e+00	
572	1.830300e-07	5.000000e+00	1.500000e+00	0.000000e+00	
573	1.830700e-07	5.000000e+00	3.500000e+00	0.000000e+00	
574	1.831000e-07	5.000000e+00	5.000000e+00	0.000000e+00	
575	1.831080e-07	5.000000e+00	5.000000e+00	0.000000e+00	
576	1.831240e-07	5.000000e+00	5.000000e+00	0.000000e+00	

Index   time            clk             clk_delayed     corrected_data0 
--------------------------------------------------------------------------------
577	1.831560e-07	5.000000e+00	5.000000e+00	0.000000e+00	
578	1.832200e-07	5.000000e+00	5.000000e+00	0.000000e+00	
579	1.833480e-07	5.000000e+00	5.000000e+00	0.000000e+00	
580	1.836040e-07	5.000000e+00	5.000000e+00	0.000000e+00	
581	1.841160e-07	5.000000e+00	5.000000e+00	0.000000e+00	
582	1.851400e-07	5.000000e+00	5.000000e+00	0.000000e+00	
583	1.871880e-07	5.000000e+00	5.000000e+00	0.000000e+00	
584	1.901000e-07	5.000000e+00	5.000000e+00	0.000000e+00	
585	1.901100e-07	4.500000e+00	5.000000e+00	0.000000e+00	
586	1.901300e-07	3.500000e+00	5.000000e+00	0.000000e+00	
587	1.901700e-07	1.500000e+00	5.000000e+00	0.000000e+00	
588	1.902000e-07	0.000000e+00	5.000000e+00	0.000000e+00	
589	1.902080e-07	0.000000e+00	5.000000e+00	0.000000e+00	
590	1.902240e-07	0.000000e+00	5.000000e+00	0.000000e+00	
591	1.902560e-07	0.000000e+00	5.000000e+00	0.000000e+00	
592	1.903200e-07	0.000000e+00	5.000000e+00	0.000000e+00	
593	1.904480e-07	0.000000e+00	5.000000e+00	0.000000e+00	
594	1.907040e-07	0.000000e+00	5.000000e+00	0.000000e+00	
595	1.912160e-07	0.000000e+00	5.000000e+00	0.000000e+00	
596	1.922400e-07	0.000000e+00	5.000000e+00	0.000000e+00	
597	1.931000e-07	0.000000e+00	5.000000e+00	0.000000e+00	
598	1.931100e-07	0.000000e+00	4.500000e+00	0.000000e+00	
599	1.931300e-07	0.000000e+00	3.500000e+00	0.000000e+00	
600	1.931700e-07	0.000000e+00	1.500000e+00	0.000000e+00	
601	1.932000e-07	0.000000e+00	0.000000e+00	0.000000e+00	
602	1.932080e-07	0.000000e+00	0.000000e+00	0.000000e+00	
603	1.932240e-07	0.000000e+00	0.000000e+00	0.000000e+00	
604	1.932560e-07	0.000000e+00	0.000000e+00	0.000000e+00	
605	1.933200e-07	0.000000e+00	0.000000e+00	0.000000e+00	
606	1.934480e-07	0.000000e+00	0.000000e+00	0.000000e+00	
607	1.937040e-07	0.000000e+00	0.000000e+00	0.000000e+00	
608	1.942160e-07	0.000000e+00	0.000000e+00	0.000000e+00	
609	1.952400e-07	0.000000e+00	0.000000e+00	0.000000e+00	
610	1.972880e-07	0.000000e+00	0.000000e+00	0.000000e+00	
611	2.000000e-07	0.000000e+00	0.000000e+00	0.000000e+00	
612	2.000100e-07	5.000000e-01	0.000000e+00	0.000000e+00	
613	2.000300e-07	1.500000e+00	0.000000e+00	0.000000e+00	
614	2.000700e-07	3.500000e+00	0.000000e+00	0.000000e+00	
615	2.001000e-07	5.000000e+00	0.000000e+00	0.000000e+00	
616	2.001080e-07	5.000000e+00	0.000000e+00	0.000000e+00	
617	2.001240e-07	5.000000e+00	0.000000e+00	0.000000e+00	
618	2.001560e-07	5.000000e+00	0.000000e+00	0.000000e+00	
619	2.002200e-07	5.000000e+00	0.000000e+00	0.000000e+00	
620	2.003480e-07	5.000000e+00	0.000000e+00	0.000000e+00	
621	2.006040e-07	5.000000e+00	0.000000e+00	0.000000e+00	
622	2.011160e-07	5.000000e+00	0.000000e+00	0.000000e+00	
623	2.021400e-07	5.000000e+00	0.000000e+00	0.000000e+00	
624	2.030000e-07	5.000000e+00	0.000000e+00	0.000000e+00	
625	2.030100e-07	5.000000e+00	5.000000e-01	0.000000e+00	
626	2.030300e-07	5.000000e+00	1.500000e+00	0.000000e+00	
627	2.030700e-07	5.000000e+00	3.500000e+00	0.000000e+00	
628	2.031000e-07	5.000000e+00	5.000000e+00	0.000000e+00	
629	2.031080e-07	5.000000e+00	5.000000e+00	0.000000e+00	
630	2.031240e-07	5.000000e+00	5.000000e+00	0.000000e+00	
631	2.031560e-07	5.000000e+00	5.000000e+00	0.000000e+00	
632	2.032200e-07	5.000000e+00	5.000000e+00	0.000000e+00	
633	2.033480e-07	5.000000e+00	5.000000e+00	0.000000e+00	
634	2.036040e-07	5.000000e+00	5.000000e+00	0.000000e+00	

Index   time            clk             clk_delayed     corrected_data0 
--------------------------------------------------------------------------------
635	2.041160e-07	5.000000e+00	5.000000e+00	0.000000e+00	
636	2.051400e-07	5.000000e+00	5.000000e+00	0.000000e+00	
637	2.071880e-07	5.000000e+00	5.000000e+00	0.000000e+00	
638	2.101000e-07	5.000000e+00	5.000000e+00	0.000000e+00	
639	2.101100e-07	4.500000e+00	5.000000e+00	0.000000e+00	
640	2.101300e-07	3.500000e+00	5.000000e+00	0.000000e+00	
641	2.101700e-07	1.500000e+00	5.000000e+00	0.000000e+00	
642	2.102000e-07	0.000000e+00	5.000000e+00	0.000000e+00	
643	2.102080e-07	0.000000e+00	5.000000e+00	0.000000e+00	
644	2.102240e-07	0.000000e+00	5.000000e+00	0.000000e+00	
645	2.102560e-07	0.000000e+00	5.000000e+00	0.000000e+00	
646	2.103200e-07	0.000000e+00	5.000000e+00	0.000000e+00	
647	2.104480e-07	0.000000e+00	5.000000e+00	0.000000e+00	
648	2.107040e-07	0.000000e+00	5.000000e+00	0.000000e+00	
649	2.112160e-07	0.000000e+00	5.000000e+00	0.000000e+00	
650	2.122400e-07	0.000000e+00	5.000000e+00	0.000000e+00	
651	2.131000e-07	0.000000e+00	5.000000e+00	0.000000e+00	
652	2.131100e-07	0.000000e+00	4.500000e+00	0.000000e+00	
653	2.131300e-07	0.000000e+00	3.500000e+00	0.000000e+00	
654	2.131700e-07	0.000000e+00	1.500000e+00	0.000000e+00	
655	2.132000e-07	0.000000e+00	0.000000e+00	0.000000e+00	
656	2.132080e-07	0.000000e+00	0.000000e+00	0.000000e+00	
657	2.132240e-07	0.000000e+00	0.000000e+00	0.000000e+00	
658	2.132560e-07	0.000000e+00	0.000000e+00	0.000000e+00	
659	2.133200e-07	0.000000e+00	0.000000e+00	0.000000e+00	
660	2.134480e-07	0.000000e+00	0.000000e+00	0.000000e+00	
661	2.137040e-07	0.000000e+00	0.000000e+00	0.000000e+00	
662	2.142160e-07	0.000000e+00	0.000000e+00	0.000000e+00	
663	2.152400e-07	0.000000e+00	0.000000e+00	0.000000e+00	
664	2.172880e-07	0.000000e+00	0.000000e+00	0.000000e+00	
665	2.200000e-07	0.000000e+00	0.000000e+00	0.000000e+00	
666	2.200100e-07	5.000000e-01	0.000000e+00	0.000000e+00	
667	2.200300e-07	1.500000e+00	0.000000e+00	0.000000e+00	
668	2.200700e-07	3.500000e+00	0.000000e+00	0.000000e+00	
669	2.201000e-07	5.000000e+00	0.000000e+00	0.000000e+00	
670	2.201080e-07	5.000000e+00	0.000000e+00	0.000000e+00	
671	2.201240e-07	5.000000e+00	0.000000e+00	0.000000e+00	
672	2.201560e-07	5.000000e+00	0.000000e+00	0.000000e+00	
673	2.202200e-07	5.000000e+00	0.000000e+00	0.000000e+00	
674	2.203480e-07	5.000000e+00	0.000000e+00	0.000000e+00	
675	2.206040e-07	5.000000e+00	0.000000e+00	0.000000e+00	
676	2.211160e-07	5.000000e+00	0.000000e+00	0.000000e+00	
677	2.221400e-07	5.000000e+00	0.000000e+00	0.000000e+00	
678	2.230000e-07	5.000000e+00	0.000000e+00	0.000000e+00	
679	2.230100e-07	5.000000e+00	5.000000e-01	0.000000e+00	
680	2.230300e-07	5.000000e+00	1.500000e+00	0.000000e+00	
681	2.230700e-07	5.000000e+00	3.500000e+00	0.000000e+00	
682	2.231000e-07	5.000000e+00	5.000000e+00	0.000000e+00	
683	2.231080e-07	5.000000e+00	5.000000e+00	0.000000e+00	
684	2.231240e-07	5.000000e+00	5.000000e+00	0.000000e+00	
685	2.231560e-07	5.000000e+00	5.000000e+00	0.000000e+00	
686	2.232200e-07	5.000000e+00	5.000000e+00	0.000000e+00	
687	2.233480e-07	5.000000e+00	5.000000e+00	0.000000e+00	
688	2.236040e-07	5.000000e+00	5.000000e+00	0.000000e+00	
689	2.241160e-07	5.000000e+00	5.000000e+00	0.000000e+00	
690	2.251400e-07	5.000000e+00	5.000000e+00	0.000000e+00	
691	2.271880e-07	5.000000e+00	5.000000e+00	0.000000e+00	
692	2.301000e-07	5.000000e+00	5.000000e+00	0.000000e+00	

Index   time            clk             clk_delayed     corrected_data0 
--------------------------------------------------------------------------------
693	2.301100e-07	4.500000e+00	5.000000e+00	0.000000e+00	
694	2.301300e-07	3.500000e+00	5.000000e+00	0.000000e+00	
695	2.301700e-07	1.500000e+00	5.000000e+00	0.000000e+00	
696	2.302000e-07	0.000000e+00	5.000000e+00	0.000000e+00	
697	2.302080e-07	0.000000e+00	5.000000e+00	0.000000e+00	
698	2.302240e-07	0.000000e+00	5.000000e+00	0.000000e+00	
699	2.302560e-07	0.000000e+00	5.000000e+00	0.000000e+00	
700	2.303200e-07	0.000000e+00	5.000000e+00	0.000000e+00	
701	2.304480e-07	0.000000e+00	5.000000e+00	0.000000e+00	
702	2.307040e-07	0.000000e+00	5.000000e+00	0.000000e+00	
703	2.312160e-07	0.000000e+00	5.000000e+00	0.000000e+00	
704	2.322400e-07	0.000000e+00	5.000000e+00	0.000000e+00	
705	2.331000e-07	0.000000e+00	5.000000e+00	0.000000e+00	
706	2.331100e-07	0.000000e+00	4.500000e+00	0.000000e+00	
707	2.331300e-07	0.000000e+00	3.500000e+00	0.000000e+00	
708	2.331700e-07	0.000000e+00	1.500000e+00	0.000000e+00	
709	2.332000e-07	0.000000e+00	0.000000e+00	0.000000e+00	
710	2.332080e-07	0.000000e+00	0.000000e+00	0.000000e+00	
711	2.332240e-07	0.000000e+00	0.000000e+00	0.000000e+00	
712	2.332560e-07	0.000000e+00	0.000000e+00	0.000000e+00	
713	2.333200e-07	0.000000e+00	0.000000e+00	0.000000e+00	
714	2.334480e-07	0.000000e+00	0.000000e+00	0.000000e+00	
715	2.337040e-07	0.000000e+00	0.000000e+00	0.000000e+00	
716	2.342160e-07	0.000000e+00	0.000000e+00	0.000000e+00	
717	2.352400e-07	0.000000e+00	0.000000e+00	0.000000e+00	
718	2.372880e-07	0.000000e+00	0.000000e+00	0.000000e+00	
719	2.400000e-07	0.000000e+00	0.000000e+00	0.000000e+00	
720	2.400100e-07	5.000000e-01	0.000000e+00	0.000000e+00	
721	2.400300e-07	1.500000e+00	0.000000e+00	0.000000e+00	
722	2.400700e-07	3.500000e+00	0.000000e+00	0.000000e+00	
723	2.401000e-07	5.000000e+00	0.000000e+00	0.000000e+00	
724	2.401080e-07	5.000000e+00	0.000000e+00	0.000000e+00	
725	2.401240e-07	5.000000e+00	0.000000e+00	0.000000e+00	
726	2.401560e-07	5.000000e+00	0.000000e+00	0.000000e+00	
727	2.402200e-07	5.000000e+00	0.000000e+00	0.000000e+00	
728	2.403480e-07	5.000000e+00	0.000000e+00	0.000000e+00	
729	2.406040e-07	5.000000e+00	0.000000e+00	0.000000e+00	
730	2.411160e-07	5.000000e+00	0.000000e+00	0.000000e+00	
731	2.421400e-07	5.000000e+00	0.000000e+00	0.000000e+00	
732	2.430000e-07	5.000000e+00	0.000000e+00	0.000000e+00	
733	2.430100e-07	5.000000e+00	5.000000e-01	0.000000e+00	
734	2.430300e-07	5.000000e+00	1.500000e+00	0.000000e+00	
735	2.430700e-07	5.000000e+00	3.500000e+00	0.000000e+00	
736	2.431000e-07	5.000000e+00	5.000000e+00	0.000000e+00	
737	2.431080e-07	5.000000e+00	5.000000e+00	0.000000e+00	
738	2.431240e-07	5.000000e+00	5.000000e+00	0.000000e+00	
739	2.431560e-07	5.000000e+00	5.000000e+00	0.000000e+00	
740	2.432200e-07	5.000000e+00	5.000000e+00	0.000000e+00	
741	2.433480e-07	5.000000e+00	5.000000e+00	0.000000e+00	
742	2.436040e-07	5.000000e+00	5.000000e+00	0.000000e+00	
743	2.441160e-07	5.000000e+00	5.000000e+00	0.000000e+00	
744	2.451400e-07	5.000000e+00	5.000000e+00	0.000000e+00	
745	2.471880e-07	5.000000e+00	5.000000e+00	0.000000e+00	
746	2.501000e-07	5.000000e+00	5.000000e+00	0.000000e+00	
747	2.501100e-07	4.500000e+00	5.000000e+00	0.000000e+00	
748	2.501300e-07	3.500000e+00	5.000000e+00	0.000000e+00	
749	2.501700e-07	1.500000e+00	5.000000e+00	0.000000e+00	
750	2.502000e-07	0.000000e+00	5.000000e+00	0.000000e+00	

Index   time            clk             clk_delayed     corrected_data0 
--------------------------------------------------------------------------------
751	2.502080e-07	0.000000e+00	5.000000e+00	0.000000e+00	
752	2.502240e-07	0.000000e+00	5.000000e+00	0.000000e+00	
753	2.502560e-07	0.000000e+00	5.000000e+00	0.000000e+00	
754	2.503200e-07	0.000000e+00	5.000000e+00	0.000000e+00	
755	2.504480e-07	0.000000e+00	5.000000e+00	0.000000e+00	
756	2.507040e-07	0.000000e+00	5.000000e+00	0.000000e+00	
757	2.512160e-07	0.000000e+00	5.000000e+00	0.000000e+00	
758	2.522400e-07	0.000000e+00	5.000000e+00	0.000000e+00	
759	2.531000e-07	0.000000e+00	5.000000e+00	0.000000e+00	
760	2.531100e-07	0.000000e+00	4.500000e+00	0.000000e+00	
761	2.531300e-07	0.000000e+00	3.500000e+00	0.000000e+00	
762	2.531700e-07	0.000000e+00	1.500000e+00	0.000000e+00	
763	2.532000e-07	0.000000e+00	0.000000e+00	0.000000e+00	
764	2.532080e-07	0.000000e+00	0.000000e+00	0.000000e+00	
765	2.532240e-07	0.000000e+00	0.000000e+00	0.000000e+00	
766	2.532560e-07	0.000000e+00	0.000000e+00	0.000000e+00	
767	2.533200e-07	0.000000e+00	0.000000e+00	0.000000e+00	
768	2.534480e-07	0.000000e+00	0.000000e+00	0.000000e+00	
769	2.537040e-07	0.000000e+00	0.000000e+00	0.000000e+00	
770	2.542160e-07	0.000000e+00	0.000000e+00	0.000000e+00	
771	2.552400e-07	0.000000e+00	0.000000e+00	0.000000e+00	
772	2.572880e-07	0.000000e+00	0.000000e+00	0.000000e+00	
773	2.600000e-07	0.000000e+00	0.000000e+00	0.000000e+00	
774	2.600100e-07	5.000000e-01	0.000000e+00	0.000000e+00	
775	2.600300e-07	1.500000e+00	0.000000e+00	0.000000e+00	
776	2.600700e-07	3.500000e+00	0.000000e+00	0.000000e+00	
777	2.601000e-07	5.000000e+00	0.000000e+00	0.000000e+00	
778	2.601080e-07	5.000000e+00	0.000000e+00	0.000000e+00	
779	2.601240e-07	5.000000e+00	0.000000e+00	0.000000e+00	
780	2.601560e-07	5.000000e+00	0.000000e+00	0.000000e+00	
781	2.602200e-07	5.000000e+00	0.000000e+00	0.000000e+00	
782	2.603480e-07	5.000000e+00	0.000000e+00	0.000000e+00	
783	2.606040e-07	5.000000e+00	0.000000e+00	0.000000e+00	
784	2.611160e-07	5.000000e+00	0.000000e+00	0.000000e+00	
785	2.621400e-07	5.000000e+00	0.000000e+00	0.000000e+00	
786	2.630000e-07	5.000000e+00	0.000000e+00	0.000000e+00	
787	2.630100e-07	5.000000e+00	5.000000e-01	0.000000e+00	
788	2.630300e-07	5.000000e+00	1.500000e+00	0.000000e+00	
789	2.630700e-07	5.000000e+00	3.500000e+00	0.000000e+00	
790	2.631000e-07	5.000000e+00	5.000000e+00	0.000000e+00	
791	2.631080e-07	5.000000e+00	5.000000e+00	0.000000e+00	
792	2.631240e-07	5.000000e+00	5.000000e+00	0.000000e+00	
793	2.631560e-07	5.000000e+00	5.000000e+00	0.000000e+00	
794	2.632200e-07	5.000000e+00	5.000000e+00	0.000000e+00	
795	2.633480e-07	5.000000e+00	5.000000e+00	0.000000e+00	
796	2.636040e-07	5.000000e+00	5.000000e+00	0.000000e+00	
797	2.641160e-07	5.000000e+00	5.000000e+00	0.000000e+00	
798	2.651400e-07	5.000000e+00	5.000000e+00	0.000000e+00	
799	2.671880e-07	5.000000e+00	5.000000e+00	0.000000e+00	
800	2.701000e-07	5.000000e+00	5.000000e+00	0.000000e+00	
801	2.701100e-07	4.500000e+00	5.000000e+00	0.000000e+00	
802	2.701300e-07	3.500000e+00	5.000000e+00	0.000000e+00	
803	2.701700e-07	1.500000e+00	5.000000e+00	0.000000e+00	
804	2.702000e-07	0.000000e+00	5.000000e+00	0.000000e+00	
805	2.702080e-07	0.000000e+00	5.000000e+00	0.000000e+00	
806	2.702240e-07	0.000000e+00	5.000000e+00	0.000000e+00	
807	2.702560e-07	0.000000e+00	5.000000e+00	0.000000e+00	
808	2.703200e-07	0.000000e+00	5.000000e+00	0.000000e+00	

Index   time            clk             clk_delayed     corrected_data0 
--------------------------------------------------------------------------------
809	2.704480e-07	0.000000e+00	5.000000e+00	0.000000e+00	
810	2.707040e-07	0.000000e+00	5.000000e+00	0.000000e+00	
811	2.712160e-07	0.000000e+00	5.000000e+00	0.000000e+00	
812	2.722400e-07	0.000000e+00	5.000000e+00	0.000000e+00	
813	2.731000e-07	0.000000e+00	5.000000e+00	0.000000e+00	
814	2.731100e-07	0.000000e+00	4.500000e+00	0.000000e+00	
815	2.731300e-07	0.000000e+00	3.500000e+00	0.000000e+00	
816	2.731700e-07	0.000000e+00	1.500000e+00	0.000000e+00	
817	2.732000e-07	0.000000e+00	0.000000e+00	0.000000e+00	
818	2.732080e-07	0.000000e+00	0.000000e+00	0.000000e+00	
819	2.732240e-07	0.000000e+00	0.000000e+00	0.000000e+00	
820	2.732560e-07	0.000000e+00	0.000000e+00	0.000000e+00	
821	2.733200e-07	0.000000e+00	0.000000e+00	0.000000e+00	
822	2.734480e-07	0.000000e+00	0.000000e+00	0.000000e+00	
823	2.737040e-07	0.000000e+00	0.000000e+00	0.000000e+00	
824	2.742160e-07	0.000000e+00	0.000000e+00	0.000000e+00	
825	2.752400e-07	0.000000e+00	0.000000e+00	0.000000e+00	
826	2.772880e-07	0.000000e+00	0.000000e+00	0.000000e+00	
827	2.800000e-07	0.000000e+00	0.000000e+00	0.000000e+00	
828	2.800100e-07	5.000000e-01	0.000000e+00	0.000000e+00	
829	2.800300e-07	1.500000e+00	0.000000e+00	0.000000e+00	
830	2.800700e-07	3.500000e+00	0.000000e+00	0.000000e+00	
831	2.801000e-07	5.000000e+00	0.000000e+00	0.000000e+00	
832	2.801080e-07	5.000000e+00	0.000000e+00	0.000000e+00	
833	2.801240e-07	5.000000e+00	0.000000e+00	0.000000e+00	
834	2.801560e-07	5.000000e+00	0.000000e+00	0.000000e+00	
835	2.802200e-07	5.000000e+00	0.000000e+00	0.000000e+00	
836	2.803480e-07	5.000000e+00	0.000000e+00	0.000000e+00	
837	2.806040e-07	5.000000e+00	0.000000e+00	0.000000e+00	
838	2.811160e-07	5.000000e+00	0.000000e+00	0.000000e+00	
839	2.821400e-07	5.000000e+00	0.000000e+00	0.000000e+00	
840	2.830000e-07	5.000000e+00	0.000000e+00	0.000000e+00	
841	2.830100e-07	5.000000e+00	5.000000e-01	0.000000e+00	
842	2.830300e-07	5.000000e+00	1.500000e+00	0.000000e+00	
843	2.830700e-07	5.000000e+00	3.500000e+00	0.000000e+00	
844	2.831000e-07	5.000000e+00	5.000000e+00	0.000000e+00	
845	2.831080e-07	5.000000e+00	5.000000e+00	0.000000e+00	
846	2.831240e-07	5.000000e+00	5.000000e+00	0.000000e+00	
847	2.831560e-07	5.000000e+00	5.000000e+00	0.000000e+00	
848	2.832200e-07	5.000000e+00	5.000000e+00	0.000000e+00	
849	2.833480e-07	5.000000e+00	5.000000e+00	0.000000e+00	
850	2.836040e-07	5.000000e+00	5.000000e+00	0.000000e+00	
851	2.841160e-07	5.000000e+00	5.000000e+00	0.000000e+00	
852	2.851400e-07	5.000000e+00	5.000000e+00	0.000000e+00	
853	2.871880e-07	5.000000e+00	5.000000e+00	0.000000e+00	
854	2.901000e-07	5.000000e+00	5.000000e+00	0.000000e+00	
855	2.901100e-07	4.500000e+00	5.000000e+00	0.000000e+00	
856	2.901300e-07	3.500000e+00	5.000000e+00	0.000000e+00	
857	2.901700e-07	1.500000e+00	5.000000e+00	0.000000e+00	
858	2.902000e-07	0.000000e+00	5.000000e+00	0.000000e+00	
859	2.902080e-07	0.000000e+00	5.000000e+00	0.000000e+00	
860	2.902240e-07	0.000000e+00	5.000000e+00	0.000000e+00	
861	2.902560e-07	0.000000e+00	5.000000e+00	0.000000e+00	
862	2.903200e-07	0.000000e+00	5.000000e+00	0.000000e+00	
863	2.904480e-07	0.000000e+00	5.000000e+00	0.000000e+00	
864	2.907040e-07	0.000000e+00	5.000000e+00	0.000000e+00	
865	2.912160e-07	0.000000e+00	5.000000e+00	0.000000e+00	
866	2.922400e-07	0.000000e+00	5.000000e+00	0.000000e+00	

Index   time            clk             clk_delayed     corrected_data0 
--------------------------------------------------------------------------------
867	2.931000e-07	0.000000e+00	5.000000e+00	0.000000e+00	
868	2.931100e-07	0.000000e+00	4.500000e+00	0.000000e+00	
869	2.931300e-07	0.000000e+00	3.500000e+00	0.000000e+00	
870	2.931700e-07	0.000000e+00	1.500000e+00	0.000000e+00	
871	2.932000e-07	0.000000e+00	0.000000e+00	0.000000e+00	
872	2.932080e-07	0.000000e+00	0.000000e+00	0.000000e+00	
873	2.932240e-07	0.000000e+00	0.000000e+00	0.000000e+00	
874	2.932560e-07	0.000000e+00	0.000000e+00	0.000000e+00	
875	2.933200e-07	0.000000e+00	0.000000e+00	0.000000e+00	
876	2.934480e-07	0.000000e+00	0.000000e+00	0.000000e+00	
877	2.937040e-07	0.000000e+00	0.000000e+00	0.000000e+00	
878	2.942160e-07	0.000000e+00	0.000000e+00	0.000000e+00	
879	2.952400e-07	0.000000e+00	0.000000e+00	0.000000e+00	
880	2.972880e-07	0.000000e+00	0.000000e+00	0.000000e+00	
881	3.000000e-07	0.000000e+00	0.000000e+00	0.000000e+00	
882	3.000100e-07	5.000000e-01	0.000000e+00	0.000000e+00	
883	3.000300e-07	1.500000e+00	0.000000e+00	0.000000e+00	
884	3.000700e-07	3.500000e+00	0.000000e+00	0.000000e+00	
885	3.001000e-07	5.000000e+00	0.000000e+00	0.000000e+00	
886	3.001080e-07	5.000000e+00	0.000000e+00	0.000000e+00	
887	3.001240e-07	5.000000e+00	0.000000e+00	0.000000e+00	
888	3.001560e-07	5.000000e+00	0.000000e+00	0.000000e+00	
889	3.002200e-07	5.000000e+00	0.000000e+00	0.000000e+00	
890	3.003480e-07	5.000000e+00	0.000000e+00	0.000000e+00	
891	3.006040e-07	5.000000e+00	0.000000e+00	0.000000e+00	
892	3.011160e-07	5.000000e+00	0.000000e+00	0.000000e+00	
893	3.021400e-07	5.000000e+00	0.000000e+00	0.000000e+00	
894	3.030000e-07	5.000000e+00	0.000000e+00	0.000000e+00	
895	3.030100e-07	5.000000e+00	5.000000e-01	0.000000e+00	
896	3.030300e-07	5.000000e+00	1.500000e+00	0.000000e+00	
897	3.030700e-07	5.000000e+00	3.500000e+00	0.000000e+00	
898	3.031000e-07	5.000000e+00	5.000000e+00	0.000000e+00	
899	3.031080e-07	5.000000e+00	5.000000e+00	0.000000e+00	
900	3.031240e-07	5.000000e+00	5.000000e+00	0.000000e+00	
901	3.031560e-07	5.000000e+00	5.000000e+00	0.000000e+00	
902	3.032200e-07	5.000000e+00	5.000000e+00	0.000000e+00	
903	3.033480e-07	5.000000e+00	5.000000e+00	0.000000e+00	
904	3.036040e-07	5.000000e+00	5.000000e+00	0.000000e+00	
905	3.041160e-07	5.000000e+00	5.000000e+00	0.000000e+00	
906	3.051400e-07	5.000000e+00	5.000000e+00	0.000000e+00	
907	3.071880e-07	5.000000e+00	5.000000e+00	0.000000e+00	
908	3.101000e-07	5.000000e+00	5.000000e+00	0.000000e+00	
909	3.101100e-07	4.500000e+00	5.000000e+00	0.000000e+00	
910	3.101300e-07	3.500000e+00	5.000000e+00	0.000000e+00	
911	3.101700e-07	1.500000e+00	5.000000e+00	0.000000e+00	
912	3.102000e-07	0.000000e+00	5.000000e+00	0.000000e+00	
913	3.102080e-07	0.000000e+00	5.000000e+00	0.000000e+00	
914	3.102240e-07	0.000000e+00	5.000000e+00	0.000000e+00	
915	3.102560e-07	0.000000e+00	5.000000e+00	0.000000e+00	
916	3.103200e-07	0.000000e+00	5.000000e+00	0.000000e+00	
917	3.104480e-07	0.000000e+00	5.000000e+00	0.000000e+00	
918	3.107040e-07	0.000000e+00	5.000000e+00	0.000000e+00	
919	3.112160e-07	0.000000e+00	5.000000e+00	0.000000e+00	
920	3.122400e-07	0.000000e+00	5.000000e+00	0.000000e+00	
921	3.131000e-07	0.000000e+00	5.000000e+00	0.000000e+00	
922	3.131100e-07	0.000000e+00	4.500000e+00	0.000000e+00	
923	3.131300e-07	0.000000e+00	3.500000e+00	0.000000e+00	
924	3.131700e-07	0.000000e+00	1.500000e+00	0.000000e+00	

Index   time            clk             clk_delayed     corrected_data0 
--------------------------------------------------------------------------------
925	3.132000e-07	0.000000e+00	0.000000e+00	0.000000e+00	
926	3.132080e-07	0.000000e+00	0.000000e+00	0.000000e+00	
927	3.132240e-07	0.000000e+00	0.000000e+00	0.000000e+00	
928	3.132560e-07	0.000000e+00	0.000000e+00	0.000000e+00	
929	3.133200e-07	0.000000e+00	0.000000e+00	0.000000e+00	
930	3.134480e-07	0.000000e+00	0.000000e+00	0.000000e+00	
931	3.137040e-07	0.000000e+00	0.000000e+00	0.000000e+00	
932	3.142160e-07	0.000000e+00	0.000000e+00	0.000000e+00	
933	3.152400e-07	0.000000e+00	0.000000e+00	0.000000e+00	
934	3.172880e-07	0.000000e+00	0.000000e+00	0.000000e+00	
935	3.200000e-07	0.000000e+00	0.000000e+00	0.000000e+00	
936	3.200100e-07	5.000000e-01	0.000000e+00	0.000000e+00	
937	3.200300e-07	1.500000e+00	0.000000e+00	0.000000e+00	
938	3.200700e-07	3.500000e+00	0.000000e+00	0.000000e+00	
939	3.201000e-07	5.000000e+00	0.000000e+00	0.000000e+00	
940	3.201080e-07	5.000000e+00	0.000000e+00	0.000000e+00	
941	3.201240e-07	5.000000e+00	0.000000e+00	0.000000e+00	
942	3.201560e-07	5.000000e+00	0.000000e+00	0.000000e+00	
943	3.202200e-07	5.000000e+00	0.000000e+00	0.000000e+00	
944	3.203480e-07	5.000000e+00	0.000000e+00	0.000000e+00	
945	3.206040e-07	5.000000e+00	0.000000e+00	0.000000e+00	
946	3.211160e-07	5.000000e+00	0.000000e+00	0.000000e+00	
947	3.221400e-07	5.000000e+00	0.000000e+00	0.000000e+00	
948	3.230000e-07	5.000000e+00	0.000000e+00	0.000000e+00	
949	3.230100e-07	5.000000e+00	5.000000e-01	0.000000e+00	
950	3.230300e-07	5.000000e+00	1.500000e+00	0.000000e+00	
951	3.230700e-07	5.000000e+00	3.500000e+00	0.000000e+00	
952	3.231000e-07	5.000000e+00	5.000000e+00	0.000000e+00	
953	3.231080e-07	5.000000e+00	5.000000e+00	0.000000e+00	
954	3.231240e-07	5.000000e+00	5.000000e+00	0.000000e+00	
955	3.231560e-07	5.000000e+00	5.000000e+00	0.000000e+00	
956	3.232200e-07	5.000000e+00	5.000000e+00	0.000000e+00	
957	3.233480e-07	5.000000e+00	5.000000e+00	0.000000e+00	
958	3.236040e-07	5.000000e+00	5.000000e+00	0.000000e+00	
959	3.241160e-07	5.000000e+00	5.000000e+00	0.000000e+00	
960	3.251400e-07	5.000000e+00	5.000000e+00	0.000000e+00	
961	3.271880e-07	5.000000e+00	5.000000e+00	0.000000e+00	
962	3.301000e-07	5.000000e+00	5.000000e+00	0.000000e+00	
963	3.301100e-07	4.500000e+00	5.000000e+00	0.000000e+00	
964	3.301300e-07	3.500000e+00	5.000000e+00	0.000000e+00	
965	3.301700e-07	1.500000e+00	5.000000e+00	0.000000e+00	
966	3.302000e-07	0.000000e+00	5.000000e+00	0.000000e+00	
967	3.302080e-07	0.000000e+00	5.000000e+00	0.000000e+00	
968	3.302240e-07	0.000000e+00	5.000000e+00	0.000000e+00	
969	3.302560e-07	0.000000e+00	5.000000e+00	0.000000e+00	
970	3.303200e-07	0.000000e+00	5.000000e+00	0.000000e+00	
971	3.304480e-07	0.000000e+00	5.000000e+00	0.000000e+00	
972	3.307040e-07	0.000000e+00	5.000000e+00	0.000000e+00	
973	3.312160e-07	0.000000e+00	5.000000e+00	0.000000e+00	
974	3.322400e-07	0.000000e+00	5.000000e+00	0.000000e+00	
975	3.331000e-07	0.000000e+00	5.000000e+00	0.000000e+00	
976	3.331100e-07	0.000000e+00	4.500000e+00	0.000000e+00	
977	3.331300e-07	0.000000e+00	3.500000e+00	0.000000e+00	
978	3.331700e-07	0.000000e+00	1.500000e+00	0.000000e+00	
979	3.332000e-07	0.000000e+00	0.000000e+00	0.000000e+00	
980	3.332080e-07	0.000000e+00	0.000000e+00	0.000000e+00	
981	3.332240e-07	0.000000e+00	0.000000e+00	0.000000e+00	
982	3.332560e-07	0.000000e+00	0.000000e+00	0.000000e+00	

Index   time            clk             clk_delayed     corrected_data0 
--------------------------------------------------------------------------------
983	3.333200e-07	0.000000e+00	0.000000e+00	0.000000e+00	
984	3.334480e-07	0.000000e+00	0.000000e+00	0.000000e+00	
985	3.337040e-07	0.000000e+00	0.000000e+00	0.000000e+00	
986	3.342160e-07	0.000000e+00	0.000000e+00	0.000000e+00	
987	3.352400e-07	0.000000e+00	0.000000e+00	0.000000e+00	
988	3.372880e-07	0.000000e+00	0.000000e+00	0.000000e+00	
989	3.400000e-07	0.000000e+00	0.000000e+00	0.000000e+00	
990	3.400100e-07	5.000000e-01	0.000000e+00	0.000000e+00	
991	3.400300e-07	1.500000e+00	0.000000e+00	0.000000e+00	
992	3.400700e-07	3.500000e+00	0.000000e+00	0.000000e+00	
993	3.401000e-07	5.000000e+00	0.000000e+00	0.000000e+00	
994	3.401080e-07	5.000000e+00	0.000000e+00	0.000000e+00	
995	3.401240e-07	5.000000e+00	0.000000e+00	0.000000e+00	
996	3.401560e-07	5.000000e+00	0.000000e+00	0.000000e+00	
997	3.402200e-07	5.000000e+00	0.000000e+00	0.000000e+00	
998	3.403480e-07	5.000000e+00	0.000000e+00	0.000000e+00	
999	3.406040e-07	5.000000e+00	0.000000e+00	0.000000e+00	
1000	3.411160e-07	5.000000e+00	0.000000e+00	0.000000e+00	
1001	3.421400e-07	5.000000e+00	0.000000e+00	0.000000e+00	
1002	3.430000e-07	5.000000e+00	0.000000e+00	0.000000e+00	
1003	3.430100e-07	5.000000e+00	5.000000e-01	0.000000e+00	
1004	3.430300e-07	5.000000e+00	1.500000e+00	0.000000e+00	
1005	3.430700e-07	5.000000e+00	3.500000e+00	0.000000e+00	
1006	3.431000e-07	5.000000e+00	5.000000e+00	0.000000e+00	
1007	3.431080e-07	5.000000e+00	5.000000e+00	0.000000e+00	
1008	3.431240e-07	5.000000e+00	5.000000e+00	0.000000e+00	
1009	3.431560e-07	5.000000e+00	5.000000e+00	0.000000e+00	
1010	3.432200e-07	5.000000e+00	5.000000e+00	0.000000e+00	
1011	3.433480e-07	5.000000e+00	5.000000e+00	0.000000e+00	
1012	3.436040e-07	5.000000e+00	5.000000e+00	0.000000e+00	
1013	3.441160e-07	5.000000e+00	5.000000e+00	0.000000e+00	
1014	3.451400e-07	5.000000e+00	5.000000e+00	0.000000e+00	
1015	3.471880e-07	5.000000e+00	5.000000e+00	0.000000e+00	
1016	3.501000e-07	5.000000e+00	5.000000e+00	0.000000e+00	
1017	3.501100e-07	4.500000e+00	5.000000e+00	0.000000e+00	
1018	3.501300e-07	3.500000e+00	5.000000e+00	0.000000e+00	
1019	3.501700e-07	1.500000e+00	5.000000e+00	0.000000e+00	
1020	3.502000e-07	0.000000e+00	5.000000e+00	0.000000e+00	
1021	3.502080e-07	0.000000e+00	5.000000e+00	0.000000e+00	
1022	3.502240e-07	0.000000e+00	5.000000e+00	0.000000e+00	
1023	3.502560e-07	0.000000e+00	5.000000e+00	0.000000e+00	
1024	3.503200e-07	0.000000e+00	5.000000e+00	0.000000e+00	
1025	3.504480e-07	0.000000e+00	5.000000e+00	0.000000e+00	
1026	3.507040e-07	0.000000e+00	5.000000e+00	0.000000e+00	
1027	3.512160e-07	0.000000e+00	5.000000e+00	0.000000e+00	
1028	3.522400e-07	0.000000e+00	5.000000e+00	0.000000e+00	
1029	3.531000e-07	0.000000e+00	5.000000e+00	0.000000e+00	
1030	3.531100e-07	0.000000e+00	4.500000e+00	0.000000e+00	
1031	3.531300e-07	0.000000e+00	3.500000e+00	0.000000e+00	
1032	3.531700e-07	0.000000e+00	1.500000e+00	0.000000e+00	
1033	3.532000e-07	0.000000e+00	0.000000e+00	0.000000e+00	
1034	3.532080e-07	0.000000e+00	0.000000e+00	0.000000e+00	
1035	3.532240e-07	0.000000e+00	0.000000e+00	0.000000e+00	
1036	3.532560e-07	0.000000e+00	0.000000e+00	0.000000e+00	
1037	3.533200e-07	0.000000e+00	0.000000e+00	0.000000e+00	
1038	3.534480e-07	0.000000e+00	0.000000e+00	0.000000e+00	
1039	3.537040e-07	0.000000e+00	0.000000e+00	0.000000e+00	
1040	3.542160e-07	0.000000e+00	0.000000e+00	0.000000e+00	

Index   time            clk             clk_delayed     corrected_data0 
--------------------------------------------------------------------------------
1041	3.552400e-07	0.000000e+00	0.000000e+00	0.000000e+00	
1042	3.572880e-07	0.000000e+00	0.000000e+00	0.000000e+00	
1043	3.600000e-07	0.000000e+00	0.000000e+00	0.000000e+00	
1044	3.600100e-07	5.000000e-01	0.000000e+00	0.000000e+00	
1045	3.600300e-07	1.500000e+00	0.000000e+00	0.000000e+00	
1046	3.600700e-07	3.500000e+00	0.000000e+00	0.000000e+00	
1047	3.601000e-07	5.000000e+00	0.000000e+00	0.000000e+00	
1048	3.601080e-07	5.000000e+00	0.000000e+00	0.000000e+00	
1049	3.601240e-07	5.000000e+00	0.000000e+00	0.000000e+00	
1050	3.601560e-07	5.000000e+00	0.000000e+00	0.000000e+00	
1051	3.602200e-07	5.000000e+00	0.000000e+00	0.000000e+00	
1052	3.603480e-07	5.000000e+00	0.000000e+00	0.000000e+00	
1053	3.606040e-07	5.000000e+00	0.000000e+00	0.000000e+00	
1054	3.611160e-07	5.000000e+00	0.000000e+00	0.000000e+00	
1055	3.621400e-07	5.000000e+00	0.000000e+00	0.000000e+00	
1056	3.630000e-07	5.000000e+00	0.000000e+00	0.000000e+00	
1057	3.630100e-07	5.000000e+00	5.000000e-01	0.000000e+00	
1058	3.630300e-07	5.000000e+00	1.500000e+00	0.000000e+00	
1059	3.630700e-07	5.000000e+00	3.500000e+00	0.000000e+00	
1060	3.631000e-07	5.000000e+00	5.000000e+00	0.000000e+00	
1061	3.631080e-07	5.000000e+00	5.000000e+00	0.000000e+00	
1062	3.631240e-07	5.000000e+00	5.000000e+00	0.000000e+00	
1063	3.631560e-07	5.000000e+00	5.000000e+00	0.000000e+00	
1064	3.632200e-07	5.000000e+00	5.000000e+00	0.000000e+00	
1065	3.633480e-07	5.000000e+00	5.000000e+00	0.000000e+00	
1066	3.636040e-07	5.000000e+00	5.000000e+00	0.000000e+00	
1067	3.641160e-07	5.000000e+00	5.000000e+00	0.000000e+00	
1068	3.651400e-07	5.000000e+00	5.000000e+00	0.000000e+00	
1069	3.671880e-07	5.000000e+00	5.000000e+00	0.000000e+00	
1070	3.701000e-07	5.000000e+00	5.000000e+00	0.000000e+00	
1071	3.701100e-07	4.500000e+00	5.000000e+00	0.000000e+00	
1072	3.701300e-07	3.500000e+00	5.000000e+00	0.000000e+00	
1073	3.701700e-07	1.500000e+00	5.000000e+00	0.000000e+00	
1074	3.702000e-07	0.000000e+00	5.000000e+00	0.000000e+00	
1075	3.702080e-07	0.000000e+00	5.000000e+00	0.000000e+00	
1076	3.702240e-07	0.000000e+00	5.000000e+00	0.000000e+00	
1077	3.702560e-07	0.000000e+00	5.000000e+00	0.000000e+00	
1078	3.703200e-07	0.000000e+00	5.000000e+00	0.000000e+00	
1079	3.704480e-07	0.000000e+00	5.000000e+00	0.000000e+00	
1080	3.707040e-07	0.000000e+00	5.000000e+00	0.000000e+00	
1081	3.712160e-07	0.000000e+00	5.000000e+00	0.000000e+00	
1082	3.722400e-07	0.000000e+00	5.000000e+00	0.000000e+00	
1083	3.731000e-07	0.000000e+00	5.000000e+00	0.000000e+00	
1084	3.731100e-07	0.000000e+00	4.500000e+00	0.000000e+00	
1085	3.731300e-07	0.000000e+00	3.500000e+00	0.000000e+00	
1086	3.731700e-07	0.000000e+00	1.500000e+00	0.000000e+00	
1087	3.732000e-07	0.000000e+00	0.000000e+00	0.000000e+00	
1088	3.732080e-07	0.000000e+00	0.000000e+00	0.000000e+00	
1089	3.732240e-07	0.000000e+00	0.000000e+00	0.000000e+00	
1090	3.732560e-07	0.000000e+00	0.000000e+00	0.000000e+00	
1091	3.733200e-07	0.000000e+00	0.000000e+00	0.000000e+00	
1092	3.734480e-07	0.000000e+00	0.000000e+00	0.000000e+00	
1093	3.737040e-07	0.000000e+00	0.000000e+00	0.000000e+00	
1094	3.742160e-07	0.000000e+00	0.000000e+00	0.000000e+00	
1095	3.752400e-07	0.000000e+00	0.000000e+00	0.000000e+00	
1096	3.772880e-07	0.000000e+00	0.000000e+00	0.000000e+00	
1097	3.800000e-07	0.000000e+00	0.000000e+00	0.000000e+00	
1098	3.800100e-07	5.000000e-01	0.000000e+00	0.000000e+00	

Index   time            clk             clk_delayed     corrected_data0 
--------------------------------------------------------------------------------
1099	3.800300e-07	1.500000e+00	0.000000e+00	0.000000e+00	
1100	3.800700e-07	3.500000e+00	0.000000e+00	0.000000e+00	
1101	3.801000e-07	5.000000e+00	0.000000e+00	0.000000e+00	
1102	3.801080e-07	5.000000e+00	0.000000e+00	0.000000e+00	
1103	3.801240e-07	5.000000e+00	0.000000e+00	0.000000e+00	
1104	3.801560e-07	5.000000e+00	0.000000e+00	0.000000e+00	
1105	3.802200e-07	5.000000e+00	0.000000e+00	0.000000e+00	
1106	3.803480e-07	5.000000e+00	0.000000e+00	0.000000e+00	
1107	3.806040e-07	5.000000e+00	0.000000e+00	0.000000e+00	
1108	3.811160e-07	5.000000e+00	0.000000e+00	0.000000e+00	
1109	3.821400e-07	5.000000e+00	0.000000e+00	0.000000e+00	
1110	3.830000e-07	5.000000e+00	0.000000e+00	0.000000e+00	
1111	3.830100e-07	5.000000e+00	5.000000e-01	0.000000e+00	
1112	3.830300e-07	5.000000e+00	1.500000e+00	0.000000e+00	
1113	3.830700e-07	5.000000e+00	3.500000e+00	0.000000e+00	
1114	3.831000e-07	5.000000e+00	5.000000e+00	0.000000e+00	
1115	3.831080e-07	5.000000e+00	5.000000e+00	0.000000e+00	
1116	3.831240e-07	5.000000e+00	5.000000e+00	0.000000e+00	
1117	3.831560e-07	5.000000e+00	5.000000e+00	0.000000e+00	
1118	3.832200e-07	5.000000e+00	5.000000e+00	0.000000e+00	
1119	3.833480e-07	5.000000e+00	5.000000e+00	0.000000e+00	
1120	3.836040e-07	5.000000e+00	5.000000e+00	0.000000e+00	
1121	3.841160e-07	5.000000e+00	5.000000e+00	0.000000e+00	
1122	3.851400e-07	5.000000e+00	5.000000e+00	0.000000e+00	
1123	3.871880e-07	5.000000e+00	5.000000e+00	0.000000e+00	
1124	3.901000e-07	5.000000e+00	5.000000e+00	0.000000e+00	
1125	3.901100e-07	4.500000e+00	5.000000e+00	0.000000e+00	
1126	3.901300e-07	3.500000e+00	5.000000e+00	0.000000e+00	
1127	3.901700e-07	1.500000e+00	5.000000e+00	0.000000e+00	
1128	3.902000e-07	0.000000e+00	5.000000e+00	0.000000e+00	
1129	3.902080e-07	0.000000e+00	5.000000e+00	0.000000e+00	
1130	3.902240e-07	0.000000e+00	5.000000e+00	0.000000e+00	
1131	3.902560e-07	0.000000e+00	5.000000e+00	0.000000e+00	
1132	3.903200e-07	0.000000e+00	5.000000e+00	0.000000e+00	
1133	3.904480e-07	0.000000e+00	5.000000e+00	0.000000e+00	
1134	3.907040e-07	0.000000e+00	5.000000e+00	0.000000e+00	
1135	3.912160e-07	0.000000e+00	5.000000e+00	0.000000e+00	
1136	3.922400e-07	0.000000e+00	5.000000e+00	0.000000e+00	
1137	3.931000e-07	0.000000e+00	5.000000e+00	0.000000e+00	
1138	3.931100e-07	0.000000e+00	4.500000e+00	0.000000e+00	
1139	3.931300e-07	0.000000e+00	3.500000e+00	0.000000e+00	
1140	3.931700e-07	0.000000e+00	1.500000e+00	0.000000e+00	
1141	3.932000e-07	0.000000e+00	0.000000e+00	0.000000e+00	
1142	3.932080e-07	0.000000e+00	0.000000e+00	0.000000e+00	
1143	3.932240e-07	0.000000e+00	0.000000e+00	0.000000e+00	
1144	3.932560e-07	0.000000e+00	0.000000e+00	0.000000e+00	
1145	3.933200e-07	0.000000e+00	0.000000e+00	0.000000e+00	
1146	3.934480e-07	0.000000e+00	0.000000e+00	0.000000e+00	
1147	3.937040e-07	0.000000e+00	0.000000e+00	0.000000e+00	
1148	3.942160e-07	0.000000e+00	0.000000e+00	0.000000e+00	
1149	3.952400e-07	0.000000e+00	0.000000e+00	0.000000e+00	
1150	3.972880e-07	0.000000e+00	0.000000e+00	0.000000e+00	
1151	4.000000e-07	0.000000e+00	0.000000e+00	0.000000e+00	
1152	4.000100e-07	5.000000e-01	0.000000e+00	0.000000e+00	
1153	4.000300e-07	1.500000e+00	0.000000e+00	0.000000e+00	
1154	4.000700e-07	3.500000e+00	0.000000e+00	0.000000e+00	
1155	4.001000e-07	5.000000e+00	0.000000e+00	0.000000e+00	
1156	4.001080e-07	5.000000e+00	0.000000e+00	0.000000e+00	

Index   time            clk             clk_delayed     corrected_data0 
--------------------------------------------------------------------------------
1157	4.001240e-07	5.000000e+00	0.000000e+00	0.000000e+00	
1158	4.001560e-07	5.000000e+00	0.000000e+00	0.000000e+00	
1159	4.002200e-07	5.000000e+00	0.000000e+00	0.000000e+00	
1160	4.003480e-07	5.000000e+00	0.000000e+00	0.000000e+00	
1161	4.006040e-07	5.000000e+00	0.000000e+00	0.000000e+00	
1162	4.011160e-07	5.000000e+00	0.000000e+00	0.000000e+00	
1163	4.021400e-07	5.000000e+00	0.000000e+00	0.000000e+00	
1164	4.030000e-07	5.000000e+00	0.000000e+00	0.000000e+00	
1165	4.030100e-07	5.000000e+00	5.000000e-01	0.000000e+00	
1166	4.030300e-07	5.000000e+00	1.500000e+00	0.000000e+00	
1167	4.030700e-07	5.000000e+00	3.500000e+00	0.000000e+00	
1168	4.031000e-07	5.000000e+00	5.000000e+00	0.000000e+00	
1169	4.031080e-07	5.000000e+00	5.000000e+00	0.000000e+00	
1170	4.031240e-07	5.000000e+00	5.000000e+00	0.000000e+00	
1171	4.031560e-07	5.000000e+00	5.000000e+00	0.000000e+00	
1172	4.032200e-07	5.000000e+00	5.000000e+00	0.000000e+00	
1173	4.033480e-07	5.000000e+00	5.000000e+00	0.000000e+00	
1174	4.036040e-07	5.000000e+00	5.000000e+00	0.000000e+00	
1175	4.041160e-07	5.000000e+00	5.000000e+00	0.000000e+00	
1176	4.051400e-07	5.000000e+00	5.000000e+00	0.000000e+00	
1177	4.071880e-07	5.000000e+00	5.000000e+00	0.000000e+00	
1178	4.101000e-07	5.000000e+00	5.000000e+00	0.000000e+00	
1179	4.101100e-07	4.500000e+00	5.000000e+00	0.000000e+00	
1180	4.101300e-07	3.500000e+00	5.000000e+00	0.000000e+00	
1181	4.101700e-07	1.500000e+00	5.000000e+00	0.000000e+00	
1182	4.102000e-07	0.000000e+00	5.000000e+00	0.000000e+00	
1183	4.102080e-07	0.000000e+00	5.000000e+00	0.000000e+00	
1184	4.102240e-07	0.000000e+00	5.000000e+00	0.000000e+00	
1185	4.102560e-07	0.000000e+00	5.000000e+00	0.000000e+00	
1186	4.103200e-07	0.000000e+00	5.000000e+00	0.000000e+00	
1187	4.104480e-07	0.000000e+00	5.000000e+00	0.000000e+00	
1188	4.107040e-07	0.000000e+00	5.000000e+00	0.000000e+00	
1189	4.112160e-07	0.000000e+00	5.000000e+00	0.000000e+00	
1190	4.122400e-07	0.000000e+00	5.000000e+00	0.000000e+00	
1191	4.131000e-07	0.000000e+00	5.000000e+00	0.000000e+00	
1192	4.131100e-07	0.000000e+00	4.500000e+00	0.000000e+00	
1193	4.131300e-07	0.000000e+00	3.500000e+00	0.000000e+00	
1194	4.131700e-07	0.000000e+00	1.500000e+00	0.000000e+00	
1195	4.132000e-07	0.000000e+00	0.000000e+00	0.000000e+00	
1196	4.132080e-07	0.000000e+00	0.000000e+00	0.000000e+00	
1197	4.132240e-07	0.000000e+00	0.000000e+00	0.000000e+00	
1198	4.132560e-07	0.000000e+00	0.000000e+00	0.000000e+00	
1199	4.133200e-07	0.000000e+00	0.000000e+00	0.000000e+00	
1200	4.134480e-07	0.000000e+00	0.000000e+00	0.000000e+00	
1201	4.137040e-07	0.000000e+00	0.000000e+00	0.000000e+00	
1202	4.142160e-07	0.000000e+00	0.000000e+00	0.000000e+00	
1203	4.152400e-07	0.000000e+00	0.000000e+00	0.000000e+00	
1204	4.172880e-07	0.000000e+00	0.000000e+00	0.000000e+00	
1205	4.200000e-07	0.000000e+00	0.000000e+00	0.000000e+00	
1206	4.200100e-07	5.000000e-01	0.000000e+00	0.000000e+00	
1207	4.200300e-07	1.500000e+00	0.000000e+00	0.000000e+00	
1208	4.200700e-07	3.500000e+00	0.000000e+00	0.000000e+00	
1209	4.201000e-07	5.000000e+00	0.000000e+00	0.000000e+00	
1210	4.201080e-07	5.000000e+00	0.000000e+00	0.000000e+00	
1211	4.201240e-07	5.000000e+00	0.000000e+00	0.000000e+00	
1212	4.201560e-07	5.000000e+00	0.000000e+00	0.000000e+00	
1213	4.202200e-07	5.000000e+00	0.000000e+00	0.000000e+00	
1214	4.203480e-07	5.000000e+00	0.000000e+00	0.000000e+00	

Index   time            clk             clk_delayed     corrected_data0 
--------------------------------------------------------------------------------
1215	4.206040e-07	5.000000e+00	0.000000e+00	0.000000e+00	
1216	4.211160e-07	5.000000e+00	0.000000e+00	0.000000e+00	
1217	4.221400e-07	5.000000e+00	0.000000e+00	0.000000e+00	
1218	4.230000e-07	5.000000e+00	0.000000e+00	0.000000e+00	
1219	4.230100e-07	5.000000e+00	5.000000e-01	0.000000e+00	
1220	4.230300e-07	5.000000e+00	1.500000e+00	0.000000e+00	
1221	4.230700e-07	5.000000e+00	3.500000e+00	0.000000e+00	
1222	4.231000e-07	5.000000e+00	5.000000e+00	0.000000e+00	
1223	4.231080e-07	5.000000e+00	5.000000e+00	0.000000e+00	
1224	4.231240e-07	5.000000e+00	5.000000e+00	0.000000e+00	
1225	4.231560e-07	5.000000e+00	5.000000e+00	0.000000e+00	
1226	4.232200e-07	5.000000e+00	5.000000e+00	0.000000e+00	
1227	4.233480e-07	5.000000e+00	5.000000e+00	0.000000e+00	
1228	4.236040e-07	5.000000e+00	5.000000e+00	0.000000e+00	
1229	4.241160e-07	5.000000e+00	5.000000e+00	0.000000e+00	
1230	4.251400e-07	5.000000e+00	5.000000e+00	0.000000e+00	
1231	4.271880e-07	5.000000e+00	5.000000e+00	0.000000e+00	
1232	4.301000e-07	5.000000e+00	5.000000e+00	0.000000e+00	
1233	4.301100e-07	4.500000e+00	5.000000e+00	0.000000e+00	
1234	4.301300e-07	3.500000e+00	5.000000e+00	0.000000e+00	
1235	4.301700e-07	1.500000e+00	5.000000e+00	0.000000e+00	
1236	4.302000e-07	0.000000e+00	5.000000e+00	0.000000e+00	
1237	4.302080e-07	0.000000e+00	5.000000e+00	0.000000e+00	
1238	4.302240e-07	0.000000e+00	5.000000e+00	0.000000e+00	
1239	4.302560e-07	0.000000e+00	5.000000e+00	0.000000e+00	
1240	4.303200e-07	0.000000e+00	5.000000e+00	0.000000e+00	
1241	4.304480e-07	0.000000e+00	5.000000e+00	0.000000e+00	
1242	4.307040e-07	0.000000e+00	5.000000e+00	0.000000e+00	
1243	4.312160e-07	0.000000e+00	5.000000e+00	0.000000e+00	
1244	4.322400e-07	0.000000e+00	5.000000e+00	0.000000e+00	
1245	4.331000e-07	0.000000e+00	5.000000e+00	0.000000e+00	
1246	4.331100e-07	0.000000e+00	4.500000e+00	0.000000e+00	
1247	4.331300e-07	0.000000e+00	3.500000e+00	0.000000e+00	
1248	4.331700e-07	0.000000e+00	1.500000e+00	0.000000e+00	
1249	4.332000e-07	0.000000e+00	0.000000e+00	0.000000e+00	
1250	4.332080e-07	0.000000e+00	0.000000e+00	0.000000e+00	
1251	4.332240e-07	0.000000e+00	0.000000e+00	0.000000e+00	
1252	4.332560e-07	0.000000e+00	0.000000e+00	0.000000e+00	
1253	4.333200e-07	0.000000e+00	0.000000e+00	0.000000e+00	
1254	4.334480e-07	0.000000e+00	0.000000e+00	0.000000e+00	
1255	4.337040e-07	0.000000e+00	0.000000e+00	0.000000e+00	
1256	4.342160e-07	0.000000e+00	0.000000e+00	0.000000e+00	
1257	4.352400e-07	0.000000e+00	0.000000e+00	0.000000e+00	
1258	4.372880e-07	0.000000e+00	0.000000e+00	0.000000e+00	
1259	4.400000e-07	0.000000e+00	0.000000e+00	0.000000e+00	
1260	4.400100e-07	5.000000e-01	0.000000e+00	0.000000e+00	
1261	4.400300e-07	1.500000e+00	0.000000e+00	0.000000e+00	
1262	4.400700e-07	3.500000e+00	0.000000e+00	0.000000e+00	
1263	4.401000e-07	5.000000e+00	0.000000e+00	0.000000e+00	
1264	4.401080e-07	5.000000e+00	0.000000e+00	0.000000e+00	
1265	4.401240e-07	5.000000e+00	0.000000e+00	0.000000e+00	
1266	4.401560e-07	5.000000e+00	0.000000e+00	0.000000e+00	
1267	4.402200e-07	5.000000e+00	0.000000e+00	0.000000e+00	
1268	4.403480e-07	5.000000e+00	0.000000e+00	0.000000e+00	
1269	4.406040e-07	5.000000e+00	0.000000e+00	0.000000e+00	
1270	4.411160e-07	5.000000e+00	0.000000e+00	0.000000e+00	
1271	4.421400e-07	5.000000e+00	0.000000e+00	0.000000e+00	
1272	4.430000e-07	5.000000e+00	0.000000e+00	0.000000e+00	

Index   time            clk             clk_delayed     corrected_data0 
--------------------------------------------------------------------------------
1273	4.430100e-07	5.000000e+00	5.000000e-01	0.000000e+00	
1274	4.430300e-07	5.000000e+00	1.500000e+00	0.000000e+00	
1275	4.430700e-07	5.000000e+00	3.500000e+00	0.000000e+00	
1276	4.431000e-07	5.000000e+00	5.000000e+00	0.000000e+00	
1277	4.431080e-07	5.000000e+00	5.000000e+00	0.000000e+00	
1278	4.431240e-07	5.000000e+00	5.000000e+00	0.000000e+00	
1279	4.431560e-07	5.000000e+00	5.000000e+00	0.000000e+00	
1280	4.432200e-07	5.000000e+00	5.000000e+00	0.000000e+00	
1281	4.433480e-07	5.000000e+00	5.000000e+00	0.000000e+00	
1282	4.436040e-07	5.000000e+00	5.000000e+00	0.000000e+00	
1283	4.441160e-07	5.000000e+00	5.000000e+00	0.000000e+00	
1284	4.451400e-07	5.000000e+00	5.000000e+00	0.000000e+00	
1285	4.471880e-07	5.000000e+00	5.000000e+00	0.000000e+00	
1286	4.501000e-07	5.000000e+00	5.000000e+00	0.000000e+00	
1287	4.501100e-07	4.500000e+00	5.000000e+00	0.000000e+00	
1288	4.501300e-07	3.500000e+00	5.000000e+00	0.000000e+00	
1289	4.501700e-07	1.500000e+00	5.000000e+00	0.000000e+00	
1290	4.502000e-07	0.000000e+00	5.000000e+00	0.000000e+00	
1291	4.502080e-07	0.000000e+00	5.000000e+00	0.000000e+00	
1292	4.502240e-07	0.000000e+00	5.000000e+00	0.000000e+00	
1293	4.502560e-07	0.000000e+00	5.000000e+00	0.000000e+00	
1294	4.503200e-07	0.000000e+00	5.000000e+00	0.000000e+00	
1295	4.504480e-07	0.000000e+00	5.000000e+00	0.000000e+00	
1296	4.507040e-07	0.000000e+00	5.000000e+00	0.000000e+00	
1297	4.512160e-07	0.000000e+00	5.000000e+00	0.000000e+00	
1298	4.522400e-07	0.000000e+00	5.000000e+00	0.000000e+00	
1299	4.531000e-07	0.000000e+00	5.000000e+00	0.000000e+00	
1300	4.531100e-07	0.000000e+00	4.500000e+00	0.000000e+00	
1301	4.531300e-07	0.000000e+00	3.500000e+00	0.000000e+00	
1302	4.531700e-07	0.000000e+00	1.500000e+00	0.000000e+00	
1303	4.532000e-07	0.000000e+00	0.000000e+00	0.000000e+00	
1304	4.532080e-07	0.000000e+00	0.000000e+00	0.000000e+00	
1305	4.532240e-07	0.000000e+00	0.000000e+00	0.000000e+00	
1306	4.532560e-07	0.000000e+00	0.000000e+00	0.000000e+00	
1307	4.533200e-07	0.000000e+00	0.000000e+00	0.000000e+00	
1308	4.534480e-07	0.000000e+00	0.000000e+00	0.000000e+00	
1309	4.537040e-07	0.000000e+00	0.000000e+00	0.000000e+00	
1310	4.542160e-07	0.000000e+00	0.000000e+00	0.000000e+00	
1311	4.552400e-07	0.000000e+00	0.000000e+00	0.000000e+00	
1312	4.572880e-07	0.000000e+00	0.000000e+00	0.000000e+00	
1313	4.600000e-07	0.000000e+00	0.000000e+00	0.000000e+00	
1314	4.600100e-07	5.000000e-01	0.000000e+00	0.000000e+00	
1315	4.600300e-07	1.500000e+00	0.000000e+00	0.000000e+00	
1316	4.600700e-07	3.500000e+00	0.000000e+00	0.000000e+00	
1317	4.601000e-07	5.000000e+00	0.000000e+00	0.000000e+00	
1318	4.601080e-07	5.000000e+00	0.000000e+00	0.000000e+00	
1319	4.601240e-07	5.000000e+00	0.000000e+00	0.000000e+00	
1320	4.601560e-07	5.000000e+00	0.000000e+00	0.000000e+00	
1321	4.602200e-07	5.000000e+00	0.000000e+00	0.000000e+00	
1322	4.603480e-07	5.000000e+00	0.000000e+00	0.000000e+00	
1323	4.606040e-07	5.000000e+00	0.000000e+00	0.000000e+00	
1324	4.611160e-07	5.000000e+00	0.000000e+00	0.000000e+00	
1325	4.621400e-07	5.000000e+00	0.000000e+00	0.000000e+00	
1326	4.630000e-07	5.000000e+00	0.000000e+00	0.000000e+00	
1327	4.630100e-07	5.000000e+00	5.000000e-01	0.000000e+00	
1328	4.630300e-07	5.000000e+00	1.500000e+00	0.000000e+00	
1329	4.630700e-07	5.000000e+00	3.500000e+00	0.000000e+00	
1330	4.631000e-07	5.000000e+00	5.000000e+00	0.000000e+00	

Index   time            clk             clk_delayed     corrected_data0 
--------------------------------------------------------------------------------
1331	4.631080e-07	5.000000e+00	5.000000e+00	0.000000e+00	
1332	4.631240e-07	5.000000e+00	5.000000e+00	0.000000e+00	
1333	4.631560e-07	5.000000e+00	5.000000e+00	0.000000e+00	
1334	4.632200e-07	5.000000e+00	5.000000e+00	0.000000e+00	
1335	4.633480e-07	5.000000e+00	5.000000e+00	0.000000e+00	
1336	4.636040e-07	5.000000e+00	5.000000e+00	0.000000e+00	
1337	4.641160e-07	5.000000e+00	5.000000e+00	0.000000e+00	
1338	4.651400e-07	5.000000e+00	5.000000e+00	0.000000e+00	
1339	4.671880e-07	5.000000e+00	5.000000e+00	0.000000e+00	
1340	4.701000e-07	5.000000e+00	5.000000e+00	0.000000e+00	
1341	4.701100e-07	4.500000e+00	5.000000e+00	0.000000e+00	
1342	4.701300e-07	3.500000e+00	5.000000e+00	0.000000e+00	
1343	4.701700e-07	1.500000e+00	5.000000e+00	0.000000e+00	
1344	4.702000e-07	0.000000e+00	5.000000e+00	0.000000e+00	
1345	4.702080e-07	0.000000e+00	5.000000e+00	0.000000e+00	
1346	4.702240e-07	0.000000e+00	5.000000e+00	0.000000e+00	
1347	4.702560e-07	0.000000e+00	5.000000e+00	0.000000e+00	
1348	4.703200e-07	0.000000e+00	5.000000e+00	0.000000e+00	
1349	4.704480e-07	0.000000e+00	5.000000e+00	0.000000e+00	
1350	4.707040e-07	0.000000e+00	5.000000e+00	0.000000e+00	
1351	4.712160e-07	0.000000e+00	5.000000e+00	0.000000e+00	
1352	4.722400e-07	0.000000e+00	5.000000e+00	0.000000e+00	
1353	4.731000e-07	0.000000e+00	5.000000e+00	0.000000e+00	
1354	4.731100e-07	0.000000e+00	4.500000e+00	0.000000e+00	
1355	4.731300e-07	0.000000e+00	3.500000e+00	0.000000e+00	
1356	4.731700e-07	0.000000e+00	1.500000e+00	0.000000e+00	
1357	4.732000e-07	0.000000e+00	0.000000e+00	0.000000e+00	
1358	4.732080e-07	0.000000e+00	0.000000e+00	0.000000e+00	
1359	4.732240e-07	0.000000e+00	0.000000e+00	0.000000e+00	
1360	4.732560e-07	0.000000e+00	0.000000e+00	0.000000e+00	
1361	4.733200e-07	0.000000e+00	0.000000e+00	0.000000e+00	
1362	4.734480e-07	0.000000e+00	0.000000e+00	0.000000e+00	
1363	4.737040e-07	0.000000e+00	0.000000e+00	0.000000e+00	
1364	4.742160e-07	0.000000e+00	0.000000e+00	0.000000e+00	
1365	4.752400e-07	0.000000e+00	0.000000e+00	0.000000e+00	
1366	4.772880e-07	0.000000e+00	0.000000e+00	0.000000e+00	
1367	4.800000e-07	0.000000e+00	0.000000e+00	0.000000e+00	
1368	4.800100e-07	5.000000e-01	0.000000e+00	0.000000e+00	
1369	4.800300e-07	1.500000e+00	0.000000e+00	0.000000e+00	
1370	4.800700e-07	3.500000e+00	0.000000e+00	0.000000e+00	
1371	4.801000e-07	5.000000e+00	0.000000e+00	0.000000e+00	
1372	4.801080e-07	5.000000e+00	0.000000e+00	0.000000e+00	
1373	4.801240e-07	5.000000e+00	0.000000e+00	0.000000e+00	
1374	4.801560e-07	5.000000e+00	0.000000e+00	0.000000e+00	
1375	4.802200e-07	5.000000e+00	0.000000e+00	0.000000e+00	
1376	4.803480e-07	5.000000e+00	0.000000e+00	0.000000e+00	
1377	4.806040e-07	5.000000e+00	0.000000e+00	0.000000e+00	
1378	4.811160e-07	5.000000e+00	0.000000e+00	0.000000e+00	
1379	4.821400e-07	5.000000e+00	0.000000e+00	0.000000e+00	
1380	4.830000e-07	5.000000e+00	0.000000e+00	0.000000e+00	
1381	4.830100e-07	5.000000e+00	5.000000e-01	0.000000e+00	
1382	4.830300e-07	5.000000e+00	1.500000e+00	0.000000e+00	
1383	4.830700e-07	5.000000e+00	3.500000e+00	0.000000e+00	
1384	4.831000e-07	5.000000e+00	5.000000e+00	0.000000e+00	
1385	4.831080e-07	5.000000e+00	5.000000e+00	0.000000e+00	
1386	4.831240e-07	5.000000e+00	5.000000e+00	0.000000e+00	
1387	4.831560e-07	5.000000e+00	5.000000e+00	0.000000e+00	
1388	4.832200e-07	5.000000e+00	5.000000e+00	0.000000e+00	

Index   time            clk             clk_delayed     corrected_data0 
--------------------------------------------------------------------------------
1389	4.833480e-07	5.000000e+00	5.000000e+00	0.000000e+00	
1390	4.836040e-07	5.000000e+00	5.000000e+00	0.000000e+00	
1391	4.841160e-07	5.000000e+00	5.000000e+00	0.000000e+00	
1392	4.851400e-07	5.000000e+00	5.000000e+00	0.000000e+00	
1393	4.871880e-07	5.000000e+00	5.000000e+00	0.000000e+00	
1394	4.901000e-07	5.000000e+00	5.000000e+00	0.000000e+00	
1395	4.901100e-07	4.500000e+00	5.000000e+00	0.000000e+00	
1396	4.901300e-07	3.500000e+00	5.000000e+00	0.000000e+00	
1397	4.901700e-07	1.500000e+00	5.000000e+00	0.000000e+00	
1398	4.902000e-07	0.000000e+00	5.000000e+00	0.000000e+00	
1399	4.902080e-07	0.000000e+00	5.000000e+00	0.000000e+00	
1400	4.902240e-07	0.000000e+00	5.000000e+00	0.000000e+00	
1401	4.902560e-07	0.000000e+00	5.000000e+00	0.000000e+00	
1402	4.903200e-07	0.000000e+00	5.000000e+00	0.000000e+00	
1403	4.904480e-07	0.000000e+00	5.000000e+00	0.000000e+00	
1404	4.907040e-07	0.000000e+00	5.000000e+00	0.000000e+00	
1405	4.912160e-07	0.000000e+00	5.000000e+00	0.000000e+00	
1406	4.922400e-07	0.000000e+00	5.000000e+00	0.000000e+00	
1407	4.931000e-07	0.000000e+00	5.000000e+00	0.000000e+00	
1408	4.931100e-07	0.000000e+00	4.500000e+00	0.000000e+00	
1409	4.931300e-07	0.000000e+00	3.500000e+00	0.000000e+00	
1410	4.931700e-07	0.000000e+00	1.500000e+00	0.000000e+00	
1411	4.932000e-07	0.000000e+00	0.000000e+00	0.000000e+00	
1412	4.932080e-07	0.000000e+00	0.000000e+00	0.000000e+00	
1413	4.932240e-07	0.000000e+00	0.000000e+00	0.000000e+00	
1414	4.932560e-07	0.000000e+00	0.000000e+00	0.000000e+00	
1415	4.933200e-07	0.000000e+00	0.000000e+00	0.000000e+00	
1416	4.934480e-07	0.000000e+00	0.000000e+00	0.000000e+00	
1417	4.937040e-07	0.000000e+00	0.000000e+00	0.000000e+00	
1418	4.942160e-07	0.000000e+00	0.000000e+00	0.000000e+00	
1419	4.952400e-07	0.000000e+00	0.000000e+00	0.000000e+00	
1420	4.972880e-07	0.000000e+00	0.000000e+00	0.000000e+00	
1421	5.000000e-07	0.000000e+00	0.000000e+00	0.000000e+00	

                                kicad schematic
                                Transient Analysis  Mon Jul 06 20:03:07  2026
--------------------------------------------------------------------------------
Index   time            corrected_data1 corrected_data2 corrected_data3 
--------------------------------------------------------------------------------
0	0.000000e+00	0.000000e+00	0.000000e+00	0.000000e+00	
1	1.000000e-12	0.000000e+00	0.000000e+00	0.000000e+00	
2	2.000000e-12	0.000000e+00	0.000000e+00	0.000000e+00	
3	4.000000e-12	0.000000e+00	0.000000e+00	0.000000e+00	
4	8.000000e-12	0.000000e+00	0.000000e+00	0.000000e+00	
5	1.600000e-11	0.000000e+00	0.000000e+00	0.000000e+00	
6	3.200000e-11	0.000000e+00	0.000000e+00	0.000000e+00	
7	6.400000e-11	0.000000e+00	0.000000e+00	0.000000e+00	
8	1.000000e-10	0.000000e+00	0.000000e+00	0.000000e+00	
9	1.064000e-10	0.000000e+00	0.000000e+00	0.000000e+00	
10	1.192000e-10	0.000000e+00	0.000000e+00	0.000000e+00	
11	1.448000e-10	0.000000e+00	0.000000e+00	0.000000e+00	
12	1.960000e-10	0.000000e+00	0.000000e+00	0.000000e+00	
13	2.984000e-10	0.000000e+00	0.000000e+00	0.000000e+00	
14	5.032000e-10	0.000000e+00	0.000000e+00	0.000000e+00	
15	9.128000e-10	0.000000e+00	0.000000e+00	0.000000e+00	
16	1.732000e-09	0.000000e+00	0.000000e+00	0.000000e+00	
17	3.000000e-09	0.000000e+00	0.000000e+00	0.000000e+00	
18	3.010000e-09	0.000000e+00	0.000000e+00	0.000000e+00	
19	3.030000e-09	0.000000e+00	0.000000e+00	0.000000e+00	
20	3.070000e-09	0.000000e+00	0.000000e+00	0.000000e+00	
21	3.100000e-09	0.000000e+00	0.000000e+00	0.000000e+00	
22	3.108000e-09	0.000000e+00	0.000000e+00	0.000000e+00	
23	3.124000e-09	0.000000e+00	0.000000e+00	0.000000e+00	
24	3.156000e-09	0.000000e+00	0.000000e+00	0.000000e+00	
25	3.220000e-09	0.000000e+00	0.000000e+00	0.000000e+00	
26	3.348000e-09	0.000000e+00	0.000000e+00	0.000000e+00	
27	3.604000e-09	0.000000e+00	0.000000e+00	0.000000e+00	
28	4.116000e-09	0.000000e+00	0.000000e+00	0.000000e+00	
29	5.140000e-09	0.000000e+00	0.000000e+00	0.000000e+00	
30	7.188000e-09	0.000000e+00	0.000000e+00	0.000000e+00	
31	1.010000e-08	0.000000e+00	0.000000e+00	0.000000e+00	
32	1.011000e-08	0.000000e+00	0.000000e+00	0.000000e+00	
33	1.013000e-08	0.000000e+00	0.000000e+00	0.000000e+00	
34	1.017000e-08	0.000000e+00	0.000000e+00	0.000000e+00	
35	1.020000e-08	0.000000e+00	0.000000e+00	0.000000e+00	
36	1.020800e-08	0.000000e+00	0.000000e+00	0.000000e+00	
37	1.022400e-08	0.000000e+00	0.000000e+00	0.000000e+00	
38	1.025600e-08	0.000000e+00	0.000000e+00	0.000000e+00	
39	1.032000e-08	0.000000e+00	0.000000e+00	0.000000e+00	
40	1.044800e-08	0.000000e+00	0.000000e+00	0.000000e+00	
41	1.070400e-08	0.000000e+00	0.000000e+00	0.000000e+00	
42	1.121600e-08	0.000000e+00	0.000000e+00	0.000000e+00	
43	1.224000e-08	0.000000e+00	0.000000e+00	0.000000e+00	
44	1.310000e-08	0.000000e+00	0.000000e+00	0.000000e+00	
45	1.311000e-08	0.000000e+00	0.000000e+00	0.000000e+00	
46	1.313000e-08	0.000000e+00	0.000000e+00	0.000000e+00	
47	1.317000e-08	0.000000e+00	0.000000e+00	0.000000e+00	
48	1.320000e-08	0.000000e+00	0.000000e+00	0.000000e+00	
49	1.320800e-08	0.000000e+00	0.000000e+00	0.000000e+00	
50	1.322400e-08	0.000000e+00	0.000000e+00	0.000000e+00	
51	1.325600e-08	0.000000e+00	0.000000e+00	0.000000e+00	
52	1.332000e-08	0.000000e+00	0.000000e+00	0.000000e+00	
53	1.344800e-08	0.000000e+00	0.000000e+00	0.000000e+00	
54	1.370400e-08	0.000000e+00	0.000000e+00	0.000000e+00	

Index   time            corrected_data1 corrected_data2 corrected_data3 
--------------------------------------------------------------------------------
55	1.421600e-08	0.000000e+00	0.000000e+00	0.000000e+00	
56	1.524000e-08	0.000000e+00	0.000000e+00	0.000000e+00	
57	1.728800e-08	0.000000e+00	0.000000e+00	0.000000e+00	
58	2.000000e-08	0.000000e+00	0.000000e+00	0.000000e+00	
59	2.001000e-08	0.000000e+00	0.000000e+00	0.000000e+00	
60	2.003000e-08	0.000000e+00	0.000000e+00	0.000000e+00	
61	2.007000e-08	0.000000e+00	0.000000e+00	0.000000e+00	
62	2.010000e-08	0.000000e+00	0.000000e+00	0.000000e+00	
63	2.010800e-08	0.000000e+00	0.000000e+00	0.000000e+00	
64	2.012400e-08	0.000000e+00	0.000000e+00	0.000000e+00	
65	2.015600e-08	0.000000e+00	0.000000e+00	0.000000e+00	
66	2.022000e-08	0.000000e+00	0.000000e+00	0.000000e+00	
67	2.034800e-08	0.000000e+00	0.000000e+00	0.000000e+00	
68	2.060400e-08	0.000000e+00	0.000000e+00	0.000000e+00	
69	2.111600e-08	0.000000e+00	0.000000e+00	0.000000e+00	
70	2.214000e-08	0.000000e+00	0.000000e+00	0.000000e+00	
71	2.300000e-08	0.000000e+00	0.000000e+00	0.000000e+00	
72	2.301000e-08	0.000000e+00	0.000000e+00	0.000000e+00	
73	2.303000e-08	0.000000e+00	0.000000e+00	0.000000e+00	
74	2.307000e-08	0.000000e+00	0.000000e+00	0.000000e+00	
75	2.310000e-08	0.000000e+00	0.000000e+00	0.000000e+00	
76	2.310800e-08	0.000000e+00	0.000000e+00	0.000000e+00	
77	2.312400e-08	0.000000e+00	0.000000e+00	0.000000e+00	
78	2.315600e-08	0.000000e+00	0.000000e+00	0.000000e+00	
79	2.322000e-08	0.000000e+00	0.000000e+00	0.000000e+00	
80	2.334800e-08	0.000000e+00	0.000000e+00	0.000000e+00	
81	2.360400e-08	0.000000e+00	0.000000e+00	0.000000e+00	
82	2.411600e-08	0.000000e+00	0.000000e+00	0.000000e+00	
83	2.514000e-08	0.000000e+00	0.000000e+00	0.000000e+00	
84	2.718800e-08	0.000000e+00	0.000000e+00	0.000000e+00	
85	3.010000e-08	0.000000e+00	0.000000e+00	0.000000e+00	
86	3.011000e-08	0.000000e+00	0.000000e+00	0.000000e+00	
87	3.013000e-08	0.000000e+00	0.000000e+00	0.000000e+00	
88	3.017000e-08	0.000000e+00	0.000000e+00	0.000000e+00	
89	3.020000e-08	0.000000e+00	0.000000e+00	0.000000e+00	
90	3.020800e-08	0.000000e+00	0.000000e+00	0.000000e+00	
91	3.022400e-08	0.000000e+00	0.000000e+00	0.000000e+00	
92	3.025600e-08	0.000000e+00	0.000000e+00	0.000000e+00	
93	3.032000e-08	0.000000e+00	0.000000e+00	0.000000e+00	
94	3.044800e-08	0.000000e+00	0.000000e+00	0.000000e+00	
95	3.070400e-08	0.000000e+00	0.000000e+00	0.000000e+00	
96	3.121600e-08	0.000000e+00	0.000000e+00	0.000000e+00	
97	3.224000e-08	0.000000e+00	0.000000e+00	0.000000e+00	
98	3.310000e-08	0.000000e+00	0.000000e+00	0.000000e+00	
99	3.311000e-08	0.000000e+00	0.000000e+00	0.000000e+00	
100	3.313000e-08	0.000000e+00	0.000000e+00	0.000000e+00	
101	3.317000e-08	0.000000e+00	0.000000e+00	0.000000e+00	
102	3.320000e-08	0.000000e+00	0.000000e+00	0.000000e+00	
103	3.320800e-08	0.000000e+00	0.000000e+00	0.000000e+00	
104	3.322400e-08	0.000000e+00	0.000000e+00	0.000000e+00	
105	3.325600e-08	0.000000e+00	0.000000e+00	0.000000e+00	
106	3.332000e-08	0.000000e+00	0.000000e+00	0.000000e+00	
107	3.344800e-08	0.000000e+00	0.000000e+00	0.000000e+00	
108	3.370400e-08	0.000000e+00	0.000000e+00	0.000000e+00	
109	3.421600e-08	0.000000e+00	0.000000e+00	0.000000e+00	
110	3.524000e-08	0.000000e+00	0.000000e+00	0.000000e+00	
111	3.728800e-08	0.000000e+00	0.000000e+00	0.000000e+00	
112	4.000000e-08	0.000000e+00	0.000000e+00	0.000000e+00	

Index   time            corrected_data1 corrected_data2 corrected_data3 
--------------------------------------------------------------------------------
113	4.001000e-08	0.000000e+00	0.000000e+00	0.000000e+00	
114	4.003000e-08	0.000000e+00	0.000000e+00	0.000000e+00	
115	4.007000e-08	0.000000e+00	0.000000e+00	0.000000e+00	
116	4.010000e-08	0.000000e+00	0.000000e+00	0.000000e+00	
117	4.010800e-08	0.000000e+00	0.000000e+00	0.000000e+00	
118	4.012400e-08	0.000000e+00	0.000000e+00	0.000000e+00	
119	4.015600e-08	0.000000e+00	0.000000e+00	0.000000e+00	
120	4.022000e-08	0.000000e+00	0.000000e+00	0.000000e+00	
121	4.034800e-08	0.000000e+00	0.000000e+00	0.000000e+00	
122	4.060400e-08	0.000000e+00	0.000000e+00	0.000000e+00	
123	4.111600e-08	0.000000e+00	0.000000e+00	0.000000e+00	
124	4.214000e-08	0.000000e+00	0.000000e+00	0.000000e+00	
125	4.300000e-08	0.000000e+00	0.000000e+00	0.000000e+00	
126	4.301000e-08	0.000000e+00	0.000000e+00	0.000000e+00	
127	4.303000e-08	0.000000e+00	0.000000e+00	0.000000e+00	
128	4.307000e-08	0.000000e+00	0.000000e+00	0.000000e+00	
129	4.310000e-08	0.000000e+00	0.000000e+00	0.000000e+00	
130	4.310800e-08	0.000000e+00	0.000000e+00	0.000000e+00	
131	4.312400e-08	0.000000e+00	0.000000e+00	0.000000e+00	
132	4.315600e-08	0.000000e+00	0.000000e+00	0.000000e+00	
133	4.322000e-08	0.000000e+00	0.000000e+00	0.000000e+00	
134	4.334800e-08	0.000000e+00	0.000000e+00	0.000000e+00	
135	4.360400e-08	0.000000e+00	0.000000e+00	0.000000e+00	
136	4.411600e-08	0.000000e+00	0.000000e+00	0.000000e+00	
137	4.503000e-08	0.000000e+00	0.000000e+00	0.000000e+00	
138	4.513000e-08	5.000000e-01	0.000000e+00	5.000000e-01	
139	4.533000e-08	1.500000e+00	0.000000e+00	1.500000e+00	
140	4.573000e-08	3.500000e+00	0.000000e+00	3.500000e+00	
141	4.603000e-08	5.000000e+00	0.000000e+00	5.000000e+00	
142	4.611000e-08	5.000000e+00	0.000000e+00	5.000000e+00	
143	4.627000e-08	5.000000e+00	0.000000e+00	5.000000e+00	
144	4.659000e-08	5.000000e+00	0.000000e+00	5.000000e+00	
145	4.723000e-08	5.000000e+00	0.000000e+00	5.000000e+00	
146	4.851000e-08	5.000000e+00	0.000000e+00	5.000000e+00	
147	5.010000e-08	5.000000e+00	0.000000e+00	5.000000e+00	
148	5.011000e-08	5.000000e+00	0.000000e+00	5.000000e+00	
149	5.013000e-08	5.000000e+00	0.000000e+00	5.000000e+00	
150	5.017000e-08	5.000000e+00	0.000000e+00	5.000000e+00	
151	5.020000e-08	5.000000e+00	0.000000e+00	5.000000e+00	
152	5.020800e-08	5.000000e+00	0.000000e+00	5.000000e+00	
153	5.022400e-08	5.000000e+00	0.000000e+00	5.000000e+00	
154	5.025600e-08	5.000000e+00	0.000000e+00	5.000000e+00	
155	5.032000e-08	5.000000e+00	0.000000e+00	5.000000e+00	
156	5.044800e-08	5.000000e+00	0.000000e+00	5.000000e+00	
157	5.070400e-08	5.000000e+00	0.000000e+00	5.000000e+00	
158	5.121600e-08	5.000000e+00	0.000000e+00	5.000000e+00	
159	5.224000e-08	5.000000e+00	0.000000e+00	5.000000e+00	
160	5.310000e-08	5.000000e+00	0.000000e+00	5.000000e+00	
161	5.311000e-08	5.000000e+00	0.000000e+00	5.000000e+00	
162	5.313000e-08	5.000000e+00	0.000000e+00	5.000000e+00	
163	5.317000e-08	5.000000e+00	0.000000e+00	5.000000e+00	
164	5.320000e-08	5.000000e+00	0.000000e+00	5.000000e+00	
165	5.320800e-08	5.000000e+00	0.000000e+00	5.000000e+00	
166	5.322400e-08	5.000000e+00	0.000000e+00	5.000000e+00	
167	5.325600e-08	5.000000e+00	0.000000e+00	5.000000e+00	
168	5.332000e-08	5.000000e+00	0.000000e+00	5.000000e+00	
169	5.344800e-08	5.000000e+00	0.000000e+00	5.000000e+00	
170	5.370400e-08	5.000000e+00	0.000000e+00	5.000000e+00	

Index   time            corrected_data1 corrected_data2 corrected_data3 
--------------------------------------------------------------------------------
171	5.421600e-08	5.000000e+00	0.000000e+00	5.000000e+00	
172	5.524000e-08	5.000000e+00	0.000000e+00	5.000000e+00	
173	5.728800e-08	5.000000e+00	0.000000e+00	5.000000e+00	
174	6.000000e-08	5.000000e+00	0.000000e+00	5.000000e+00	
175	6.001000e-08	5.000000e+00	0.000000e+00	5.000000e+00	
176	6.003000e-08	5.000000e+00	0.000000e+00	5.000000e+00	
177	6.007000e-08	5.000000e+00	0.000000e+00	5.000000e+00	
178	6.010000e-08	5.000000e+00	0.000000e+00	5.000000e+00	
179	6.010800e-08	5.000000e+00	0.000000e+00	5.000000e+00	
180	6.012400e-08	5.000000e+00	0.000000e+00	5.000000e+00	
181	6.015600e-08	5.000000e+00	0.000000e+00	5.000000e+00	
182	6.022000e-08	5.000000e+00	0.000000e+00	5.000000e+00	
183	6.034800e-08	5.000000e+00	0.000000e+00	5.000000e+00	
184	6.060400e-08	5.000000e+00	0.000000e+00	5.000000e+00	
185	6.111600e-08	5.000000e+00	0.000000e+00	5.000000e+00	
186	6.214000e-08	5.000000e+00	0.000000e+00	5.000000e+00	
187	6.300000e-08	5.000000e+00	0.000000e+00	5.000000e+00	
188	6.301000e-08	5.000000e+00	0.000000e+00	5.000000e+00	
189	6.303000e-08	5.000000e+00	0.000000e+00	5.000000e+00	
190	6.307000e-08	5.000000e+00	0.000000e+00	5.000000e+00	
191	6.310000e-08	5.000000e+00	0.000000e+00	5.000000e+00	
192	6.310800e-08	5.000000e+00	0.000000e+00	5.000000e+00	
193	6.312400e-08	5.000000e+00	0.000000e+00	5.000000e+00	
194	6.315600e-08	5.000000e+00	0.000000e+00	5.000000e+00	
195	6.322000e-08	5.000000e+00	0.000000e+00	5.000000e+00	
196	6.334800e-08	5.000000e+00	0.000000e+00	5.000000e+00	
197	6.360400e-08	5.000000e+00	0.000000e+00	5.000000e+00	
198	6.411600e-08	5.000000e+00	0.000000e+00	5.000000e+00	
199	6.503000e-08	5.000000e+00	0.000000e+00	5.000000e+00	
200	6.513000e-08	5.000000e+00	0.000000e+00	4.500000e+00	
201	6.533000e-08	5.000000e+00	0.000000e+00	3.500000e+00	
202	6.573000e-08	5.000000e+00	0.000000e+00	1.500000e+00	
203	6.603000e-08	5.000000e+00	0.000000e+00	2.708944e-14	
204	6.611000e-08	5.000000e+00	0.000000e+00	0.000000e+00	
205	6.627000e-08	5.000000e+00	0.000000e+00	0.000000e+00	
206	6.659000e-08	5.000000e+00	0.000000e+00	0.000000e+00	
207	6.723000e-08	5.000000e+00	0.000000e+00	0.000000e+00	
208	6.851000e-08	5.000000e+00	0.000000e+00	0.000000e+00	
209	7.010000e-08	5.000000e+00	0.000000e+00	0.000000e+00	
210	7.011000e-08	5.000000e+00	0.000000e+00	0.000000e+00	
211	7.013000e-08	5.000000e+00	0.000000e+00	0.000000e+00	
212	7.017000e-08	5.000000e+00	0.000000e+00	0.000000e+00	
213	7.020000e-08	5.000000e+00	0.000000e+00	0.000000e+00	
214	7.020800e-08	5.000000e+00	0.000000e+00	0.000000e+00	
215	7.022400e-08	5.000000e+00	0.000000e+00	0.000000e+00	
216	7.025600e-08	5.000000e+00	0.000000e+00	0.000000e+00	
217	7.032000e-08	5.000000e+00	0.000000e+00	0.000000e+00	
218	7.044800e-08	5.000000e+00	0.000000e+00	0.000000e+00	
219	7.070400e-08	5.000000e+00	0.000000e+00	0.000000e+00	
220	7.121600e-08	5.000000e+00	0.000000e+00	0.000000e+00	
221	7.224000e-08	5.000000e+00	0.000000e+00	0.000000e+00	
222	7.310000e-08	5.000000e+00	0.000000e+00	0.000000e+00	
223	7.311000e-08	5.000000e+00	0.000000e+00	0.000000e+00	
224	7.313000e-08	5.000000e+00	0.000000e+00	0.000000e+00	
225	7.317000e-08	5.000000e+00	0.000000e+00	0.000000e+00	
226	7.320000e-08	5.000000e+00	0.000000e+00	0.000000e+00	
227	7.320800e-08	5.000000e+00	0.000000e+00	0.000000e+00	
228	7.322400e-08	5.000000e+00	0.000000e+00	0.000000e+00	

Index   time            corrected_data1 corrected_data2 corrected_data3 
--------------------------------------------------------------------------------
229	7.325600e-08	5.000000e+00	0.000000e+00	0.000000e+00	
230	7.332000e-08	5.000000e+00	0.000000e+00	0.000000e+00	
231	7.344800e-08	5.000000e+00	0.000000e+00	0.000000e+00	
232	7.370400e-08	5.000000e+00	0.000000e+00	0.000000e+00	
233	7.421600e-08	5.000000e+00	0.000000e+00	0.000000e+00	
234	7.524000e-08	5.000000e+00	0.000000e+00	0.000000e+00	
235	7.728800e-08	5.000000e+00	0.000000e+00	0.000000e+00	
236	8.000000e-08	5.000000e+00	0.000000e+00	0.000000e+00	
237	8.001000e-08	5.000000e+00	0.000000e+00	0.000000e+00	
238	8.003000e-08	5.000000e+00	0.000000e+00	0.000000e+00	
239	8.007000e-08	5.000000e+00	0.000000e+00	0.000000e+00	
240	8.010000e-08	5.000000e+00	0.000000e+00	0.000000e+00	
241	8.010800e-08	5.000000e+00	0.000000e+00	0.000000e+00	
242	8.012400e-08	5.000000e+00	0.000000e+00	0.000000e+00	
243	8.015600e-08	5.000000e+00	0.000000e+00	0.000000e+00	
244	8.022000e-08	5.000000e+00	0.000000e+00	0.000000e+00	
245	8.034800e-08	5.000000e+00	0.000000e+00	0.000000e+00	
246	8.060400e-08	5.000000e+00	0.000000e+00	0.000000e+00	
247	8.111600e-08	5.000000e+00	0.000000e+00	0.000000e+00	
248	8.214000e-08	5.000000e+00	0.000000e+00	0.000000e+00	
249	8.300000e-08	5.000000e+00	0.000000e+00	0.000000e+00	
250	8.301000e-08	5.000000e+00	0.000000e+00	0.000000e+00	
251	8.303000e-08	5.000000e+00	0.000000e+00	0.000000e+00	
252	8.307000e-08	5.000000e+00	0.000000e+00	0.000000e+00	
253	8.310000e-08	5.000000e+00	0.000000e+00	0.000000e+00	
254	8.310800e-08	5.000000e+00	0.000000e+00	0.000000e+00	
255	8.312400e-08	5.000000e+00	0.000000e+00	0.000000e+00	
256	8.315600e-08	5.000000e+00	0.000000e+00	0.000000e+00	
257	8.322000e-08	5.000000e+00	0.000000e+00	0.000000e+00	
258	8.334800e-08	5.000000e+00	0.000000e+00	0.000000e+00	
259	8.360400e-08	5.000000e+00	0.000000e+00	0.000000e+00	
260	8.411600e-08	5.000000e+00	0.000000e+00	0.000000e+00	
261	8.503000e-08	5.000000e+00	0.000000e+00	0.000000e+00	
262	8.513000e-08	5.000000e+00	0.000000e+00	0.000000e+00	
263	8.533000e-08	5.000000e+00	0.000000e+00	0.000000e+00	
264	8.573000e-08	5.000000e+00	0.000000e+00	0.000000e+00	
265	8.603000e-08	5.000000e+00	0.000000e+00	0.000000e+00	
266	8.611000e-08	5.000000e+00	0.000000e+00	0.000000e+00	
267	8.627000e-08	5.000000e+00	0.000000e+00	0.000000e+00	
268	8.659000e-08	5.000000e+00	0.000000e+00	0.000000e+00	
269	8.723000e-08	5.000000e+00	0.000000e+00	0.000000e+00	
270	8.851000e-08	5.000000e+00	0.000000e+00	0.000000e+00	
271	9.010000e-08	5.000000e+00	0.000000e+00	0.000000e+00	
272	9.011000e-08	5.000000e+00	0.000000e+00	0.000000e+00	
273	9.013000e-08	5.000000e+00	0.000000e+00	0.000000e+00	
274	9.017000e-08	5.000000e+00	0.000000e+00	0.000000e+00	
275	9.020000e-08	5.000000e+00	0.000000e+00	0.000000e+00	
276	9.020800e-08	5.000000e+00	0.000000e+00	0.000000e+00	
277	9.022400e-08	5.000000e+00	0.000000e+00	0.000000e+00	
278	9.025600e-08	5.000000e+00	0.000000e+00	0.000000e+00	
279	9.032000e-08	5.000000e+00	0.000000e+00	0.000000e+00	
280	9.044800e-08	5.000000e+00	0.000000e+00	0.000000e+00	
281	9.070400e-08	5.000000e+00	0.000000e+00	0.000000e+00	
282	9.121600e-08	5.000000e+00	0.000000e+00	0.000000e+00	
283	9.224000e-08	5.000000e+00	0.000000e+00	0.000000e+00	
284	9.310000e-08	5.000000e+00	0.000000e+00	0.000000e+00	
285	9.311000e-08	5.000000e+00	0.000000e+00	0.000000e+00	
286	9.313000e-08	5.000000e+00	0.000000e+00	0.000000e+00	

Index   time            corrected_data1 corrected_data2 corrected_data3 
--------------------------------------------------------------------------------
287	9.317000e-08	5.000000e+00	0.000000e+00	0.000000e+00	
288	9.320000e-08	5.000000e+00	0.000000e+00	0.000000e+00	
289	9.320800e-08	5.000000e+00	0.000000e+00	0.000000e+00	
290	9.322400e-08	5.000000e+00	0.000000e+00	0.000000e+00	
291	9.325600e-08	5.000000e+00	0.000000e+00	0.000000e+00	
292	9.332000e-08	5.000000e+00	0.000000e+00	0.000000e+00	
293	9.344800e-08	5.000000e+00	0.000000e+00	0.000000e+00	
294	9.370400e-08	5.000000e+00	0.000000e+00	0.000000e+00	
295	9.421600e-08	5.000000e+00	0.000000e+00	0.000000e+00	
296	9.524000e-08	5.000000e+00	0.000000e+00	0.000000e+00	
297	9.728800e-08	5.000000e+00	0.000000e+00	0.000000e+00	
298	1.000000e-07	5.000000e+00	0.000000e+00	0.000000e+00	
299	1.000100e-07	5.000000e+00	0.000000e+00	0.000000e+00	
300	1.000300e-07	5.000000e+00	0.000000e+00	0.000000e+00	
301	1.000700e-07	5.000000e+00	0.000000e+00	0.000000e+00	
302	1.001000e-07	5.000000e+00	0.000000e+00	0.000000e+00	
303	1.001080e-07	5.000000e+00	0.000000e+00	0.000000e+00	
304	1.001240e-07	5.000000e+00	0.000000e+00	0.000000e+00	
305	1.001560e-07	5.000000e+00	0.000000e+00	0.000000e+00	
306	1.002200e-07	5.000000e+00	0.000000e+00	0.000000e+00	
307	1.003480e-07	5.000000e+00	0.000000e+00	0.000000e+00	
308	1.006040e-07	5.000000e+00	0.000000e+00	0.000000e+00	
309	1.011160e-07	5.000000e+00	0.000000e+00	0.000000e+00	
310	1.015000e-07	5.000000e+00	0.000000e+00	0.000000e+00	
311	1.015100e-07	5.000000e+00	0.000000e+00	0.000000e+00	
312	1.015300e-07	5.000000e+00	0.000000e+00	0.000000e+00	
313	1.015700e-07	5.000000e+00	0.000000e+00	0.000000e+00	
314	1.016000e-07	5.000000e+00	0.000000e+00	0.000000e+00	
315	1.016080e-07	5.000000e+00	0.000000e+00	0.000000e+00	
316	1.016240e-07	5.000000e+00	0.000000e+00	0.000000e+00	
317	1.016560e-07	5.000000e+00	0.000000e+00	0.000000e+00	
318	1.017200e-07	5.000000e+00	0.000000e+00	0.000000e+00	
319	1.018480e-07	5.000000e+00	0.000000e+00	0.000000e+00	
320	1.021040e-07	5.000000e+00	0.000000e+00	0.000000e+00	
321	1.026160e-07	5.000000e+00	0.000000e+00	0.000000e+00	
322	1.030000e-07	5.000000e+00	0.000000e+00	0.000000e+00	
323	1.030100e-07	5.000000e+00	0.000000e+00	0.000000e+00	
324	1.030300e-07	5.000000e+00	0.000000e+00	0.000000e+00	
325	1.030700e-07	5.000000e+00	0.000000e+00	0.000000e+00	
326	1.031000e-07	5.000000e+00	0.000000e+00	0.000000e+00	
327	1.031080e-07	5.000000e+00	0.000000e+00	0.000000e+00	
328	1.031240e-07	5.000000e+00	0.000000e+00	0.000000e+00	
329	1.031560e-07	5.000000e+00	0.000000e+00	0.000000e+00	
330	1.032200e-07	5.000000e+00	0.000000e+00	0.000000e+00	
331	1.033480e-07	5.000000e+00	0.000000e+00	0.000000e+00	
332	1.036040e-07	5.000000e+00	0.000000e+00	0.000000e+00	
333	1.041160e-07	5.000000e+00	0.000000e+00	0.000000e+00	
334	1.050300e-07	5.000000e+00	0.000000e+00	0.000000e+00	
335	1.051300e-07	4.500000e+00	0.000000e+00	5.000000e-01	
336	1.053300e-07	3.500000e+00	0.000000e+00	1.500000e+00	
337	1.057300e-07	1.500000e+00	0.000000e+00	3.500000e+00	
338	1.060300e-07	2.708944e-14	0.000000e+00	5.000000e+00	
339	1.061100e-07	0.000000e+00	0.000000e+00	5.000000e+00	
340	1.062700e-07	0.000000e+00	0.000000e+00	5.000000e+00	
341	1.065900e-07	0.000000e+00	0.000000e+00	5.000000e+00	
342	1.072300e-07	0.000000e+00	0.000000e+00	5.000000e+00	
343	1.085100e-07	0.000000e+00	0.000000e+00	5.000000e+00	
344	1.101000e-07	0.000000e+00	0.000000e+00	5.000000e+00	

Index   time            corrected_data1 corrected_data2 corrected_data3 
--------------------------------------------------------------------------------
345	1.101100e-07	0.000000e+00	0.000000e+00	5.000000e+00	
346	1.101300e-07	0.000000e+00	0.000000e+00	5.000000e+00	
347	1.101700e-07	0.000000e+00	0.000000e+00	5.000000e+00	
348	1.102000e-07	0.000000e+00	0.000000e+00	5.000000e+00	
349	1.102080e-07	0.000000e+00	0.000000e+00	5.000000e+00	
350	1.102240e-07	0.000000e+00	0.000000e+00	5.000000e+00	
351	1.102560e-07	0.000000e+00	0.000000e+00	5.000000e+00	
352	1.103200e-07	0.000000e+00	0.000000e+00	5.000000e+00	
353	1.104480e-07	0.000000e+00	0.000000e+00	5.000000e+00	
354	1.107040e-07	0.000000e+00	0.000000e+00	5.000000e+00	
355	1.112160e-07	0.000000e+00	0.000000e+00	5.000000e+00	
356	1.122400e-07	0.000000e+00	0.000000e+00	5.000000e+00	
357	1.131000e-07	0.000000e+00	0.000000e+00	5.000000e+00	
358	1.131100e-07	0.000000e+00	0.000000e+00	5.000000e+00	
359	1.131300e-07	0.000000e+00	0.000000e+00	5.000000e+00	
360	1.131700e-07	0.000000e+00	0.000000e+00	5.000000e+00	
361	1.132000e-07	0.000000e+00	0.000000e+00	5.000000e+00	
362	1.132080e-07	0.000000e+00	0.000000e+00	5.000000e+00	
363	1.132240e-07	0.000000e+00	0.000000e+00	5.000000e+00	
364	1.132560e-07	0.000000e+00	0.000000e+00	5.000000e+00	
365	1.133200e-07	0.000000e+00	0.000000e+00	5.000000e+00	
366	1.134480e-07	0.000000e+00	0.000000e+00	5.000000e+00	
367	1.137040e-07	0.000000e+00	0.000000e+00	5.000000e+00	
368	1.142160e-07	0.000000e+00	0.000000e+00	5.000000e+00	
369	1.152400e-07	0.000000e+00	0.000000e+00	5.000000e+00	
370	1.172880e-07	0.000000e+00	0.000000e+00	5.000000e+00	
371	1.200000e-07	0.000000e+00	0.000000e+00	5.000000e+00	
372	1.200100e-07	0.000000e+00	0.000000e+00	5.000000e+00	
373	1.200300e-07	0.000000e+00	0.000000e+00	5.000000e+00	
374	1.200700e-07	0.000000e+00	0.000000e+00	5.000000e+00	
375	1.201000e-07	0.000000e+00	0.000000e+00	5.000000e+00	
376	1.201080e-07	0.000000e+00	0.000000e+00	5.000000e+00	
377	1.201240e-07	0.000000e+00	0.000000e+00	5.000000e+00	
378	1.201560e-07	0.000000e+00	0.000000e+00	5.000000e+00	
379	1.202200e-07	0.000000e+00	0.000000e+00	5.000000e+00	
380	1.203480e-07	0.000000e+00	0.000000e+00	5.000000e+00	
381	1.206040e-07	0.000000e+00	0.000000e+00	5.000000e+00	
382	1.211160e-07	0.000000e+00	0.000000e+00	5.000000e+00	
383	1.221400e-07	0.000000e+00	0.000000e+00	5.000000e+00	
384	1.230000e-07	0.000000e+00	0.000000e+00	5.000000e+00	
385	1.230100e-07	0.000000e+00	0.000000e+00	5.000000e+00	
386	1.230300e-07	0.000000e+00	0.000000e+00	5.000000e+00	
387	1.230700e-07	0.000000e+00	0.000000e+00	5.000000e+00	
388	1.231000e-07	0.000000e+00	0.000000e+00	5.000000e+00	
389	1.231080e-07	0.000000e+00	0.000000e+00	5.000000e+00	
390	1.231240e-07	0.000000e+00	0.000000e+00	5.000000e+00	
391	1.231560e-07	0.000000e+00	0.000000e+00	5.000000e+00	
392	1.232200e-07	0.000000e+00	0.000000e+00	5.000000e+00	
393	1.233480e-07	0.000000e+00	0.000000e+00	5.000000e+00	
394	1.236040e-07	0.000000e+00	0.000000e+00	5.000000e+00	
395	1.241160e-07	0.000000e+00	0.000000e+00	5.000000e+00	
396	1.250300e-07	0.000000e+00	0.000000e+00	5.000000e+00	
397	1.251300e-07	0.000000e+00	0.000000e+00	5.000000e+00	
398	1.253300e-07	0.000000e+00	0.000000e+00	5.000000e+00	
399	1.257300e-07	0.000000e+00	0.000000e+00	5.000000e+00	
400	1.260300e-07	0.000000e+00	0.000000e+00	5.000000e+00	
401	1.261100e-07	0.000000e+00	0.000000e+00	5.000000e+00	
402	1.262700e-07	0.000000e+00	0.000000e+00	5.000000e+00	

Index   time            corrected_data1 corrected_data2 corrected_data3 
--------------------------------------------------------------------------------
403	1.265900e-07	0.000000e+00	0.000000e+00	5.000000e+00	
404	1.272300e-07	0.000000e+00	0.000000e+00	5.000000e+00	
405	1.285100e-07	0.000000e+00	0.000000e+00	5.000000e+00	
406	1.301000e-07	0.000000e+00	0.000000e+00	5.000000e+00	
407	1.301100e-07	0.000000e+00	0.000000e+00	5.000000e+00	
408	1.301300e-07	0.000000e+00	0.000000e+00	5.000000e+00	
409	1.301700e-07	0.000000e+00	0.000000e+00	5.000000e+00	
410	1.302000e-07	0.000000e+00	0.000000e+00	5.000000e+00	
411	1.302080e-07	0.000000e+00	0.000000e+00	5.000000e+00	
412	1.302240e-07	0.000000e+00	0.000000e+00	5.000000e+00	
413	1.302560e-07	0.000000e+00	0.000000e+00	5.000000e+00	
414	1.303200e-07	0.000000e+00	0.000000e+00	5.000000e+00	
415	1.304480e-07	0.000000e+00	0.000000e+00	5.000000e+00	
416	1.307040e-07	0.000000e+00	0.000000e+00	5.000000e+00	
417	1.312160e-07	0.000000e+00	0.000000e+00	5.000000e+00	
418	1.322400e-07	0.000000e+00	0.000000e+00	5.000000e+00	
419	1.331000e-07	0.000000e+00	0.000000e+00	5.000000e+00	
420	1.331100e-07	0.000000e+00	0.000000e+00	5.000000e+00	
421	1.331300e-07	0.000000e+00	0.000000e+00	5.000000e+00	
422	1.331700e-07	0.000000e+00	0.000000e+00	5.000000e+00	
423	1.332000e-07	0.000000e+00	0.000000e+00	5.000000e+00	
424	1.332080e-07	0.000000e+00	0.000000e+00	5.000000e+00	
425	1.332240e-07	0.000000e+00	0.000000e+00	5.000000e+00	
426	1.332560e-07	0.000000e+00	0.000000e+00	5.000000e+00	
427	1.333200e-07	0.000000e+00	0.000000e+00	5.000000e+00	
428	1.334480e-07	0.000000e+00	0.000000e+00	5.000000e+00	
429	1.337040e-07	0.000000e+00	0.000000e+00	5.000000e+00	
430	1.342160e-07	0.000000e+00	0.000000e+00	5.000000e+00	
431	1.352400e-07	0.000000e+00	0.000000e+00	5.000000e+00	
432	1.372880e-07	0.000000e+00	0.000000e+00	5.000000e+00	
433	1.400000e-07	0.000000e+00	0.000000e+00	5.000000e+00	
434	1.400100e-07	0.000000e+00	0.000000e+00	5.000000e+00	
435	1.400300e-07	0.000000e+00	0.000000e+00	5.000000e+00	
436	1.400700e-07	0.000000e+00	0.000000e+00	5.000000e+00	
437	1.401000e-07	0.000000e+00	0.000000e+00	5.000000e+00	
438	1.401080e-07	0.000000e+00	0.000000e+00	5.000000e+00	
439	1.401240e-07	0.000000e+00	0.000000e+00	5.000000e+00	
440	1.401560e-07	0.000000e+00	0.000000e+00	5.000000e+00	
441	1.402200e-07	0.000000e+00	0.000000e+00	5.000000e+00	
442	1.403480e-07	0.000000e+00	0.000000e+00	5.000000e+00	
443	1.406040e-07	0.000000e+00	0.000000e+00	5.000000e+00	
444	1.411160e-07	0.000000e+00	0.000000e+00	5.000000e+00	
445	1.421400e-07	0.000000e+00	0.000000e+00	5.000000e+00	
446	1.430000e-07	0.000000e+00	0.000000e+00	5.000000e+00	
447	1.430100e-07	0.000000e+00	0.000000e+00	5.000000e+00	
448	1.430300e-07	0.000000e+00	0.000000e+00	5.000000e+00	
449	1.430700e-07	0.000000e+00	0.000000e+00	5.000000e+00	
450	1.431000e-07	0.000000e+00	0.000000e+00	5.000000e+00	
451	1.431080e-07	0.000000e+00	0.000000e+00	5.000000e+00	
452	1.431240e-07	0.000000e+00	0.000000e+00	5.000000e+00	
453	1.431560e-07	0.000000e+00	0.000000e+00	5.000000e+00	
454	1.432200e-07	0.000000e+00	0.000000e+00	5.000000e+00	
455	1.433480e-07	0.000000e+00	0.000000e+00	5.000000e+00	
456	1.436040e-07	0.000000e+00	0.000000e+00	5.000000e+00	
457	1.441160e-07	0.000000e+00	0.000000e+00	5.000000e+00	
458	1.450300e-07	0.000000e+00	0.000000e+00	5.000000e+00	
459	1.451300e-07	5.000000e-01	0.000000e+00	4.500000e+00	
460	1.453300e-07	1.500000e+00	0.000000e+00	3.500000e+00	

Index   time            corrected_data1 corrected_data2 corrected_data3 
--------------------------------------------------------------------------------
461	1.457300e-07	3.500000e+00	0.000000e+00	1.500000e+00	
462	1.460300e-07	5.000000e+00	0.000000e+00	2.708944e-14	
463	1.461100e-07	5.000000e+00	0.000000e+00	0.000000e+00	
464	1.462700e-07	5.000000e+00	0.000000e+00	0.000000e+00	
465	1.465900e-07	5.000000e+00	0.000000e+00	0.000000e+00	
466	1.472300e-07	5.000000e+00	0.000000e+00	0.000000e+00	
467	1.485100e-07	5.000000e+00	0.000000e+00	0.000000e+00	
468	1.501000e-07	5.000000e+00	0.000000e+00	0.000000e+00	
469	1.501100e-07	5.000000e+00	0.000000e+00	0.000000e+00	
470	1.501300e-07	5.000000e+00	0.000000e+00	0.000000e+00	
471	1.501700e-07	5.000000e+00	0.000000e+00	0.000000e+00	
472	1.502000e-07	5.000000e+00	0.000000e+00	0.000000e+00	
473	1.502080e-07	5.000000e+00	0.000000e+00	0.000000e+00	
474	1.502240e-07	5.000000e+00	0.000000e+00	0.000000e+00	
475	1.502560e-07	5.000000e+00	0.000000e+00	0.000000e+00	
476	1.503200e-07	5.000000e+00	0.000000e+00	0.000000e+00	
477	1.504480e-07	5.000000e+00	0.000000e+00	0.000000e+00	
478	1.507040e-07	5.000000e+00	0.000000e+00	0.000000e+00	
479	1.512160e-07	5.000000e+00	0.000000e+00	0.000000e+00	
480	1.522400e-07	5.000000e+00	0.000000e+00	0.000000e+00	
481	1.531000e-07	5.000000e+00	0.000000e+00	0.000000e+00	
482	1.531100e-07	5.000000e+00	0.000000e+00	0.000000e+00	
483	1.531300e-07	5.000000e+00	0.000000e+00	0.000000e+00	
484	1.531700e-07	5.000000e+00	0.000000e+00	0.000000e+00	
485	1.532000e-07	5.000000e+00	0.000000e+00	0.000000e+00	
486	1.532080e-07	5.000000e+00	0.000000e+00	0.000000e+00	
487	1.532240e-07	5.000000e+00	0.000000e+00	0.000000e+00	
488	1.532560e-07	5.000000e+00	0.000000e+00	0.000000e+00	
489	1.533200e-07	5.000000e+00	0.000000e+00	0.000000e+00	
490	1.534480e-07	5.000000e+00	0.000000e+00	0.000000e+00	
491	1.537040e-07	5.000000e+00	0.000000e+00	0.000000e+00	
492	1.542160e-07	5.000000e+00	0.000000e+00	0.000000e+00	
493	1.552400e-07	5.000000e+00	0.000000e+00	0.000000e+00	
494	1.572880e-07	5.000000e+00	0.000000e+00	0.000000e+00	
495	1.600000e-07	5.000000e+00	0.000000e+00	0.000000e+00	
496	1.600100e-07	5.000000e+00	0.000000e+00	0.000000e+00	
497	1.600300e-07	5.000000e+00	0.000000e+00	0.000000e+00	
498	1.600700e-07	5.000000e+00	0.000000e+00	0.000000e+00	
499	1.601000e-07	5.000000e+00	0.000000e+00	0.000000e+00	
500	1.601080e-07	5.000000e+00	0.000000e+00	0.000000e+00	
501	1.601240e-07	5.000000e+00	0.000000e+00	0.000000e+00	
502	1.601560e-07	5.000000e+00	0.000000e+00	0.000000e+00	
503	1.602200e-07	5.000000e+00	0.000000e+00	0.000000e+00	
504	1.603480e-07	5.000000e+00	0.000000e+00	0.000000e+00	
505	1.606040e-07	5.000000e+00	0.000000e+00	0.000000e+00	
506	1.611160e-07	5.000000e+00	0.000000e+00	0.000000e+00	
507	1.621400e-07	5.000000e+00	0.000000e+00	0.000000e+00	
508	1.630000e-07	5.000000e+00	0.000000e+00	0.000000e+00	
509	1.630100e-07	5.000000e+00	0.000000e+00	0.000000e+00	
510	1.630300e-07	5.000000e+00	0.000000e+00	0.000000e+00	
511	1.630700e-07	5.000000e+00	0.000000e+00	0.000000e+00	
512	1.631000e-07	5.000000e+00	0.000000e+00	0.000000e+00	
513	1.631080e-07	5.000000e+00	0.000000e+00	0.000000e+00	
514	1.631240e-07	5.000000e+00	0.000000e+00	0.000000e+00	
515	1.631560e-07	5.000000e+00	0.000000e+00	0.000000e+00	
516	1.632200e-07	5.000000e+00	0.000000e+00	0.000000e+00	
517	1.633480e-07	5.000000e+00	0.000000e+00	0.000000e+00	
518	1.636040e-07	5.000000e+00	0.000000e+00	0.000000e+00	

Index   time            corrected_data1 corrected_data2 corrected_data3 
--------------------------------------------------------------------------------
519	1.641160e-07	5.000000e+00	0.000000e+00	0.000000e+00	
520	1.650300e-07	5.000000e+00	0.000000e+00	0.000000e+00	
521	1.651300e-07	5.000000e+00	0.000000e+00	0.000000e+00	
522	1.653300e-07	5.000000e+00	0.000000e+00	0.000000e+00	
523	1.657300e-07	5.000000e+00	0.000000e+00	0.000000e+00	
524	1.660300e-07	5.000000e+00	0.000000e+00	0.000000e+00	
525	1.661100e-07	5.000000e+00	0.000000e+00	0.000000e+00	
526	1.662700e-07	5.000000e+00	0.000000e+00	0.000000e+00	
527	1.665900e-07	5.000000e+00	0.000000e+00	0.000000e+00	
528	1.672300e-07	5.000000e+00	0.000000e+00	0.000000e+00	
529	1.685100e-07	5.000000e+00	0.000000e+00	0.000000e+00	
530	1.701000e-07	5.000000e+00	0.000000e+00	0.000000e+00	
531	1.701100e-07	5.000000e+00	0.000000e+00	0.000000e+00	
532	1.701300e-07	5.000000e+00	0.000000e+00	0.000000e+00	
533	1.701700e-07	5.000000e+00	0.000000e+00	0.000000e+00	
534	1.702000e-07	5.000000e+00	0.000000e+00	0.000000e+00	
535	1.702080e-07	5.000000e+00	0.000000e+00	0.000000e+00	
536	1.702240e-07	5.000000e+00	0.000000e+00	0.000000e+00	
537	1.702560e-07	5.000000e+00	0.000000e+00	0.000000e+00	
538	1.703200e-07	5.000000e+00	0.000000e+00	0.000000e+00	
539	1.704480e-07	5.000000e+00	0.000000e+00	0.000000e+00	
540	1.707040e-07	5.000000e+00	0.000000e+00	0.000000e+00	
541	1.712160e-07	5.000000e+00	0.000000e+00	0.000000e+00	
542	1.722400e-07	5.000000e+00	0.000000e+00	0.000000e+00	
543	1.731000e-07	5.000000e+00	0.000000e+00	0.000000e+00	
544	1.731100e-07	5.000000e+00	0.000000e+00	0.000000e+00	
545	1.731300e-07	5.000000e+00	0.000000e+00	0.000000e+00	
546	1.731700e-07	5.000000e+00	0.000000e+00	0.000000e+00	
547	1.732000e-07	5.000000e+00	0.000000e+00	0.000000e+00	
548	1.732080e-07	5.000000e+00	0.000000e+00	0.000000e+00	
549	1.732240e-07	5.000000e+00	0.000000e+00	0.000000e+00	
550	1.732560e-07	5.000000e+00	0.000000e+00	0.000000e+00	
551	1.733200e-07	5.000000e+00	0.000000e+00	0.000000e+00	
552	1.734480e-07	5.000000e+00	0.000000e+00	0.000000e+00	
553	1.737040e-07	5.000000e+00	0.000000e+00	0.000000e+00	
554	1.742160e-07	5.000000e+00	0.000000e+00	0.000000e+00	
555	1.752400e-07	5.000000e+00	0.000000e+00	0.000000e+00	
556	1.772880e-07	5.000000e+00	0.000000e+00	0.000000e+00	
557	1.800000e-07	5.000000e+00	0.000000e+00	0.000000e+00	
558	1.800100e-07	5.000000e+00	0.000000e+00	0.000000e+00	
559	1.800300e-07	5.000000e+00	0.000000e+00	0.000000e+00	
560	1.800700e-07	5.000000e+00	0.000000e+00	0.000000e+00	
561	1.801000e-07	5.000000e+00	0.000000e+00	0.000000e+00	
562	1.801080e-07	5.000000e+00	0.000000e+00	0.000000e+00	
563	1.801240e-07	5.000000e+00	0.000000e+00	0.000000e+00	
564	1.801560e-07	5.000000e+00	0.000000e+00	0.000000e+00	
565	1.802200e-07	5.000000e+00	0.000000e+00	0.000000e+00	
566	1.803480e-07	5.000000e+00	0.000000e+00	0.000000e+00	
567	1.806040e-07	5.000000e+00	0.000000e+00	0.000000e+00	
568	1.811160e-07	5.000000e+00	0.000000e+00	0.000000e+00	
569	1.821400e-07	5.000000e+00	0.000000e+00	0.000000e+00	
570	1.830000e-07	5.000000e+00	0.000000e+00	0.000000e+00	
571	1.830100e-07	5.000000e+00	0.000000e+00	0.000000e+00	
572	1.830300e-07	5.000000e+00	0.000000e+00	0.000000e+00	
573	1.830700e-07	5.000000e+00	0.000000e+00	0.000000e+00	
574	1.831000e-07	5.000000e+00	0.000000e+00	0.000000e+00	
575	1.831080e-07	5.000000e+00	0.000000e+00	0.000000e+00	
576	1.831240e-07	5.000000e+00	0.000000e+00	0.000000e+00	

Index   time            corrected_data1 corrected_data2 corrected_data3 
--------------------------------------------------------------------------------
577	1.831560e-07	5.000000e+00	0.000000e+00	0.000000e+00	
578	1.832200e-07	5.000000e+00	0.000000e+00	0.000000e+00	
579	1.833480e-07	5.000000e+00	0.000000e+00	0.000000e+00	
580	1.836040e-07	5.000000e+00	0.000000e+00	0.000000e+00	
581	1.841160e-07	5.000000e+00	0.000000e+00	0.000000e+00	
582	1.851400e-07	5.000000e+00	0.000000e+00	0.000000e+00	
583	1.871880e-07	5.000000e+00	0.000000e+00	0.000000e+00	
584	1.901000e-07	5.000000e+00	0.000000e+00	0.000000e+00	
585	1.901100e-07	5.000000e+00	0.000000e+00	0.000000e+00	
586	1.901300e-07	5.000000e+00	0.000000e+00	0.000000e+00	
587	1.901700e-07	5.000000e+00	0.000000e+00	0.000000e+00	
588	1.902000e-07	5.000000e+00	0.000000e+00	0.000000e+00	
589	1.902080e-07	5.000000e+00	0.000000e+00	0.000000e+00	
590	1.902240e-07	5.000000e+00	0.000000e+00	0.000000e+00	
591	1.902560e-07	5.000000e+00	0.000000e+00	0.000000e+00	
592	1.903200e-07	5.000000e+00	0.000000e+00	0.000000e+00	
593	1.904480e-07	5.000000e+00	0.000000e+00	0.000000e+00	
594	1.907040e-07	5.000000e+00	0.000000e+00	0.000000e+00	
595	1.912160e-07	5.000000e+00	0.000000e+00	0.000000e+00	
596	1.922400e-07	5.000000e+00	0.000000e+00	0.000000e+00	
597	1.931000e-07	5.000000e+00	0.000000e+00	0.000000e+00	
598	1.931100e-07	5.000000e+00	0.000000e+00	0.000000e+00	
599	1.931300e-07	5.000000e+00	0.000000e+00	0.000000e+00	
600	1.931700e-07	5.000000e+00	0.000000e+00	0.000000e+00	
601	1.932000e-07	5.000000e+00	0.000000e+00	0.000000e+00	
602	1.932080e-07	5.000000e+00	0.000000e+00	0.000000e+00	
603	1.932240e-07	5.000000e+00	0.000000e+00	0.000000e+00	
604	1.932560e-07	5.000000e+00	0.000000e+00	0.000000e+00	
605	1.933200e-07	5.000000e+00	0.000000e+00	0.000000e+00	
606	1.934480e-07	5.000000e+00	0.000000e+00	0.000000e+00	
607	1.937040e-07	5.000000e+00	0.000000e+00	0.000000e+00	
608	1.942160e-07	5.000000e+00	0.000000e+00	0.000000e+00	
609	1.952400e-07	5.000000e+00	0.000000e+00	0.000000e+00	
610	1.972880e-07	5.000000e+00	0.000000e+00	0.000000e+00	
611	2.000000e-07	5.000000e+00	0.000000e+00	0.000000e+00	
612	2.000100e-07	5.000000e+00	0.000000e+00	0.000000e+00	
613	2.000300e-07	5.000000e+00	0.000000e+00	0.000000e+00	
614	2.000700e-07	5.000000e+00	0.000000e+00	0.000000e+00	
615	2.001000e-07	5.000000e+00	0.000000e+00	0.000000e+00	
616	2.001080e-07	5.000000e+00	0.000000e+00	0.000000e+00	
617	2.001240e-07	5.000000e+00	0.000000e+00	0.000000e+00	
618	2.001560e-07	5.000000e+00	0.000000e+00	0.000000e+00	
619	2.002200e-07	5.000000e+00	0.000000e+00	0.000000e+00	
620	2.003480e-07	5.000000e+00	0.000000e+00	0.000000e+00	
621	2.006040e-07	5.000000e+00	0.000000e+00	0.000000e+00	
622	2.011160e-07	5.000000e+00	0.000000e+00	0.000000e+00	
623	2.021400e-07	5.000000e+00	0.000000e+00	0.000000e+00	
624	2.030000e-07	5.000000e+00	0.000000e+00	0.000000e+00	
625	2.030100e-07	5.000000e+00	0.000000e+00	0.000000e+00	
626	2.030300e-07	5.000000e+00	0.000000e+00	0.000000e+00	
627	2.030700e-07	5.000000e+00	0.000000e+00	0.000000e+00	
628	2.031000e-07	5.000000e+00	0.000000e+00	0.000000e+00	
629	2.031080e-07	5.000000e+00	0.000000e+00	0.000000e+00	
630	2.031240e-07	5.000000e+00	0.000000e+00	0.000000e+00	
631	2.031560e-07	5.000000e+00	0.000000e+00	0.000000e+00	
632	2.032200e-07	5.000000e+00	0.000000e+00	0.000000e+00	
633	2.033480e-07	5.000000e+00	0.000000e+00	0.000000e+00	
634	2.036040e-07	5.000000e+00	0.000000e+00	0.000000e+00	

Index   time            corrected_data1 corrected_data2 corrected_data3 
--------------------------------------------------------------------------------
635	2.041160e-07	5.000000e+00	0.000000e+00	0.000000e+00	
636	2.051400e-07	5.000000e+00	0.000000e+00	0.000000e+00	
637	2.071880e-07	5.000000e+00	0.000000e+00	0.000000e+00	
638	2.101000e-07	5.000000e+00	0.000000e+00	0.000000e+00	
639	2.101100e-07	5.000000e+00	0.000000e+00	0.000000e+00	
640	2.101300e-07	5.000000e+00	0.000000e+00	0.000000e+00	
641	2.101700e-07	5.000000e+00	0.000000e+00	0.000000e+00	
642	2.102000e-07	5.000000e+00	0.000000e+00	0.000000e+00	
643	2.102080e-07	5.000000e+00	0.000000e+00	0.000000e+00	
644	2.102240e-07	5.000000e+00	0.000000e+00	0.000000e+00	
645	2.102560e-07	5.000000e+00	0.000000e+00	0.000000e+00	
646	2.103200e-07	5.000000e+00	0.000000e+00	0.000000e+00	
647	2.104480e-07	5.000000e+00	0.000000e+00	0.000000e+00	
648	2.107040e-07	5.000000e+00	0.000000e+00	0.000000e+00	
649	2.112160e-07	5.000000e+00	0.000000e+00	0.000000e+00	
650	2.122400e-07	5.000000e+00	0.000000e+00	0.000000e+00	
651	2.131000e-07	5.000000e+00	0.000000e+00	0.000000e+00	
652	2.131100e-07	5.000000e+00	0.000000e+00	0.000000e+00	
653	2.131300e-07	5.000000e+00	0.000000e+00	0.000000e+00	
654	2.131700e-07	5.000000e+00	0.000000e+00	0.000000e+00	
655	2.132000e-07	5.000000e+00	0.000000e+00	0.000000e+00	
656	2.132080e-07	5.000000e+00	0.000000e+00	0.000000e+00	
657	2.132240e-07	5.000000e+00	0.000000e+00	0.000000e+00	
658	2.132560e-07	5.000000e+00	0.000000e+00	0.000000e+00	
659	2.133200e-07	5.000000e+00	0.000000e+00	0.000000e+00	
660	2.134480e-07	5.000000e+00	0.000000e+00	0.000000e+00	
661	2.137040e-07	5.000000e+00	0.000000e+00	0.000000e+00	
662	2.142160e-07	5.000000e+00	0.000000e+00	0.000000e+00	
663	2.152400e-07	5.000000e+00	0.000000e+00	0.000000e+00	
664	2.172880e-07	5.000000e+00	0.000000e+00	0.000000e+00	
665	2.200000e-07	5.000000e+00	0.000000e+00	0.000000e+00	
666	2.200100e-07	5.000000e+00	0.000000e+00	0.000000e+00	
667	2.200300e-07	5.000000e+00	0.000000e+00	0.000000e+00	
668	2.200700e-07	5.000000e+00	0.000000e+00	0.000000e+00	
669	2.201000e-07	5.000000e+00	0.000000e+00	0.000000e+00	
670	2.201080e-07	5.000000e+00	0.000000e+00	0.000000e+00	
671	2.201240e-07	5.000000e+00	0.000000e+00	0.000000e+00	
672	2.201560e-07	5.000000e+00	0.000000e+00	0.000000e+00	
673	2.202200e-07	5.000000e+00	0.000000e+00	0.000000e+00	
674	2.203480e-07	5.000000e+00	0.000000e+00	0.000000e+00	
675	2.206040e-07	5.000000e+00	0.000000e+00	0.000000e+00	
676	2.211160e-07	5.000000e+00	0.000000e+00	0.000000e+00	
677	2.221400e-07	5.000000e+00	0.000000e+00	0.000000e+00	
678	2.230000e-07	5.000000e+00	0.000000e+00	0.000000e+00	
679	2.230100e-07	5.000000e+00	0.000000e+00	0.000000e+00	
680	2.230300e-07	5.000000e+00	0.000000e+00	0.000000e+00	
681	2.230700e-07	5.000000e+00	0.000000e+00	0.000000e+00	
682	2.231000e-07	5.000000e+00	0.000000e+00	0.000000e+00	
683	2.231080e-07	5.000000e+00	0.000000e+00	0.000000e+00	
684	2.231240e-07	5.000000e+00	0.000000e+00	0.000000e+00	
685	2.231560e-07	5.000000e+00	0.000000e+00	0.000000e+00	
686	2.232200e-07	5.000000e+00	0.000000e+00	0.000000e+00	
687	2.233480e-07	5.000000e+00	0.000000e+00	0.000000e+00	
688	2.236040e-07	5.000000e+00	0.000000e+00	0.000000e+00	
689	2.241160e-07	5.000000e+00	0.000000e+00	0.000000e+00	
690	2.251400e-07	5.000000e+00	0.000000e+00	0.000000e+00	
691	2.271880e-07	5.000000e+00	0.000000e+00	0.000000e+00	
692	2.301000e-07	5.000000e+00	0.000000e+00	0.000000e+00	

Index   time            corrected_data1 corrected_data2 corrected_data3 
--------------------------------------------------------------------------------
693	2.301100e-07	5.000000e+00	0.000000e+00	0.000000e+00	
694	2.301300e-07	5.000000e+00	0.000000e+00	0.000000e+00	
695	2.301700e-07	5.000000e+00	0.000000e+00	0.000000e+00	
696	2.302000e-07	5.000000e+00	0.000000e+00	0.000000e+00	
697	2.302080e-07	5.000000e+00	0.000000e+00	0.000000e+00	
698	2.302240e-07	5.000000e+00	0.000000e+00	0.000000e+00	
699	2.302560e-07	5.000000e+00	0.000000e+00	0.000000e+00	
700	2.303200e-07	5.000000e+00	0.000000e+00	0.000000e+00	
701	2.304480e-07	5.000000e+00	0.000000e+00	0.000000e+00	
702	2.307040e-07	5.000000e+00	0.000000e+00	0.000000e+00	
703	2.312160e-07	5.000000e+00	0.000000e+00	0.000000e+00	
704	2.322400e-07	5.000000e+00	0.000000e+00	0.000000e+00	
705	2.331000e-07	5.000000e+00	0.000000e+00	0.000000e+00	
706	2.331100e-07	5.000000e+00	0.000000e+00	0.000000e+00	
707	2.331300e-07	5.000000e+00	0.000000e+00	0.000000e+00	
708	2.331700e-07	5.000000e+00	0.000000e+00	0.000000e+00	
709	2.332000e-07	5.000000e+00	0.000000e+00	0.000000e+00	
710	2.332080e-07	5.000000e+00	0.000000e+00	0.000000e+00	
711	2.332240e-07	5.000000e+00	0.000000e+00	0.000000e+00	
712	2.332560e-07	5.000000e+00	0.000000e+00	0.000000e+00	
713	2.333200e-07	5.000000e+00	0.000000e+00	0.000000e+00	
714	2.334480e-07	5.000000e+00	0.000000e+00	0.000000e+00	
715	2.337040e-07	5.000000e+00	0.000000e+00	0.000000e+00	
716	2.342160e-07	5.000000e+00	0.000000e+00	0.000000e+00	
717	2.352400e-07	5.000000e+00	0.000000e+00	0.000000e+00	
718	2.372880e-07	5.000000e+00	0.000000e+00	0.000000e+00	
719	2.400000e-07	5.000000e+00	0.000000e+00	0.000000e+00	
720	2.400100e-07	5.000000e+00	0.000000e+00	0.000000e+00	
721	2.400300e-07	5.000000e+00	0.000000e+00	0.000000e+00	
722	2.400700e-07	5.000000e+00	0.000000e+00	0.000000e+00	
723	2.401000e-07	5.000000e+00	0.000000e+00	0.000000e+00	
724	2.401080e-07	5.000000e+00	0.000000e+00	0.000000e+00	
725	2.401240e-07	5.000000e+00	0.000000e+00	0.000000e+00	
726	2.401560e-07	5.000000e+00	0.000000e+00	0.000000e+00	
727	2.402200e-07	5.000000e+00	0.000000e+00	0.000000e+00	
728	2.403480e-07	5.000000e+00	0.000000e+00	0.000000e+00	
729	2.406040e-07	5.000000e+00	0.000000e+00	0.000000e+00	
730	2.411160e-07	5.000000e+00	0.000000e+00	0.000000e+00	
731	2.421400e-07	5.000000e+00	0.000000e+00	0.000000e+00	
732	2.430000e-07	5.000000e+00	0.000000e+00	0.000000e+00	
733	2.430100e-07	5.000000e+00	0.000000e+00	0.000000e+00	
734	2.430300e-07	5.000000e+00	0.000000e+00	0.000000e+00	
735	2.430700e-07	5.000000e+00	0.000000e+00	0.000000e+00	
736	2.431000e-07	5.000000e+00	0.000000e+00	0.000000e+00	
737	2.431080e-07	5.000000e+00	0.000000e+00	0.000000e+00	
738	2.431240e-07	5.000000e+00	0.000000e+00	0.000000e+00	
739	2.431560e-07	5.000000e+00	0.000000e+00	0.000000e+00	
740	2.432200e-07	5.000000e+00	0.000000e+00	0.000000e+00	
741	2.433480e-07	5.000000e+00	0.000000e+00	0.000000e+00	
742	2.436040e-07	5.000000e+00	0.000000e+00	0.000000e+00	
743	2.441160e-07	5.000000e+00	0.000000e+00	0.000000e+00	
744	2.451400e-07	5.000000e+00	0.000000e+00	0.000000e+00	
745	2.471880e-07	5.000000e+00	0.000000e+00	0.000000e+00	
746	2.501000e-07	5.000000e+00	0.000000e+00	0.000000e+00	
747	2.501100e-07	5.000000e+00	0.000000e+00	0.000000e+00	
748	2.501300e-07	5.000000e+00	0.000000e+00	0.000000e+00	
749	2.501700e-07	5.000000e+00	0.000000e+00	0.000000e+00	
750	2.502000e-07	5.000000e+00	0.000000e+00	0.000000e+00	

Index   time            corrected_data1 corrected_data2 corrected_data3 
--------------------------------------------------------------------------------
751	2.502080e-07	5.000000e+00	0.000000e+00	0.000000e+00	
752	2.502240e-07	5.000000e+00	0.000000e+00	0.000000e+00	
753	2.502560e-07	5.000000e+00	0.000000e+00	0.000000e+00	
754	2.503200e-07	5.000000e+00	0.000000e+00	0.000000e+00	
755	2.504480e-07	5.000000e+00	0.000000e+00	0.000000e+00	
756	2.507040e-07	5.000000e+00	0.000000e+00	0.000000e+00	
757	2.512160e-07	5.000000e+00	0.000000e+00	0.000000e+00	
758	2.522400e-07	5.000000e+00	0.000000e+00	0.000000e+00	
759	2.531000e-07	5.000000e+00	0.000000e+00	0.000000e+00	
760	2.531100e-07	5.000000e+00	0.000000e+00	0.000000e+00	
761	2.531300e-07	5.000000e+00	0.000000e+00	0.000000e+00	
762	2.531700e-07	5.000000e+00	0.000000e+00	0.000000e+00	
763	2.532000e-07	5.000000e+00	0.000000e+00	0.000000e+00	
764	2.532080e-07	5.000000e+00	0.000000e+00	0.000000e+00	
765	2.532240e-07	5.000000e+00	0.000000e+00	0.000000e+00	
766	2.532560e-07	5.000000e+00	0.000000e+00	0.000000e+00	
767	2.533200e-07	5.000000e+00	0.000000e+00	0.000000e+00	
768	2.534480e-07	5.000000e+00	0.000000e+00	0.000000e+00	
769	2.537040e-07	5.000000e+00	0.000000e+00	0.000000e+00	
770	2.542160e-07	5.000000e+00	0.000000e+00	0.000000e+00	
771	2.552400e-07	5.000000e+00	0.000000e+00	0.000000e+00	
772	2.572880e-07	5.000000e+00	0.000000e+00	0.000000e+00	
773	2.600000e-07	5.000000e+00	0.000000e+00	0.000000e+00	
774	2.600100e-07	5.000000e+00	0.000000e+00	0.000000e+00	
775	2.600300e-07	5.000000e+00	0.000000e+00	0.000000e+00	
776	2.600700e-07	5.000000e+00	0.000000e+00	0.000000e+00	
777	2.601000e-07	5.000000e+00	0.000000e+00	0.000000e+00	
778	2.601080e-07	5.000000e+00	0.000000e+00	0.000000e+00	
779	2.601240e-07	5.000000e+00	0.000000e+00	0.000000e+00	
780	2.601560e-07	5.000000e+00	0.000000e+00	0.000000e+00	
781	2.602200e-07	5.000000e+00	0.000000e+00	0.000000e+00	
782	2.603480e-07	5.000000e+00	0.000000e+00	0.000000e+00	
783	2.606040e-07	5.000000e+00	0.000000e+00	0.000000e+00	
784	2.611160e-07	5.000000e+00	0.000000e+00	0.000000e+00	
785	2.621400e-07	5.000000e+00	0.000000e+00	0.000000e+00	
786	2.630000e-07	5.000000e+00	0.000000e+00	0.000000e+00	
787	2.630100e-07	5.000000e+00	0.000000e+00	0.000000e+00	
788	2.630300e-07	5.000000e+00	0.000000e+00	0.000000e+00	
789	2.630700e-07	5.000000e+00	0.000000e+00	0.000000e+00	
790	2.631000e-07	5.000000e+00	0.000000e+00	0.000000e+00	
791	2.631080e-07	5.000000e+00	0.000000e+00	0.000000e+00	
792	2.631240e-07	5.000000e+00	0.000000e+00	0.000000e+00	
793	2.631560e-07	5.000000e+00	0.000000e+00	0.000000e+00	
794	2.632200e-07	5.000000e+00	0.000000e+00	0.000000e+00	
795	2.633480e-07	5.000000e+00	0.000000e+00	0.000000e+00	
796	2.636040e-07	5.000000e+00	0.000000e+00	0.000000e+00	
797	2.641160e-07	5.000000e+00	0.000000e+00	0.000000e+00	
798	2.651400e-07	5.000000e+00	0.000000e+00	0.000000e+00	
799	2.671880e-07	5.000000e+00	0.000000e+00	0.000000e+00	
800	2.701000e-07	5.000000e+00	0.000000e+00	0.000000e+00	
801	2.701100e-07	5.000000e+00	0.000000e+00	0.000000e+00	
802	2.701300e-07	5.000000e+00	0.000000e+00	0.000000e+00	
803	2.701700e-07	5.000000e+00	0.000000e+00	0.000000e+00	
804	2.702000e-07	5.000000e+00	0.000000e+00	0.000000e+00	
805	2.702080e-07	5.000000e+00	0.000000e+00	0.000000e+00	
806	2.702240e-07	5.000000e+00	0.000000e+00	0.000000e+00	
807	2.702560e-07	5.000000e+00	0.000000e+00	0.000000e+00	
808	2.703200e-07	5.000000e+00	0.000000e+00	0.000000e+00	

Index   time            corrected_data1 corrected_data2 corrected_data3 
--------------------------------------------------------------------------------
809	2.704480e-07	5.000000e+00	0.000000e+00	0.000000e+00	
810	2.707040e-07	5.000000e+00	0.000000e+00	0.000000e+00	
811	2.712160e-07	5.000000e+00	0.000000e+00	0.000000e+00	
812	2.722400e-07	5.000000e+00	0.000000e+00	0.000000e+00	
813	2.731000e-07	5.000000e+00	0.000000e+00	0.000000e+00	
814	2.731100e-07	5.000000e+00	0.000000e+00	0.000000e+00	
815	2.731300e-07	5.000000e+00	0.000000e+00	0.000000e+00	
816	2.731700e-07	5.000000e+00	0.000000e+00	0.000000e+00	
817	2.732000e-07	5.000000e+00	0.000000e+00	0.000000e+00	
818	2.732080e-07	5.000000e+00	0.000000e+00	0.000000e+00	
819	2.732240e-07	5.000000e+00	0.000000e+00	0.000000e+00	
820	2.732560e-07	5.000000e+00	0.000000e+00	0.000000e+00	
821	2.733200e-07	5.000000e+00	0.000000e+00	0.000000e+00	
822	2.734480e-07	5.000000e+00	0.000000e+00	0.000000e+00	
823	2.737040e-07	5.000000e+00	0.000000e+00	0.000000e+00	
824	2.742160e-07	5.000000e+00	0.000000e+00	0.000000e+00	
825	2.752400e-07	5.000000e+00	0.000000e+00	0.000000e+00	
826	2.772880e-07	5.000000e+00	0.000000e+00	0.000000e+00	
827	2.800000e-07	5.000000e+00	0.000000e+00	0.000000e+00	
828	2.800100e-07	5.000000e+00	0.000000e+00	0.000000e+00	
829	2.800300e-07	5.000000e+00	0.000000e+00	0.000000e+00	
830	2.800700e-07	5.000000e+00	0.000000e+00	0.000000e+00	
831	2.801000e-07	5.000000e+00	0.000000e+00	0.000000e+00	
832	2.801080e-07	5.000000e+00	0.000000e+00	0.000000e+00	
833	2.801240e-07	5.000000e+00	0.000000e+00	0.000000e+00	
834	2.801560e-07	5.000000e+00	0.000000e+00	0.000000e+00	
835	2.802200e-07	5.000000e+00	0.000000e+00	0.000000e+00	
836	2.803480e-07	5.000000e+00	0.000000e+00	0.000000e+00	
837	2.806040e-07	5.000000e+00	0.000000e+00	0.000000e+00	
838	2.811160e-07	5.000000e+00	0.000000e+00	0.000000e+00	
839	2.821400e-07	5.000000e+00	0.000000e+00	0.000000e+00	
840	2.830000e-07	5.000000e+00	0.000000e+00	0.000000e+00	
841	2.830100e-07	5.000000e+00	0.000000e+00	0.000000e+00	
842	2.830300e-07	5.000000e+00	0.000000e+00	0.000000e+00	
843	2.830700e-07	5.000000e+00	0.000000e+00	0.000000e+00	
844	2.831000e-07	5.000000e+00	0.000000e+00	0.000000e+00	
845	2.831080e-07	5.000000e+00	0.000000e+00	0.000000e+00	
846	2.831240e-07	5.000000e+00	0.000000e+00	0.000000e+00	
847	2.831560e-07	5.000000e+00	0.000000e+00	0.000000e+00	
848	2.832200e-07	5.000000e+00	0.000000e+00	0.000000e+00	
849	2.833480e-07	5.000000e+00	0.000000e+00	0.000000e+00	
850	2.836040e-07	5.000000e+00	0.000000e+00	0.000000e+00	
851	2.841160e-07	5.000000e+00	0.000000e+00	0.000000e+00	
852	2.851400e-07	5.000000e+00	0.000000e+00	0.000000e+00	
853	2.871880e-07	5.000000e+00	0.000000e+00	0.000000e+00	
854	2.901000e-07	5.000000e+00	0.000000e+00	0.000000e+00	
855	2.901100e-07	5.000000e+00	0.000000e+00	0.000000e+00	
856	2.901300e-07	5.000000e+00	0.000000e+00	0.000000e+00	
857	2.901700e-07	5.000000e+00	0.000000e+00	0.000000e+00	
858	2.902000e-07	5.000000e+00	0.000000e+00	0.000000e+00	
859	2.902080e-07	5.000000e+00	0.000000e+00	0.000000e+00	
860	2.902240e-07	5.000000e+00	0.000000e+00	0.000000e+00	
861	2.902560e-07	5.000000e+00	0.000000e+00	0.000000e+00	
862	2.903200e-07	5.000000e+00	0.000000e+00	0.000000e+00	
863	2.904480e-07	5.000000e+00	0.000000e+00	0.000000e+00	
864	2.907040e-07	5.000000e+00	0.000000e+00	0.000000e+00	
865	2.912160e-07	5.000000e+00	0.000000e+00	0.000000e+00	
866	2.922400e-07	5.000000e+00	0.000000e+00	0.000000e+00	

Index   time            corrected_data1 corrected_data2 corrected_data3 
--------------------------------------------------------------------------------
867	2.931000e-07	5.000000e+00	0.000000e+00	0.000000e+00	
868	2.931100e-07	5.000000e+00	0.000000e+00	0.000000e+00	
869	2.931300e-07	5.000000e+00	0.000000e+00	0.000000e+00	
870	2.931700e-07	5.000000e+00	0.000000e+00	0.000000e+00	
871	2.932000e-07	5.000000e+00	0.000000e+00	0.000000e+00	
872	2.932080e-07	5.000000e+00	0.000000e+00	0.000000e+00	
873	2.932240e-07	5.000000e+00	0.000000e+00	0.000000e+00	
874	2.932560e-07	5.000000e+00	0.000000e+00	0.000000e+00	
875	2.933200e-07	5.000000e+00	0.000000e+00	0.000000e+00	
876	2.934480e-07	5.000000e+00	0.000000e+00	0.000000e+00	
877	2.937040e-07	5.000000e+00	0.000000e+00	0.000000e+00	
878	2.942160e-07	5.000000e+00	0.000000e+00	0.000000e+00	
879	2.952400e-07	5.000000e+00	0.000000e+00	0.000000e+00	
880	2.972880e-07	5.000000e+00	0.000000e+00	0.000000e+00	
881	3.000000e-07	5.000000e+00	0.000000e+00	0.000000e+00	
882	3.000100e-07	5.000000e+00	0.000000e+00	0.000000e+00	
883	3.000300e-07	5.000000e+00	0.000000e+00	0.000000e+00	
884	3.000700e-07	5.000000e+00	0.000000e+00	0.000000e+00	
885	3.001000e-07	5.000000e+00	0.000000e+00	0.000000e+00	
886	3.001080e-07	5.000000e+00	0.000000e+00	0.000000e+00	
887	3.001240e-07	5.000000e+00	0.000000e+00	0.000000e+00	
888	3.001560e-07	5.000000e+00	0.000000e+00	0.000000e+00	
889	3.002200e-07	5.000000e+00	0.000000e+00	0.000000e+00	
890	3.003480e-07	5.000000e+00	0.000000e+00	0.000000e+00	
891	3.006040e-07	5.000000e+00	0.000000e+00	0.000000e+00	
892	3.011160e-07	5.000000e+00	0.000000e+00	0.000000e+00	
893	3.021400e-07	5.000000e+00	0.000000e+00	0.000000e+00	
894	3.030000e-07	5.000000e+00	0.000000e+00	0.000000e+00	
895	3.030100e-07	5.000000e+00	0.000000e+00	0.000000e+00	
896	3.030300e-07	5.000000e+00	0.000000e+00	0.000000e+00	
897	3.030700e-07	5.000000e+00	0.000000e+00	0.000000e+00	
898	3.031000e-07	5.000000e+00	0.000000e+00	0.000000e+00	
899	3.031080e-07	5.000000e+00	0.000000e+00	0.000000e+00	
900	3.031240e-07	5.000000e+00	0.000000e+00	0.000000e+00	
901	3.031560e-07	5.000000e+00	0.000000e+00	0.000000e+00	
902	3.032200e-07	5.000000e+00	0.000000e+00	0.000000e+00	
903	3.033480e-07	5.000000e+00	0.000000e+00	0.000000e+00	
904	3.036040e-07	5.000000e+00	0.000000e+00	0.000000e+00	
905	3.041160e-07	5.000000e+00	0.000000e+00	0.000000e+00	
906	3.051400e-07	5.000000e+00	0.000000e+00	0.000000e+00	
907	3.071880e-07	5.000000e+00	0.000000e+00	0.000000e+00	
908	3.101000e-07	5.000000e+00	0.000000e+00	0.000000e+00	
909	3.101100e-07	5.000000e+00	0.000000e+00	0.000000e+00	
910	3.101300e-07	5.000000e+00	0.000000e+00	0.000000e+00	
911	3.101700e-07	5.000000e+00	0.000000e+00	0.000000e+00	
912	3.102000e-07	5.000000e+00	0.000000e+00	0.000000e+00	
913	3.102080e-07	5.000000e+00	0.000000e+00	0.000000e+00	
914	3.102240e-07	5.000000e+00	0.000000e+00	0.000000e+00	
915	3.102560e-07	5.000000e+00	0.000000e+00	0.000000e+00	
916	3.103200e-07	5.000000e+00	0.000000e+00	0.000000e+00	
917	3.104480e-07	5.000000e+00	0.000000e+00	0.000000e+00	
918	3.107040e-07	5.000000e+00	0.000000e+00	0.000000e+00	
919	3.112160e-07	5.000000e+00	0.000000e+00	0.000000e+00	
920	3.122400e-07	5.000000e+00	0.000000e+00	0.000000e+00	
921	3.131000e-07	5.000000e+00	0.000000e+00	0.000000e+00	
922	3.131100e-07	5.000000e+00	0.000000e+00	0.000000e+00	
923	3.131300e-07	5.000000e+00	0.000000e+00	0.000000e+00	
924	3.131700e-07	5.000000e+00	0.000000e+00	0.000000e+00	

Index   time            corrected_data1 corrected_data2 corrected_data3 
--------------------------------------------------------------------------------
925	3.132000e-07	5.000000e+00	0.000000e+00	0.000000e+00	
926	3.132080e-07	5.000000e+00	0.000000e+00	0.000000e+00	
927	3.132240e-07	5.000000e+00	0.000000e+00	0.000000e+00	
928	3.132560e-07	5.000000e+00	0.000000e+00	0.000000e+00	
929	3.133200e-07	5.000000e+00	0.000000e+00	0.000000e+00	
930	3.134480e-07	5.000000e+00	0.000000e+00	0.000000e+00	
931	3.137040e-07	5.000000e+00	0.000000e+00	0.000000e+00	
932	3.142160e-07	5.000000e+00	0.000000e+00	0.000000e+00	
933	3.152400e-07	5.000000e+00	0.000000e+00	0.000000e+00	
934	3.172880e-07	5.000000e+00	0.000000e+00	0.000000e+00	
935	3.200000e-07	5.000000e+00	0.000000e+00	0.000000e+00	
936	3.200100e-07	5.000000e+00	0.000000e+00	0.000000e+00	
937	3.200300e-07	5.000000e+00	0.000000e+00	0.000000e+00	
938	3.200700e-07	5.000000e+00	0.000000e+00	0.000000e+00	
939	3.201000e-07	5.000000e+00	0.000000e+00	0.000000e+00	
940	3.201080e-07	5.000000e+00	0.000000e+00	0.000000e+00	
941	3.201240e-07	5.000000e+00	0.000000e+00	0.000000e+00	
942	3.201560e-07	5.000000e+00	0.000000e+00	0.000000e+00	
943	3.202200e-07	5.000000e+00	0.000000e+00	0.000000e+00	
944	3.203480e-07	5.000000e+00	0.000000e+00	0.000000e+00	
945	3.206040e-07	5.000000e+00	0.000000e+00	0.000000e+00	
946	3.211160e-07	5.000000e+00	0.000000e+00	0.000000e+00	
947	3.221400e-07	5.000000e+00	0.000000e+00	0.000000e+00	
948	3.230000e-07	5.000000e+00	0.000000e+00	0.000000e+00	
949	3.230100e-07	5.000000e+00	0.000000e+00	0.000000e+00	
950	3.230300e-07	5.000000e+00	0.000000e+00	0.000000e+00	
951	3.230700e-07	5.000000e+00	0.000000e+00	0.000000e+00	
952	3.231000e-07	5.000000e+00	0.000000e+00	0.000000e+00	
953	3.231080e-07	5.000000e+00	0.000000e+00	0.000000e+00	
954	3.231240e-07	5.000000e+00	0.000000e+00	0.000000e+00	
955	3.231560e-07	5.000000e+00	0.000000e+00	0.000000e+00	
956	3.232200e-07	5.000000e+00	0.000000e+00	0.000000e+00	
957	3.233480e-07	5.000000e+00	0.000000e+00	0.000000e+00	
958	3.236040e-07	5.000000e+00	0.000000e+00	0.000000e+00	
959	3.241160e-07	5.000000e+00	0.000000e+00	0.000000e+00	
960	3.251400e-07	5.000000e+00	0.000000e+00	0.000000e+00	
961	3.271880e-07	5.000000e+00	0.000000e+00	0.000000e+00	
962	3.301000e-07	5.000000e+00	0.000000e+00	0.000000e+00	
963	3.301100e-07	5.000000e+00	0.000000e+00	0.000000e+00	
964	3.301300e-07	5.000000e+00	0.000000e+00	0.000000e+00	
965	3.301700e-07	5.000000e+00	0.000000e+00	0.000000e+00	
966	3.302000e-07	5.000000e+00	0.000000e+00	0.000000e+00	
967	3.302080e-07	5.000000e+00	0.000000e+00	0.000000e+00	
968	3.302240e-07	5.000000e+00	0.000000e+00	0.000000e+00	
969	3.302560e-07	5.000000e+00	0.000000e+00	0.000000e+00	
970	3.303200e-07	5.000000e+00	0.000000e+00	0.000000e+00	
971	3.304480e-07	5.000000e+00	0.000000e+00	0.000000e+00	
972	3.307040e-07	5.000000e+00	0.000000e+00	0.000000e+00	
973	3.312160e-07	5.000000e+00	0.000000e+00	0.000000e+00	
974	3.322400e-07	5.000000e+00	0.000000e+00	0.000000e+00	
975	3.331000e-07	5.000000e+00	0.000000e+00	0.000000e+00	
976	3.331100e-07	5.000000e+00	0.000000e+00	0.000000e+00	
977	3.331300e-07	5.000000e+00	0.000000e+00	0.000000e+00	
978	3.331700e-07	5.000000e+00	0.000000e+00	0.000000e+00	
979	3.332000e-07	5.000000e+00	0.000000e+00	0.000000e+00	
980	3.332080e-07	5.000000e+00	0.000000e+00	0.000000e+00	
981	3.332240e-07	5.000000e+00	0.000000e+00	0.000000e+00	
982	3.332560e-07	5.000000e+00	0.000000e+00	0.000000e+00	

Index   time            corrected_data1 corrected_data2 corrected_data3 
--------------------------------------------------------------------------------
983	3.333200e-07	5.000000e+00	0.000000e+00	0.000000e+00	
984	3.334480e-07	5.000000e+00	0.000000e+00	0.000000e+00	
985	3.337040e-07	5.000000e+00	0.000000e+00	0.000000e+00	
986	3.342160e-07	5.000000e+00	0.000000e+00	0.000000e+00	
987	3.352400e-07	5.000000e+00	0.000000e+00	0.000000e+00	
988	3.372880e-07	5.000000e+00	0.000000e+00	0.000000e+00	
989	3.400000e-07	5.000000e+00	0.000000e+00	0.000000e+00	
990	3.400100e-07	5.000000e+00	0.000000e+00	0.000000e+00	
991	3.400300e-07	5.000000e+00	0.000000e+00	0.000000e+00	
992	3.400700e-07	5.000000e+00	0.000000e+00	0.000000e+00	
993	3.401000e-07	5.000000e+00	0.000000e+00	0.000000e+00	
994	3.401080e-07	5.000000e+00	0.000000e+00	0.000000e+00	
995	3.401240e-07	5.000000e+00	0.000000e+00	0.000000e+00	
996	3.401560e-07	5.000000e+00	0.000000e+00	0.000000e+00	
997	3.402200e-07	5.000000e+00	0.000000e+00	0.000000e+00	
998	3.403480e-07	5.000000e+00	0.000000e+00	0.000000e+00	
999	3.406040e-07	5.000000e+00	0.000000e+00	0.000000e+00	
1000	3.411160e-07	5.000000e+00	0.000000e+00	0.000000e+00	
1001	3.421400e-07	5.000000e+00	0.000000e+00	0.000000e+00	
1002	3.430000e-07	5.000000e+00	0.000000e+00	0.000000e+00	
1003	3.430100e-07	5.000000e+00	0.000000e+00	0.000000e+00	
1004	3.430300e-07	5.000000e+00	0.000000e+00	0.000000e+00	
1005	3.430700e-07	5.000000e+00	0.000000e+00	0.000000e+00	
1006	3.431000e-07	5.000000e+00	0.000000e+00	0.000000e+00	
1007	3.431080e-07	5.000000e+00	0.000000e+00	0.000000e+00	
1008	3.431240e-07	5.000000e+00	0.000000e+00	0.000000e+00	
1009	3.431560e-07	5.000000e+00	0.000000e+00	0.000000e+00	
1010	3.432200e-07	5.000000e+00	0.000000e+00	0.000000e+00	
1011	3.433480e-07	5.000000e+00	0.000000e+00	0.000000e+00	
1012	3.436040e-07	5.000000e+00	0.000000e+00	0.000000e+00	
1013	3.441160e-07	5.000000e+00	0.000000e+00	0.000000e+00	
1014	3.451400e-07	5.000000e+00	0.000000e+00	0.000000e+00	
1015	3.471880e-07	5.000000e+00	0.000000e+00	0.000000e+00	
1016	3.501000e-07	5.000000e+00	0.000000e+00	0.000000e+00	
1017	3.501100e-07	5.000000e+00	0.000000e+00	0.000000e+00	
1018	3.501300e-07	5.000000e+00	0.000000e+00	0.000000e+00	
1019	3.501700e-07	5.000000e+00	0.000000e+00	0.000000e+00	
1020	3.502000e-07	5.000000e+00	0.000000e+00	0.000000e+00	
1021	3.502080e-07	5.000000e+00	0.000000e+00	0.000000e+00	
1022	3.502240e-07	5.000000e+00	0.000000e+00	0.000000e+00	
1023	3.502560e-07	5.000000e+00	0.000000e+00	0.000000e+00	
1024	3.503200e-07	5.000000e+00	0.000000e+00	0.000000e+00	
1025	3.504480e-07	5.000000e+00	0.000000e+00	0.000000e+00	
1026	3.507040e-07	5.000000e+00	0.000000e+00	0.000000e+00	
1027	3.512160e-07	5.000000e+00	0.000000e+00	0.000000e+00	
1028	3.522400e-07	5.000000e+00	0.000000e+00	0.000000e+00	
1029	3.531000e-07	5.000000e+00	0.000000e+00	0.000000e+00	
1030	3.531100e-07	5.000000e+00	0.000000e+00	0.000000e+00	
1031	3.531300e-07	5.000000e+00	0.000000e+00	0.000000e+00	
1032	3.531700e-07	5.000000e+00	0.000000e+00	0.000000e+00	
1033	3.532000e-07	5.000000e+00	0.000000e+00	0.000000e+00	
1034	3.532080e-07	5.000000e+00	0.000000e+00	0.000000e+00	
1035	3.532240e-07	5.000000e+00	0.000000e+00	0.000000e+00	
1036	3.532560e-07	5.000000e+00	0.000000e+00	0.000000e+00	
1037	3.533200e-07	5.000000e+00	0.000000e+00	0.000000e+00	
1038	3.534480e-07	5.000000e+00	0.000000e+00	0.000000e+00	
1039	3.537040e-07	5.000000e+00	0.000000e+00	0.000000e+00	
1040	3.542160e-07	5.000000e+00	0.000000e+00	0.000000e+00	

Index   time            corrected_data1 corrected_data2 corrected_data3 
--------------------------------------------------------------------------------
1041	3.552400e-07	5.000000e+00	0.000000e+00	0.000000e+00	
1042	3.572880e-07	5.000000e+00	0.000000e+00	0.000000e+00	
1043	3.600000e-07	5.000000e+00	0.000000e+00	0.000000e+00	
1044	3.600100e-07	5.000000e+00	0.000000e+00	0.000000e+00	
1045	3.600300e-07	5.000000e+00	0.000000e+00	0.000000e+00	
1046	3.600700e-07	5.000000e+00	0.000000e+00	0.000000e+00	
1047	3.601000e-07	5.000000e+00	0.000000e+00	0.000000e+00	
1048	3.601080e-07	5.000000e+00	0.000000e+00	0.000000e+00	
1049	3.601240e-07	5.000000e+00	0.000000e+00	0.000000e+00	
1050	3.601560e-07	5.000000e+00	0.000000e+00	0.000000e+00	
1051	3.602200e-07	5.000000e+00	0.000000e+00	0.000000e+00	
1052	3.603480e-07	5.000000e+00	0.000000e+00	0.000000e+00	
1053	3.606040e-07	5.000000e+00	0.000000e+00	0.000000e+00	
1054	3.611160e-07	5.000000e+00	0.000000e+00	0.000000e+00	
1055	3.621400e-07	5.000000e+00	0.000000e+00	0.000000e+00	
1056	3.630000e-07	5.000000e+00	0.000000e+00	0.000000e+00	
1057	3.630100e-07	5.000000e+00	0.000000e+00	0.000000e+00	
1058	3.630300e-07	5.000000e+00	0.000000e+00	0.000000e+00	
1059	3.630700e-07	5.000000e+00	0.000000e+00	0.000000e+00	
1060	3.631000e-07	5.000000e+00	0.000000e+00	0.000000e+00	
1061	3.631080e-07	5.000000e+00	0.000000e+00	0.000000e+00	
1062	3.631240e-07	5.000000e+00	0.000000e+00	0.000000e+00	
1063	3.631560e-07	5.000000e+00	0.000000e+00	0.000000e+00	
1064	3.632200e-07	5.000000e+00	0.000000e+00	0.000000e+00	
1065	3.633480e-07	5.000000e+00	0.000000e+00	0.000000e+00	
1066	3.636040e-07	5.000000e+00	0.000000e+00	0.000000e+00	
1067	3.641160e-07	5.000000e+00	0.000000e+00	0.000000e+00	
1068	3.651400e-07	5.000000e+00	0.000000e+00	0.000000e+00	
1069	3.671880e-07	5.000000e+00	0.000000e+00	0.000000e+00	
1070	3.701000e-07	5.000000e+00	0.000000e+00	0.000000e+00	
1071	3.701100e-07	5.000000e+00	0.000000e+00	0.000000e+00	
1072	3.701300e-07	5.000000e+00	0.000000e+00	0.000000e+00	
1073	3.701700e-07	5.000000e+00	0.000000e+00	0.000000e+00	
1074	3.702000e-07	5.000000e+00	0.000000e+00	0.000000e+00	
1075	3.702080e-07	5.000000e+00	0.000000e+00	0.000000e+00	
1076	3.702240e-07	5.000000e+00	0.000000e+00	0.000000e+00	
1077	3.702560e-07	5.000000e+00	0.000000e+00	0.000000e+00	
1078	3.703200e-07	5.000000e+00	0.000000e+00	0.000000e+00	
1079	3.704480e-07	5.000000e+00	0.000000e+00	0.000000e+00	
1080	3.707040e-07	5.000000e+00	0.000000e+00	0.000000e+00	
1081	3.712160e-07	5.000000e+00	0.000000e+00	0.000000e+00	
1082	3.722400e-07	5.000000e+00	0.000000e+00	0.000000e+00	
1083	3.731000e-07	5.000000e+00	0.000000e+00	0.000000e+00	
1084	3.731100e-07	5.000000e+00	0.000000e+00	0.000000e+00	
1085	3.731300e-07	5.000000e+00	0.000000e+00	0.000000e+00	
1086	3.731700e-07	5.000000e+00	0.000000e+00	0.000000e+00	
1087	3.732000e-07	5.000000e+00	0.000000e+00	0.000000e+00	
1088	3.732080e-07	5.000000e+00	0.000000e+00	0.000000e+00	
1089	3.732240e-07	5.000000e+00	0.000000e+00	0.000000e+00	
1090	3.732560e-07	5.000000e+00	0.000000e+00	0.000000e+00	
1091	3.733200e-07	5.000000e+00	0.000000e+00	0.000000e+00	
1092	3.734480e-07	5.000000e+00	0.000000e+00	0.000000e+00	
1093	3.737040e-07	5.000000e+00	0.000000e+00	0.000000e+00	
1094	3.742160e-07	5.000000e+00	0.000000e+00	0.000000e+00	
1095	3.752400e-07	5.000000e+00	0.000000e+00	0.000000e+00	
1096	3.772880e-07	5.000000e+00	0.000000e+00	0.000000e+00	
1097	3.800000e-07	5.000000e+00	0.000000e+00	0.000000e+00	
1098	3.800100e-07	5.000000e+00	0.000000e+00	0.000000e+00	

Index   time            corrected_data1 corrected_data2 corrected_data3 
--------------------------------------------------------------------------------
1099	3.800300e-07	5.000000e+00	0.000000e+00	0.000000e+00	
1100	3.800700e-07	5.000000e+00	0.000000e+00	0.000000e+00	
1101	3.801000e-07	5.000000e+00	0.000000e+00	0.000000e+00	
1102	3.801080e-07	5.000000e+00	0.000000e+00	0.000000e+00	
1103	3.801240e-07	5.000000e+00	0.000000e+00	0.000000e+00	
1104	3.801560e-07	5.000000e+00	0.000000e+00	0.000000e+00	
1105	3.802200e-07	5.000000e+00	0.000000e+00	0.000000e+00	
1106	3.803480e-07	5.000000e+00	0.000000e+00	0.000000e+00	
1107	3.806040e-07	5.000000e+00	0.000000e+00	0.000000e+00	
1108	3.811160e-07	5.000000e+00	0.000000e+00	0.000000e+00	
1109	3.821400e-07	5.000000e+00	0.000000e+00	0.000000e+00	
1110	3.830000e-07	5.000000e+00	0.000000e+00	0.000000e+00	
1111	3.830100e-07	5.000000e+00	0.000000e+00	0.000000e+00	
1112	3.830300e-07	5.000000e+00	0.000000e+00	0.000000e+00	
1113	3.830700e-07	5.000000e+00	0.000000e+00	0.000000e+00	
1114	3.831000e-07	5.000000e+00	0.000000e+00	0.000000e+00	
1115	3.831080e-07	5.000000e+00	0.000000e+00	0.000000e+00	
1116	3.831240e-07	5.000000e+00	0.000000e+00	0.000000e+00	
1117	3.831560e-07	5.000000e+00	0.000000e+00	0.000000e+00	
1118	3.832200e-07	5.000000e+00	0.000000e+00	0.000000e+00	
1119	3.833480e-07	5.000000e+00	0.000000e+00	0.000000e+00	
1120	3.836040e-07	5.000000e+00	0.000000e+00	0.000000e+00	
1121	3.841160e-07	5.000000e+00	0.000000e+00	0.000000e+00	
1122	3.851400e-07	5.000000e+00	0.000000e+00	0.000000e+00	
1123	3.871880e-07	5.000000e+00	0.000000e+00	0.000000e+00	
1124	3.901000e-07	5.000000e+00	0.000000e+00	0.000000e+00	
1125	3.901100e-07	5.000000e+00	0.000000e+00	0.000000e+00	
1126	3.901300e-07	5.000000e+00	0.000000e+00	0.000000e+00	
1127	3.901700e-07	5.000000e+00	0.000000e+00	0.000000e+00	
1128	3.902000e-07	5.000000e+00	0.000000e+00	0.000000e+00	
1129	3.902080e-07	5.000000e+00	0.000000e+00	0.000000e+00	
1130	3.902240e-07	5.000000e+00	0.000000e+00	0.000000e+00	
1131	3.902560e-07	5.000000e+00	0.000000e+00	0.000000e+00	
1132	3.903200e-07	5.000000e+00	0.000000e+00	0.000000e+00	
1133	3.904480e-07	5.000000e+00	0.000000e+00	0.000000e+00	
1134	3.907040e-07	5.000000e+00	0.000000e+00	0.000000e+00	
1135	3.912160e-07	5.000000e+00	0.000000e+00	0.000000e+00	
1136	3.922400e-07	5.000000e+00	0.000000e+00	0.000000e+00	
1137	3.931000e-07	5.000000e+00	0.000000e+00	0.000000e+00	
1138	3.931100e-07	5.000000e+00	0.000000e+00	0.000000e+00	
1139	3.931300e-07	5.000000e+00	0.000000e+00	0.000000e+00	
1140	3.931700e-07	5.000000e+00	0.000000e+00	0.000000e+00	
1141	3.932000e-07	5.000000e+00	0.000000e+00	0.000000e+00	
1142	3.932080e-07	5.000000e+00	0.000000e+00	0.000000e+00	
1143	3.932240e-07	5.000000e+00	0.000000e+00	0.000000e+00	
1144	3.932560e-07	5.000000e+00	0.000000e+00	0.000000e+00	
1145	3.933200e-07	5.000000e+00	0.000000e+00	0.000000e+00	
1146	3.934480e-07	5.000000e+00	0.000000e+00	0.000000e+00	
1147	3.937040e-07	5.000000e+00	0.000000e+00	0.000000e+00	
1148	3.942160e-07	5.000000e+00	0.000000e+00	0.000000e+00	
1149	3.952400e-07	5.000000e+00	0.000000e+00	0.000000e+00	
1150	3.972880e-07	5.000000e+00	0.000000e+00	0.000000e+00	
1151	4.000000e-07	5.000000e+00	0.000000e+00	0.000000e+00	
1152	4.000100e-07	5.000000e+00	0.000000e+00	0.000000e+00	
1153	4.000300e-07	5.000000e+00	0.000000e+00	0.000000e+00	
1154	4.000700e-07	5.000000e+00	0.000000e+00	0.000000e+00	
1155	4.001000e-07	5.000000e+00	0.000000e+00	0.000000e+00	
1156	4.001080e-07	5.000000e+00	0.000000e+00	0.000000e+00	

Index   time            corrected_data1 corrected_data2 corrected_data3 
--------------------------------------------------------------------------------
1157	4.001240e-07	5.000000e+00	0.000000e+00	0.000000e+00	
1158	4.001560e-07	5.000000e+00	0.000000e+00	0.000000e+00	
1159	4.002200e-07	5.000000e+00	0.000000e+00	0.000000e+00	
1160	4.003480e-07	5.000000e+00	0.000000e+00	0.000000e+00	
1161	4.006040e-07	5.000000e+00	0.000000e+00	0.000000e+00	
1162	4.011160e-07	5.000000e+00	0.000000e+00	0.000000e+00	
1163	4.021400e-07	5.000000e+00	0.000000e+00	0.000000e+00	
1164	4.030000e-07	5.000000e+00	0.000000e+00	0.000000e+00	
1165	4.030100e-07	5.000000e+00	0.000000e+00	0.000000e+00	
1166	4.030300e-07	5.000000e+00	0.000000e+00	0.000000e+00	
1167	4.030700e-07	5.000000e+00	0.000000e+00	0.000000e+00	
1168	4.031000e-07	5.000000e+00	0.000000e+00	0.000000e+00	
1169	4.031080e-07	5.000000e+00	0.000000e+00	0.000000e+00	
1170	4.031240e-07	5.000000e+00	0.000000e+00	0.000000e+00	
1171	4.031560e-07	5.000000e+00	0.000000e+00	0.000000e+00	
1172	4.032200e-07	5.000000e+00	0.000000e+00	0.000000e+00	
1173	4.033480e-07	5.000000e+00	0.000000e+00	0.000000e+00	
1174	4.036040e-07	5.000000e+00	0.000000e+00	0.000000e+00	
1175	4.041160e-07	5.000000e+00	0.000000e+00	0.000000e+00	
1176	4.051400e-07	5.000000e+00	0.000000e+00	0.000000e+00	
1177	4.071880e-07	5.000000e+00	0.000000e+00	0.000000e+00	
1178	4.101000e-07	5.000000e+00	0.000000e+00	0.000000e+00	
1179	4.101100e-07	5.000000e+00	0.000000e+00	0.000000e+00	
1180	4.101300e-07	5.000000e+00	0.000000e+00	0.000000e+00	
1181	4.101700e-07	5.000000e+00	0.000000e+00	0.000000e+00	
1182	4.102000e-07	5.000000e+00	0.000000e+00	0.000000e+00	
1183	4.102080e-07	5.000000e+00	0.000000e+00	0.000000e+00	
1184	4.102240e-07	5.000000e+00	0.000000e+00	0.000000e+00	
1185	4.102560e-07	5.000000e+00	0.000000e+00	0.000000e+00	
1186	4.103200e-07	5.000000e+00	0.000000e+00	0.000000e+00	
1187	4.104480e-07	5.000000e+00	0.000000e+00	0.000000e+00	
1188	4.107040e-07	5.000000e+00	0.000000e+00	0.000000e+00	
1189	4.112160e-07	5.000000e+00	0.000000e+00	0.000000e+00	
1190	4.122400e-07	5.000000e+00	0.000000e+00	0.000000e+00	
1191	4.131000e-07	5.000000e+00	0.000000e+00	0.000000e+00	
1192	4.131100e-07	5.000000e+00	0.000000e+00	0.000000e+00	
1193	4.131300e-07	5.000000e+00	0.000000e+00	0.000000e+00	
1194	4.131700e-07	5.000000e+00	0.000000e+00	0.000000e+00	
1195	4.132000e-07	5.000000e+00	0.000000e+00	0.000000e+00	
1196	4.132080e-07	5.000000e+00	0.000000e+00	0.000000e+00	
1197	4.132240e-07	5.000000e+00	0.000000e+00	0.000000e+00	
1198	4.132560e-07	5.000000e+00	0.000000e+00	0.000000e+00	
1199	4.133200e-07	5.000000e+00	0.000000e+00	0.000000e+00	
1200	4.134480e-07	5.000000e+00	0.000000e+00	0.000000e+00	
1201	4.137040e-07	5.000000e+00	0.000000e+00	0.000000e+00	
1202	4.142160e-07	5.000000e+00	0.000000e+00	0.000000e+00	
1203	4.152400e-07	5.000000e+00	0.000000e+00	0.000000e+00	
1204	4.172880e-07	5.000000e+00	0.000000e+00	0.000000e+00	
1205	4.200000e-07	5.000000e+00	0.000000e+00	0.000000e+00	
1206	4.200100e-07	5.000000e+00	0.000000e+00	0.000000e+00	
1207	4.200300e-07	5.000000e+00	0.000000e+00	0.000000e+00	
1208	4.200700e-07	5.000000e+00	0.000000e+00	0.000000e+00	
1209	4.201000e-07	5.000000e+00	0.000000e+00	0.000000e+00	
1210	4.201080e-07	5.000000e+00	0.000000e+00	0.000000e+00	
1211	4.201240e-07	5.000000e+00	0.000000e+00	0.000000e+00	
1212	4.201560e-07	5.000000e+00	0.000000e+00	0.000000e+00	
1213	4.202200e-07	5.000000e+00	0.000000e+00	0.000000e+00	
1214	4.203480e-07	5.000000e+00	0.000000e+00	0.000000e+00	

Index   time            corrected_data1 corrected_data2 corrected_data3 
--------------------------------------------------------------------------------
1215	4.206040e-07	5.000000e+00	0.000000e+00	0.000000e+00	
1216	4.211160e-07	5.000000e+00	0.000000e+00	0.000000e+00	
1217	4.221400e-07	5.000000e+00	0.000000e+00	0.000000e+00	
1218	4.230000e-07	5.000000e+00	0.000000e+00	0.000000e+00	
1219	4.230100e-07	5.000000e+00	0.000000e+00	0.000000e+00	
1220	4.230300e-07	5.000000e+00	0.000000e+00	0.000000e+00	
1221	4.230700e-07	5.000000e+00	0.000000e+00	0.000000e+00	
1222	4.231000e-07	5.000000e+00	0.000000e+00	0.000000e+00	
1223	4.231080e-07	5.000000e+00	0.000000e+00	0.000000e+00	
1224	4.231240e-07	5.000000e+00	0.000000e+00	0.000000e+00	
1225	4.231560e-07	5.000000e+00	0.000000e+00	0.000000e+00	
1226	4.232200e-07	5.000000e+00	0.000000e+00	0.000000e+00	
1227	4.233480e-07	5.000000e+00	0.000000e+00	0.000000e+00	
1228	4.236040e-07	5.000000e+00	0.000000e+00	0.000000e+00	
1229	4.241160e-07	5.000000e+00	0.000000e+00	0.000000e+00	
1230	4.251400e-07	5.000000e+00	0.000000e+00	0.000000e+00	
1231	4.271880e-07	5.000000e+00	0.000000e+00	0.000000e+00	
1232	4.301000e-07	5.000000e+00	0.000000e+00	0.000000e+00	
1233	4.301100e-07	5.000000e+00	0.000000e+00	0.000000e+00	
1234	4.301300e-07	5.000000e+00	0.000000e+00	0.000000e+00	
1235	4.301700e-07	5.000000e+00	0.000000e+00	0.000000e+00	
1236	4.302000e-07	5.000000e+00	0.000000e+00	0.000000e+00	
1237	4.302080e-07	5.000000e+00	0.000000e+00	0.000000e+00	
1238	4.302240e-07	5.000000e+00	0.000000e+00	0.000000e+00	
1239	4.302560e-07	5.000000e+00	0.000000e+00	0.000000e+00	
1240	4.303200e-07	5.000000e+00	0.000000e+00	0.000000e+00	
1241	4.304480e-07	5.000000e+00	0.000000e+00	0.000000e+00	
1242	4.307040e-07	5.000000e+00	0.000000e+00	0.000000e+00	
1243	4.312160e-07	5.000000e+00	0.000000e+00	0.000000e+00	
1244	4.322400e-07	5.000000e+00	0.000000e+00	0.000000e+00	
1245	4.331000e-07	5.000000e+00	0.000000e+00	0.000000e+00	
1246	4.331100e-07	5.000000e+00	0.000000e+00	0.000000e+00	
1247	4.331300e-07	5.000000e+00	0.000000e+00	0.000000e+00	
1248	4.331700e-07	5.000000e+00	0.000000e+00	0.000000e+00	
1249	4.332000e-07	5.000000e+00	0.000000e+00	0.000000e+00	
1250	4.332080e-07	5.000000e+00	0.000000e+00	0.000000e+00	
1251	4.332240e-07	5.000000e+00	0.000000e+00	0.000000e+00	
1252	4.332560e-07	5.000000e+00	0.000000e+00	0.000000e+00	
1253	4.333200e-07	5.000000e+00	0.000000e+00	0.000000e+00	
1254	4.334480e-07	5.000000e+00	0.000000e+00	0.000000e+00	
1255	4.337040e-07	5.000000e+00	0.000000e+00	0.000000e+00	
1256	4.342160e-07	5.000000e+00	0.000000e+00	0.000000e+00	
1257	4.352400e-07	5.000000e+00	0.000000e+00	0.000000e+00	
1258	4.372880e-07	5.000000e+00	0.000000e+00	0.000000e+00	
1259	4.400000e-07	5.000000e+00	0.000000e+00	0.000000e+00	
1260	4.400100e-07	5.000000e+00	0.000000e+00	0.000000e+00	
1261	4.400300e-07	5.000000e+00	0.000000e+00	0.000000e+00	
1262	4.400700e-07	5.000000e+00	0.000000e+00	0.000000e+00	
1263	4.401000e-07	5.000000e+00	0.000000e+00	0.000000e+00	
1264	4.401080e-07	5.000000e+00	0.000000e+00	0.000000e+00	
1265	4.401240e-07	5.000000e+00	0.000000e+00	0.000000e+00	
1266	4.401560e-07	5.000000e+00	0.000000e+00	0.000000e+00	
1267	4.402200e-07	5.000000e+00	0.000000e+00	0.000000e+00	
1268	4.403480e-07	5.000000e+00	0.000000e+00	0.000000e+00	
1269	4.406040e-07	5.000000e+00	0.000000e+00	0.000000e+00	
1270	4.411160e-07	5.000000e+00	0.000000e+00	0.000000e+00	
1271	4.421400e-07	5.000000e+00	0.000000e+00	0.000000e+00	
1272	4.430000e-07	5.000000e+00	0.000000e+00	0.000000e+00	

Index   time            corrected_data1 corrected_data2 corrected_data3 
--------------------------------------------------------------------------------
1273	4.430100e-07	5.000000e+00	0.000000e+00	0.000000e+00	
1274	4.430300e-07	5.000000e+00	0.000000e+00	0.000000e+00	
1275	4.430700e-07	5.000000e+00	0.000000e+00	0.000000e+00	
1276	4.431000e-07	5.000000e+00	0.000000e+00	0.000000e+00	
1277	4.431080e-07	5.000000e+00	0.000000e+00	0.000000e+00	
1278	4.431240e-07	5.000000e+00	0.000000e+00	0.000000e+00	
1279	4.431560e-07	5.000000e+00	0.000000e+00	0.000000e+00	
1280	4.432200e-07	5.000000e+00	0.000000e+00	0.000000e+00	
1281	4.433480e-07	5.000000e+00	0.000000e+00	0.000000e+00	
1282	4.436040e-07	5.000000e+00	0.000000e+00	0.000000e+00	
1283	4.441160e-07	5.000000e+00	0.000000e+00	0.000000e+00	
1284	4.451400e-07	5.000000e+00	0.000000e+00	0.000000e+00	
1285	4.471880e-07	5.000000e+00	0.000000e+00	0.000000e+00	
1286	4.501000e-07	5.000000e+00	0.000000e+00	0.000000e+00	
1287	4.501100e-07	5.000000e+00	0.000000e+00	0.000000e+00	
1288	4.501300e-07	5.000000e+00	0.000000e+00	0.000000e+00	
1289	4.501700e-07	5.000000e+00	0.000000e+00	0.000000e+00	
1290	4.502000e-07	5.000000e+00	0.000000e+00	0.000000e+00	
1291	4.502080e-07	5.000000e+00	0.000000e+00	0.000000e+00	
1292	4.502240e-07	5.000000e+00	0.000000e+00	0.000000e+00	
1293	4.502560e-07	5.000000e+00	0.000000e+00	0.000000e+00	
1294	4.503200e-07	5.000000e+00	0.000000e+00	0.000000e+00	
1295	4.504480e-07	5.000000e+00	0.000000e+00	0.000000e+00	
1296	4.507040e-07	5.000000e+00	0.000000e+00	0.000000e+00	
1297	4.512160e-07	5.000000e+00	0.000000e+00	0.000000e+00	
1298	4.522400e-07	5.000000e+00	0.000000e+00	0.000000e+00	
1299	4.531000e-07	5.000000e+00	0.000000e+00	0.000000e+00	
1300	4.531100e-07	5.000000e+00	0.000000e+00	0.000000e+00	
1301	4.531300e-07	5.000000e+00	0.000000e+00	0.000000e+00	
1302	4.531700e-07	5.000000e+00	0.000000e+00	0.000000e+00	
1303	4.532000e-07	5.000000e+00	0.000000e+00	0.000000e+00	
1304	4.532080e-07	5.000000e+00	0.000000e+00	0.000000e+00	
1305	4.532240e-07	5.000000e+00	0.000000e+00	0.000000e+00	
1306	4.532560e-07	5.000000e+00	0.000000e+00	0.000000e+00	
1307	4.533200e-07	5.000000e+00	0.000000e+00	0.000000e+00	
1308	4.534480e-07	5.000000e+00	0.000000e+00	0.000000e+00	
1309	4.537040e-07	5.000000e+00	0.000000e+00	0.000000e+00	
1310	4.542160e-07	5.000000e+00	0.000000e+00	0.000000e+00	
1311	4.552400e-07	5.000000e+00	0.000000e+00	0.000000e+00	
1312	4.572880e-07	5.000000e+00	0.000000e+00	0.000000e+00	
1313	4.600000e-07	5.000000e+00	0.000000e+00	0.000000e+00	
1314	4.600100e-07	5.000000e+00	0.000000e+00	0.000000e+00	
1315	4.600300e-07	5.000000e+00	0.000000e+00	0.000000e+00	
1316	4.600700e-07	5.000000e+00	0.000000e+00	0.000000e+00	
1317	4.601000e-07	5.000000e+00	0.000000e+00	0.000000e+00	
1318	4.601080e-07	5.000000e+00	0.000000e+00	0.000000e+00	
1319	4.601240e-07	5.000000e+00	0.000000e+00	0.000000e+00	
1320	4.601560e-07	5.000000e+00	0.000000e+00	0.000000e+00	
1321	4.602200e-07	5.000000e+00	0.000000e+00	0.000000e+00	
1322	4.603480e-07	5.000000e+00	0.000000e+00	0.000000e+00	
1323	4.606040e-07	5.000000e+00	0.000000e+00	0.000000e+00	
1324	4.611160e-07	5.000000e+00	0.000000e+00	0.000000e+00	
1325	4.621400e-07	5.000000e+00	0.000000e+00	0.000000e+00	
1326	4.630000e-07	5.000000e+00	0.000000e+00	0.000000e+00	
1327	4.630100e-07	5.000000e+00	0.000000e+00	0.000000e+00	
1328	4.630300e-07	5.000000e+00	0.000000e+00	0.000000e+00	
1329	4.630700e-07	5.000000e+00	0.000000e+00	0.000000e+00	
1330	4.631000e-07	5.000000e+00	0.000000e+00	0.000000e+00	

Index   time            corrected_data1 corrected_data2 corrected_data3 
--------------------------------------------------------------------------------
1331	4.631080e-07	5.000000e+00	0.000000e+00	0.000000e+00	
1332	4.631240e-07	5.000000e+00	0.000000e+00	0.000000e+00	
1333	4.631560e-07	5.000000e+00	0.000000e+00	0.000000e+00	
1334	4.632200e-07	5.000000e+00	0.000000e+00	0.000000e+00	
1335	4.633480e-07	5.000000e+00	0.000000e+00	0.000000e+00	
1336	4.636040e-07	5.000000e+00	0.000000e+00	0.000000e+00	
1337	4.641160e-07	5.000000e+00	0.000000e+00	0.000000e+00	
1338	4.651400e-07	5.000000e+00	0.000000e+00	0.000000e+00	
1339	4.671880e-07	5.000000e+00	0.000000e+00	0.000000e+00	
1340	4.701000e-07	5.000000e+00	0.000000e+00	0.000000e+00	
1341	4.701100e-07	5.000000e+00	0.000000e+00	0.000000e+00	
1342	4.701300e-07	5.000000e+00	0.000000e+00	0.000000e+00	
1343	4.701700e-07	5.000000e+00	0.000000e+00	0.000000e+00	
1344	4.702000e-07	5.000000e+00	0.000000e+00	0.000000e+00	
1345	4.702080e-07	5.000000e+00	0.000000e+00	0.000000e+00	
1346	4.702240e-07	5.000000e+00	0.000000e+00	0.000000e+00	
1347	4.702560e-07	5.000000e+00	0.000000e+00	0.000000e+00	
1348	4.703200e-07	5.000000e+00	0.000000e+00	0.000000e+00	
1349	4.704480e-07	5.000000e+00	0.000000e+00	0.000000e+00	
1350	4.707040e-07	5.000000e+00	0.000000e+00	0.000000e+00	
1351	4.712160e-07	5.000000e+00	0.000000e+00	0.000000e+00	
1352	4.722400e-07	5.000000e+00	0.000000e+00	0.000000e+00	
1353	4.731000e-07	5.000000e+00	0.000000e+00	0.000000e+00	
1354	4.731100e-07	5.000000e+00	0.000000e+00	0.000000e+00	
1355	4.731300e-07	5.000000e+00	0.000000e+00	0.000000e+00	
1356	4.731700e-07	5.000000e+00	0.000000e+00	0.000000e+00	
1357	4.732000e-07	5.000000e+00	0.000000e+00	0.000000e+00	
1358	4.732080e-07	5.000000e+00	0.000000e+00	0.000000e+00	
1359	4.732240e-07	5.000000e+00	0.000000e+00	0.000000e+00	
1360	4.732560e-07	5.000000e+00	0.000000e+00	0.000000e+00	
1361	4.733200e-07	5.000000e+00	0.000000e+00	0.000000e+00	
1362	4.734480e-07	5.000000e+00	0.000000e+00	0.000000e+00	
1363	4.737040e-07	5.000000e+00	0.000000e+00	0.000000e+00	
1364	4.742160e-07	5.000000e+00	0.000000e+00	0.000000e+00	
1365	4.752400e-07	5.000000e+00	0.000000e+00	0.000000e+00	
1366	4.772880e-07	5.000000e+00	0.000000e+00	0.000000e+00	
1367	4.800000e-07	5.000000e+00	0.000000e+00	0.000000e+00	
1368	4.800100e-07	5.000000e+00	0.000000e+00	0.000000e+00	
1369	4.800300e-07	5.000000e+00	0.000000e+00	0.000000e+00	
1370	4.800700e-07	5.000000e+00	0.000000e+00	0.000000e+00	
1371	4.801000e-07	5.000000e+00	0.000000e+00	0.000000e+00	
1372	4.801080e-07	5.000000e+00	0.000000e+00	0.000000e+00	
1373	4.801240e-07	5.000000e+00	0.000000e+00	0.000000e+00	
1374	4.801560e-07	5.000000e+00	0.000000e+00	0.000000e+00	
1375	4.802200e-07	5.000000e+00	0.000000e+00	0.000000e+00	
1376	4.803480e-07	5.000000e+00	0.000000e+00	0.000000e+00	
1377	4.806040e-07	5.000000e+00	0.000000e+00	0.000000e+00	
1378	4.811160e-07	5.000000e+00	0.000000e+00	0.000000e+00	
1379	4.821400e-07	5.000000e+00	0.000000e+00	0.000000e+00	
1380	4.830000e-07	5.000000e+00	0.000000e+00	0.000000e+00	
1381	4.830100e-07	5.000000e+00	0.000000e+00	0.000000e+00	
1382	4.830300e-07	5.000000e+00	0.000000e+00	0.000000e+00	
1383	4.830700e-07	5.000000e+00	0.000000e+00	0.000000e+00	
1384	4.831000e-07	5.000000e+00	0.000000e+00	0.000000e+00	
1385	4.831080e-07	5.000000e+00	0.000000e+00	0.000000e+00	
1386	4.831240e-07	5.000000e+00	0.000000e+00	0.000000e+00	
1387	4.831560e-07	5.000000e+00	0.000000e+00	0.000000e+00	
1388	4.832200e-07	5.000000e+00	0.000000e+00	0.000000e+00	

Index   time            corrected_data1 corrected_data2 corrected_data3 
--------------------------------------------------------------------------------
1389	4.833480e-07	5.000000e+00	0.000000e+00	0.000000e+00	
1390	4.836040e-07	5.000000e+00	0.000000e+00	0.000000e+00	
1391	4.841160e-07	5.000000e+00	0.000000e+00	0.000000e+00	
1392	4.851400e-07	5.000000e+00	0.000000e+00	0.000000e+00	
1393	4.871880e-07	5.000000e+00	0.000000e+00	0.000000e+00	
1394	4.901000e-07	5.000000e+00	0.000000e+00	0.000000e+00	
1395	4.901100e-07	5.000000e+00	0.000000e+00	0.000000e+00	
1396	4.901300e-07	5.000000e+00	0.000000e+00	0.000000e+00	
1397	4.901700e-07	5.000000e+00	0.000000e+00	0.000000e+00	
1398	4.902000e-07	5.000000e+00	0.000000e+00	0.000000e+00	
1399	4.902080e-07	5.000000e+00	0.000000e+00	0.000000e+00	
1400	4.902240e-07	5.000000e+00	0.000000e+00	0.000000e+00	
1401	4.902560e-07	5.000000e+00	0.000000e+00	0.000000e+00	
1402	4.903200e-07	5.000000e+00	0.000000e+00	0.000000e+00	
1403	4.904480e-07	5.000000e+00	0.000000e+00	0.000000e+00	
1404	4.907040e-07	5.000000e+00	0.000000e+00	0.000000e+00	
1405	4.912160e-07	5.000000e+00	0.000000e+00	0.000000e+00	
1406	4.922400e-07	5.000000e+00	0.000000e+00	0.000000e+00	
1407	4.931000e-07	5.000000e+00	0.000000e+00	0.000000e+00	
1408	4.931100e-07	5.000000e+00	0.000000e+00	0.000000e+00	
1409	4.931300e-07	5.000000e+00	0.000000e+00	0.000000e+00	
1410	4.931700e-07	5.000000e+00	0.000000e+00	0.000000e+00	
1411	4.932000e-07	5.000000e+00	0.000000e+00	0.000000e+00	
1412	4.932080e-07	5.000000e+00	0.000000e+00	0.000000e+00	
1413	4.932240e-07	5.000000e+00	0.000000e+00	0.000000e+00	
1414	4.932560e-07	5.000000e+00	0.000000e+00	0.000000e+00	
1415	4.933200e-07	5.000000e+00	0.000000e+00	0.000000e+00	
1416	4.934480e-07	5.000000e+00	0.000000e+00	0.000000e+00	
1417	4.937040e-07	5.000000e+00	0.000000e+00	0.000000e+00	
1418	4.942160e-07	5.000000e+00	0.000000e+00	0.000000e+00	
1419	4.952400e-07	5.000000e+00	0.000000e+00	0.000000e+00	
1420	4.972880e-07	5.000000e+00	0.000000e+00	0.000000e+00	
1421	5.000000e-07	5.000000e+00	0.000000e+00	0.000000e+00	

                                kicad schematic
                                Transient Analysis  Mon Jul 06 20:03:07  2026
--------------------------------------------------------------------------------
Index   time            data_in0        data_in1        data_in2        
--------------------------------------------------------------------------------
0	0.000000e+00	0.000000e+00	5.000000e+00	5.000000e+00	
1	1.000000e-12	0.000000e+00	5.000000e+00	5.000000e+00	
2	2.000000e-12	0.000000e+00	5.000000e+00	5.000000e+00	
3	4.000000e-12	0.000000e+00	5.000000e+00	5.000000e+00	
4	8.000000e-12	0.000000e+00	5.000000e+00	5.000000e+00	
5	1.600000e-11	0.000000e+00	5.000000e+00	5.000000e+00	
6	3.200000e-11	0.000000e+00	5.000000e+00	5.000000e+00	
7	6.400000e-11	0.000000e+00	5.000000e+00	5.000000e+00	
8	1.000000e-10	0.000000e+00	5.000000e+00	5.000000e+00	
9	1.064000e-10	0.000000e+00	5.000000e+00	5.000000e+00	
10	1.192000e-10	0.000000e+00	5.000000e+00	5.000000e+00	
11	1.448000e-10	0.000000e+00	5.000000e+00	5.000000e+00	
12	1.960000e-10	0.000000e+00	5.000000e+00	5.000000e+00	
13	2.984000e-10	0.000000e+00	5.000000e+00	5.000000e+00	
14	5.032000e-10	0.000000e+00	5.000000e+00	5.000000e+00	
15	9.128000e-10	0.000000e+00	5.000000e+00	5.000000e+00	
16	1.732000e-09	0.000000e+00	5.000000e+00	5.000000e+00	
17	3.000000e-09	0.000000e+00	5.000000e+00	5.000000e+00	
18	3.010000e-09	0.000000e+00	5.000000e+00	5.000000e+00	
19	3.030000e-09	0.000000e+00	5.000000e+00	5.000000e+00	
20	3.070000e-09	0.000000e+00	5.000000e+00	5.000000e+00	
21	3.100000e-09	0.000000e+00	5.000000e+00	5.000000e+00	
22	3.108000e-09	0.000000e+00	5.000000e+00	5.000000e+00	
23	3.124000e-09	0.000000e+00	5.000000e+00	5.000000e+00	
24	3.156000e-09	0.000000e+00	5.000000e+00	5.000000e+00	
25	3.220000e-09	0.000000e+00	5.000000e+00	5.000000e+00	
26	3.348000e-09	0.000000e+00	5.000000e+00	5.000000e+00	
27	3.604000e-09	0.000000e+00	5.000000e+00	5.000000e+00	
28	4.116000e-09	0.000000e+00	5.000000e+00	5.000000e+00	
29	5.140000e-09	0.000000e+00	5.000000e+00	5.000000e+00	
30	7.188000e-09	0.000000e+00	5.000000e+00	5.000000e+00	
31	1.010000e-08	0.000000e+00	5.000000e+00	5.000000e+00	
32	1.011000e-08	0.000000e+00	5.000000e+00	5.000000e+00	
33	1.013000e-08	0.000000e+00	5.000000e+00	5.000000e+00	
34	1.017000e-08	0.000000e+00	5.000000e+00	5.000000e+00	
35	1.020000e-08	0.000000e+00	5.000000e+00	5.000000e+00	
36	1.020800e-08	0.000000e+00	5.000000e+00	5.000000e+00	
37	1.022400e-08	0.000000e+00	5.000000e+00	5.000000e+00	
38	1.025600e-08	0.000000e+00	5.000000e+00	5.000000e+00	
39	1.032000e-08	0.000000e+00	5.000000e+00	5.000000e+00	
40	1.044800e-08	0.000000e+00	5.000000e+00	5.000000e+00	
41	1.070400e-08	0.000000e+00	5.000000e+00	5.000000e+00	
42	1.121600e-08	0.000000e+00	5.000000e+00	5.000000e+00	
43	1.224000e-08	0.000000e+00	5.000000e+00	5.000000e+00	
44	1.310000e-08	0.000000e+00	5.000000e+00	5.000000e+00	
45	1.311000e-08	0.000000e+00	5.000000e+00	5.000000e+00	
46	1.313000e-08	0.000000e+00	5.000000e+00	5.000000e+00	
47	1.317000e-08	0.000000e+00	5.000000e+00	5.000000e+00	
48	1.320000e-08	0.000000e+00	5.000000e+00	5.000000e+00	
49	1.320800e-08	0.000000e+00	5.000000e+00	5.000000e+00	
50	1.322400e-08	0.000000e+00	5.000000e+00	5.000000e+00	
51	1.325600e-08	0.000000e+00	5.000000e+00	5.000000e+00	
52	1.332000e-08	0.000000e+00	5.000000e+00	5.000000e+00	
53	1.344800e-08	0.000000e+00	5.000000e+00	5.000000e+00	
54	1.370400e-08	0.000000e+00	5.000000e+00	5.000000e+00	

Index   time            data_in0        data_in1        data_in2        
--------------------------------------------------------------------------------
55	1.421600e-08	0.000000e+00	5.000000e+00	5.000000e+00	
56	1.524000e-08	0.000000e+00	5.000000e+00	5.000000e+00	
57	1.728800e-08	0.000000e+00	5.000000e+00	5.000000e+00	
58	2.000000e-08	0.000000e+00	5.000000e+00	5.000000e+00	
59	2.001000e-08	0.000000e+00	5.000000e+00	4.500000e+00	
60	2.003000e-08	0.000000e+00	5.000000e+00	3.500000e+00	
61	2.007000e-08	0.000000e+00	5.000000e+00	1.500000e+00	
62	2.010000e-08	0.000000e+00	5.000000e+00	1.652012e-13	
63	2.010800e-08	0.000000e+00	5.000000e+00	0.000000e+00	
64	2.012400e-08	0.000000e+00	5.000000e+00	0.000000e+00	
65	2.015600e-08	0.000000e+00	5.000000e+00	0.000000e+00	
66	2.022000e-08	0.000000e+00	5.000000e+00	0.000000e+00	
67	2.034800e-08	0.000000e+00	5.000000e+00	0.000000e+00	
68	2.060400e-08	0.000000e+00	5.000000e+00	0.000000e+00	
69	2.111600e-08	0.000000e+00	5.000000e+00	0.000000e+00	
70	2.214000e-08	0.000000e+00	5.000000e+00	0.000000e+00	
71	2.300000e-08	0.000000e+00	5.000000e+00	0.000000e+00	
72	2.301000e-08	0.000000e+00	5.000000e+00	0.000000e+00	
73	2.303000e-08	0.000000e+00	5.000000e+00	0.000000e+00	
74	2.307000e-08	0.000000e+00	5.000000e+00	0.000000e+00	
75	2.310000e-08	0.000000e+00	5.000000e+00	0.000000e+00	
76	2.310800e-08	0.000000e+00	5.000000e+00	0.000000e+00	
77	2.312400e-08	0.000000e+00	5.000000e+00	0.000000e+00	
78	2.315600e-08	0.000000e+00	5.000000e+00	0.000000e+00	
79	2.322000e-08	0.000000e+00	5.000000e+00	0.000000e+00	
80	2.334800e-08	0.000000e+00	5.000000e+00	0.000000e+00	
81	2.360400e-08	0.000000e+00	5.000000e+00	0.000000e+00	
82	2.411600e-08	0.000000e+00	5.000000e+00	0.000000e+00	
83	2.514000e-08	0.000000e+00	5.000000e+00	0.000000e+00	
84	2.718800e-08	0.000000e+00	5.000000e+00	0.000000e+00	
85	3.010000e-08	0.000000e+00	5.000000e+00	0.000000e+00	
86	3.011000e-08	0.000000e+00	5.000000e+00	0.000000e+00	
87	3.013000e-08	0.000000e+00	5.000000e+00	0.000000e+00	
88	3.017000e-08	0.000000e+00	5.000000e+00	0.000000e+00	
89	3.020000e-08	0.000000e+00	5.000000e+00	0.000000e+00	
90	3.020800e-08	0.000000e+00	5.000000e+00	0.000000e+00	
91	3.022400e-08	0.000000e+00	5.000000e+00	0.000000e+00	
92	3.025600e-08	0.000000e+00	5.000000e+00	0.000000e+00	
93	3.032000e-08	0.000000e+00	5.000000e+00	0.000000e+00	
94	3.044800e-08	0.000000e+00	5.000000e+00	0.000000e+00	
95	3.070400e-08	0.000000e+00	5.000000e+00	0.000000e+00	
96	3.121600e-08	0.000000e+00	5.000000e+00	0.000000e+00	
97	3.224000e-08	0.000000e+00	5.000000e+00	0.000000e+00	
98	3.310000e-08	0.000000e+00	5.000000e+00	0.000000e+00	
99	3.311000e-08	0.000000e+00	5.000000e+00	0.000000e+00	
100	3.313000e-08	0.000000e+00	5.000000e+00	0.000000e+00	
101	3.317000e-08	0.000000e+00	5.000000e+00	0.000000e+00	
102	3.320000e-08	0.000000e+00	5.000000e+00	0.000000e+00	
103	3.320800e-08	0.000000e+00	5.000000e+00	0.000000e+00	
104	3.322400e-08	0.000000e+00	5.000000e+00	0.000000e+00	
105	3.325600e-08	0.000000e+00	5.000000e+00	0.000000e+00	
106	3.332000e-08	0.000000e+00	5.000000e+00	0.000000e+00	
107	3.344800e-08	0.000000e+00	5.000000e+00	0.000000e+00	
108	3.370400e-08	0.000000e+00	5.000000e+00	0.000000e+00	
109	3.421600e-08	0.000000e+00	5.000000e+00	0.000000e+00	
110	3.524000e-08	0.000000e+00	5.000000e+00	0.000000e+00	
111	3.728800e-08	0.000000e+00	5.000000e+00	0.000000e+00	
112	4.000000e-08	0.000000e+00	5.000000e+00	0.000000e+00	

Index   time            data_in0        data_in1        data_in2        
--------------------------------------------------------------------------------
113	4.001000e-08	0.000000e+00	5.000000e+00	0.000000e+00	
114	4.003000e-08	0.000000e+00	5.000000e+00	0.000000e+00	
115	4.007000e-08	0.000000e+00	5.000000e+00	0.000000e+00	
116	4.010000e-08	0.000000e+00	5.000000e+00	0.000000e+00	
117	4.010800e-08	0.000000e+00	5.000000e+00	0.000000e+00	
118	4.012400e-08	0.000000e+00	5.000000e+00	0.000000e+00	
119	4.015600e-08	0.000000e+00	5.000000e+00	0.000000e+00	
120	4.022000e-08	0.000000e+00	5.000000e+00	0.000000e+00	
121	4.034800e-08	0.000000e+00	5.000000e+00	0.000000e+00	
122	4.060400e-08	0.000000e+00	5.000000e+00	0.000000e+00	
123	4.111600e-08	0.000000e+00	5.000000e+00	0.000000e+00	
124	4.214000e-08	0.000000e+00	5.000000e+00	0.000000e+00	
125	4.300000e-08	0.000000e+00	5.000000e+00	0.000000e+00	
126	4.301000e-08	0.000000e+00	5.000000e+00	0.000000e+00	
127	4.303000e-08	0.000000e+00	5.000000e+00	0.000000e+00	
128	4.307000e-08	0.000000e+00	5.000000e+00	0.000000e+00	
129	4.310000e-08	0.000000e+00	5.000000e+00	0.000000e+00	
130	4.310800e-08	0.000000e+00	5.000000e+00	0.000000e+00	
131	4.312400e-08	0.000000e+00	5.000000e+00	0.000000e+00	
132	4.315600e-08	0.000000e+00	5.000000e+00	0.000000e+00	
133	4.322000e-08	0.000000e+00	5.000000e+00	0.000000e+00	
134	4.334800e-08	0.000000e+00	5.000000e+00	0.000000e+00	
135	4.360400e-08	0.000000e+00	5.000000e+00	0.000000e+00	
136	4.411600e-08	0.000000e+00	5.000000e+00	0.000000e+00	
137	4.503000e-08	0.000000e+00	5.000000e+00	0.000000e+00	
138	4.513000e-08	0.000000e+00	5.000000e+00	0.000000e+00	
139	4.533000e-08	0.000000e+00	5.000000e+00	0.000000e+00	
140	4.573000e-08	0.000000e+00	5.000000e+00	0.000000e+00	
141	4.603000e-08	0.000000e+00	5.000000e+00	0.000000e+00	
142	4.611000e-08	0.000000e+00	5.000000e+00	0.000000e+00	
143	4.627000e-08	0.000000e+00	5.000000e+00	0.000000e+00	
144	4.659000e-08	0.000000e+00	5.000000e+00	0.000000e+00	
145	4.723000e-08	0.000000e+00	5.000000e+00	0.000000e+00	
146	4.851000e-08	0.000000e+00	5.000000e+00	0.000000e+00	
147	5.010000e-08	0.000000e+00	5.000000e+00	0.000000e+00	
148	5.011000e-08	0.000000e+00	5.000000e+00	0.000000e+00	
149	5.013000e-08	0.000000e+00	5.000000e+00	0.000000e+00	
150	5.017000e-08	0.000000e+00	5.000000e+00	0.000000e+00	
151	5.020000e-08	0.000000e+00	5.000000e+00	0.000000e+00	
152	5.020800e-08	0.000000e+00	5.000000e+00	0.000000e+00	
153	5.022400e-08	0.000000e+00	5.000000e+00	0.000000e+00	
154	5.025600e-08	0.000000e+00	5.000000e+00	0.000000e+00	
155	5.032000e-08	0.000000e+00	5.000000e+00	0.000000e+00	
156	5.044800e-08	0.000000e+00	5.000000e+00	0.000000e+00	
157	5.070400e-08	0.000000e+00	5.000000e+00	0.000000e+00	
158	5.121600e-08	0.000000e+00	5.000000e+00	0.000000e+00	
159	5.224000e-08	0.000000e+00	5.000000e+00	0.000000e+00	
160	5.310000e-08	0.000000e+00	5.000000e+00	0.000000e+00	
161	5.311000e-08	0.000000e+00	5.000000e+00	0.000000e+00	
162	5.313000e-08	0.000000e+00	5.000000e+00	0.000000e+00	
163	5.317000e-08	0.000000e+00	5.000000e+00	0.000000e+00	
164	5.320000e-08	0.000000e+00	5.000000e+00	0.000000e+00	
165	5.320800e-08	0.000000e+00	5.000000e+00	0.000000e+00	
166	5.322400e-08	0.000000e+00	5.000000e+00	0.000000e+00	
167	5.325600e-08	0.000000e+00	5.000000e+00	0.000000e+00	
168	5.332000e-08	0.000000e+00	5.000000e+00	0.000000e+00	
169	5.344800e-08	0.000000e+00	5.000000e+00	0.000000e+00	
170	5.370400e-08	0.000000e+00	5.000000e+00	0.000000e+00	

Index   time            data_in0        data_in1        data_in2        
--------------------------------------------------------------------------------
171	5.421600e-08	0.000000e+00	5.000000e+00	0.000000e+00	
172	5.524000e-08	0.000000e+00	5.000000e+00	0.000000e+00	
173	5.728800e-08	0.000000e+00	5.000000e+00	0.000000e+00	
174	6.000000e-08	0.000000e+00	5.000000e+00	0.000000e+00	
175	6.001000e-08	5.000000e-01	5.000000e+00	0.000000e+00	
176	6.003000e-08	1.500000e+00	5.000000e+00	0.000000e+00	
177	6.007000e-08	3.500000e+00	5.000000e+00	0.000000e+00	
178	6.010000e-08	5.000000e+00	5.000000e+00	0.000000e+00	
179	6.010800e-08	5.000000e+00	5.000000e+00	0.000000e+00	
180	6.012400e-08	5.000000e+00	5.000000e+00	0.000000e+00	
181	6.015600e-08	5.000000e+00	5.000000e+00	0.000000e+00	
182	6.022000e-08	5.000000e+00	5.000000e+00	0.000000e+00	
183	6.034800e-08	5.000000e+00	5.000000e+00	0.000000e+00	
184	6.060400e-08	5.000000e+00	5.000000e+00	0.000000e+00	
185	6.111600e-08	5.000000e+00	5.000000e+00	0.000000e+00	
186	6.214000e-08	5.000000e+00	5.000000e+00	0.000000e+00	
187	6.300000e-08	5.000000e+00	5.000000e+00	0.000000e+00	
188	6.301000e-08	5.000000e+00	5.000000e+00	0.000000e+00	
189	6.303000e-08	5.000000e+00	5.000000e+00	0.000000e+00	
190	6.307000e-08	5.000000e+00	5.000000e+00	0.000000e+00	
191	6.310000e-08	5.000000e+00	5.000000e+00	0.000000e+00	
192	6.310800e-08	5.000000e+00	5.000000e+00	0.000000e+00	
193	6.312400e-08	5.000000e+00	5.000000e+00	0.000000e+00	
194	6.315600e-08	5.000000e+00	5.000000e+00	0.000000e+00	
195	6.322000e-08	5.000000e+00	5.000000e+00	0.000000e+00	
196	6.334800e-08	5.000000e+00	5.000000e+00	0.000000e+00	
197	6.360400e-08	5.000000e+00	5.000000e+00	0.000000e+00	
198	6.411600e-08	5.000000e+00	5.000000e+00	0.000000e+00	
199	6.503000e-08	5.000000e+00	5.000000e+00	0.000000e+00	
200	6.513000e-08	5.000000e+00	5.000000e+00	0.000000e+00	
201	6.533000e-08	5.000000e+00	5.000000e+00	0.000000e+00	
202	6.573000e-08	5.000000e+00	5.000000e+00	0.000000e+00	
203	6.603000e-08	5.000000e+00	5.000000e+00	0.000000e+00	
204	6.611000e-08	5.000000e+00	5.000000e+00	0.000000e+00	
205	6.627000e-08	5.000000e+00	5.000000e+00	0.000000e+00	
206	6.659000e-08	5.000000e+00	5.000000e+00	0.000000e+00	
207	6.723000e-08	5.000000e+00	5.000000e+00	0.000000e+00	
208	6.851000e-08	5.000000e+00	5.000000e+00	0.000000e+00	
209	7.010000e-08	5.000000e+00	5.000000e+00	0.000000e+00	
210	7.011000e-08	5.000000e+00	5.000000e+00	0.000000e+00	
211	7.013000e-08	5.000000e+00	5.000000e+00	0.000000e+00	
212	7.017000e-08	5.000000e+00	5.000000e+00	0.000000e+00	
213	7.020000e-08	5.000000e+00	5.000000e+00	0.000000e+00	
214	7.020800e-08	5.000000e+00	5.000000e+00	0.000000e+00	
215	7.022400e-08	5.000000e+00	5.000000e+00	0.000000e+00	
216	7.025600e-08	5.000000e+00	5.000000e+00	0.000000e+00	
217	7.032000e-08	5.000000e+00	5.000000e+00	0.000000e+00	
218	7.044800e-08	5.000000e+00	5.000000e+00	0.000000e+00	
219	7.070400e-08	5.000000e+00	5.000000e+00	0.000000e+00	
220	7.121600e-08	5.000000e+00	5.000000e+00	0.000000e+00	
221	7.224000e-08	5.000000e+00	5.000000e+00	0.000000e+00	
222	7.310000e-08	5.000000e+00	5.000000e+00	0.000000e+00	
223	7.311000e-08	5.000000e+00	5.000000e+00	0.000000e+00	
224	7.313000e-08	5.000000e+00	5.000000e+00	0.000000e+00	
225	7.317000e-08	5.000000e+00	5.000000e+00	0.000000e+00	
226	7.320000e-08	5.000000e+00	5.000000e+00	0.000000e+00	
227	7.320800e-08	5.000000e+00	5.000000e+00	0.000000e+00	
228	7.322400e-08	5.000000e+00	5.000000e+00	0.000000e+00	

Index   time            data_in0        data_in1        data_in2        
--------------------------------------------------------------------------------
229	7.325600e-08	5.000000e+00	5.000000e+00	0.000000e+00	
230	7.332000e-08	5.000000e+00	5.000000e+00	0.000000e+00	
231	7.344800e-08	5.000000e+00	5.000000e+00	0.000000e+00	
232	7.370400e-08	5.000000e+00	5.000000e+00	0.000000e+00	
233	7.421600e-08	5.000000e+00	5.000000e+00	0.000000e+00	
234	7.524000e-08	5.000000e+00	5.000000e+00	0.000000e+00	
235	7.728800e-08	5.000000e+00	5.000000e+00	0.000000e+00	
236	8.000000e-08	5.000000e+00	5.000000e+00	0.000000e+00	
237	8.001000e-08	5.000000e+00	5.000000e+00	0.000000e+00	
238	8.003000e-08	5.000000e+00	5.000000e+00	0.000000e+00	
239	8.007000e-08	5.000000e+00	5.000000e+00	0.000000e+00	
240	8.010000e-08	5.000000e+00	5.000000e+00	0.000000e+00	
241	8.010800e-08	5.000000e+00	5.000000e+00	0.000000e+00	
242	8.012400e-08	5.000000e+00	5.000000e+00	0.000000e+00	
243	8.015600e-08	5.000000e+00	5.000000e+00	0.000000e+00	
244	8.022000e-08	5.000000e+00	5.000000e+00	0.000000e+00	
245	8.034800e-08	5.000000e+00	5.000000e+00	0.000000e+00	
246	8.060400e-08	5.000000e+00	5.000000e+00	0.000000e+00	
247	8.111600e-08	5.000000e+00	5.000000e+00	0.000000e+00	
248	8.214000e-08	5.000000e+00	5.000000e+00	0.000000e+00	
249	8.300000e-08	5.000000e+00	5.000000e+00	0.000000e+00	
250	8.301000e-08	5.000000e+00	5.000000e+00	0.000000e+00	
251	8.303000e-08	5.000000e+00	5.000000e+00	0.000000e+00	
252	8.307000e-08	5.000000e+00	5.000000e+00	0.000000e+00	
253	8.310000e-08	5.000000e+00	5.000000e+00	0.000000e+00	
254	8.310800e-08	5.000000e+00	5.000000e+00	0.000000e+00	
255	8.312400e-08	5.000000e+00	5.000000e+00	0.000000e+00	
256	8.315600e-08	5.000000e+00	5.000000e+00	0.000000e+00	
257	8.322000e-08	5.000000e+00	5.000000e+00	0.000000e+00	
258	8.334800e-08	5.000000e+00	5.000000e+00	0.000000e+00	
259	8.360400e-08	5.000000e+00	5.000000e+00	0.000000e+00	
260	8.411600e-08	5.000000e+00	5.000000e+00	0.000000e+00	
261	8.503000e-08	5.000000e+00	5.000000e+00	0.000000e+00	
262	8.513000e-08	5.000000e+00	5.000000e+00	0.000000e+00	
263	8.533000e-08	5.000000e+00	5.000000e+00	0.000000e+00	
264	8.573000e-08	5.000000e+00	5.000000e+00	0.000000e+00	
265	8.603000e-08	5.000000e+00	5.000000e+00	0.000000e+00	
266	8.611000e-08	5.000000e+00	5.000000e+00	0.000000e+00	
267	8.627000e-08	5.000000e+00	5.000000e+00	0.000000e+00	
268	8.659000e-08	5.000000e+00	5.000000e+00	0.000000e+00	
269	8.723000e-08	5.000000e+00	5.000000e+00	0.000000e+00	
270	8.851000e-08	5.000000e+00	5.000000e+00	0.000000e+00	
271	9.010000e-08	5.000000e+00	5.000000e+00	0.000000e+00	
272	9.011000e-08	5.000000e+00	5.000000e+00	0.000000e+00	
273	9.013000e-08	5.000000e+00	5.000000e+00	0.000000e+00	
274	9.017000e-08	5.000000e+00	5.000000e+00	0.000000e+00	
275	9.020000e-08	5.000000e+00	5.000000e+00	0.000000e+00	
276	9.020800e-08	5.000000e+00	5.000000e+00	0.000000e+00	
277	9.022400e-08	5.000000e+00	5.000000e+00	0.000000e+00	
278	9.025600e-08	5.000000e+00	5.000000e+00	0.000000e+00	
279	9.032000e-08	5.000000e+00	5.000000e+00	0.000000e+00	
280	9.044800e-08	5.000000e+00	5.000000e+00	0.000000e+00	
281	9.070400e-08	5.000000e+00	5.000000e+00	0.000000e+00	
282	9.121600e-08	5.000000e+00	5.000000e+00	0.000000e+00	
283	9.224000e-08	5.000000e+00	5.000000e+00	0.000000e+00	
284	9.310000e-08	5.000000e+00	5.000000e+00	0.000000e+00	
285	9.311000e-08	5.000000e+00	5.000000e+00	0.000000e+00	
286	9.313000e-08	5.000000e+00	5.000000e+00	0.000000e+00	

Index   time            data_in0        data_in1        data_in2        
--------------------------------------------------------------------------------
287	9.317000e-08	5.000000e+00	5.000000e+00	0.000000e+00	
288	9.320000e-08	5.000000e+00	5.000000e+00	0.000000e+00	
289	9.320800e-08	5.000000e+00	5.000000e+00	0.000000e+00	
290	9.322400e-08	5.000000e+00	5.000000e+00	0.000000e+00	
291	9.325600e-08	5.000000e+00	5.000000e+00	0.000000e+00	
292	9.332000e-08	5.000000e+00	5.000000e+00	0.000000e+00	
293	9.344800e-08	5.000000e+00	5.000000e+00	0.000000e+00	
294	9.370400e-08	5.000000e+00	5.000000e+00	0.000000e+00	
295	9.421600e-08	5.000000e+00	5.000000e+00	0.000000e+00	
296	9.524000e-08	5.000000e+00	5.000000e+00	0.000000e+00	
297	9.728800e-08	5.000000e+00	5.000000e+00	0.000000e+00	
298	1.000000e-07	5.000000e+00	5.000000e+00	0.000000e+00	
299	1.000100e-07	5.000000e+00	5.000000e+00	0.000000e+00	
300	1.000300e-07	5.000000e+00	5.000000e+00	0.000000e+00	
301	1.000700e-07	5.000000e+00	5.000000e+00	0.000000e+00	
302	1.001000e-07	5.000000e+00	5.000000e+00	0.000000e+00	
303	1.001080e-07	5.000000e+00	5.000000e+00	0.000000e+00	
304	1.001240e-07	5.000000e+00	5.000000e+00	0.000000e+00	
305	1.001560e-07	5.000000e+00	5.000000e+00	0.000000e+00	
306	1.002200e-07	5.000000e+00	5.000000e+00	0.000000e+00	
307	1.003480e-07	5.000000e+00	5.000000e+00	0.000000e+00	
308	1.006040e-07	5.000000e+00	5.000000e+00	0.000000e+00	
309	1.011160e-07	5.000000e+00	5.000000e+00	0.000000e+00	
310	1.015000e-07	5.000000e+00	5.000000e+00	0.000000e+00	
311	1.015100e-07	5.000000e+00	4.500000e+00	0.000000e+00	
312	1.015300e-07	5.000000e+00	3.500000e+00	0.000000e+00	
313	1.015700e-07	5.000000e+00	1.500000e+00	0.000000e+00	
314	1.016000e-07	5.000000e+00	0.000000e+00	0.000000e+00	
315	1.016080e-07	5.000000e+00	0.000000e+00	0.000000e+00	
316	1.016240e-07	5.000000e+00	0.000000e+00	0.000000e+00	
317	1.016560e-07	5.000000e+00	0.000000e+00	0.000000e+00	
318	1.017200e-07	5.000000e+00	0.000000e+00	0.000000e+00	
319	1.018480e-07	5.000000e+00	0.000000e+00	0.000000e+00	
320	1.021040e-07	5.000000e+00	0.000000e+00	0.000000e+00	
321	1.026160e-07	5.000000e+00	0.000000e+00	0.000000e+00	
322	1.030000e-07	5.000000e+00	0.000000e+00	0.000000e+00	
323	1.030100e-07	5.000000e+00	0.000000e+00	0.000000e+00	
324	1.030300e-07	5.000000e+00	0.000000e+00	0.000000e+00	
325	1.030700e-07	5.000000e+00	0.000000e+00	0.000000e+00	
326	1.031000e-07	5.000000e+00	0.000000e+00	0.000000e+00	
327	1.031080e-07	5.000000e+00	0.000000e+00	0.000000e+00	
328	1.031240e-07	5.000000e+00	0.000000e+00	0.000000e+00	
329	1.031560e-07	5.000000e+00	0.000000e+00	0.000000e+00	
330	1.032200e-07	5.000000e+00	0.000000e+00	0.000000e+00	
331	1.033480e-07	5.000000e+00	0.000000e+00	0.000000e+00	
332	1.036040e-07	5.000000e+00	0.000000e+00	0.000000e+00	
333	1.041160e-07	5.000000e+00	0.000000e+00	0.000000e+00	
334	1.050300e-07	5.000000e+00	0.000000e+00	0.000000e+00	
335	1.051300e-07	5.000000e+00	0.000000e+00	0.000000e+00	
336	1.053300e-07	5.000000e+00	0.000000e+00	0.000000e+00	
337	1.057300e-07	5.000000e+00	0.000000e+00	0.000000e+00	
338	1.060300e-07	5.000000e+00	0.000000e+00	0.000000e+00	
339	1.061100e-07	5.000000e+00	0.000000e+00	0.000000e+00	
340	1.062700e-07	5.000000e+00	0.000000e+00	0.000000e+00	
341	1.065900e-07	5.000000e+00	0.000000e+00	0.000000e+00	
342	1.072300e-07	5.000000e+00	0.000000e+00	0.000000e+00	
343	1.085100e-07	5.000000e+00	0.000000e+00	0.000000e+00	
344	1.101000e-07	5.000000e+00	0.000000e+00	0.000000e+00	

Index   time            data_in0        data_in1        data_in2        
--------------------------------------------------------------------------------
345	1.101100e-07	5.000000e+00	0.000000e+00	0.000000e+00	
346	1.101300e-07	5.000000e+00	0.000000e+00	0.000000e+00	
347	1.101700e-07	5.000000e+00	0.000000e+00	0.000000e+00	
348	1.102000e-07	5.000000e+00	0.000000e+00	0.000000e+00	
349	1.102080e-07	5.000000e+00	0.000000e+00	0.000000e+00	
350	1.102240e-07	5.000000e+00	0.000000e+00	0.000000e+00	
351	1.102560e-07	5.000000e+00	0.000000e+00	0.000000e+00	
352	1.103200e-07	5.000000e+00	0.000000e+00	0.000000e+00	
353	1.104480e-07	5.000000e+00	0.000000e+00	0.000000e+00	
354	1.107040e-07	5.000000e+00	0.000000e+00	0.000000e+00	
355	1.112160e-07	5.000000e+00	0.000000e+00	0.000000e+00	
356	1.122400e-07	5.000000e+00	0.000000e+00	0.000000e+00	
357	1.131000e-07	5.000000e+00	0.000000e+00	0.000000e+00	
358	1.131100e-07	5.000000e+00	0.000000e+00	0.000000e+00	
359	1.131300e-07	5.000000e+00	0.000000e+00	0.000000e+00	
360	1.131700e-07	5.000000e+00	0.000000e+00	0.000000e+00	
361	1.132000e-07	5.000000e+00	0.000000e+00	0.000000e+00	
362	1.132080e-07	5.000000e+00	0.000000e+00	0.000000e+00	
363	1.132240e-07	5.000000e+00	0.000000e+00	0.000000e+00	
364	1.132560e-07	5.000000e+00	0.000000e+00	0.000000e+00	
365	1.133200e-07	5.000000e+00	0.000000e+00	0.000000e+00	
366	1.134480e-07	5.000000e+00	0.000000e+00	0.000000e+00	
367	1.137040e-07	5.000000e+00	0.000000e+00	0.000000e+00	
368	1.142160e-07	5.000000e+00	0.000000e+00	0.000000e+00	
369	1.152400e-07	5.000000e+00	0.000000e+00	0.000000e+00	
370	1.172880e-07	5.000000e+00	0.000000e+00	0.000000e+00	
371	1.200000e-07	5.000000e+00	0.000000e+00	0.000000e+00	
372	1.200100e-07	5.000000e+00	0.000000e+00	0.000000e+00	
373	1.200300e-07	5.000000e+00	0.000000e+00	0.000000e+00	
374	1.200700e-07	5.000000e+00	0.000000e+00	0.000000e+00	
375	1.201000e-07	5.000000e+00	0.000000e+00	0.000000e+00	
376	1.201080e-07	5.000000e+00	0.000000e+00	0.000000e+00	
377	1.201240e-07	5.000000e+00	0.000000e+00	0.000000e+00	
378	1.201560e-07	5.000000e+00	0.000000e+00	0.000000e+00	
379	1.202200e-07	5.000000e+00	0.000000e+00	0.000000e+00	
380	1.203480e-07	5.000000e+00	0.000000e+00	0.000000e+00	
381	1.206040e-07	5.000000e+00	0.000000e+00	0.000000e+00	
382	1.211160e-07	5.000000e+00	0.000000e+00	0.000000e+00	
383	1.221400e-07	5.000000e+00	0.000000e+00	0.000000e+00	
384	1.230000e-07	5.000000e+00	0.000000e+00	0.000000e+00	
385	1.230100e-07	5.000000e+00	0.000000e+00	0.000000e+00	
386	1.230300e-07	5.000000e+00	0.000000e+00	0.000000e+00	
387	1.230700e-07	5.000000e+00	0.000000e+00	0.000000e+00	
388	1.231000e-07	5.000000e+00	0.000000e+00	0.000000e+00	
389	1.231080e-07	5.000000e+00	0.000000e+00	0.000000e+00	
390	1.231240e-07	5.000000e+00	0.000000e+00	0.000000e+00	
391	1.231560e-07	5.000000e+00	0.000000e+00	0.000000e+00	
392	1.232200e-07	5.000000e+00	0.000000e+00	0.000000e+00	
393	1.233480e-07	5.000000e+00	0.000000e+00	0.000000e+00	
394	1.236040e-07	5.000000e+00	0.000000e+00	0.000000e+00	
395	1.241160e-07	5.000000e+00	0.000000e+00	0.000000e+00	
396	1.250300e-07	5.000000e+00	0.000000e+00	0.000000e+00	
397	1.251300e-07	5.000000e+00	0.000000e+00	0.000000e+00	
398	1.253300e-07	5.000000e+00	0.000000e+00	0.000000e+00	
399	1.257300e-07	5.000000e+00	0.000000e+00	0.000000e+00	
400	1.260300e-07	5.000000e+00	0.000000e+00	0.000000e+00	
401	1.261100e-07	5.000000e+00	0.000000e+00	0.000000e+00	
402	1.262700e-07	5.000000e+00	0.000000e+00	0.000000e+00	

Index   time            data_in0        data_in1        data_in2        
--------------------------------------------------------------------------------
403	1.265900e-07	5.000000e+00	0.000000e+00	0.000000e+00	
404	1.272300e-07	5.000000e+00	0.000000e+00	0.000000e+00	
405	1.285100e-07	5.000000e+00	0.000000e+00	0.000000e+00	
406	1.301000e-07	5.000000e+00	0.000000e+00	0.000000e+00	
407	1.301100e-07	5.000000e+00	0.000000e+00	0.000000e+00	
408	1.301300e-07	5.000000e+00	0.000000e+00	0.000000e+00	
409	1.301700e-07	5.000000e+00	0.000000e+00	0.000000e+00	
410	1.302000e-07	5.000000e+00	0.000000e+00	0.000000e+00	
411	1.302080e-07	5.000000e+00	0.000000e+00	0.000000e+00	
412	1.302240e-07	5.000000e+00	0.000000e+00	0.000000e+00	
413	1.302560e-07	5.000000e+00	0.000000e+00	0.000000e+00	
414	1.303200e-07	5.000000e+00	0.000000e+00	0.000000e+00	
415	1.304480e-07	5.000000e+00	0.000000e+00	0.000000e+00	
416	1.307040e-07	5.000000e+00	0.000000e+00	0.000000e+00	
417	1.312160e-07	5.000000e+00	0.000000e+00	0.000000e+00	
418	1.322400e-07	5.000000e+00	0.000000e+00	0.000000e+00	
419	1.331000e-07	5.000000e+00	0.000000e+00	0.000000e+00	
420	1.331100e-07	5.000000e+00	0.000000e+00	0.000000e+00	
421	1.331300e-07	5.000000e+00	0.000000e+00	0.000000e+00	
422	1.331700e-07	5.000000e+00	0.000000e+00	0.000000e+00	
423	1.332000e-07	5.000000e+00	0.000000e+00	0.000000e+00	
424	1.332080e-07	5.000000e+00	0.000000e+00	0.000000e+00	
425	1.332240e-07	5.000000e+00	0.000000e+00	0.000000e+00	
426	1.332560e-07	5.000000e+00	0.000000e+00	0.000000e+00	
427	1.333200e-07	5.000000e+00	0.000000e+00	0.000000e+00	
428	1.334480e-07	5.000000e+00	0.000000e+00	0.000000e+00	
429	1.337040e-07	5.000000e+00	0.000000e+00	0.000000e+00	
430	1.342160e-07	5.000000e+00	0.000000e+00	0.000000e+00	
431	1.352400e-07	5.000000e+00	0.000000e+00	0.000000e+00	
432	1.372880e-07	5.000000e+00	0.000000e+00	0.000000e+00	
433	1.400000e-07	5.000000e+00	0.000000e+00	0.000000e+00	
434	1.400100e-07	4.500000e+00	5.000000e-01	0.000000e+00	
435	1.400300e-07	3.500000e+00	1.500000e+00	0.000000e+00	
436	1.400700e-07	1.500000e+00	3.500000e+00	0.000000e+00	
437	1.401000e-07	1.323386e-12	5.000000e+00	0.000000e+00	
438	1.401080e-07	0.000000e+00	5.000000e+00	0.000000e+00	
439	1.401240e-07	0.000000e+00	5.000000e+00	0.000000e+00	
440	1.401560e-07	0.000000e+00	5.000000e+00	0.000000e+00	
441	1.402200e-07	0.000000e+00	5.000000e+00	0.000000e+00	
442	1.403480e-07	0.000000e+00	5.000000e+00	0.000000e+00	
443	1.406040e-07	0.000000e+00	5.000000e+00	0.000000e+00	
444	1.411160e-07	0.000000e+00	5.000000e+00	0.000000e+00	
445	1.421400e-07	0.000000e+00	5.000000e+00	0.000000e+00	
446	1.430000e-07	0.000000e+00	5.000000e+00	0.000000e+00	
447	1.430100e-07	0.000000e+00	5.000000e+00	0.000000e+00	
448	1.430300e-07	0.000000e+00	5.000000e+00	0.000000e+00	
449	1.430700e-07	0.000000e+00	5.000000e+00	0.000000e+00	
450	1.431000e-07	0.000000e+00	5.000000e+00	0.000000e+00	
451	1.431080e-07	0.000000e+00	5.000000e+00	0.000000e+00	
452	1.431240e-07	0.000000e+00	5.000000e+00	0.000000e+00	
453	1.431560e-07	0.000000e+00	5.000000e+00	0.000000e+00	
454	1.432200e-07	0.000000e+00	5.000000e+00	0.000000e+00	
455	1.433480e-07	0.000000e+00	5.000000e+00	0.000000e+00	
456	1.436040e-07	0.000000e+00	5.000000e+00	0.000000e+00	
457	1.441160e-07	0.000000e+00	5.000000e+00	0.000000e+00	
458	1.450300e-07	0.000000e+00	5.000000e+00	0.000000e+00	
459	1.451300e-07	0.000000e+00	5.000000e+00	0.000000e+00	
460	1.453300e-07	0.000000e+00	5.000000e+00	0.000000e+00	

Index   time            data_in0        data_in1        data_in2        
--------------------------------------------------------------------------------
461	1.457300e-07	0.000000e+00	5.000000e+00	0.000000e+00	
462	1.460300e-07	0.000000e+00	5.000000e+00	0.000000e+00	
463	1.461100e-07	0.000000e+00	5.000000e+00	0.000000e+00	
464	1.462700e-07	0.000000e+00	5.000000e+00	0.000000e+00	
465	1.465900e-07	0.000000e+00	5.000000e+00	0.000000e+00	
466	1.472300e-07	0.000000e+00	5.000000e+00	0.000000e+00	
467	1.485100e-07	0.000000e+00	5.000000e+00	0.000000e+00	
468	1.501000e-07	0.000000e+00	5.000000e+00	0.000000e+00	
469	1.501100e-07	0.000000e+00	5.000000e+00	0.000000e+00	
470	1.501300e-07	0.000000e+00	5.000000e+00	0.000000e+00	
471	1.501700e-07	0.000000e+00	5.000000e+00	0.000000e+00	
472	1.502000e-07	0.000000e+00	5.000000e+00	0.000000e+00	
473	1.502080e-07	0.000000e+00	5.000000e+00	0.000000e+00	
474	1.502240e-07	0.000000e+00	5.000000e+00	0.000000e+00	
475	1.502560e-07	0.000000e+00	5.000000e+00	0.000000e+00	
476	1.503200e-07	0.000000e+00	5.000000e+00	0.000000e+00	
477	1.504480e-07	0.000000e+00	5.000000e+00	0.000000e+00	
478	1.507040e-07	0.000000e+00	5.000000e+00	0.000000e+00	
479	1.512160e-07	0.000000e+00	5.000000e+00	0.000000e+00	
480	1.522400e-07	0.000000e+00	5.000000e+00	0.000000e+00	
481	1.531000e-07	0.000000e+00	5.000000e+00	0.000000e+00	
482	1.531100e-07	0.000000e+00	5.000000e+00	0.000000e+00	
483	1.531300e-07	0.000000e+00	5.000000e+00	0.000000e+00	
484	1.531700e-07	0.000000e+00	5.000000e+00	0.000000e+00	
485	1.532000e-07	0.000000e+00	5.000000e+00	0.000000e+00	
486	1.532080e-07	0.000000e+00	5.000000e+00	0.000000e+00	
487	1.532240e-07	0.000000e+00	5.000000e+00	0.000000e+00	
488	1.532560e-07	0.000000e+00	5.000000e+00	0.000000e+00	
489	1.533200e-07	0.000000e+00	5.000000e+00	0.000000e+00	
490	1.534480e-07	0.000000e+00	5.000000e+00	0.000000e+00	
491	1.537040e-07	0.000000e+00	5.000000e+00	0.000000e+00	
492	1.542160e-07	0.000000e+00	5.000000e+00	0.000000e+00	
493	1.552400e-07	0.000000e+00	5.000000e+00	0.000000e+00	
494	1.572880e-07	0.000000e+00	5.000000e+00	0.000000e+00	
495	1.600000e-07	0.000000e+00	5.000000e+00	0.000000e+00	
496	1.600100e-07	0.000000e+00	5.000000e+00	0.000000e+00	
497	1.600300e-07	0.000000e+00	5.000000e+00	0.000000e+00	
498	1.600700e-07	0.000000e+00	5.000000e+00	0.000000e+00	
499	1.601000e-07	0.000000e+00	5.000000e+00	0.000000e+00	
500	1.601080e-07	0.000000e+00	5.000000e+00	0.000000e+00	
501	1.601240e-07	0.000000e+00	5.000000e+00	0.000000e+00	
502	1.601560e-07	0.000000e+00	5.000000e+00	0.000000e+00	
503	1.602200e-07	0.000000e+00	5.000000e+00	0.000000e+00	
504	1.603480e-07	0.000000e+00	5.000000e+00	0.000000e+00	
505	1.606040e-07	0.000000e+00	5.000000e+00	0.000000e+00	
506	1.611160e-07	0.000000e+00	5.000000e+00	0.000000e+00	
507	1.621400e-07	0.000000e+00	5.000000e+00	0.000000e+00	
508	1.630000e-07	0.000000e+00	5.000000e+00	0.000000e+00	
509	1.630100e-07	0.000000e+00	5.000000e+00	0.000000e+00	
510	1.630300e-07	0.000000e+00	5.000000e+00	0.000000e+00	
511	1.630700e-07	0.000000e+00	5.000000e+00	0.000000e+00	
512	1.631000e-07	0.000000e+00	5.000000e+00	0.000000e+00	
513	1.631080e-07	0.000000e+00	5.000000e+00	0.000000e+00	
514	1.631240e-07	0.000000e+00	5.000000e+00	0.000000e+00	
515	1.631560e-07	0.000000e+00	5.000000e+00	0.000000e+00	
516	1.632200e-07	0.000000e+00	5.000000e+00	0.000000e+00	
517	1.633480e-07	0.000000e+00	5.000000e+00	0.000000e+00	
518	1.636040e-07	0.000000e+00	5.000000e+00	0.000000e+00	

Index   time            data_in0        data_in1        data_in2        
--------------------------------------------------------------------------------
519	1.641160e-07	0.000000e+00	5.000000e+00	0.000000e+00	
520	1.650300e-07	0.000000e+00	5.000000e+00	0.000000e+00	
521	1.651300e-07	0.000000e+00	5.000000e+00	0.000000e+00	
522	1.653300e-07	0.000000e+00	5.000000e+00	0.000000e+00	
523	1.657300e-07	0.000000e+00	5.000000e+00	0.000000e+00	
524	1.660300e-07	0.000000e+00	5.000000e+00	0.000000e+00	
525	1.661100e-07	0.000000e+00	5.000000e+00	0.000000e+00	
526	1.662700e-07	0.000000e+00	5.000000e+00	0.000000e+00	
527	1.665900e-07	0.000000e+00	5.000000e+00	0.000000e+00	
528	1.672300e-07	0.000000e+00	5.000000e+00	0.000000e+00	
529	1.685100e-07	0.000000e+00	5.000000e+00	0.000000e+00	
530	1.701000e-07	0.000000e+00	5.000000e+00	0.000000e+00	
531	1.701100e-07	0.000000e+00	5.000000e+00	0.000000e+00	
532	1.701300e-07	0.000000e+00	5.000000e+00	0.000000e+00	
533	1.701700e-07	0.000000e+00	5.000000e+00	0.000000e+00	
534	1.702000e-07	0.000000e+00	5.000000e+00	0.000000e+00	
535	1.702080e-07	0.000000e+00	5.000000e+00	0.000000e+00	
536	1.702240e-07	0.000000e+00	5.000000e+00	0.000000e+00	
537	1.702560e-07	0.000000e+00	5.000000e+00	0.000000e+00	
538	1.703200e-07	0.000000e+00	5.000000e+00	0.000000e+00	
539	1.704480e-07	0.000000e+00	5.000000e+00	0.000000e+00	
540	1.707040e-07	0.000000e+00	5.000000e+00	0.000000e+00	
541	1.712160e-07	0.000000e+00	5.000000e+00	0.000000e+00	
542	1.722400e-07	0.000000e+00	5.000000e+00	0.000000e+00	
543	1.731000e-07	0.000000e+00	5.000000e+00	0.000000e+00	
544	1.731100e-07	0.000000e+00	5.000000e+00	0.000000e+00	
545	1.731300e-07	0.000000e+00	5.000000e+00	0.000000e+00	
546	1.731700e-07	0.000000e+00	5.000000e+00	0.000000e+00	
547	1.732000e-07	0.000000e+00	5.000000e+00	0.000000e+00	
548	1.732080e-07	0.000000e+00	5.000000e+00	0.000000e+00	
549	1.732240e-07	0.000000e+00	5.000000e+00	0.000000e+00	
550	1.732560e-07	0.000000e+00	5.000000e+00	0.000000e+00	
551	1.733200e-07	0.000000e+00	5.000000e+00	0.000000e+00	
552	1.734480e-07	0.000000e+00	5.000000e+00	0.000000e+00	
553	1.737040e-07	0.000000e+00	5.000000e+00	0.000000e+00	
554	1.742160e-07	0.000000e+00	5.000000e+00	0.000000e+00	
555	1.752400e-07	0.000000e+00	5.000000e+00	0.000000e+00	
556	1.772880e-07	0.000000e+00	5.000000e+00	0.000000e+00	
557	1.800000e-07	0.000000e+00	5.000000e+00	0.000000e+00	
558	1.800100e-07	0.000000e+00	5.000000e+00	0.000000e+00	
559	1.800300e-07	0.000000e+00	5.000000e+00	0.000000e+00	
560	1.800700e-07	0.000000e+00	5.000000e+00	0.000000e+00	
561	1.801000e-07	0.000000e+00	5.000000e+00	0.000000e+00	
562	1.801080e-07	0.000000e+00	5.000000e+00	0.000000e+00	
563	1.801240e-07	0.000000e+00	5.000000e+00	0.000000e+00	
564	1.801560e-07	0.000000e+00	5.000000e+00	0.000000e+00	
565	1.802200e-07	0.000000e+00	5.000000e+00	0.000000e+00	
566	1.803480e-07	0.000000e+00	5.000000e+00	0.000000e+00	
567	1.806040e-07	0.000000e+00	5.000000e+00	0.000000e+00	
568	1.811160e-07	0.000000e+00	5.000000e+00	0.000000e+00	
569	1.821400e-07	0.000000e+00	5.000000e+00	0.000000e+00	
570	1.830000e-07	0.000000e+00	5.000000e+00	0.000000e+00	
571	1.830100e-07	0.000000e+00	5.000000e+00	0.000000e+00	
572	1.830300e-07	0.000000e+00	5.000000e+00	0.000000e+00	
573	1.830700e-07	0.000000e+00	5.000000e+00	0.000000e+00	
574	1.831000e-07	0.000000e+00	5.000000e+00	0.000000e+00	
575	1.831080e-07	0.000000e+00	5.000000e+00	0.000000e+00	
576	1.831240e-07	0.000000e+00	5.000000e+00	0.000000e+00	

Index   time            data_in0        data_in1        data_in2        
--------------------------------------------------------------------------------
577	1.831560e-07	0.000000e+00	5.000000e+00	0.000000e+00	
578	1.832200e-07	0.000000e+00	5.000000e+00	0.000000e+00	
579	1.833480e-07	0.000000e+00	5.000000e+00	0.000000e+00	
580	1.836040e-07	0.000000e+00	5.000000e+00	0.000000e+00	
581	1.841160e-07	0.000000e+00	5.000000e+00	0.000000e+00	
582	1.851400e-07	0.000000e+00	5.000000e+00	0.000000e+00	
583	1.871880e-07	0.000000e+00	5.000000e+00	0.000000e+00	
584	1.901000e-07	0.000000e+00	5.000000e+00	0.000000e+00	
585	1.901100e-07	0.000000e+00	5.000000e+00	0.000000e+00	
586	1.901300e-07	0.000000e+00	5.000000e+00	0.000000e+00	
587	1.901700e-07	0.000000e+00	5.000000e+00	0.000000e+00	
588	1.902000e-07	0.000000e+00	5.000000e+00	0.000000e+00	
589	1.902080e-07	0.000000e+00	5.000000e+00	0.000000e+00	
590	1.902240e-07	0.000000e+00	5.000000e+00	0.000000e+00	
591	1.902560e-07	0.000000e+00	5.000000e+00	0.000000e+00	
592	1.903200e-07	0.000000e+00	5.000000e+00	0.000000e+00	
593	1.904480e-07	0.000000e+00	5.000000e+00	0.000000e+00	
594	1.907040e-07	0.000000e+00	5.000000e+00	0.000000e+00	
595	1.912160e-07	0.000000e+00	5.000000e+00	0.000000e+00	
596	1.922400e-07	0.000000e+00	5.000000e+00	0.000000e+00	
597	1.931000e-07	0.000000e+00	5.000000e+00	0.000000e+00	
598	1.931100e-07	0.000000e+00	5.000000e+00	0.000000e+00	
599	1.931300e-07	0.000000e+00	5.000000e+00	0.000000e+00	
600	1.931700e-07	0.000000e+00	5.000000e+00	0.000000e+00	
601	1.932000e-07	0.000000e+00	5.000000e+00	0.000000e+00	
602	1.932080e-07	0.000000e+00	5.000000e+00	0.000000e+00	
603	1.932240e-07	0.000000e+00	5.000000e+00	0.000000e+00	
604	1.932560e-07	0.000000e+00	5.000000e+00	0.000000e+00	
605	1.933200e-07	0.000000e+00	5.000000e+00	0.000000e+00	
606	1.934480e-07	0.000000e+00	5.000000e+00	0.000000e+00	
607	1.937040e-07	0.000000e+00	5.000000e+00	0.000000e+00	
608	1.942160e-07	0.000000e+00	5.000000e+00	0.000000e+00	
609	1.952400e-07	0.000000e+00	5.000000e+00	0.000000e+00	
610	1.972880e-07	0.000000e+00	5.000000e+00	0.000000e+00	
611	2.000000e-07	0.000000e+00	5.000000e+00	0.000000e+00	
612	2.000100e-07	0.000000e+00	5.000000e+00	0.000000e+00	
613	2.000300e-07	0.000000e+00	5.000000e+00	0.000000e+00	
614	2.000700e-07	0.000000e+00	5.000000e+00	0.000000e+00	
615	2.001000e-07	0.000000e+00	5.000000e+00	0.000000e+00	
616	2.001080e-07	0.000000e+00	5.000000e+00	0.000000e+00	
617	2.001240e-07	0.000000e+00	5.000000e+00	0.000000e+00	
618	2.001560e-07	0.000000e+00	5.000000e+00	0.000000e+00	
619	2.002200e-07	0.000000e+00	5.000000e+00	0.000000e+00	
620	2.003480e-07	0.000000e+00	5.000000e+00	0.000000e+00	
621	2.006040e-07	0.000000e+00	5.000000e+00	0.000000e+00	
622	2.011160e-07	0.000000e+00	5.000000e+00	0.000000e+00	
623	2.021400e-07	0.000000e+00	5.000000e+00	0.000000e+00	
624	2.030000e-07	0.000000e+00	5.000000e+00	0.000000e+00	
625	2.030100e-07	0.000000e+00	5.000000e+00	0.000000e+00	
626	2.030300e-07	0.000000e+00	5.000000e+00	0.000000e+00	
627	2.030700e-07	0.000000e+00	5.000000e+00	0.000000e+00	
628	2.031000e-07	0.000000e+00	5.000000e+00	0.000000e+00	
629	2.031080e-07	0.000000e+00	5.000000e+00	0.000000e+00	
630	2.031240e-07	0.000000e+00	5.000000e+00	0.000000e+00	
631	2.031560e-07	0.000000e+00	5.000000e+00	0.000000e+00	
632	2.032200e-07	0.000000e+00	5.000000e+00	0.000000e+00	
633	2.033480e-07	0.000000e+00	5.000000e+00	0.000000e+00	
634	2.036040e-07	0.000000e+00	5.000000e+00	0.000000e+00	

Index   time            data_in0        data_in1        data_in2        
--------------------------------------------------------------------------------
635	2.041160e-07	0.000000e+00	5.000000e+00	0.000000e+00	
636	2.051400e-07	0.000000e+00	5.000000e+00	0.000000e+00	
637	2.071880e-07	0.000000e+00	5.000000e+00	0.000000e+00	
638	2.101000e-07	0.000000e+00	5.000000e+00	0.000000e+00	
639	2.101100e-07	0.000000e+00	5.000000e+00	0.000000e+00	
640	2.101300e-07	0.000000e+00	5.000000e+00	0.000000e+00	
641	2.101700e-07	0.000000e+00	5.000000e+00	0.000000e+00	
642	2.102000e-07	0.000000e+00	5.000000e+00	0.000000e+00	
643	2.102080e-07	0.000000e+00	5.000000e+00	0.000000e+00	
644	2.102240e-07	0.000000e+00	5.000000e+00	0.000000e+00	
645	2.102560e-07	0.000000e+00	5.000000e+00	0.000000e+00	
646	2.103200e-07	0.000000e+00	5.000000e+00	0.000000e+00	
647	2.104480e-07	0.000000e+00	5.000000e+00	0.000000e+00	
648	2.107040e-07	0.000000e+00	5.000000e+00	0.000000e+00	
649	2.112160e-07	0.000000e+00	5.000000e+00	0.000000e+00	
650	2.122400e-07	0.000000e+00	5.000000e+00	0.000000e+00	
651	2.131000e-07	0.000000e+00	5.000000e+00	0.000000e+00	
652	2.131100e-07	0.000000e+00	5.000000e+00	0.000000e+00	
653	2.131300e-07	0.000000e+00	5.000000e+00	0.000000e+00	
654	2.131700e-07	0.000000e+00	5.000000e+00	0.000000e+00	
655	2.132000e-07	0.000000e+00	5.000000e+00	0.000000e+00	
656	2.132080e-07	0.000000e+00	5.000000e+00	0.000000e+00	
657	2.132240e-07	0.000000e+00	5.000000e+00	0.000000e+00	
658	2.132560e-07	0.000000e+00	5.000000e+00	0.000000e+00	
659	2.133200e-07	0.000000e+00	5.000000e+00	0.000000e+00	
660	2.134480e-07	0.000000e+00	5.000000e+00	0.000000e+00	
661	2.137040e-07	0.000000e+00	5.000000e+00	0.000000e+00	
662	2.142160e-07	0.000000e+00	5.000000e+00	0.000000e+00	
663	2.152400e-07	0.000000e+00	5.000000e+00	0.000000e+00	
664	2.172880e-07	0.000000e+00	5.000000e+00	0.000000e+00	
665	2.200000e-07	0.000000e+00	5.000000e+00	0.000000e+00	
666	2.200100e-07	0.000000e+00	5.000000e+00	0.000000e+00	
667	2.200300e-07	0.000000e+00	5.000000e+00	0.000000e+00	
668	2.200700e-07	0.000000e+00	5.000000e+00	0.000000e+00	
669	2.201000e-07	0.000000e+00	5.000000e+00	0.000000e+00	
670	2.201080e-07	0.000000e+00	5.000000e+00	0.000000e+00	
671	2.201240e-07	0.000000e+00	5.000000e+00	0.000000e+00	
672	2.201560e-07	0.000000e+00	5.000000e+00	0.000000e+00	
673	2.202200e-07	0.000000e+00	5.000000e+00	0.000000e+00	
674	2.203480e-07	0.000000e+00	5.000000e+00	0.000000e+00	
675	2.206040e-07	0.000000e+00	5.000000e+00	0.000000e+00	
676	2.211160e-07	0.000000e+00	5.000000e+00	0.000000e+00	
677	2.221400e-07	0.000000e+00	5.000000e+00	0.000000e+00	
678	2.230000e-07	0.000000e+00	5.000000e+00	0.000000e+00	
679	2.230100e-07	0.000000e+00	5.000000e+00	0.000000e+00	
680	2.230300e-07	0.000000e+00	5.000000e+00	0.000000e+00	
681	2.230700e-07	0.000000e+00	5.000000e+00	0.000000e+00	
682	2.231000e-07	0.000000e+00	5.000000e+00	0.000000e+00	
683	2.231080e-07	0.000000e+00	5.000000e+00	0.000000e+00	
684	2.231240e-07	0.000000e+00	5.000000e+00	0.000000e+00	
685	2.231560e-07	0.000000e+00	5.000000e+00	0.000000e+00	
686	2.232200e-07	0.000000e+00	5.000000e+00	0.000000e+00	
687	2.233480e-07	0.000000e+00	5.000000e+00	0.000000e+00	
688	2.236040e-07	0.000000e+00	5.000000e+00	0.000000e+00	
689	2.241160e-07	0.000000e+00	5.000000e+00	0.000000e+00	
690	2.251400e-07	0.000000e+00	5.000000e+00	0.000000e+00	
691	2.271880e-07	0.000000e+00	5.000000e+00	0.000000e+00	
692	2.301000e-07	0.000000e+00	5.000000e+00	0.000000e+00	

Index   time            data_in0        data_in1        data_in2        
--------------------------------------------------------------------------------
693	2.301100e-07	0.000000e+00	5.000000e+00	0.000000e+00	
694	2.301300e-07	0.000000e+00	5.000000e+00	0.000000e+00	
695	2.301700e-07	0.000000e+00	5.000000e+00	0.000000e+00	
696	2.302000e-07	0.000000e+00	5.000000e+00	0.000000e+00	
697	2.302080e-07	0.000000e+00	5.000000e+00	0.000000e+00	
698	2.302240e-07	0.000000e+00	5.000000e+00	0.000000e+00	
699	2.302560e-07	0.000000e+00	5.000000e+00	0.000000e+00	
700	2.303200e-07	0.000000e+00	5.000000e+00	0.000000e+00	
701	2.304480e-07	0.000000e+00	5.000000e+00	0.000000e+00	
702	2.307040e-07	0.000000e+00	5.000000e+00	0.000000e+00	
703	2.312160e-07	0.000000e+00	5.000000e+00	0.000000e+00	
704	2.322400e-07	0.000000e+00	5.000000e+00	0.000000e+00	
705	2.331000e-07	0.000000e+00	5.000000e+00	0.000000e+00	
706	2.331100e-07	0.000000e+00	5.000000e+00	0.000000e+00	
707	2.331300e-07	0.000000e+00	5.000000e+00	0.000000e+00	
708	2.331700e-07	0.000000e+00	5.000000e+00	0.000000e+00	
709	2.332000e-07	0.000000e+00	5.000000e+00	0.000000e+00	
710	2.332080e-07	0.000000e+00	5.000000e+00	0.000000e+00	
711	2.332240e-07	0.000000e+00	5.000000e+00	0.000000e+00	
712	2.332560e-07	0.000000e+00	5.000000e+00	0.000000e+00	
713	2.333200e-07	0.000000e+00	5.000000e+00	0.000000e+00	
714	2.334480e-07	0.000000e+00	5.000000e+00	0.000000e+00	
715	2.337040e-07	0.000000e+00	5.000000e+00	0.000000e+00	
716	2.342160e-07	0.000000e+00	5.000000e+00	0.000000e+00	
717	2.352400e-07	0.000000e+00	5.000000e+00	0.000000e+00	
718	2.372880e-07	0.000000e+00	5.000000e+00	0.000000e+00	
719	2.400000e-07	0.000000e+00	5.000000e+00	0.000000e+00	
720	2.400100e-07	0.000000e+00	5.000000e+00	0.000000e+00	
721	2.400300e-07	0.000000e+00	5.000000e+00	0.000000e+00	
722	2.400700e-07	0.000000e+00	5.000000e+00	0.000000e+00	
723	2.401000e-07	0.000000e+00	5.000000e+00	0.000000e+00	
724	2.401080e-07	0.000000e+00	5.000000e+00	0.000000e+00	
725	2.401240e-07	0.000000e+00	5.000000e+00	0.000000e+00	
726	2.401560e-07	0.000000e+00	5.000000e+00	0.000000e+00	
727	2.402200e-07	0.000000e+00	5.000000e+00	0.000000e+00	
728	2.403480e-07	0.000000e+00	5.000000e+00	0.000000e+00	
729	2.406040e-07	0.000000e+00	5.000000e+00	0.000000e+00	
730	2.411160e-07	0.000000e+00	5.000000e+00	0.000000e+00	
731	2.421400e-07	0.000000e+00	5.000000e+00	0.000000e+00	
732	2.430000e-07	0.000000e+00	5.000000e+00	0.000000e+00	
733	2.430100e-07	0.000000e+00	5.000000e+00	0.000000e+00	
734	2.430300e-07	0.000000e+00	5.000000e+00	0.000000e+00	
735	2.430700e-07	0.000000e+00	5.000000e+00	0.000000e+00	
736	2.431000e-07	0.000000e+00	5.000000e+00	0.000000e+00	
737	2.431080e-07	0.000000e+00	5.000000e+00	0.000000e+00	
738	2.431240e-07	0.000000e+00	5.000000e+00	0.000000e+00	
739	2.431560e-07	0.000000e+00	5.000000e+00	0.000000e+00	
740	2.432200e-07	0.000000e+00	5.000000e+00	0.000000e+00	
741	2.433480e-07	0.000000e+00	5.000000e+00	0.000000e+00	
742	2.436040e-07	0.000000e+00	5.000000e+00	0.000000e+00	
743	2.441160e-07	0.000000e+00	5.000000e+00	0.000000e+00	
744	2.451400e-07	0.000000e+00	5.000000e+00	0.000000e+00	
745	2.471880e-07	0.000000e+00	5.000000e+00	0.000000e+00	
746	2.501000e-07	0.000000e+00	5.000000e+00	0.000000e+00	
747	2.501100e-07	0.000000e+00	5.000000e+00	0.000000e+00	
748	2.501300e-07	0.000000e+00	5.000000e+00	0.000000e+00	
749	2.501700e-07	0.000000e+00	5.000000e+00	0.000000e+00	
750	2.502000e-07	0.000000e+00	5.000000e+00	0.000000e+00	

Index   time            data_in0        data_in1        data_in2        
--------------------------------------------------------------------------------
751	2.502080e-07	0.000000e+00	5.000000e+00	0.000000e+00	
752	2.502240e-07	0.000000e+00	5.000000e+00	0.000000e+00	
753	2.502560e-07	0.000000e+00	5.000000e+00	0.000000e+00	
754	2.503200e-07	0.000000e+00	5.000000e+00	0.000000e+00	
755	2.504480e-07	0.000000e+00	5.000000e+00	0.000000e+00	
756	2.507040e-07	0.000000e+00	5.000000e+00	0.000000e+00	
757	2.512160e-07	0.000000e+00	5.000000e+00	0.000000e+00	
758	2.522400e-07	0.000000e+00	5.000000e+00	0.000000e+00	
759	2.531000e-07	0.000000e+00	5.000000e+00	0.000000e+00	
760	2.531100e-07	0.000000e+00	5.000000e+00	0.000000e+00	
761	2.531300e-07	0.000000e+00	5.000000e+00	0.000000e+00	
762	2.531700e-07	0.000000e+00	5.000000e+00	0.000000e+00	
763	2.532000e-07	0.000000e+00	5.000000e+00	0.000000e+00	
764	2.532080e-07	0.000000e+00	5.000000e+00	0.000000e+00	
765	2.532240e-07	0.000000e+00	5.000000e+00	0.000000e+00	
766	2.532560e-07	0.000000e+00	5.000000e+00	0.000000e+00	
767	2.533200e-07	0.000000e+00	5.000000e+00	0.000000e+00	
768	2.534480e-07	0.000000e+00	5.000000e+00	0.000000e+00	
769	2.537040e-07	0.000000e+00	5.000000e+00	0.000000e+00	
770	2.542160e-07	0.000000e+00	5.000000e+00	0.000000e+00	
771	2.552400e-07	0.000000e+00	5.000000e+00	0.000000e+00	
772	2.572880e-07	0.000000e+00	5.000000e+00	0.000000e+00	
773	2.600000e-07	0.000000e+00	5.000000e+00	0.000000e+00	
774	2.600100e-07	0.000000e+00	5.000000e+00	0.000000e+00	
775	2.600300e-07	0.000000e+00	5.000000e+00	0.000000e+00	
776	2.600700e-07	0.000000e+00	5.000000e+00	0.000000e+00	
777	2.601000e-07	0.000000e+00	5.000000e+00	0.000000e+00	
778	2.601080e-07	0.000000e+00	5.000000e+00	0.000000e+00	
779	2.601240e-07	0.000000e+00	5.000000e+00	0.000000e+00	
780	2.601560e-07	0.000000e+00	5.000000e+00	0.000000e+00	
781	2.602200e-07	0.000000e+00	5.000000e+00	0.000000e+00	
782	2.603480e-07	0.000000e+00	5.000000e+00	0.000000e+00	
783	2.606040e-07	0.000000e+00	5.000000e+00	0.000000e+00	
784	2.611160e-07	0.000000e+00	5.000000e+00	0.000000e+00	
785	2.621400e-07	0.000000e+00	5.000000e+00	0.000000e+00	
786	2.630000e-07	0.000000e+00	5.000000e+00	0.000000e+00	
787	2.630100e-07	0.000000e+00	5.000000e+00	0.000000e+00	
788	2.630300e-07	0.000000e+00	5.000000e+00	0.000000e+00	
789	2.630700e-07	0.000000e+00	5.000000e+00	0.000000e+00	
790	2.631000e-07	0.000000e+00	5.000000e+00	0.000000e+00	
791	2.631080e-07	0.000000e+00	5.000000e+00	0.000000e+00	
792	2.631240e-07	0.000000e+00	5.000000e+00	0.000000e+00	
793	2.631560e-07	0.000000e+00	5.000000e+00	0.000000e+00	
794	2.632200e-07	0.000000e+00	5.000000e+00	0.000000e+00	
795	2.633480e-07	0.000000e+00	5.000000e+00	0.000000e+00	
796	2.636040e-07	0.000000e+00	5.000000e+00	0.000000e+00	
797	2.641160e-07	0.000000e+00	5.000000e+00	0.000000e+00	
798	2.651400e-07	0.000000e+00	5.000000e+00	0.000000e+00	
799	2.671880e-07	0.000000e+00	5.000000e+00	0.000000e+00	
800	2.701000e-07	0.000000e+00	5.000000e+00	0.000000e+00	
801	2.701100e-07	0.000000e+00	5.000000e+00	0.000000e+00	
802	2.701300e-07	0.000000e+00	5.000000e+00	0.000000e+00	
803	2.701700e-07	0.000000e+00	5.000000e+00	0.000000e+00	
804	2.702000e-07	0.000000e+00	5.000000e+00	0.000000e+00	
805	2.702080e-07	0.000000e+00	5.000000e+00	0.000000e+00	
806	2.702240e-07	0.000000e+00	5.000000e+00	0.000000e+00	
807	2.702560e-07	0.000000e+00	5.000000e+00	0.000000e+00	
808	2.703200e-07	0.000000e+00	5.000000e+00	0.000000e+00	

Index   time            data_in0        data_in1        data_in2        
--------------------------------------------------------------------------------
809	2.704480e-07	0.000000e+00	5.000000e+00	0.000000e+00	
810	2.707040e-07	0.000000e+00	5.000000e+00	0.000000e+00	
811	2.712160e-07	0.000000e+00	5.000000e+00	0.000000e+00	
812	2.722400e-07	0.000000e+00	5.000000e+00	0.000000e+00	
813	2.731000e-07	0.000000e+00	5.000000e+00	0.000000e+00	
814	2.731100e-07	0.000000e+00	5.000000e+00	0.000000e+00	
815	2.731300e-07	0.000000e+00	5.000000e+00	0.000000e+00	
816	2.731700e-07	0.000000e+00	5.000000e+00	0.000000e+00	
817	2.732000e-07	0.000000e+00	5.000000e+00	0.000000e+00	
818	2.732080e-07	0.000000e+00	5.000000e+00	0.000000e+00	
819	2.732240e-07	0.000000e+00	5.000000e+00	0.000000e+00	
820	2.732560e-07	0.000000e+00	5.000000e+00	0.000000e+00	
821	2.733200e-07	0.000000e+00	5.000000e+00	0.000000e+00	
822	2.734480e-07	0.000000e+00	5.000000e+00	0.000000e+00	
823	2.737040e-07	0.000000e+00	5.000000e+00	0.000000e+00	
824	2.742160e-07	0.000000e+00	5.000000e+00	0.000000e+00	
825	2.752400e-07	0.000000e+00	5.000000e+00	0.000000e+00	
826	2.772880e-07	0.000000e+00	5.000000e+00	0.000000e+00	
827	2.800000e-07	0.000000e+00	5.000000e+00	0.000000e+00	
828	2.800100e-07	0.000000e+00	5.000000e+00	0.000000e+00	
829	2.800300e-07	0.000000e+00	5.000000e+00	0.000000e+00	
830	2.800700e-07	0.000000e+00	5.000000e+00	0.000000e+00	
831	2.801000e-07	0.000000e+00	5.000000e+00	0.000000e+00	
832	2.801080e-07	0.000000e+00	5.000000e+00	0.000000e+00	
833	2.801240e-07	0.000000e+00	5.000000e+00	0.000000e+00	
834	2.801560e-07	0.000000e+00	5.000000e+00	0.000000e+00	
835	2.802200e-07	0.000000e+00	5.000000e+00	0.000000e+00	
836	2.803480e-07	0.000000e+00	5.000000e+00	0.000000e+00	
837	2.806040e-07	0.000000e+00	5.000000e+00	0.000000e+00	
838	2.811160e-07	0.000000e+00	5.000000e+00	0.000000e+00	
839	2.821400e-07	0.000000e+00	5.000000e+00	0.000000e+00	
840	2.830000e-07	0.000000e+00	5.000000e+00	0.000000e+00	
841	2.830100e-07	0.000000e+00	5.000000e+00	0.000000e+00	
842	2.830300e-07	0.000000e+00	5.000000e+00	0.000000e+00	
843	2.830700e-07	0.000000e+00	5.000000e+00	0.000000e+00	
844	2.831000e-07	0.000000e+00	5.000000e+00	0.000000e+00	
845	2.831080e-07	0.000000e+00	5.000000e+00	0.000000e+00	
846	2.831240e-07	0.000000e+00	5.000000e+00	0.000000e+00	
847	2.831560e-07	0.000000e+00	5.000000e+00	0.000000e+00	
848	2.832200e-07	0.000000e+00	5.000000e+00	0.000000e+00	
849	2.833480e-07	0.000000e+00	5.000000e+00	0.000000e+00	
850	2.836040e-07	0.000000e+00	5.000000e+00	0.000000e+00	
851	2.841160e-07	0.000000e+00	5.000000e+00	0.000000e+00	
852	2.851400e-07	0.000000e+00	5.000000e+00	0.000000e+00	
853	2.871880e-07	0.000000e+00	5.000000e+00	0.000000e+00	
854	2.901000e-07	0.000000e+00	5.000000e+00	0.000000e+00	
855	2.901100e-07	0.000000e+00	5.000000e+00	0.000000e+00	
856	2.901300e-07	0.000000e+00	5.000000e+00	0.000000e+00	
857	2.901700e-07	0.000000e+00	5.000000e+00	0.000000e+00	
858	2.902000e-07	0.000000e+00	5.000000e+00	0.000000e+00	
859	2.902080e-07	0.000000e+00	5.000000e+00	0.000000e+00	
860	2.902240e-07	0.000000e+00	5.000000e+00	0.000000e+00	
861	2.902560e-07	0.000000e+00	5.000000e+00	0.000000e+00	
862	2.903200e-07	0.000000e+00	5.000000e+00	0.000000e+00	
863	2.904480e-07	0.000000e+00	5.000000e+00	0.000000e+00	
864	2.907040e-07	0.000000e+00	5.000000e+00	0.000000e+00	
865	2.912160e-07	0.000000e+00	5.000000e+00	0.000000e+00	
866	2.922400e-07	0.000000e+00	5.000000e+00	0.000000e+00	

Index   time            data_in0        data_in1        data_in2        
--------------------------------------------------------------------------------
867	2.931000e-07	0.000000e+00	5.000000e+00	0.000000e+00	
868	2.931100e-07	0.000000e+00	5.000000e+00	0.000000e+00	
869	2.931300e-07	0.000000e+00	5.000000e+00	0.000000e+00	
870	2.931700e-07	0.000000e+00	5.000000e+00	0.000000e+00	
871	2.932000e-07	0.000000e+00	5.000000e+00	0.000000e+00	
872	2.932080e-07	0.000000e+00	5.000000e+00	0.000000e+00	
873	2.932240e-07	0.000000e+00	5.000000e+00	0.000000e+00	
874	2.932560e-07	0.000000e+00	5.000000e+00	0.000000e+00	
875	2.933200e-07	0.000000e+00	5.000000e+00	0.000000e+00	
876	2.934480e-07	0.000000e+00	5.000000e+00	0.000000e+00	
877	2.937040e-07	0.000000e+00	5.000000e+00	0.000000e+00	
878	2.942160e-07	0.000000e+00	5.000000e+00	0.000000e+00	
879	2.952400e-07	0.000000e+00	5.000000e+00	0.000000e+00	
880	2.972880e-07	0.000000e+00	5.000000e+00	0.000000e+00	
881	3.000000e-07	0.000000e+00	5.000000e+00	0.000000e+00	
882	3.000100e-07	0.000000e+00	5.000000e+00	0.000000e+00	
883	3.000300e-07	0.000000e+00	5.000000e+00	0.000000e+00	
884	3.000700e-07	0.000000e+00	5.000000e+00	0.000000e+00	
885	3.001000e-07	0.000000e+00	5.000000e+00	0.000000e+00	
886	3.001080e-07	0.000000e+00	5.000000e+00	0.000000e+00	
887	3.001240e-07	0.000000e+00	5.000000e+00	0.000000e+00	
888	3.001560e-07	0.000000e+00	5.000000e+00	0.000000e+00	
889	3.002200e-07	0.000000e+00	5.000000e+00	0.000000e+00	
890	3.003480e-07	0.000000e+00	5.000000e+00	0.000000e+00	
891	3.006040e-07	0.000000e+00	5.000000e+00	0.000000e+00	
892	3.011160e-07	0.000000e+00	5.000000e+00	0.000000e+00	
893	3.021400e-07	0.000000e+00	5.000000e+00	0.000000e+00	
894	3.030000e-07	0.000000e+00	5.000000e+00	0.000000e+00	
895	3.030100e-07	0.000000e+00	5.000000e+00	0.000000e+00	
896	3.030300e-07	0.000000e+00	5.000000e+00	0.000000e+00	
897	3.030700e-07	0.000000e+00	5.000000e+00	0.000000e+00	
898	3.031000e-07	0.000000e+00	5.000000e+00	0.000000e+00	
899	3.031080e-07	0.000000e+00	5.000000e+00	0.000000e+00	
900	3.031240e-07	0.000000e+00	5.000000e+00	0.000000e+00	
901	3.031560e-07	0.000000e+00	5.000000e+00	0.000000e+00	
902	3.032200e-07	0.000000e+00	5.000000e+00	0.000000e+00	
903	3.033480e-07	0.000000e+00	5.000000e+00	0.000000e+00	
904	3.036040e-07	0.000000e+00	5.000000e+00	0.000000e+00	
905	3.041160e-07	0.000000e+00	5.000000e+00	0.000000e+00	
906	3.051400e-07	0.000000e+00	5.000000e+00	0.000000e+00	
907	3.071880e-07	0.000000e+00	5.000000e+00	0.000000e+00	
908	3.101000e-07	0.000000e+00	5.000000e+00	0.000000e+00	
909	3.101100e-07	0.000000e+00	5.000000e+00	0.000000e+00	
910	3.101300e-07	0.000000e+00	5.000000e+00	0.000000e+00	
911	3.101700e-07	0.000000e+00	5.000000e+00	0.000000e+00	
912	3.102000e-07	0.000000e+00	5.000000e+00	0.000000e+00	
913	3.102080e-07	0.000000e+00	5.000000e+00	0.000000e+00	
914	3.102240e-07	0.000000e+00	5.000000e+00	0.000000e+00	
915	3.102560e-07	0.000000e+00	5.000000e+00	0.000000e+00	
916	3.103200e-07	0.000000e+00	5.000000e+00	0.000000e+00	
917	3.104480e-07	0.000000e+00	5.000000e+00	0.000000e+00	
918	3.107040e-07	0.000000e+00	5.000000e+00	0.000000e+00	
919	3.112160e-07	0.000000e+00	5.000000e+00	0.000000e+00	
920	3.122400e-07	0.000000e+00	5.000000e+00	0.000000e+00	
921	3.131000e-07	0.000000e+00	5.000000e+00	0.000000e+00	
922	3.131100e-07	0.000000e+00	5.000000e+00	0.000000e+00	
923	3.131300e-07	0.000000e+00	5.000000e+00	0.000000e+00	
924	3.131700e-07	0.000000e+00	5.000000e+00	0.000000e+00	

Index   time            data_in0        data_in1        data_in2        
--------------------------------------------------------------------------------
925	3.132000e-07	0.000000e+00	5.000000e+00	0.000000e+00	
926	3.132080e-07	0.000000e+00	5.000000e+00	0.000000e+00	
927	3.132240e-07	0.000000e+00	5.000000e+00	0.000000e+00	
928	3.132560e-07	0.000000e+00	5.000000e+00	0.000000e+00	
929	3.133200e-07	0.000000e+00	5.000000e+00	0.000000e+00	
930	3.134480e-07	0.000000e+00	5.000000e+00	0.000000e+00	
931	3.137040e-07	0.000000e+00	5.000000e+00	0.000000e+00	
932	3.142160e-07	0.000000e+00	5.000000e+00	0.000000e+00	
933	3.152400e-07	0.000000e+00	5.000000e+00	0.000000e+00	
934	3.172880e-07	0.000000e+00	5.000000e+00	0.000000e+00	
935	3.200000e-07	0.000000e+00	5.000000e+00	0.000000e+00	
936	3.200100e-07	0.000000e+00	5.000000e+00	0.000000e+00	
937	3.200300e-07	0.000000e+00	5.000000e+00	0.000000e+00	
938	3.200700e-07	0.000000e+00	5.000000e+00	0.000000e+00	
939	3.201000e-07	0.000000e+00	5.000000e+00	0.000000e+00	
940	3.201080e-07	0.000000e+00	5.000000e+00	0.000000e+00	
941	3.201240e-07	0.000000e+00	5.000000e+00	0.000000e+00	
942	3.201560e-07	0.000000e+00	5.000000e+00	0.000000e+00	
943	3.202200e-07	0.000000e+00	5.000000e+00	0.000000e+00	
944	3.203480e-07	0.000000e+00	5.000000e+00	0.000000e+00	
945	3.206040e-07	0.000000e+00	5.000000e+00	0.000000e+00	
946	3.211160e-07	0.000000e+00	5.000000e+00	0.000000e+00	
947	3.221400e-07	0.000000e+00	5.000000e+00	0.000000e+00	
948	3.230000e-07	0.000000e+00	5.000000e+00	0.000000e+00	
949	3.230100e-07	0.000000e+00	5.000000e+00	0.000000e+00	
950	3.230300e-07	0.000000e+00	5.000000e+00	0.000000e+00	
951	3.230700e-07	0.000000e+00	5.000000e+00	0.000000e+00	
952	3.231000e-07	0.000000e+00	5.000000e+00	0.000000e+00	
953	3.231080e-07	0.000000e+00	5.000000e+00	0.000000e+00	
954	3.231240e-07	0.000000e+00	5.000000e+00	0.000000e+00	
955	3.231560e-07	0.000000e+00	5.000000e+00	0.000000e+00	
956	3.232200e-07	0.000000e+00	5.000000e+00	0.000000e+00	
957	3.233480e-07	0.000000e+00	5.000000e+00	0.000000e+00	
958	3.236040e-07	0.000000e+00	5.000000e+00	0.000000e+00	
959	3.241160e-07	0.000000e+00	5.000000e+00	0.000000e+00	
960	3.251400e-07	0.000000e+00	5.000000e+00	0.000000e+00	
961	3.271880e-07	0.000000e+00	5.000000e+00	0.000000e+00	
962	3.301000e-07	0.000000e+00	5.000000e+00	0.000000e+00	
963	3.301100e-07	0.000000e+00	5.000000e+00	0.000000e+00	
964	3.301300e-07	0.000000e+00	5.000000e+00	0.000000e+00	
965	3.301700e-07	0.000000e+00	5.000000e+00	0.000000e+00	
966	3.302000e-07	0.000000e+00	5.000000e+00	0.000000e+00	
967	3.302080e-07	0.000000e+00	5.000000e+00	0.000000e+00	
968	3.302240e-07	0.000000e+00	5.000000e+00	0.000000e+00	
969	3.302560e-07	0.000000e+00	5.000000e+00	0.000000e+00	
970	3.303200e-07	0.000000e+00	5.000000e+00	0.000000e+00	
971	3.304480e-07	0.000000e+00	5.000000e+00	0.000000e+00	
972	3.307040e-07	0.000000e+00	5.000000e+00	0.000000e+00	
973	3.312160e-07	0.000000e+00	5.000000e+00	0.000000e+00	
974	3.322400e-07	0.000000e+00	5.000000e+00	0.000000e+00	
975	3.331000e-07	0.000000e+00	5.000000e+00	0.000000e+00	
976	3.331100e-07	0.000000e+00	5.000000e+00	0.000000e+00	
977	3.331300e-07	0.000000e+00	5.000000e+00	0.000000e+00	
978	3.331700e-07	0.000000e+00	5.000000e+00	0.000000e+00	
979	3.332000e-07	0.000000e+00	5.000000e+00	0.000000e+00	
980	3.332080e-07	0.000000e+00	5.000000e+00	0.000000e+00	
981	3.332240e-07	0.000000e+00	5.000000e+00	0.000000e+00	
982	3.332560e-07	0.000000e+00	5.000000e+00	0.000000e+00	

Index   time            data_in0        data_in1        data_in2        
--------------------------------------------------------------------------------
983	3.333200e-07	0.000000e+00	5.000000e+00	0.000000e+00	
984	3.334480e-07	0.000000e+00	5.000000e+00	0.000000e+00	
985	3.337040e-07	0.000000e+00	5.000000e+00	0.000000e+00	
986	3.342160e-07	0.000000e+00	5.000000e+00	0.000000e+00	
987	3.352400e-07	0.000000e+00	5.000000e+00	0.000000e+00	
988	3.372880e-07	0.000000e+00	5.000000e+00	0.000000e+00	
989	3.400000e-07	0.000000e+00	5.000000e+00	0.000000e+00	
990	3.400100e-07	0.000000e+00	5.000000e+00	0.000000e+00	
991	3.400300e-07	0.000000e+00	5.000000e+00	0.000000e+00	
992	3.400700e-07	0.000000e+00	5.000000e+00	0.000000e+00	
993	3.401000e-07	0.000000e+00	5.000000e+00	0.000000e+00	
994	3.401080e-07	0.000000e+00	5.000000e+00	0.000000e+00	
995	3.401240e-07	0.000000e+00	5.000000e+00	0.000000e+00	
996	3.401560e-07	0.000000e+00	5.000000e+00	0.000000e+00	
997	3.402200e-07	0.000000e+00	5.000000e+00	0.000000e+00	
998	3.403480e-07	0.000000e+00	5.000000e+00	0.000000e+00	
999	3.406040e-07	0.000000e+00	5.000000e+00	0.000000e+00	
1000	3.411160e-07	0.000000e+00	5.000000e+00	0.000000e+00	
1001	3.421400e-07	0.000000e+00	5.000000e+00	0.000000e+00	
1002	3.430000e-07	0.000000e+00	5.000000e+00	0.000000e+00	
1003	3.430100e-07	0.000000e+00	5.000000e+00	0.000000e+00	
1004	3.430300e-07	0.000000e+00	5.000000e+00	0.000000e+00	
1005	3.430700e-07	0.000000e+00	5.000000e+00	0.000000e+00	
1006	3.431000e-07	0.000000e+00	5.000000e+00	0.000000e+00	
1007	3.431080e-07	0.000000e+00	5.000000e+00	0.000000e+00	
1008	3.431240e-07	0.000000e+00	5.000000e+00	0.000000e+00	
1009	3.431560e-07	0.000000e+00	5.000000e+00	0.000000e+00	
1010	3.432200e-07	0.000000e+00	5.000000e+00	0.000000e+00	
1011	3.433480e-07	0.000000e+00	5.000000e+00	0.000000e+00	
1012	3.436040e-07	0.000000e+00	5.000000e+00	0.000000e+00	
1013	3.441160e-07	0.000000e+00	5.000000e+00	0.000000e+00	
1014	3.451400e-07	0.000000e+00	5.000000e+00	0.000000e+00	
1015	3.471880e-07	0.000000e+00	5.000000e+00	0.000000e+00	
1016	3.501000e-07	0.000000e+00	5.000000e+00	0.000000e+00	
1017	3.501100e-07	0.000000e+00	5.000000e+00	0.000000e+00	
1018	3.501300e-07	0.000000e+00	5.000000e+00	0.000000e+00	
1019	3.501700e-07	0.000000e+00	5.000000e+00	0.000000e+00	
1020	3.502000e-07	0.000000e+00	5.000000e+00	0.000000e+00	
1021	3.502080e-07	0.000000e+00	5.000000e+00	0.000000e+00	
1022	3.502240e-07	0.000000e+00	5.000000e+00	0.000000e+00	
1023	3.502560e-07	0.000000e+00	5.000000e+00	0.000000e+00	
1024	3.503200e-07	0.000000e+00	5.000000e+00	0.000000e+00	
1025	3.504480e-07	0.000000e+00	5.000000e+00	0.000000e+00	
1026	3.507040e-07	0.000000e+00	5.000000e+00	0.000000e+00	
1027	3.512160e-07	0.000000e+00	5.000000e+00	0.000000e+00	
1028	3.522400e-07	0.000000e+00	5.000000e+00	0.000000e+00	
1029	3.531000e-07	0.000000e+00	5.000000e+00	0.000000e+00	
1030	3.531100e-07	0.000000e+00	5.000000e+00	0.000000e+00	
1031	3.531300e-07	0.000000e+00	5.000000e+00	0.000000e+00	
1032	3.531700e-07	0.000000e+00	5.000000e+00	0.000000e+00	
1033	3.532000e-07	0.000000e+00	5.000000e+00	0.000000e+00	
1034	3.532080e-07	0.000000e+00	5.000000e+00	0.000000e+00	
1035	3.532240e-07	0.000000e+00	5.000000e+00	0.000000e+00	
1036	3.532560e-07	0.000000e+00	5.000000e+00	0.000000e+00	
1037	3.533200e-07	0.000000e+00	5.000000e+00	0.000000e+00	
1038	3.534480e-07	0.000000e+00	5.000000e+00	0.000000e+00	
1039	3.537040e-07	0.000000e+00	5.000000e+00	0.000000e+00	
1040	3.542160e-07	0.000000e+00	5.000000e+00	0.000000e+00	

Index   time            data_in0        data_in1        data_in2        
--------------------------------------------------------------------------------
1041	3.552400e-07	0.000000e+00	5.000000e+00	0.000000e+00	
1042	3.572880e-07	0.000000e+00	5.000000e+00	0.000000e+00	
1043	3.600000e-07	0.000000e+00	5.000000e+00	0.000000e+00	
1044	3.600100e-07	0.000000e+00	5.000000e+00	0.000000e+00	
1045	3.600300e-07	0.000000e+00	5.000000e+00	0.000000e+00	
1046	3.600700e-07	0.000000e+00	5.000000e+00	0.000000e+00	
1047	3.601000e-07	0.000000e+00	5.000000e+00	0.000000e+00	
1048	3.601080e-07	0.000000e+00	5.000000e+00	0.000000e+00	
1049	3.601240e-07	0.000000e+00	5.000000e+00	0.000000e+00	
1050	3.601560e-07	0.000000e+00	5.000000e+00	0.000000e+00	
1051	3.602200e-07	0.000000e+00	5.000000e+00	0.000000e+00	
1052	3.603480e-07	0.000000e+00	5.000000e+00	0.000000e+00	
1053	3.606040e-07	0.000000e+00	5.000000e+00	0.000000e+00	
1054	3.611160e-07	0.000000e+00	5.000000e+00	0.000000e+00	
1055	3.621400e-07	0.000000e+00	5.000000e+00	0.000000e+00	
1056	3.630000e-07	0.000000e+00	5.000000e+00	0.000000e+00	
1057	3.630100e-07	0.000000e+00	5.000000e+00	0.000000e+00	
1058	3.630300e-07	0.000000e+00	5.000000e+00	0.000000e+00	
1059	3.630700e-07	0.000000e+00	5.000000e+00	0.000000e+00	
1060	3.631000e-07	0.000000e+00	5.000000e+00	0.000000e+00	
1061	3.631080e-07	0.000000e+00	5.000000e+00	0.000000e+00	
1062	3.631240e-07	0.000000e+00	5.000000e+00	0.000000e+00	
1063	3.631560e-07	0.000000e+00	5.000000e+00	0.000000e+00	
1064	3.632200e-07	0.000000e+00	5.000000e+00	0.000000e+00	
1065	3.633480e-07	0.000000e+00	5.000000e+00	0.000000e+00	
1066	3.636040e-07	0.000000e+00	5.000000e+00	0.000000e+00	
1067	3.641160e-07	0.000000e+00	5.000000e+00	0.000000e+00	
1068	3.651400e-07	0.000000e+00	5.000000e+00	0.000000e+00	
1069	3.671880e-07	0.000000e+00	5.000000e+00	0.000000e+00	
1070	3.701000e-07	0.000000e+00	5.000000e+00	0.000000e+00	
1071	3.701100e-07	0.000000e+00	5.000000e+00	0.000000e+00	
1072	3.701300e-07	0.000000e+00	5.000000e+00	0.000000e+00	
1073	3.701700e-07	0.000000e+00	5.000000e+00	0.000000e+00	
1074	3.702000e-07	0.000000e+00	5.000000e+00	0.000000e+00	
1075	3.702080e-07	0.000000e+00	5.000000e+00	0.000000e+00	
1076	3.702240e-07	0.000000e+00	5.000000e+00	0.000000e+00	
1077	3.702560e-07	0.000000e+00	5.000000e+00	0.000000e+00	
1078	3.703200e-07	0.000000e+00	5.000000e+00	0.000000e+00	
1079	3.704480e-07	0.000000e+00	5.000000e+00	0.000000e+00	
1080	3.707040e-07	0.000000e+00	5.000000e+00	0.000000e+00	
1081	3.712160e-07	0.000000e+00	5.000000e+00	0.000000e+00	
1082	3.722400e-07	0.000000e+00	5.000000e+00	0.000000e+00	
1083	3.731000e-07	0.000000e+00	5.000000e+00	0.000000e+00	
1084	3.731100e-07	0.000000e+00	5.000000e+00	0.000000e+00	
1085	3.731300e-07	0.000000e+00	5.000000e+00	0.000000e+00	
1086	3.731700e-07	0.000000e+00	5.000000e+00	0.000000e+00	
1087	3.732000e-07	0.000000e+00	5.000000e+00	0.000000e+00	
1088	3.732080e-07	0.000000e+00	5.000000e+00	0.000000e+00	
1089	3.732240e-07	0.000000e+00	5.000000e+00	0.000000e+00	
1090	3.732560e-07	0.000000e+00	5.000000e+00	0.000000e+00	
1091	3.733200e-07	0.000000e+00	5.000000e+00	0.000000e+00	
1092	3.734480e-07	0.000000e+00	5.000000e+00	0.000000e+00	
1093	3.737040e-07	0.000000e+00	5.000000e+00	0.000000e+00	
1094	3.742160e-07	0.000000e+00	5.000000e+00	0.000000e+00	
1095	3.752400e-07	0.000000e+00	5.000000e+00	0.000000e+00	
1096	3.772880e-07	0.000000e+00	5.000000e+00	0.000000e+00	
1097	3.800000e-07	0.000000e+00	5.000000e+00	0.000000e+00	
1098	3.800100e-07	0.000000e+00	5.000000e+00	0.000000e+00	

Index   time            data_in0        data_in1        data_in2        
--------------------------------------------------------------------------------
1099	3.800300e-07	0.000000e+00	5.000000e+00	0.000000e+00	
1100	3.800700e-07	0.000000e+00	5.000000e+00	0.000000e+00	
1101	3.801000e-07	0.000000e+00	5.000000e+00	0.000000e+00	
1102	3.801080e-07	0.000000e+00	5.000000e+00	0.000000e+00	
1103	3.801240e-07	0.000000e+00	5.000000e+00	0.000000e+00	
1104	3.801560e-07	0.000000e+00	5.000000e+00	0.000000e+00	
1105	3.802200e-07	0.000000e+00	5.000000e+00	0.000000e+00	
1106	3.803480e-07	0.000000e+00	5.000000e+00	0.000000e+00	
1107	3.806040e-07	0.000000e+00	5.000000e+00	0.000000e+00	
1108	3.811160e-07	0.000000e+00	5.000000e+00	0.000000e+00	
1109	3.821400e-07	0.000000e+00	5.000000e+00	0.000000e+00	
1110	3.830000e-07	0.000000e+00	5.000000e+00	0.000000e+00	
1111	3.830100e-07	0.000000e+00	5.000000e+00	0.000000e+00	
1112	3.830300e-07	0.000000e+00	5.000000e+00	0.000000e+00	
1113	3.830700e-07	0.000000e+00	5.000000e+00	0.000000e+00	
1114	3.831000e-07	0.000000e+00	5.000000e+00	0.000000e+00	
1115	3.831080e-07	0.000000e+00	5.000000e+00	0.000000e+00	
1116	3.831240e-07	0.000000e+00	5.000000e+00	0.000000e+00	
1117	3.831560e-07	0.000000e+00	5.000000e+00	0.000000e+00	
1118	3.832200e-07	0.000000e+00	5.000000e+00	0.000000e+00	
1119	3.833480e-07	0.000000e+00	5.000000e+00	0.000000e+00	
1120	3.836040e-07	0.000000e+00	5.000000e+00	0.000000e+00	
1121	3.841160e-07	0.000000e+00	5.000000e+00	0.000000e+00	
1122	3.851400e-07	0.000000e+00	5.000000e+00	0.000000e+00	
1123	3.871880e-07	0.000000e+00	5.000000e+00	0.000000e+00	
1124	3.901000e-07	0.000000e+00	5.000000e+00	0.000000e+00	
1125	3.901100e-07	0.000000e+00	5.000000e+00	0.000000e+00	
1126	3.901300e-07	0.000000e+00	5.000000e+00	0.000000e+00	
1127	3.901700e-07	0.000000e+00	5.000000e+00	0.000000e+00	
1128	3.902000e-07	0.000000e+00	5.000000e+00	0.000000e+00	
1129	3.902080e-07	0.000000e+00	5.000000e+00	0.000000e+00	
1130	3.902240e-07	0.000000e+00	5.000000e+00	0.000000e+00	
1131	3.902560e-07	0.000000e+00	5.000000e+00	0.000000e+00	
1132	3.903200e-07	0.000000e+00	5.000000e+00	0.000000e+00	
1133	3.904480e-07	0.000000e+00	5.000000e+00	0.000000e+00	
1134	3.907040e-07	0.000000e+00	5.000000e+00	0.000000e+00	
1135	3.912160e-07	0.000000e+00	5.000000e+00	0.000000e+00	
1136	3.922400e-07	0.000000e+00	5.000000e+00	0.000000e+00	
1137	3.931000e-07	0.000000e+00	5.000000e+00	0.000000e+00	
1138	3.931100e-07	0.000000e+00	5.000000e+00	0.000000e+00	
1139	3.931300e-07	0.000000e+00	5.000000e+00	0.000000e+00	
1140	3.931700e-07	0.000000e+00	5.000000e+00	0.000000e+00	
1141	3.932000e-07	0.000000e+00	5.000000e+00	0.000000e+00	
1142	3.932080e-07	0.000000e+00	5.000000e+00	0.000000e+00	
1143	3.932240e-07	0.000000e+00	5.000000e+00	0.000000e+00	
1144	3.932560e-07	0.000000e+00	5.000000e+00	0.000000e+00	
1145	3.933200e-07	0.000000e+00	5.000000e+00	0.000000e+00	
1146	3.934480e-07	0.000000e+00	5.000000e+00	0.000000e+00	
1147	3.937040e-07	0.000000e+00	5.000000e+00	0.000000e+00	
1148	3.942160e-07	0.000000e+00	5.000000e+00	0.000000e+00	
1149	3.952400e-07	0.000000e+00	5.000000e+00	0.000000e+00	
1150	3.972880e-07	0.000000e+00	5.000000e+00	0.000000e+00	
1151	4.000000e-07	0.000000e+00	5.000000e+00	0.000000e+00	
1152	4.000100e-07	0.000000e+00	5.000000e+00	0.000000e+00	
1153	4.000300e-07	0.000000e+00	5.000000e+00	0.000000e+00	
1154	4.000700e-07	0.000000e+00	5.000000e+00	0.000000e+00	
1155	4.001000e-07	0.000000e+00	5.000000e+00	0.000000e+00	
1156	4.001080e-07	0.000000e+00	5.000000e+00	0.000000e+00	

Index   time            data_in0        data_in1        data_in2        
--------------------------------------------------------------------------------
1157	4.001240e-07	0.000000e+00	5.000000e+00	0.000000e+00	
1158	4.001560e-07	0.000000e+00	5.000000e+00	0.000000e+00	
1159	4.002200e-07	0.000000e+00	5.000000e+00	0.000000e+00	
1160	4.003480e-07	0.000000e+00	5.000000e+00	0.000000e+00	
1161	4.006040e-07	0.000000e+00	5.000000e+00	0.000000e+00	
1162	4.011160e-07	0.000000e+00	5.000000e+00	0.000000e+00	
1163	4.021400e-07	0.000000e+00	5.000000e+00	0.000000e+00	
1164	4.030000e-07	0.000000e+00	5.000000e+00	0.000000e+00	
1165	4.030100e-07	0.000000e+00	5.000000e+00	0.000000e+00	
1166	4.030300e-07	0.000000e+00	5.000000e+00	0.000000e+00	
1167	4.030700e-07	0.000000e+00	5.000000e+00	0.000000e+00	
1168	4.031000e-07	0.000000e+00	5.000000e+00	0.000000e+00	
1169	4.031080e-07	0.000000e+00	5.000000e+00	0.000000e+00	
1170	4.031240e-07	0.000000e+00	5.000000e+00	0.000000e+00	
1171	4.031560e-07	0.000000e+00	5.000000e+00	0.000000e+00	
1172	4.032200e-07	0.000000e+00	5.000000e+00	0.000000e+00	
1173	4.033480e-07	0.000000e+00	5.000000e+00	0.000000e+00	
1174	4.036040e-07	0.000000e+00	5.000000e+00	0.000000e+00	
1175	4.041160e-07	0.000000e+00	5.000000e+00	0.000000e+00	
1176	4.051400e-07	0.000000e+00	5.000000e+00	0.000000e+00	
1177	4.071880e-07	0.000000e+00	5.000000e+00	0.000000e+00	
1178	4.101000e-07	0.000000e+00	5.000000e+00	0.000000e+00	
1179	4.101100e-07	0.000000e+00	5.000000e+00	0.000000e+00	
1180	4.101300e-07	0.000000e+00	5.000000e+00	0.000000e+00	
1181	4.101700e-07	0.000000e+00	5.000000e+00	0.000000e+00	
1182	4.102000e-07	0.000000e+00	5.000000e+00	0.000000e+00	
1183	4.102080e-07	0.000000e+00	5.000000e+00	0.000000e+00	
1184	4.102240e-07	0.000000e+00	5.000000e+00	0.000000e+00	
1185	4.102560e-07	0.000000e+00	5.000000e+00	0.000000e+00	
1186	4.103200e-07	0.000000e+00	5.000000e+00	0.000000e+00	
1187	4.104480e-07	0.000000e+00	5.000000e+00	0.000000e+00	
1188	4.107040e-07	0.000000e+00	5.000000e+00	0.000000e+00	
1189	4.112160e-07	0.000000e+00	5.000000e+00	0.000000e+00	
1190	4.122400e-07	0.000000e+00	5.000000e+00	0.000000e+00	
1191	4.131000e-07	0.000000e+00	5.000000e+00	0.000000e+00	
1192	4.131100e-07	0.000000e+00	5.000000e+00	0.000000e+00	
1193	4.131300e-07	0.000000e+00	5.000000e+00	0.000000e+00	
1194	4.131700e-07	0.000000e+00	5.000000e+00	0.000000e+00	
1195	4.132000e-07	0.000000e+00	5.000000e+00	0.000000e+00	
1196	4.132080e-07	0.000000e+00	5.000000e+00	0.000000e+00	
1197	4.132240e-07	0.000000e+00	5.000000e+00	0.000000e+00	
1198	4.132560e-07	0.000000e+00	5.000000e+00	0.000000e+00	
1199	4.133200e-07	0.000000e+00	5.000000e+00	0.000000e+00	
1200	4.134480e-07	0.000000e+00	5.000000e+00	0.000000e+00	
1201	4.137040e-07	0.000000e+00	5.000000e+00	0.000000e+00	
1202	4.142160e-07	0.000000e+00	5.000000e+00	0.000000e+00	
1203	4.152400e-07	0.000000e+00	5.000000e+00	0.000000e+00	
1204	4.172880e-07	0.000000e+00	5.000000e+00	0.000000e+00	
1205	4.200000e-07	0.000000e+00	5.000000e+00	0.000000e+00	
1206	4.200100e-07	0.000000e+00	5.000000e+00	0.000000e+00	
1207	4.200300e-07	0.000000e+00	5.000000e+00	0.000000e+00	
1208	4.200700e-07	0.000000e+00	5.000000e+00	0.000000e+00	
1209	4.201000e-07	0.000000e+00	5.000000e+00	0.000000e+00	
1210	4.201080e-07	0.000000e+00	5.000000e+00	0.000000e+00	
1211	4.201240e-07	0.000000e+00	5.000000e+00	0.000000e+00	
1212	4.201560e-07	0.000000e+00	5.000000e+00	0.000000e+00	
1213	4.202200e-07	0.000000e+00	5.000000e+00	0.000000e+00	
1214	4.203480e-07	0.000000e+00	5.000000e+00	0.000000e+00	

Index   time            data_in0        data_in1        data_in2        
--------------------------------------------------------------------------------
1215	4.206040e-07	0.000000e+00	5.000000e+00	0.000000e+00	
1216	4.211160e-07	0.000000e+00	5.000000e+00	0.000000e+00	
1217	4.221400e-07	0.000000e+00	5.000000e+00	0.000000e+00	
1218	4.230000e-07	0.000000e+00	5.000000e+00	0.000000e+00	
1219	4.230100e-07	0.000000e+00	5.000000e+00	0.000000e+00	
1220	4.230300e-07	0.000000e+00	5.000000e+00	0.000000e+00	
1221	4.230700e-07	0.000000e+00	5.000000e+00	0.000000e+00	
1222	4.231000e-07	0.000000e+00	5.000000e+00	0.000000e+00	
1223	4.231080e-07	0.000000e+00	5.000000e+00	0.000000e+00	
1224	4.231240e-07	0.000000e+00	5.000000e+00	0.000000e+00	
1225	4.231560e-07	0.000000e+00	5.000000e+00	0.000000e+00	
1226	4.232200e-07	0.000000e+00	5.000000e+00	0.000000e+00	
1227	4.233480e-07	0.000000e+00	5.000000e+00	0.000000e+00	
1228	4.236040e-07	0.000000e+00	5.000000e+00	0.000000e+00	
1229	4.241160e-07	0.000000e+00	5.000000e+00	0.000000e+00	
1230	4.251400e-07	0.000000e+00	5.000000e+00	0.000000e+00	
1231	4.271880e-07	0.000000e+00	5.000000e+00	0.000000e+00	
1232	4.301000e-07	0.000000e+00	5.000000e+00	0.000000e+00	
1233	4.301100e-07	0.000000e+00	5.000000e+00	0.000000e+00	
1234	4.301300e-07	0.000000e+00	5.000000e+00	0.000000e+00	
1235	4.301700e-07	0.000000e+00	5.000000e+00	0.000000e+00	
1236	4.302000e-07	0.000000e+00	5.000000e+00	0.000000e+00	
1237	4.302080e-07	0.000000e+00	5.000000e+00	0.000000e+00	
1238	4.302240e-07	0.000000e+00	5.000000e+00	0.000000e+00	
1239	4.302560e-07	0.000000e+00	5.000000e+00	0.000000e+00	
1240	4.303200e-07	0.000000e+00	5.000000e+00	0.000000e+00	
1241	4.304480e-07	0.000000e+00	5.000000e+00	0.000000e+00	
1242	4.307040e-07	0.000000e+00	5.000000e+00	0.000000e+00	
1243	4.312160e-07	0.000000e+00	5.000000e+00	0.000000e+00	
1244	4.322400e-07	0.000000e+00	5.000000e+00	0.000000e+00	
1245	4.331000e-07	0.000000e+00	5.000000e+00	0.000000e+00	
1246	4.331100e-07	0.000000e+00	5.000000e+00	0.000000e+00	
1247	4.331300e-07	0.000000e+00	5.000000e+00	0.000000e+00	
1248	4.331700e-07	0.000000e+00	5.000000e+00	0.000000e+00	
1249	4.332000e-07	0.000000e+00	5.000000e+00	0.000000e+00	
1250	4.332080e-07	0.000000e+00	5.000000e+00	0.000000e+00	
1251	4.332240e-07	0.000000e+00	5.000000e+00	0.000000e+00	
1252	4.332560e-07	0.000000e+00	5.000000e+00	0.000000e+00	
1253	4.333200e-07	0.000000e+00	5.000000e+00	0.000000e+00	
1254	4.334480e-07	0.000000e+00	5.000000e+00	0.000000e+00	
1255	4.337040e-07	0.000000e+00	5.000000e+00	0.000000e+00	
1256	4.342160e-07	0.000000e+00	5.000000e+00	0.000000e+00	
1257	4.352400e-07	0.000000e+00	5.000000e+00	0.000000e+00	
1258	4.372880e-07	0.000000e+00	5.000000e+00	0.000000e+00	
1259	4.400000e-07	0.000000e+00	5.000000e+00	0.000000e+00	
1260	4.400100e-07	0.000000e+00	5.000000e+00	0.000000e+00	
1261	4.400300e-07	0.000000e+00	5.000000e+00	0.000000e+00	
1262	4.400700e-07	0.000000e+00	5.000000e+00	0.000000e+00	
1263	4.401000e-07	0.000000e+00	5.000000e+00	0.000000e+00	
1264	4.401080e-07	0.000000e+00	5.000000e+00	0.000000e+00	
1265	4.401240e-07	0.000000e+00	5.000000e+00	0.000000e+00	
1266	4.401560e-07	0.000000e+00	5.000000e+00	0.000000e+00	
1267	4.402200e-07	0.000000e+00	5.000000e+00	0.000000e+00	
1268	4.403480e-07	0.000000e+00	5.000000e+00	0.000000e+00	
1269	4.406040e-07	0.000000e+00	5.000000e+00	0.000000e+00	
1270	4.411160e-07	0.000000e+00	5.000000e+00	0.000000e+00	
1271	4.421400e-07	0.000000e+00	5.000000e+00	0.000000e+00	
1272	4.430000e-07	0.000000e+00	5.000000e+00	0.000000e+00	

Index   time            data_in0        data_in1        data_in2        
--------------------------------------------------------------------------------
1273	4.430100e-07	0.000000e+00	5.000000e+00	0.000000e+00	
1274	4.430300e-07	0.000000e+00	5.000000e+00	0.000000e+00	
1275	4.430700e-07	0.000000e+00	5.000000e+00	0.000000e+00	
1276	4.431000e-07	0.000000e+00	5.000000e+00	0.000000e+00	
1277	4.431080e-07	0.000000e+00	5.000000e+00	0.000000e+00	
1278	4.431240e-07	0.000000e+00	5.000000e+00	0.000000e+00	
1279	4.431560e-07	0.000000e+00	5.000000e+00	0.000000e+00	
1280	4.432200e-07	0.000000e+00	5.000000e+00	0.000000e+00	
1281	4.433480e-07	0.000000e+00	5.000000e+00	0.000000e+00	
1282	4.436040e-07	0.000000e+00	5.000000e+00	0.000000e+00	
1283	4.441160e-07	0.000000e+00	5.000000e+00	0.000000e+00	
1284	4.451400e-07	0.000000e+00	5.000000e+00	0.000000e+00	
1285	4.471880e-07	0.000000e+00	5.000000e+00	0.000000e+00	
1286	4.501000e-07	0.000000e+00	5.000000e+00	0.000000e+00	
1287	4.501100e-07	0.000000e+00	5.000000e+00	0.000000e+00	
1288	4.501300e-07	0.000000e+00	5.000000e+00	0.000000e+00	
1289	4.501700e-07	0.000000e+00	5.000000e+00	0.000000e+00	
1290	4.502000e-07	0.000000e+00	5.000000e+00	0.000000e+00	
1291	4.502080e-07	0.000000e+00	5.000000e+00	0.000000e+00	
1292	4.502240e-07	0.000000e+00	5.000000e+00	0.000000e+00	
1293	4.502560e-07	0.000000e+00	5.000000e+00	0.000000e+00	
1294	4.503200e-07	0.000000e+00	5.000000e+00	0.000000e+00	
1295	4.504480e-07	0.000000e+00	5.000000e+00	0.000000e+00	
1296	4.507040e-07	0.000000e+00	5.000000e+00	0.000000e+00	
1297	4.512160e-07	0.000000e+00	5.000000e+00	0.000000e+00	
1298	4.522400e-07	0.000000e+00	5.000000e+00	0.000000e+00	
1299	4.531000e-07	0.000000e+00	5.000000e+00	0.000000e+00	
1300	4.531100e-07	0.000000e+00	5.000000e+00	0.000000e+00	
1301	4.531300e-07	0.000000e+00	5.000000e+00	0.000000e+00	
1302	4.531700e-07	0.000000e+00	5.000000e+00	0.000000e+00	
1303	4.532000e-07	0.000000e+00	5.000000e+00	0.000000e+00	
1304	4.532080e-07	0.000000e+00	5.000000e+00	0.000000e+00	
1305	4.532240e-07	0.000000e+00	5.000000e+00	0.000000e+00	
1306	4.532560e-07	0.000000e+00	5.000000e+00	0.000000e+00	
1307	4.533200e-07	0.000000e+00	5.000000e+00	0.000000e+00	
1308	4.534480e-07	0.000000e+00	5.000000e+00	0.000000e+00	
1309	4.537040e-07	0.000000e+00	5.000000e+00	0.000000e+00	
1310	4.542160e-07	0.000000e+00	5.000000e+00	0.000000e+00	
1311	4.552400e-07	0.000000e+00	5.000000e+00	0.000000e+00	
1312	4.572880e-07	0.000000e+00	5.000000e+00	0.000000e+00	
1313	4.600000e-07	0.000000e+00	5.000000e+00	0.000000e+00	
1314	4.600100e-07	0.000000e+00	5.000000e+00	0.000000e+00	
1315	4.600300e-07	0.000000e+00	5.000000e+00	0.000000e+00	
1316	4.600700e-07	0.000000e+00	5.000000e+00	0.000000e+00	
1317	4.601000e-07	0.000000e+00	5.000000e+00	0.000000e+00	
1318	4.601080e-07	0.000000e+00	5.000000e+00	0.000000e+00	
1319	4.601240e-07	0.000000e+00	5.000000e+00	0.000000e+00	
1320	4.601560e-07	0.000000e+00	5.000000e+00	0.000000e+00	
1321	4.602200e-07	0.000000e+00	5.000000e+00	0.000000e+00	
1322	4.603480e-07	0.000000e+00	5.000000e+00	0.000000e+00	
1323	4.606040e-07	0.000000e+00	5.000000e+00	0.000000e+00	
1324	4.611160e-07	0.000000e+00	5.000000e+00	0.000000e+00	
1325	4.621400e-07	0.000000e+00	5.000000e+00	0.000000e+00	
1326	4.630000e-07	0.000000e+00	5.000000e+00	0.000000e+00	
1327	4.630100e-07	0.000000e+00	5.000000e+00	0.000000e+00	
1328	4.630300e-07	0.000000e+00	5.000000e+00	0.000000e+00	
1329	4.630700e-07	0.000000e+00	5.000000e+00	0.000000e+00	
1330	4.631000e-07	0.000000e+00	5.000000e+00	0.000000e+00	

Index   time            data_in0        data_in1        data_in2        
--------------------------------------------------------------------------------
1331	4.631080e-07	0.000000e+00	5.000000e+00	0.000000e+00	
1332	4.631240e-07	0.000000e+00	5.000000e+00	0.000000e+00	
1333	4.631560e-07	0.000000e+00	5.000000e+00	0.000000e+00	
1334	4.632200e-07	0.000000e+00	5.000000e+00	0.000000e+00	
1335	4.633480e-07	0.000000e+00	5.000000e+00	0.000000e+00	
1336	4.636040e-07	0.000000e+00	5.000000e+00	0.000000e+00	
1337	4.641160e-07	0.000000e+00	5.000000e+00	0.000000e+00	
1338	4.651400e-07	0.000000e+00	5.000000e+00	0.000000e+00	
1339	4.671880e-07	0.000000e+00	5.000000e+00	0.000000e+00	
1340	4.701000e-07	0.000000e+00	5.000000e+00	0.000000e+00	
1341	4.701100e-07	0.000000e+00	5.000000e+00	0.000000e+00	
1342	4.701300e-07	0.000000e+00	5.000000e+00	0.000000e+00	
1343	4.701700e-07	0.000000e+00	5.000000e+00	0.000000e+00	
1344	4.702000e-07	0.000000e+00	5.000000e+00	0.000000e+00	
1345	4.702080e-07	0.000000e+00	5.000000e+00	0.000000e+00	
1346	4.702240e-07	0.000000e+00	5.000000e+00	0.000000e+00	
1347	4.702560e-07	0.000000e+00	5.000000e+00	0.000000e+00	
1348	4.703200e-07	0.000000e+00	5.000000e+00	0.000000e+00	
1349	4.704480e-07	0.000000e+00	5.000000e+00	0.000000e+00	
1350	4.707040e-07	0.000000e+00	5.000000e+00	0.000000e+00	
1351	4.712160e-07	0.000000e+00	5.000000e+00	0.000000e+00	
1352	4.722400e-07	0.000000e+00	5.000000e+00	0.000000e+00	
1353	4.731000e-07	0.000000e+00	5.000000e+00	0.000000e+00	
1354	4.731100e-07	0.000000e+00	5.000000e+00	0.000000e+00	
1355	4.731300e-07	0.000000e+00	5.000000e+00	0.000000e+00	
1356	4.731700e-07	0.000000e+00	5.000000e+00	0.000000e+00	
1357	4.732000e-07	0.000000e+00	5.000000e+00	0.000000e+00	
1358	4.732080e-07	0.000000e+00	5.000000e+00	0.000000e+00	
1359	4.732240e-07	0.000000e+00	5.000000e+00	0.000000e+00	
1360	4.732560e-07	0.000000e+00	5.000000e+00	0.000000e+00	
1361	4.733200e-07	0.000000e+00	5.000000e+00	0.000000e+00	
1362	4.734480e-07	0.000000e+00	5.000000e+00	0.000000e+00	
1363	4.737040e-07	0.000000e+00	5.000000e+00	0.000000e+00	
1364	4.742160e-07	0.000000e+00	5.000000e+00	0.000000e+00	
1365	4.752400e-07	0.000000e+00	5.000000e+00	0.000000e+00	
1366	4.772880e-07	0.000000e+00	5.000000e+00	0.000000e+00	
1367	4.800000e-07	0.000000e+00	5.000000e+00	0.000000e+00	
1368	4.800100e-07	0.000000e+00	5.000000e+00	0.000000e+00	
1369	4.800300e-07	0.000000e+00	5.000000e+00	0.000000e+00	
1370	4.800700e-07	0.000000e+00	5.000000e+00	0.000000e+00	
1371	4.801000e-07	0.000000e+00	5.000000e+00	0.000000e+00	
1372	4.801080e-07	0.000000e+00	5.000000e+00	0.000000e+00	
1373	4.801240e-07	0.000000e+00	5.000000e+00	0.000000e+00	
1374	4.801560e-07	0.000000e+00	5.000000e+00	0.000000e+00	
1375	4.802200e-07	0.000000e+00	5.000000e+00	0.000000e+00	
1376	4.803480e-07	0.000000e+00	5.000000e+00	0.000000e+00	
1377	4.806040e-07	0.000000e+00	5.000000e+00	0.000000e+00	
1378	4.811160e-07	0.000000e+00	5.000000e+00	0.000000e+00	
1379	4.821400e-07	0.000000e+00	5.000000e+00	0.000000e+00	
1380	4.830000e-07	0.000000e+00	5.000000e+00	0.000000e+00	
1381	4.830100e-07	0.000000e+00	5.000000e+00	0.000000e+00	
1382	4.830300e-07	0.000000e+00	5.000000e+00	0.000000e+00	
1383	4.830700e-07	0.000000e+00	5.000000e+00	0.000000e+00	
1384	4.831000e-07	0.000000e+00	5.000000e+00	0.000000e+00	
1385	4.831080e-07	0.000000e+00	5.000000e+00	0.000000e+00	
1386	4.831240e-07	0.000000e+00	5.000000e+00	0.000000e+00	
1387	4.831560e-07	0.000000e+00	5.000000e+00	0.000000e+00	
1388	4.832200e-07	0.000000e+00	5.000000e+00	0.000000e+00	

Index   time            data_in0        data_in1        data_in2        
--------------------------------------------------------------------------------
1389	4.833480e-07	0.000000e+00	5.000000e+00	0.000000e+00	
1390	4.836040e-07	0.000000e+00	5.000000e+00	0.000000e+00	
1391	4.841160e-07	0.000000e+00	5.000000e+00	0.000000e+00	
1392	4.851400e-07	0.000000e+00	5.000000e+00	0.000000e+00	
1393	4.871880e-07	0.000000e+00	5.000000e+00	0.000000e+00	
1394	4.901000e-07	0.000000e+00	5.000000e+00	0.000000e+00	
1395	4.901100e-07	0.000000e+00	5.000000e+00	0.000000e+00	
1396	4.901300e-07	0.000000e+00	5.000000e+00	0.000000e+00	
1397	4.901700e-07	0.000000e+00	5.000000e+00	0.000000e+00	
1398	4.902000e-07	0.000000e+00	5.000000e+00	0.000000e+00	
1399	4.902080e-07	0.000000e+00	5.000000e+00	0.000000e+00	
1400	4.902240e-07	0.000000e+00	5.000000e+00	0.000000e+00	
1401	4.902560e-07	0.000000e+00	5.000000e+00	0.000000e+00	
1402	4.903200e-07	0.000000e+00	5.000000e+00	0.000000e+00	
1403	4.904480e-07	0.000000e+00	5.000000e+00	0.000000e+00	
1404	4.907040e-07	0.000000e+00	5.000000e+00	0.000000e+00	
1405	4.912160e-07	0.000000e+00	5.000000e+00	0.000000e+00	
1406	4.922400e-07	0.000000e+00	5.000000e+00	0.000000e+00	
1407	4.931000e-07	0.000000e+00	5.000000e+00	0.000000e+00	
1408	4.931100e-07	0.000000e+00	5.000000e+00	0.000000e+00	
1409	4.931300e-07	0.000000e+00	5.000000e+00	0.000000e+00	
1410	4.931700e-07	0.000000e+00	5.000000e+00	0.000000e+00	
1411	4.932000e-07	0.000000e+00	5.000000e+00	0.000000e+00	
1412	4.932080e-07	0.000000e+00	5.000000e+00	0.000000e+00	
1413	4.932240e-07	0.000000e+00	5.000000e+00	0.000000e+00	
1414	4.932560e-07	0.000000e+00	5.000000e+00	0.000000e+00	
1415	4.933200e-07	0.000000e+00	5.000000e+00	0.000000e+00	
1416	4.934480e-07	0.000000e+00	5.000000e+00	0.000000e+00	
1417	4.937040e-07	0.000000e+00	5.000000e+00	0.000000e+00	
1418	4.942160e-07	0.000000e+00	5.000000e+00	0.000000e+00	
1419	4.952400e-07	0.000000e+00	5.000000e+00	0.000000e+00	
1420	4.972880e-07	0.000000e+00	5.000000e+00	0.000000e+00	
1421	5.000000e-07	0.000000e+00	5.000000e+00	0.000000e+00	

                                kicad schematic
                                Transient Analysis  Mon Jul 06 20:03:07  2026
--------------------------------------------------------------------------------
Index   time            data_in3        error           rst             
--------------------------------------------------------------------------------
0	0.000000e+00	5.000000e+00	0.000000e+00	5.000000e+00	
1	1.000000e-12	5.000000e+00	0.000000e+00	5.000000e+00	
2	2.000000e-12	5.000000e+00	0.000000e+00	5.000000e+00	
3	4.000000e-12	5.000000e+00	0.000000e+00	5.000000e+00	
4	8.000000e-12	5.000000e+00	0.000000e+00	5.000000e+00	
5	1.600000e-11	5.000000e+00	0.000000e+00	5.000000e+00	
6	3.200000e-11	5.000000e+00	0.000000e+00	5.000000e+00	
7	6.400000e-11	5.000000e+00	0.000000e+00	5.000000e+00	
8	1.000000e-10	5.000000e+00	0.000000e+00	5.000000e+00	
9	1.064000e-10	5.000000e+00	0.000000e+00	5.000000e+00	
10	1.192000e-10	5.000000e+00	0.000000e+00	5.000000e+00	
11	1.448000e-10	5.000000e+00	0.000000e+00	5.000000e+00	
12	1.960000e-10	5.000000e+00	0.000000e+00	5.000000e+00	
13	2.984000e-10	5.000000e+00	0.000000e+00	5.000000e+00	
14	5.032000e-10	5.000000e+00	0.000000e+00	5.000000e+00	
15	9.128000e-10	5.000000e+00	0.000000e+00	5.000000e+00	
16	1.732000e-09	5.000000e+00	0.000000e+00	5.000000e+00	
17	3.000000e-09	5.000000e+00	0.000000e+00	5.000000e+00	
18	3.010000e-09	5.000000e+00	0.000000e+00	5.000000e+00	
19	3.030000e-09	5.000000e+00	0.000000e+00	5.000000e+00	
20	3.070000e-09	5.000000e+00	0.000000e+00	5.000000e+00	
21	3.100000e-09	5.000000e+00	0.000000e+00	5.000000e+00	
22	3.108000e-09	5.000000e+00	0.000000e+00	5.000000e+00	
23	3.124000e-09	5.000000e+00	0.000000e+00	5.000000e+00	
24	3.156000e-09	5.000000e+00	0.000000e+00	5.000000e+00	
25	3.220000e-09	5.000000e+00	0.000000e+00	5.000000e+00	
26	3.348000e-09	5.000000e+00	0.000000e+00	5.000000e+00	
27	3.604000e-09	5.000000e+00	0.000000e+00	5.000000e+00	
28	4.116000e-09	5.000000e+00	0.000000e+00	5.000000e+00	
29	5.140000e-09	5.000000e+00	0.000000e+00	5.000000e+00	
30	7.188000e-09	5.000000e+00	0.000000e+00	5.000000e+00	
31	1.010000e-08	5.000000e+00	0.000000e+00	5.000000e+00	
32	1.011000e-08	5.000000e+00	0.000000e+00	5.000000e+00	
33	1.013000e-08	5.000000e+00	0.000000e+00	5.000000e+00	
34	1.017000e-08	5.000000e+00	0.000000e+00	5.000000e+00	
35	1.020000e-08	5.000000e+00	0.000000e+00	5.000000e+00	
36	1.020800e-08	5.000000e+00	0.000000e+00	5.000000e+00	
37	1.022400e-08	5.000000e+00	0.000000e+00	5.000000e+00	
38	1.025600e-08	5.000000e+00	0.000000e+00	5.000000e+00	
39	1.032000e-08	5.000000e+00	0.000000e+00	5.000000e+00	
40	1.044800e-08	5.000000e+00	0.000000e+00	5.000000e+00	
41	1.070400e-08	5.000000e+00	0.000000e+00	5.000000e+00	
42	1.121600e-08	5.000000e+00	0.000000e+00	5.000000e+00	
43	1.224000e-08	5.000000e+00	0.000000e+00	5.000000e+00	
44	1.310000e-08	5.000000e+00	0.000000e+00	5.000000e+00	
45	1.311000e-08	5.000000e+00	0.000000e+00	5.000000e+00	
46	1.313000e-08	5.000000e+00	0.000000e+00	5.000000e+00	
47	1.317000e-08	5.000000e+00	0.000000e+00	5.000000e+00	
48	1.320000e-08	5.000000e+00	0.000000e+00	5.000000e+00	
49	1.320800e-08	5.000000e+00	0.000000e+00	5.000000e+00	
50	1.322400e-08	5.000000e+00	0.000000e+00	5.000000e+00	
51	1.325600e-08	5.000000e+00	0.000000e+00	5.000000e+00	
52	1.332000e-08	5.000000e+00	0.000000e+00	5.000000e+00	
53	1.344800e-08	5.000000e+00	0.000000e+00	5.000000e+00	
54	1.370400e-08	5.000000e+00	0.000000e+00	5.000000e+00	

Index   time            data_in3        error           rst             
--------------------------------------------------------------------------------
55	1.421600e-08	5.000000e+00	0.000000e+00	5.000000e+00	
56	1.524000e-08	5.000000e+00	0.000000e+00	5.000000e+00	
57	1.728800e-08	5.000000e+00	0.000000e+00	5.000000e+00	
58	2.000000e-08	5.000000e+00	0.000000e+00	5.000000e+00	
59	2.001000e-08	5.000000e+00	0.000000e+00	4.500000e+00	
60	2.003000e-08	5.000000e+00	0.000000e+00	3.500000e+00	
61	2.007000e-08	5.000000e+00	0.000000e+00	1.500000e+00	
62	2.010000e-08	5.000000e+00	0.000000e+00	1.652012e-13	
63	2.010800e-08	5.000000e+00	0.000000e+00	0.000000e+00	
64	2.012400e-08	5.000000e+00	0.000000e+00	0.000000e+00	
65	2.015600e-08	5.000000e+00	0.000000e+00	0.000000e+00	
66	2.022000e-08	5.000000e+00	0.000000e+00	0.000000e+00	
67	2.034800e-08	5.000000e+00	0.000000e+00	0.000000e+00	
68	2.060400e-08	5.000000e+00	0.000000e+00	0.000000e+00	
69	2.111600e-08	5.000000e+00	0.000000e+00	0.000000e+00	
70	2.214000e-08	5.000000e+00	0.000000e+00	0.000000e+00	
71	2.300000e-08	5.000000e+00	0.000000e+00	0.000000e+00	
72	2.301000e-08	5.000000e+00	0.000000e+00	0.000000e+00	
73	2.303000e-08	5.000000e+00	0.000000e+00	0.000000e+00	
74	2.307000e-08	5.000000e+00	0.000000e+00	0.000000e+00	
75	2.310000e-08	5.000000e+00	0.000000e+00	0.000000e+00	
76	2.310800e-08	5.000000e+00	0.000000e+00	0.000000e+00	
77	2.312400e-08	5.000000e+00	0.000000e+00	0.000000e+00	
78	2.315600e-08	5.000000e+00	0.000000e+00	0.000000e+00	
79	2.322000e-08	5.000000e+00	0.000000e+00	0.000000e+00	
80	2.334800e-08	5.000000e+00	0.000000e+00	0.000000e+00	
81	2.360400e-08	5.000000e+00	0.000000e+00	0.000000e+00	
82	2.411600e-08	5.000000e+00	0.000000e+00	0.000000e+00	
83	2.514000e-08	5.000000e+00	0.000000e+00	0.000000e+00	
84	2.718800e-08	5.000000e+00	0.000000e+00	0.000000e+00	
85	3.010000e-08	5.000000e+00	0.000000e+00	0.000000e+00	
86	3.011000e-08	5.000000e+00	0.000000e+00	0.000000e+00	
87	3.013000e-08	5.000000e+00	0.000000e+00	0.000000e+00	
88	3.017000e-08	5.000000e+00	0.000000e+00	0.000000e+00	
89	3.020000e-08	5.000000e+00	0.000000e+00	0.000000e+00	
90	3.020800e-08	5.000000e+00	0.000000e+00	0.000000e+00	
91	3.022400e-08	5.000000e+00	0.000000e+00	0.000000e+00	
92	3.025600e-08	5.000000e+00	0.000000e+00	0.000000e+00	
93	3.032000e-08	5.000000e+00	0.000000e+00	0.000000e+00	
94	3.044800e-08	5.000000e+00	0.000000e+00	0.000000e+00	
95	3.070400e-08	5.000000e+00	0.000000e+00	0.000000e+00	
96	3.121600e-08	5.000000e+00	0.000000e+00	0.000000e+00	
97	3.224000e-08	5.000000e+00	0.000000e+00	0.000000e+00	
98	3.310000e-08	5.000000e+00	0.000000e+00	0.000000e+00	
99	3.311000e-08	5.000000e+00	0.000000e+00	0.000000e+00	
100	3.313000e-08	5.000000e+00	0.000000e+00	0.000000e+00	
101	3.317000e-08	5.000000e+00	0.000000e+00	0.000000e+00	
102	3.320000e-08	5.000000e+00	0.000000e+00	0.000000e+00	
103	3.320800e-08	5.000000e+00	0.000000e+00	0.000000e+00	
104	3.322400e-08	5.000000e+00	0.000000e+00	0.000000e+00	
105	3.325600e-08	5.000000e+00	0.000000e+00	0.000000e+00	
106	3.332000e-08	5.000000e+00	0.000000e+00	0.000000e+00	
107	3.344800e-08	5.000000e+00	0.000000e+00	0.000000e+00	
108	3.370400e-08	5.000000e+00	0.000000e+00	0.000000e+00	
109	3.421600e-08	5.000000e+00	0.000000e+00	0.000000e+00	
110	3.524000e-08	5.000000e+00	0.000000e+00	0.000000e+00	
111	3.728800e-08	5.000000e+00	0.000000e+00	0.000000e+00	
112	4.000000e-08	5.000000e+00	0.000000e+00	0.000000e+00	

Index   time            data_in3        error           rst             
--------------------------------------------------------------------------------
113	4.001000e-08	5.000000e+00	0.000000e+00	0.000000e+00	
114	4.003000e-08	5.000000e+00	0.000000e+00	0.000000e+00	
115	4.007000e-08	5.000000e+00	0.000000e+00	0.000000e+00	
116	4.010000e-08	5.000000e+00	0.000000e+00	0.000000e+00	
117	4.010800e-08	5.000000e+00	0.000000e+00	0.000000e+00	
118	4.012400e-08	5.000000e+00	0.000000e+00	0.000000e+00	
119	4.015600e-08	5.000000e+00	0.000000e+00	0.000000e+00	
120	4.022000e-08	5.000000e+00	0.000000e+00	0.000000e+00	
121	4.034800e-08	5.000000e+00	0.000000e+00	0.000000e+00	
122	4.060400e-08	5.000000e+00	0.000000e+00	0.000000e+00	
123	4.111600e-08	5.000000e+00	0.000000e+00	0.000000e+00	
124	4.214000e-08	5.000000e+00	0.000000e+00	0.000000e+00	
125	4.300000e-08	5.000000e+00	0.000000e+00	0.000000e+00	
126	4.301000e-08	5.000000e+00	0.000000e+00	0.000000e+00	
127	4.303000e-08	5.000000e+00	0.000000e+00	0.000000e+00	
128	4.307000e-08	5.000000e+00	0.000000e+00	0.000000e+00	
129	4.310000e-08	5.000000e+00	0.000000e+00	0.000000e+00	
130	4.310800e-08	5.000000e+00	0.000000e+00	0.000000e+00	
131	4.312400e-08	5.000000e+00	0.000000e+00	0.000000e+00	
132	4.315600e-08	5.000000e+00	0.000000e+00	0.000000e+00	
133	4.322000e-08	5.000000e+00	0.000000e+00	0.000000e+00	
134	4.334800e-08	5.000000e+00	0.000000e+00	0.000000e+00	
135	4.360400e-08	5.000000e+00	0.000000e+00	0.000000e+00	
136	4.411600e-08	5.000000e+00	0.000000e+00	0.000000e+00	
137	4.503000e-08	5.000000e+00	0.000000e+00	0.000000e+00	
138	4.513000e-08	5.000000e+00	0.000000e+00	0.000000e+00	
139	4.533000e-08	5.000000e+00	0.000000e+00	0.000000e+00	
140	4.573000e-08	5.000000e+00	0.000000e+00	0.000000e+00	
141	4.603000e-08	5.000000e+00	0.000000e+00	0.000000e+00	
142	4.611000e-08	5.000000e+00	0.000000e+00	0.000000e+00	
143	4.627000e-08	5.000000e+00	0.000000e+00	0.000000e+00	
144	4.659000e-08	5.000000e+00	0.000000e+00	0.000000e+00	
145	4.723000e-08	5.000000e+00	0.000000e+00	0.000000e+00	
146	4.851000e-08	5.000000e+00	0.000000e+00	0.000000e+00	
147	5.010000e-08	5.000000e+00	0.000000e+00	0.000000e+00	
148	5.011000e-08	5.000000e+00	0.000000e+00	0.000000e+00	
149	5.013000e-08	5.000000e+00	0.000000e+00	0.000000e+00	
150	5.017000e-08	5.000000e+00	0.000000e+00	0.000000e+00	
151	5.020000e-08	5.000000e+00	0.000000e+00	0.000000e+00	
152	5.020800e-08	5.000000e+00	0.000000e+00	0.000000e+00	
153	5.022400e-08	5.000000e+00	0.000000e+00	0.000000e+00	
154	5.025600e-08	5.000000e+00	0.000000e+00	0.000000e+00	
155	5.032000e-08	5.000000e+00	0.000000e+00	0.000000e+00	
156	5.044800e-08	5.000000e+00	0.000000e+00	0.000000e+00	
157	5.070400e-08	5.000000e+00	0.000000e+00	0.000000e+00	
158	5.121600e-08	5.000000e+00	0.000000e+00	0.000000e+00	
159	5.224000e-08	5.000000e+00	0.000000e+00	0.000000e+00	
160	5.310000e-08	5.000000e+00	0.000000e+00	0.000000e+00	
161	5.311000e-08	5.000000e+00	0.000000e+00	0.000000e+00	
162	5.313000e-08	5.000000e+00	0.000000e+00	0.000000e+00	
163	5.317000e-08	5.000000e+00	0.000000e+00	0.000000e+00	
164	5.320000e-08	5.000000e+00	0.000000e+00	0.000000e+00	
165	5.320800e-08	5.000000e+00	0.000000e+00	0.000000e+00	
166	5.322400e-08	5.000000e+00	0.000000e+00	0.000000e+00	
167	5.325600e-08	5.000000e+00	0.000000e+00	0.000000e+00	
168	5.332000e-08	5.000000e+00	0.000000e+00	0.000000e+00	
169	5.344800e-08	5.000000e+00	0.000000e+00	0.000000e+00	
170	5.370400e-08	5.000000e+00	0.000000e+00	0.000000e+00	

Index   time            data_in3        error           rst             
--------------------------------------------------------------------------------
171	5.421600e-08	5.000000e+00	0.000000e+00	0.000000e+00	
172	5.524000e-08	5.000000e+00	0.000000e+00	0.000000e+00	
173	5.728800e-08	5.000000e+00	0.000000e+00	0.000000e+00	
174	6.000000e-08	5.000000e+00	0.000000e+00	0.000000e+00	
175	6.001000e-08	4.500000e+00	0.000000e+00	0.000000e+00	
176	6.003000e-08	3.500000e+00	0.000000e+00	0.000000e+00	
177	6.007000e-08	1.500000e+00	0.000000e+00	0.000000e+00	
178	6.010000e-08	1.323386e-12	0.000000e+00	0.000000e+00	
179	6.010800e-08	0.000000e+00	0.000000e+00	0.000000e+00	
180	6.012400e-08	0.000000e+00	0.000000e+00	0.000000e+00	
181	6.015600e-08	0.000000e+00	0.000000e+00	0.000000e+00	
182	6.022000e-08	0.000000e+00	0.000000e+00	0.000000e+00	
183	6.034800e-08	0.000000e+00	0.000000e+00	0.000000e+00	
184	6.060400e-08	0.000000e+00	0.000000e+00	0.000000e+00	
185	6.111600e-08	0.000000e+00	0.000000e+00	0.000000e+00	
186	6.214000e-08	0.000000e+00	0.000000e+00	0.000000e+00	
187	6.300000e-08	0.000000e+00	0.000000e+00	0.000000e+00	
188	6.301000e-08	0.000000e+00	0.000000e+00	0.000000e+00	
189	6.303000e-08	0.000000e+00	0.000000e+00	0.000000e+00	
190	6.307000e-08	0.000000e+00	0.000000e+00	0.000000e+00	
191	6.310000e-08	0.000000e+00	0.000000e+00	0.000000e+00	
192	6.310800e-08	0.000000e+00	0.000000e+00	0.000000e+00	
193	6.312400e-08	0.000000e+00	0.000000e+00	0.000000e+00	
194	6.315600e-08	0.000000e+00	0.000000e+00	0.000000e+00	
195	6.322000e-08	0.000000e+00	0.000000e+00	0.000000e+00	
196	6.334800e-08	0.000000e+00	0.000000e+00	0.000000e+00	
197	6.360400e-08	0.000000e+00	0.000000e+00	0.000000e+00	
198	6.411600e-08	0.000000e+00	0.000000e+00	0.000000e+00	
199	6.503000e-08	0.000000e+00	0.000000e+00	0.000000e+00	
200	6.513000e-08	0.000000e+00	5.000000e-01	0.000000e+00	
201	6.533000e-08	0.000000e+00	1.500000e+00	0.000000e+00	
202	6.573000e-08	0.000000e+00	3.500000e+00	0.000000e+00	
203	6.603000e-08	0.000000e+00	5.000000e+00	0.000000e+00	
204	6.611000e-08	0.000000e+00	5.000000e+00	0.000000e+00	
205	6.627000e-08	0.000000e+00	5.000000e+00	0.000000e+00	
206	6.659000e-08	0.000000e+00	5.000000e+00	0.000000e+00	
207	6.723000e-08	0.000000e+00	5.000000e+00	0.000000e+00	
208	6.851000e-08	0.000000e+00	5.000000e+00	0.000000e+00	
209	7.010000e-08	0.000000e+00	5.000000e+00	0.000000e+00	
210	7.011000e-08	0.000000e+00	5.000000e+00	0.000000e+00	
211	7.013000e-08	0.000000e+00	5.000000e+00	0.000000e+00	
212	7.017000e-08	0.000000e+00	5.000000e+00	0.000000e+00	
213	7.020000e-08	0.000000e+00	5.000000e+00	0.000000e+00	
214	7.020800e-08	0.000000e+00	5.000000e+00	0.000000e+00	
215	7.022400e-08	0.000000e+00	5.000000e+00	0.000000e+00	
216	7.025600e-08	0.000000e+00	5.000000e+00	0.000000e+00	
217	7.032000e-08	0.000000e+00	5.000000e+00	0.000000e+00	
218	7.044800e-08	0.000000e+00	5.000000e+00	0.000000e+00	
219	7.070400e-08	0.000000e+00	5.000000e+00	0.000000e+00	
220	7.121600e-08	0.000000e+00	5.000000e+00	0.000000e+00	
221	7.224000e-08	0.000000e+00	5.000000e+00	0.000000e+00	
222	7.310000e-08	0.000000e+00	5.000000e+00	0.000000e+00	
223	7.311000e-08	0.000000e+00	5.000000e+00	0.000000e+00	
224	7.313000e-08	0.000000e+00	5.000000e+00	0.000000e+00	
225	7.317000e-08	0.000000e+00	5.000000e+00	0.000000e+00	
226	7.320000e-08	0.000000e+00	5.000000e+00	0.000000e+00	
227	7.320800e-08	0.000000e+00	5.000000e+00	0.000000e+00	
228	7.322400e-08	0.000000e+00	5.000000e+00	0.000000e+00	

Index   time            data_in3        error           rst             
--------------------------------------------------------------------------------
229	7.325600e-08	0.000000e+00	5.000000e+00	0.000000e+00	
230	7.332000e-08	0.000000e+00	5.000000e+00	0.000000e+00	
231	7.344800e-08	0.000000e+00	5.000000e+00	0.000000e+00	
232	7.370400e-08	0.000000e+00	5.000000e+00	0.000000e+00	
233	7.421600e-08	0.000000e+00	5.000000e+00	0.000000e+00	
234	7.524000e-08	0.000000e+00	5.000000e+00	0.000000e+00	
235	7.728800e-08	0.000000e+00	5.000000e+00	0.000000e+00	
236	8.000000e-08	0.000000e+00	5.000000e+00	0.000000e+00	
237	8.001000e-08	0.000000e+00	5.000000e+00	0.000000e+00	
238	8.003000e-08	0.000000e+00	5.000000e+00	0.000000e+00	
239	8.007000e-08	0.000000e+00	5.000000e+00	0.000000e+00	
240	8.010000e-08	0.000000e+00	5.000000e+00	0.000000e+00	
241	8.010800e-08	0.000000e+00	5.000000e+00	0.000000e+00	
242	8.012400e-08	0.000000e+00	5.000000e+00	0.000000e+00	
243	8.015600e-08	0.000000e+00	5.000000e+00	0.000000e+00	
244	8.022000e-08	0.000000e+00	5.000000e+00	0.000000e+00	
245	8.034800e-08	0.000000e+00	5.000000e+00	0.000000e+00	
246	8.060400e-08	0.000000e+00	5.000000e+00	0.000000e+00	
247	8.111600e-08	0.000000e+00	5.000000e+00	0.000000e+00	
248	8.214000e-08	0.000000e+00	5.000000e+00	0.000000e+00	
249	8.300000e-08	0.000000e+00	5.000000e+00	0.000000e+00	
250	8.301000e-08	0.000000e+00	5.000000e+00	0.000000e+00	
251	8.303000e-08	0.000000e+00	5.000000e+00	0.000000e+00	
252	8.307000e-08	0.000000e+00	5.000000e+00	0.000000e+00	
253	8.310000e-08	0.000000e+00	5.000000e+00	0.000000e+00	
254	8.310800e-08	0.000000e+00	5.000000e+00	0.000000e+00	
255	8.312400e-08	0.000000e+00	5.000000e+00	0.000000e+00	
256	8.315600e-08	0.000000e+00	5.000000e+00	0.000000e+00	
257	8.322000e-08	0.000000e+00	5.000000e+00	0.000000e+00	
258	8.334800e-08	0.000000e+00	5.000000e+00	0.000000e+00	
259	8.360400e-08	0.000000e+00	5.000000e+00	0.000000e+00	
260	8.411600e-08	0.000000e+00	5.000000e+00	0.000000e+00	
261	8.503000e-08	0.000000e+00	5.000000e+00	0.000000e+00	
262	8.513000e-08	0.000000e+00	4.500000e+00	0.000000e+00	
263	8.533000e-08	0.000000e+00	3.500000e+00	0.000000e+00	
264	8.573000e-08	0.000000e+00	1.500000e+00	0.000000e+00	
265	8.603000e-08	0.000000e+00	2.708944e-14	0.000000e+00	
266	8.611000e-08	0.000000e+00	0.000000e+00	0.000000e+00	
267	8.627000e-08	0.000000e+00	0.000000e+00	0.000000e+00	
268	8.659000e-08	0.000000e+00	0.000000e+00	0.000000e+00	
269	8.723000e-08	0.000000e+00	0.000000e+00	0.000000e+00	
270	8.851000e-08	0.000000e+00	0.000000e+00	0.000000e+00	
271	9.010000e-08	0.000000e+00	0.000000e+00	0.000000e+00	
272	9.011000e-08	0.000000e+00	0.000000e+00	0.000000e+00	
273	9.013000e-08	0.000000e+00	0.000000e+00	0.000000e+00	
274	9.017000e-08	0.000000e+00	0.000000e+00	0.000000e+00	
275	9.020000e-08	0.000000e+00	0.000000e+00	0.000000e+00	
276	9.020800e-08	0.000000e+00	0.000000e+00	0.000000e+00	
277	9.022400e-08	0.000000e+00	0.000000e+00	0.000000e+00	
278	9.025600e-08	0.000000e+00	0.000000e+00	0.000000e+00	
279	9.032000e-08	0.000000e+00	0.000000e+00	0.000000e+00	
280	9.044800e-08	0.000000e+00	0.000000e+00	0.000000e+00	
281	9.070400e-08	0.000000e+00	0.000000e+00	0.000000e+00	
282	9.121600e-08	0.000000e+00	0.000000e+00	0.000000e+00	
283	9.224000e-08	0.000000e+00	0.000000e+00	0.000000e+00	
284	9.310000e-08	0.000000e+00	0.000000e+00	0.000000e+00	
285	9.311000e-08	0.000000e+00	0.000000e+00	0.000000e+00	
286	9.313000e-08	0.000000e+00	0.000000e+00	0.000000e+00	

Index   time            data_in3        error           rst             
--------------------------------------------------------------------------------
287	9.317000e-08	0.000000e+00	0.000000e+00	0.000000e+00	
288	9.320000e-08	0.000000e+00	0.000000e+00	0.000000e+00	
289	9.320800e-08	0.000000e+00	0.000000e+00	0.000000e+00	
290	9.322400e-08	0.000000e+00	0.000000e+00	0.000000e+00	
291	9.325600e-08	0.000000e+00	0.000000e+00	0.000000e+00	
292	9.332000e-08	0.000000e+00	0.000000e+00	0.000000e+00	
293	9.344800e-08	0.000000e+00	0.000000e+00	0.000000e+00	
294	9.370400e-08	0.000000e+00	0.000000e+00	0.000000e+00	
295	9.421600e-08	0.000000e+00	0.000000e+00	0.000000e+00	
296	9.524000e-08	0.000000e+00	0.000000e+00	0.000000e+00	
297	9.728800e-08	0.000000e+00	0.000000e+00	0.000000e+00	
298	1.000000e-07	0.000000e+00	0.000000e+00	0.000000e+00	
299	1.000100e-07	5.000000e-01	0.000000e+00	0.000000e+00	
300	1.000300e-07	1.500000e+00	0.000000e+00	0.000000e+00	
301	1.000700e-07	3.500000e+00	0.000000e+00	0.000000e+00	
302	1.001000e-07	5.000000e+00	0.000000e+00	0.000000e+00	
303	1.001080e-07	5.000000e+00	0.000000e+00	0.000000e+00	
304	1.001240e-07	5.000000e+00	0.000000e+00	0.000000e+00	
305	1.001560e-07	5.000000e+00	0.000000e+00	0.000000e+00	
306	1.002200e-07	5.000000e+00	0.000000e+00	0.000000e+00	
307	1.003480e-07	5.000000e+00	0.000000e+00	0.000000e+00	
308	1.006040e-07	5.000000e+00	0.000000e+00	0.000000e+00	
309	1.011160e-07	5.000000e+00	0.000000e+00	0.000000e+00	
310	1.015000e-07	5.000000e+00	0.000000e+00	0.000000e+00	
311	1.015100e-07	5.000000e+00	0.000000e+00	0.000000e+00	
312	1.015300e-07	5.000000e+00	0.000000e+00	0.000000e+00	
313	1.015700e-07	5.000000e+00	0.000000e+00	0.000000e+00	
314	1.016000e-07	5.000000e+00	0.000000e+00	0.000000e+00	
315	1.016080e-07	5.000000e+00	0.000000e+00	0.000000e+00	
316	1.016240e-07	5.000000e+00	0.000000e+00	0.000000e+00	
317	1.016560e-07	5.000000e+00	0.000000e+00	0.000000e+00	
318	1.017200e-07	5.000000e+00	0.000000e+00	0.000000e+00	
319	1.018480e-07	5.000000e+00	0.000000e+00	0.000000e+00	
320	1.021040e-07	5.000000e+00	0.000000e+00	0.000000e+00	
321	1.026160e-07	5.000000e+00	0.000000e+00	0.000000e+00	
322	1.030000e-07	5.000000e+00	0.000000e+00	0.000000e+00	
323	1.030100e-07	5.000000e+00	0.000000e+00	0.000000e+00	
324	1.030300e-07	5.000000e+00	0.000000e+00	0.000000e+00	
325	1.030700e-07	5.000000e+00	0.000000e+00	0.000000e+00	
326	1.031000e-07	5.000000e+00	0.000000e+00	0.000000e+00	
327	1.031080e-07	5.000000e+00	0.000000e+00	0.000000e+00	
328	1.031240e-07	5.000000e+00	0.000000e+00	0.000000e+00	
329	1.031560e-07	5.000000e+00	0.000000e+00	0.000000e+00	
330	1.032200e-07	5.000000e+00	0.000000e+00	0.000000e+00	
331	1.033480e-07	5.000000e+00	0.000000e+00	0.000000e+00	
332	1.036040e-07	5.000000e+00	0.000000e+00	0.000000e+00	
333	1.041160e-07	5.000000e+00	0.000000e+00	0.000000e+00	
334	1.050300e-07	5.000000e+00	0.000000e+00	0.000000e+00	
335	1.051300e-07	5.000000e+00	5.000000e-01	0.000000e+00	
336	1.053300e-07	5.000000e+00	1.500000e+00	0.000000e+00	
337	1.057300e-07	5.000000e+00	3.500000e+00	0.000000e+00	
338	1.060300e-07	5.000000e+00	5.000000e+00	0.000000e+00	
339	1.061100e-07	5.000000e+00	5.000000e+00	0.000000e+00	
340	1.062700e-07	5.000000e+00	5.000000e+00	0.000000e+00	
341	1.065900e-07	5.000000e+00	5.000000e+00	0.000000e+00	
342	1.072300e-07	5.000000e+00	5.000000e+00	0.000000e+00	
343	1.085100e-07	5.000000e+00	5.000000e+00	0.000000e+00	
344	1.101000e-07	5.000000e+00	5.000000e+00	0.000000e+00	

Index   time            data_in3        error           rst             
--------------------------------------------------------------------------------
345	1.101100e-07	5.000000e+00	5.000000e+00	0.000000e+00	
346	1.101300e-07	5.000000e+00	5.000000e+00	0.000000e+00	
347	1.101700e-07	5.000000e+00	5.000000e+00	0.000000e+00	
348	1.102000e-07	5.000000e+00	5.000000e+00	0.000000e+00	
349	1.102080e-07	5.000000e+00	5.000000e+00	0.000000e+00	
350	1.102240e-07	5.000000e+00	5.000000e+00	0.000000e+00	
351	1.102560e-07	5.000000e+00	5.000000e+00	0.000000e+00	
352	1.103200e-07	5.000000e+00	5.000000e+00	0.000000e+00	
353	1.104480e-07	5.000000e+00	5.000000e+00	0.000000e+00	
354	1.107040e-07	5.000000e+00	5.000000e+00	0.000000e+00	
355	1.112160e-07	5.000000e+00	5.000000e+00	0.000000e+00	
356	1.122400e-07	5.000000e+00	5.000000e+00	0.000000e+00	
357	1.131000e-07	5.000000e+00	5.000000e+00	0.000000e+00	
358	1.131100e-07	5.000000e+00	5.000000e+00	0.000000e+00	
359	1.131300e-07	5.000000e+00	5.000000e+00	0.000000e+00	
360	1.131700e-07	5.000000e+00	5.000000e+00	0.000000e+00	
361	1.132000e-07	5.000000e+00	5.000000e+00	0.000000e+00	
362	1.132080e-07	5.000000e+00	5.000000e+00	0.000000e+00	
363	1.132240e-07	5.000000e+00	5.000000e+00	0.000000e+00	
364	1.132560e-07	5.000000e+00	5.000000e+00	0.000000e+00	
365	1.133200e-07	5.000000e+00	5.000000e+00	0.000000e+00	
366	1.134480e-07	5.000000e+00	5.000000e+00	0.000000e+00	
367	1.137040e-07	5.000000e+00	5.000000e+00	0.000000e+00	
368	1.142160e-07	5.000000e+00	5.000000e+00	0.000000e+00	
369	1.152400e-07	5.000000e+00	5.000000e+00	0.000000e+00	
370	1.172880e-07	5.000000e+00	5.000000e+00	0.000000e+00	
371	1.200000e-07	5.000000e+00	5.000000e+00	0.000000e+00	
372	1.200100e-07	5.000000e+00	5.000000e+00	0.000000e+00	
373	1.200300e-07	5.000000e+00	5.000000e+00	0.000000e+00	
374	1.200700e-07	5.000000e+00	5.000000e+00	0.000000e+00	
375	1.201000e-07	5.000000e+00	5.000000e+00	0.000000e+00	
376	1.201080e-07	5.000000e+00	5.000000e+00	0.000000e+00	
377	1.201240e-07	5.000000e+00	5.000000e+00	0.000000e+00	
378	1.201560e-07	5.000000e+00	5.000000e+00	0.000000e+00	
379	1.202200e-07	5.000000e+00	5.000000e+00	0.000000e+00	
380	1.203480e-07	5.000000e+00	5.000000e+00	0.000000e+00	
381	1.206040e-07	5.000000e+00	5.000000e+00	0.000000e+00	
382	1.211160e-07	5.000000e+00	5.000000e+00	0.000000e+00	
383	1.221400e-07	5.000000e+00	5.000000e+00	0.000000e+00	
384	1.230000e-07	5.000000e+00	5.000000e+00	0.000000e+00	
385	1.230100e-07	5.000000e+00	5.000000e+00	0.000000e+00	
386	1.230300e-07	5.000000e+00	5.000000e+00	0.000000e+00	
387	1.230700e-07	5.000000e+00	5.000000e+00	0.000000e+00	
388	1.231000e-07	5.000000e+00	5.000000e+00	0.000000e+00	
389	1.231080e-07	5.000000e+00	5.000000e+00	0.000000e+00	
390	1.231240e-07	5.000000e+00	5.000000e+00	0.000000e+00	
391	1.231560e-07	5.000000e+00	5.000000e+00	0.000000e+00	
392	1.232200e-07	5.000000e+00	5.000000e+00	0.000000e+00	
393	1.233480e-07	5.000000e+00	5.000000e+00	0.000000e+00	
394	1.236040e-07	5.000000e+00	5.000000e+00	0.000000e+00	
395	1.241160e-07	5.000000e+00	5.000000e+00	0.000000e+00	
396	1.250300e-07	5.000000e+00	5.000000e+00	0.000000e+00	
397	1.251300e-07	5.000000e+00	4.500000e+00	0.000000e+00	
398	1.253300e-07	5.000000e+00	3.500000e+00	0.000000e+00	
399	1.257300e-07	5.000000e+00	1.500000e+00	0.000000e+00	
400	1.260300e-07	5.000000e+00	2.708944e-14	0.000000e+00	
401	1.261100e-07	5.000000e+00	0.000000e+00	0.000000e+00	
402	1.262700e-07	5.000000e+00	0.000000e+00	0.000000e+00	

Index   time            data_in3        error           rst             
--------------------------------------------------------------------------------
403	1.265900e-07	5.000000e+00	0.000000e+00	0.000000e+00	
404	1.272300e-07	5.000000e+00	0.000000e+00	0.000000e+00	
405	1.285100e-07	5.000000e+00	0.000000e+00	0.000000e+00	
406	1.301000e-07	5.000000e+00	0.000000e+00	0.000000e+00	
407	1.301100e-07	5.000000e+00	0.000000e+00	0.000000e+00	
408	1.301300e-07	5.000000e+00	0.000000e+00	0.000000e+00	
409	1.301700e-07	5.000000e+00	0.000000e+00	0.000000e+00	
410	1.302000e-07	5.000000e+00	0.000000e+00	0.000000e+00	
411	1.302080e-07	5.000000e+00	0.000000e+00	0.000000e+00	
412	1.302240e-07	5.000000e+00	0.000000e+00	0.000000e+00	
413	1.302560e-07	5.000000e+00	0.000000e+00	0.000000e+00	
414	1.303200e-07	5.000000e+00	0.000000e+00	0.000000e+00	
415	1.304480e-07	5.000000e+00	0.000000e+00	0.000000e+00	
416	1.307040e-07	5.000000e+00	0.000000e+00	0.000000e+00	
417	1.312160e-07	5.000000e+00	0.000000e+00	0.000000e+00	
418	1.322400e-07	5.000000e+00	0.000000e+00	0.000000e+00	
419	1.331000e-07	5.000000e+00	0.000000e+00	0.000000e+00	
420	1.331100e-07	5.000000e+00	0.000000e+00	0.000000e+00	
421	1.331300e-07	5.000000e+00	0.000000e+00	0.000000e+00	
422	1.331700e-07	5.000000e+00	0.000000e+00	0.000000e+00	
423	1.332000e-07	5.000000e+00	0.000000e+00	0.000000e+00	
424	1.332080e-07	5.000000e+00	0.000000e+00	0.000000e+00	
425	1.332240e-07	5.000000e+00	0.000000e+00	0.000000e+00	
426	1.332560e-07	5.000000e+00	0.000000e+00	0.000000e+00	
427	1.333200e-07	5.000000e+00	0.000000e+00	0.000000e+00	
428	1.334480e-07	5.000000e+00	0.000000e+00	0.000000e+00	
429	1.337040e-07	5.000000e+00	0.000000e+00	0.000000e+00	
430	1.342160e-07	5.000000e+00	0.000000e+00	0.000000e+00	
431	1.352400e-07	5.000000e+00	0.000000e+00	0.000000e+00	
432	1.372880e-07	5.000000e+00	0.000000e+00	0.000000e+00	
433	1.400000e-07	5.000000e+00	0.000000e+00	0.000000e+00	
434	1.400100e-07	4.500000e+00	0.000000e+00	0.000000e+00	
435	1.400300e-07	3.500000e+00	0.000000e+00	0.000000e+00	
436	1.400700e-07	1.500000e+00	0.000000e+00	0.000000e+00	
437	1.401000e-07	1.323386e-12	0.000000e+00	0.000000e+00	
438	1.401080e-07	0.000000e+00	0.000000e+00	0.000000e+00	
439	1.401240e-07	0.000000e+00	0.000000e+00	0.000000e+00	
440	1.401560e-07	0.000000e+00	0.000000e+00	0.000000e+00	
441	1.402200e-07	0.000000e+00	0.000000e+00	0.000000e+00	
442	1.403480e-07	0.000000e+00	0.000000e+00	0.000000e+00	
443	1.406040e-07	0.000000e+00	0.000000e+00	0.000000e+00	
444	1.411160e-07	0.000000e+00	0.000000e+00	0.000000e+00	
445	1.421400e-07	0.000000e+00	0.000000e+00	0.000000e+00	
446	1.430000e-07	0.000000e+00	0.000000e+00	0.000000e+00	
447	1.430100e-07	0.000000e+00	0.000000e+00	0.000000e+00	
448	1.430300e-07	0.000000e+00	0.000000e+00	0.000000e+00	
449	1.430700e-07	0.000000e+00	0.000000e+00	0.000000e+00	
450	1.431000e-07	0.000000e+00	0.000000e+00	0.000000e+00	
451	1.431080e-07	0.000000e+00	0.000000e+00	0.000000e+00	
452	1.431240e-07	0.000000e+00	0.000000e+00	0.000000e+00	
453	1.431560e-07	0.000000e+00	0.000000e+00	0.000000e+00	
454	1.432200e-07	0.000000e+00	0.000000e+00	0.000000e+00	
455	1.433480e-07	0.000000e+00	0.000000e+00	0.000000e+00	
456	1.436040e-07	0.000000e+00	0.000000e+00	0.000000e+00	
457	1.441160e-07	0.000000e+00	0.000000e+00	0.000000e+00	
458	1.450300e-07	0.000000e+00	0.000000e+00	0.000000e+00	
459	1.451300e-07	0.000000e+00	5.000000e-01	0.000000e+00	
460	1.453300e-07	0.000000e+00	1.500000e+00	0.000000e+00	

Index   time            data_in3        error           rst             
--------------------------------------------------------------------------------
461	1.457300e-07	0.000000e+00	3.500000e+00	0.000000e+00	
462	1.460300e-07	0.000000e+00	5.000000e+00	0.000000e+00	
463	1.461100e-07	0.000000e+00	5.000000e+00	0.000000e+00	
464	1.462700e-07	0.000000e+00	5.000000e+00	0.000000e+00	
465	1.465900e-07	0.000000e+00	5.000000e+00	0.000000e+00	
466	1.472300e-07	0.000000e+00	5.000000e+00	0.000000e+00	
467	1.485100e-07	0.000000e+00	5.000000e+00	0.000000e+00	
468	1.501000e-07	0.000000e+00	5.000000e+00	0.000000e+00	
469	1.501100e-07	0.000000e+00	5.000000e+00	0.000000e+00	
470	1.501300e-07	0.000000e+00	5.000000e+00	0.000000e+00	
471	1.501700e-07	0.000000e+00	5.000000e+00	0.000000e+00	
472	1.502000e-07	0.000000e+00	5.000000e+00	0.000000e+00	
473	1.502080e-07	0.000000e+00	5.000000e+00	0.000000e+00	
474	1.502240e-07	0.000000e+00	5.000000e+00	0.000000e+00	
475	1.502560e-07	0.000000e+00	5.000000e+00	0.000000e+00	
476	1.503200e-07	0.000000e+00	5.000000e+00	0.000000e+00	
477	1.504480e-07	0.000000e+00	5.000000e+00	0.000000e+00	
478	1.507040e-07	0.000000e+00	5.000000e+00	0.000000e+00	
479	1.512160e-07	0.000000e+00	5.000000e+00	0.000000e+00	
480	1.522400e-07	0.000000e+00	5.000000e+00	0.000000e+00	
481	1.531000e-07	0.000000e+00	5.000000e+00	0.000000e+00	
482	1.531100e-07	0.000000e+00	5.000000e+00	0.000000e+00	
483	1.531300e-07	0.000000e+00	5.000000e+00	0.000000e+00	
484	1.531700e-07	0.000000e+00	5.000000e+00	0.000000e+00	
485	1.532000e-07	0.000000e+00	5.000000e+00	0.000000e+00	
486	1.532080e-07	0.000000e+00	5.000000e+00	0.000000e+00	
487	1.532240e-07	0.000000e+00	5.000000e+00	0.000000e+00	
488	1.532560e-07	0.000000e+00	5.000000e+00	0.000000e+00	
489	1.533200e-07	0.000000e+00	5.000000e+00	0.000000e+00	
490	1.534480e-07	0.000000e+00	5.000000e+00	0.000000e+00	
491	1.537040e-07	0.000000e+00	5.000000e+00	0.000000e+00	
492	1.542160e-07	0.000000e+00	5.000000e+00	0.000000e+00	
493	1.552400e-07	0.000000e+00	5.000000e+00	0.000000e+00	
494	1.572880e-07	0.000000e+00	5.000000e+00	0.000000e+00	
495	1.600000e-07	0.000000e+00	5.000000e+00	0.000000e+00	
496	1.600100e-07	0.000000e+00	5.000000e+00	0.000000e+00	
497	1.600300e-07	0.000000e+00	5.000000e+00	0.000000e+00	
498	1.600700e-07	0.000000e+00	5.000000e+00	0.000000e+00	
499	1.601000e-07	0.000000e+00	5.000000e+00	0.000000e+00	
500	1.601080e-07	0.000000e+00	5.000000e+00	0.000000e+00	
501	1.601240e-07	0.000000e+00	5.000000e+00	0.000000e+00	
502	1.601560e-07	0.000000e+00	5.000000e+00	0.000000e+00	
503	1.602200e-07	0.000000e+00	5.000000e+00	0.000000e+00	
504	1.603480e-07	0.000000e+00	5.000000e+00	0.000000e+00	
505	1.606040e-07	0.000000e+00	5.000000e+00	0.000000e+00	
506	1.611160e-07	0.000000e+00	5.000000e+00	0.000000e+00	
507	1.621400e-07	0.000000e+00	5.000000e+00	0.000000e+00	
508	1.630000e-07	0.000000e+00	5.000000e+00	0.000000e+00	
509	1.630100e-07	0.000000e+00	5.000000e+00	0.000000e+00	
510	1.630300e-07	0.000000e+00	5.000000e+00	0.000000e+00	
511	1.630700e-07	0.000000e+00	5.000000e+00	0.000000e+00	
512	1.631000e-07	0.000000e+00	5.000000e+00	0.000000e+00	
513	1.631080e-07	0.000000e+00	5.000000e+00	0.000000e+00	
514	1.631240e-07	0.000000e+00	5.000000e+00	0.000000e+00	
515	1.631560e-07	0.000000e+00	5.000000e+00	0.000000e+00	
516	1.632200e-07	0.000000e+00	5.000000e+00	0.000000e+00	
517	1.633480e-07	0.000000e+00	5.000000e+00	0.000000e+00	
518	1.636040e-07	0.000000e+00	5.000000e+00	0.000000e+00	

Index   time            data_in3        error           rst             
--------------------------------------------------------------------------------
519	1.641160e-07	0.000000e+00	5.000000e+00	0.000000e+00	
520	1.650300e-07	0.000000e+00	5.000000e+00	0.000000e+00	
521	1.651300e-07	0.000000e+00	4.500000e+00	0.000000e+00	
522	1.653300e-07	0.000000e+00	3.500000e+00	0.000000e+00	
523	1.657300e-07	0.000000e+00	1.500000e+00	0.000000e+00	
524	1.660300e-07	0.000000e+00	2.708944e-14	0.000000e+00	
525	1.661100e-07	0.000000e+00	0.000000e+00	0.000000e+00	
526	1.662700e-07	0.000000e+00	0.000000e+00	0.000000e+00	
527	1.665900e-07	0.000000e+00	0.000000e+00	0.000000e+00	
528	1.672300e-07	0.000000e+00	0.000000e+00	0.000000e+00	
529	1.685100e-07	0.000000e+00	0.000000e+00	0.000000e+00	
530	1.701000e-07	0.000000e+00	0.000000e+00	0.000000e+00	
531	1.701100e-07	0.000000e+00	0.000000e+00	0.000000e+00	
532	1.701300e-07	0.000000e+00	0.000000e+00	0.000000e+00	
533	1.701700e-07	0.000000e+00	0.000000e+00	0.000000e+00	
534	1.702000e-07	0.000000e+00	0.000000e+00	0.000000e+00	
535	1.702080e-07	0.000000e+00	0.000000e+00	0.000000e+00	
536	1.702240e-07	0.000000e+00	0.000000e+00	0.000000e+00	
537	1.702560e-07	0.000000e+00	0.000000e+00	0.000000e+00	
538	1.703200e-07	0.000000e+00	0.000000e+00	0.000000e+00	
539	1.704480e-07	0.000000e+00	0.000000e+00	0.000000e+00	
540	1.707040e-07	0.000000e+00	0.000000e+00	0.000000e+00	
541	1.712160e-07	0.000000e+00	0.000000e+00	0.000000e+00	
542	1.722400e-07	0.000000e+00	0.000000e+00	0.000000e+00	
543	1.731000e-07	0.000000e+00	0.000000e+00	0.000000e+00	
544	1.731100e-07	0.000000e+00	0.000000e+00	0.000000e+00	
545	1.731300e-07	0.000000e+00	0.000000e+00	0.000000e+00	
546	1.731700e-07	0.000000e+00	0.000000e+00	0.000000e+00	
547	1.732000e-07	0.000000e+00	0.000000e+00	0.000000e+00	
548	1.732080e-07	0.000000e+00	0.000000e+00	0.000000e+00	
549	1.732240e-07	0.000000e+00	0.000000e+00	0.000000e+00	
550	1.732560e-07	0.000000e+00	0.000000e+00	0.000000e+00	
551	1.733200e-07	0.000000e+00	0.000000e+00	0.000000e+00	
552	1.734480e-07	0.000000e+00	0.000000e+00	0.000000e+00	
553	1.737040e-07	0.000000e+00	0.000000e+00	0.000000e+00	
554	1.742160e-07	0.000000e+00	0.000000e+00	0.000000e+00	
555	1.752400e-07	0.000000e+00	0.000000e+00	0.000000e+00	
556	1.772880e-07	0.000000e+00	0.000000e+00	0.000000e+00	
557	1.800000e-07	0.000000e+00	0.000000e+00	0.000000e+00	
558	1.800100e-07	0.000000e+00	0.000000e+00	0.000000e+00	
559	1.800300e-07	0.000000e+00	0.000000e+00	0.000000e+00	
560	1.800700e-07	0.000000e+00	0.000000e+00	0.000000e+00	
561	1.801000e-07	0.000000e+00	0.000000e+00	0.000000e+00	
562	1.801080e-07	0.000000e+00	0.000000e+00	0.000000e+00	
563	1.801240e-07	0.000000e+00	0.000000e+00	0.000000e+00	
564	1.801560e-07	0.000000e+00	0.000000e+00	0.000000e+00	
565	1.802200e-07	0.000000e+00	0.000000e+00	0.000000e+00	
566	1.803480e-07	0.000000e+00	0.000000e+00	0.000000e+00	
567	1.806040e-07	0.000000e+00	0.000000e+00	0.000000e+00	
568	1.811160e-07	0.000000e+00	0.000000e+00	0.000000e+00	
569	1.821400e-07	0.000000e+00	0.000000e+00	0.000000e+00	
570	1.830000e-07	0.000000e+00	0.000000e+00	0.000000e+00	
571	1.830100e-07	0.000000e+00	0.000000e+00	0.000000e+00	
572	1.830300e-07	0.000000e+00	0.000000e+00	0.000000e+00	
573	1.830700e-07	0.000000e+00	0.000000e+00	0.000000e+00	
574	1.831000e-07	0.000000e+00	0.000000e+00	0.000000e+00	
575	1.831080e-07	0.000000e+00	0.000000e+00	0.000000e+00	
576	1.831240e-07	0.000000e+00	0.000000e+00	0.000000e+00	

Index   time            data_in3        error           rst             
--------------------------------------------------------------------------------
577	1.831560e-07	0.000000e+00	0.000000e+00	0.000000e+00	
578	1.832200e-07	0.000000e+00	0.000000e+00	0.000000e+00	
579	1.833480e-07	0.000000e+00	0.000000e+00	0.000000e+00	
580	1.836040e-07	0.000000e+00	0.000000e+00	0.000000e+00	
581	1.841160e-07	0.000000e+00	0.000000e+00	0.000000e+00	
582	1.851400e-07	0.000000e+00	0.000000e+00	0.000000e+00	
583	1.871880e-07	0.000000e+00	0.000000e+00	0.000000e+00	
584	1.901000e-07	0.000000e+00	0.000000e+00	0.000000e+00	
585	1.901100e-07	0.000000e+00	0.000000e+00	0.000000e+00	
586	1.901300e-07	0.000000e+00	0.000000e+00	0.000000e+00	
587	1.901700e-07	0.000000e+00	0.000000e+00	0.000000e+00	
588	1.902000e-07	0.000000e+00	0.000000e+00	0.000000e+00	
589	1.902080e-07	0.000000e+00	0.000000e+00	0.000000e+00	
590	1.902240e-07	0.000000e+00	0.000000e+00	0.000000e+00	
591	1.902560e-07	0.000000e+00	0.000000e+00	0.000000e+00	
592	1.903200e-07	0.000000e+00	0.000000e+00	0.000000e+00	
593	1.904480e-07	0.000000e+00	0.000000e+00	0.000000e+00	
594	1.907040e-07	0.000000e+00	0.000000e+00	0.000000e+00	
595	1.912160e-07	0.000000e+00	0.000000e+00	0.000000e+00	
596	1.922400e-07	0.000000e+00	0.000000e+00	0.000000e+00	
597	1.931000e-07	0.000000e+00	0.000000e+00	0.000000e+00	
598	1.931100e-07	0.000000e+00	0.000000e+00	0.000000e+00	
599	1.931300e-07	0.000000e+00	0.000000e+00	0.000000e+00	
600	1.931700e-07	0.000000e+00	0.000000e+00	0.000000e+00	
601	1.932000e-07	0.000000e+00	0.000000e+00	0.000000e+00	
602	1.932080e-07	0.000000e+00	0.000000e+00	0.000000e+00	
603	1.932240e-07	0.000000e+00	0.000000e+00	0.000000e+00	
604	1.932560e-07	0.000000e+00	0.000000e+00	0.000000e+00	
605	1.933200e-07	0.000000e+00	0.000000e+00	0.000000e+00	
606	1.934480e-07	0.000000e+00	0.000000e+00	0.000000e+00	
607	1.937040e-07	0.000000e+00	0.000000e+00	0.000000e+00	
608	1.942160e-07	0.000000e+00	0.000000e+00	0.000000e+00	
609	1.952400e-07	0.000000e+00	0.000000e+00	0.000000e+00	
610	1.972880e-07	0.000000e+00	0.000000e+00	0.000000e+00	
611	2.000000e-07	0.000000e+00	0.000000e+00	0.000000e+00	
612	2.000100e-07	0.000000e+00	0.000000e+00	0.000000e+00	
613	2.000300e-07	0.000000e+00	0.000000e+00	0.000000e+00	
614	2.000700e-07	0.000000e+00	0.000000e+00	0.000000e+00	
615	2.001000e-07	0.000000e+00	0.000000e+00	0.000000e+00	
616	2.001080e-07	0.000000e+00	0.000000e+00	0.000000e+00	
617	2.001240e-07	0.000000e+00	0.000000e+00	0.000000e+00	
618	2.001560e-07	0.000000e+00	0.000000e+00	0.000000e+00	
619	2.002200e-07	0.000000e+00	0.000000e+00	0.000000e+00	
620	2.003480e-07	0.000000e+00	0.000000e+00	0.000000e+00	
621	2.006040e-07	0.000000e+00	0.000000e+00	0.000000e+00	
622	2.011160e-07	0.000000e+00	0.000000e+00	0.000000e+00	
623	2.021400e-07	0.000000e+00	0.000000e+00	0.000000e+00	
624	2.030000e-07	0.000000e+00	0.000000e+00	0.000000e+00	
625	2.030100e-07	0.000000e+00	0.000000e+00	0.000000e+00	
626	2.030300e-07	0.000000e+00	0.000000e+00	0.000000e+00	
627	2.030700e-07	0.000000e+00	0.000000e+00	0.000000e+00	
628	2.031000e-07	0.000000e+00	0.000000e+00	0.000000e+00	
629	2.031080e-07	0.000000e+00	0.000000e+00	0.000000e+00	
630	2.031240e-07	0.000000e+00	0.000000e+00	0.000000e+00	
631	2.031560e-07	0.000000e+00	0.000000e+00	0.000000e+00	
632	2.032200e-07	0.000000e+00	0.000000e+00	0.000000e+00	
633	2.033480e-07	0.000000e+00	0.000000e+00	0.000000e+00	
634	2.036040e-07	0.000000e+00	0.000000e+00	0.000000e+00	

Index   time            data_in3        error           rst             
--------------------------------------------------------------------------------
635	2.041160e-07	0.000000e+00	0.000000e+00	0.000000e+00	
636	2.051400e-07	0.000000e+00	0.000000e+00	0.000000e+00	
637	2.071880e-07	0.000000e+00	0.000000e+00	0.000000e+00	
638	2.101000e-07	0.000000e+00	0.000000e+00	0.000000e+00	
639	2.101100e-07	0.000000e+00	0.000000e+00	0.000000e+00	
640	2.101300e-07	0.000000e+00	0.000000e+00	0.000000e+00	
641	2.101700e-07	0.000000e+00	0.000000e+00	0.000000e+00	
642	2.102000e-07	0.000000e+00	0.000000e+00	0.000000e+00	
643	2.102080e-07	0.000000e+00	0.000000e+00	0.000000e+00	
644	2.102240e-07	0.000000e+00	0.000000e+00	0.000000e+00	
645	2.102560e-07	0.000000e+00	0.000000e+00	0.000000e+00	
646	2.103200e-07	0.000000e+00	0.000000e+00	0.000000e+00	
647	2.104480e-07	0.000000e+00	0.000000e+00	0.000000e+00	
648	2.107040e-07	0.000000e+00	0.000000e+00	0.000000e+00	
649	2.112160e-07	0.000000e+00	0.000000e+00	0.000000e+00	
650	2.122400e-07	0.000000e+00	0.000000e+00	0.000000e+00	
651	2.131000e-07	0.000000e+00	0.000000e+00	0.000000e+00	
652	2.131100e-07	0.000000e+00	0.000000e+00	0.000000e+00	
653	2.131300e-07	0.000000e+00	0.000000e+00	0.000000e+00	
654	2.131700e-07	0.000000e+00	0.000000e+00	0.000000e+00	
655	2.132000e-07	0.000000e+00	0.000000e+00	0.000000e+00	
656	2.132080e-07	0.000000e+00	0.000000e+00	0.000000e+00	
657	2.132240e-07	0.000000e+00	0.000000e+00	0.000000e+00	
658	2.132560e-07	0.000000e+00	0.000000e+00	0.000000e+00	
659	2.133200e-07	0.000000e+00	0.000000e+00	0.000000e+00	
660	2.134480e-07	0.000000e+00	0.000000e+00	0.000000e+00	
661	2.137040e-07	0.000000e+00	0.000000e+00	0.000000e+00	
662	2.142160e-07	0.000000e+00	0.000000e+00	0.000000e+00	
663	2.152400e-07	0.000000e+00	0.000000e+00	0.000000e+00	
664	2.172880e-07	0.000000e+00	0.000000e+00	0.000000e+00	
665	2.200000e-07	0.000000e+00	0.000000e+00	0.000000e+00	
666	2.200100e-07	0.000000e+00	0.000000e+00	0.000000e+00	
667	2.200300e-07	0.000000e+00	0.000000e+00	0.000000e+00	
668	2.200700e-07	0.000000e+00	0.000000e+00	0.000000e+00	
669	2.201000e-07	0.000000e+00	0.000000e+00	0.000000e+00	
670	2.201080e-07	0.000000e+00	0.000000e+00	0.000000e+00	
671	2.201240e-07	0.000000e+00	0.000000e+00	0.000000e+00	
672	2.201560e-07	0.000000e+00	0.000000e+00	0.000000e+00	
673	2.202200e-07	0.000000e+00	0.000000e+00	0.000000e+00	
674	2.203480e-07	0.000000e+00	0.000000e+00	0.000000e+00	
675	2.206040e-07	0.000000e+00	0.000000e+00	0.000000e+00	
676	2.211160e-07	0.000000e+00	0.000000e+00	0.000000e+00	
677	2.221400e-07	0.000000e+00	0.000000e+00	0.000000e+00	
678	2.230000e-07	0.000000e+00	0.000000e+00	0.000000e+00	
679	2.230100e-07	0.000000e+00	0.000000e+00	0.000000e+00	
680	2.230300e-07	0.000000e+00	0.000000e+00	0.000000e+00	
681	2.230700e-07	0.000000e+00	0.000000e+00	0.000000e+00	
682	2.231000e-07	0.000000e+00	0.000000e+00	0.000000e+00	
683	2.231080e-07	0.000000e+00	0.000000e+00	0.000000e+00	
684	2.231240e-07	0.000000e+00	0.000000e+00	0.000000e+00	
685	2.231560e-07	0.000000e+00	0.000000e+00	0.000000e+00	
686	2.232200e-07	0.000000e+00	0.000000e+00	0.000000e+00	
687	2.233480e-07	0.000000e+00	0.000000e+00	0.000000e+00	
688	2.236040e-07	0.000000e+00	0.000000e+00	0.000000e+00	
689	2.241160e-07	0.000000e+00	0.000000e+00	0.000000e+00	
690	2.251400e-07	0.000000e+00	0.000000e+00	0.000000e+00	
691	2.271880e-07	0.000000e+00	0.000000e+00	0.000000e+00	
692	2.301000e-07	0.000000e+00	0.000000e+00	0.000000e+00	

Index   time            data_in3        error           rst             
--------------------------------------------------------------------------------
693	2.301100e-07	0.000000e+00	0.000000e+00	0.000000e+00	
694	2.301300e-07	0.000000e+00	0.000000e+00	0.000000e+00	
695	2.301700e-07	0.000000e+00	0.000000e+00	0.000000e+00	
696	2.302000e-07	0.000000e+00	0.000000e+00	0.000000e+00	
697	2.302080e-07	0.000000e+00	0.000000e+00	0.000000e+00	
698	2.302240e-07	0.000000e+00	0.000000e+00	0.000000e+00	
699	2.302560e-07	0.000000e+00	0.000000e+00	0.000000e+00	
700	2.303200e-07	0.000000e+00	0.000000e+00	0.000000e+00	
701	2.304480e-07	0.000000e+00	0.000000e+00	0.000000e+00	
702	2.307040e-07	0.000000e+00	0.000000e+00	0.000000e+00	
703	2.312160e-07	0.000000e+00	0.000000e+00	0.000000e+00	
704	2.322400e-07	0.000000e+00	0.000000e+00	0.000000e+00	
705	2.331000e-07	0.000000e+00	0.000000e+00	0.000000e+00	
706	2.331100e-07	0.000000e+00	0.000000e+00	0.000000e+00	
707	2.331300e-07	0.000000e+00	0.000000e+00	0.000000e+00	
708	2.331700e-07	0.000000e+00	0.000000e+00	0.000000e+00	
709	2.332000e-07	0.000000e+00	0.000000e+00	0.000000e+00	
710	2.332080e-07	0.000000e+00	0.000000e+00	0.000000e+00	
711	2.332240e-07	0.000000e+00	0.000000e+00	0.000000e+00	
712	2.332560e-07	0.000000e+00	0.000000e+00	0.000000e+00	
713	2.333200e-07	0.000000e+00	0.000000e+00	0.000000e+00	
714	2.334480e-07	0.000000e+00	0.000000e+00	0.000000e+00	
715	2.337040e-07	0.000000e+00	0.000000e+00	0.000000e+00	
716	2.342160e-07	0.000000e+00	0.000000e+00	0.000000e+00	
717	2.352400e-07	0.000000e+00	0.000000e+00	0.000000e+00	
718	2.372880e-07	0.000000e+00	0.000000e+00	0.000000e+00	
719	2.400000e-07	0.000000e+00	0.000000e+00	0.000000e+00	
720	2.400100e-07	0.000000e+00	0.000000e+00	0.000000e+00	
721	2.400300e-07	0.000000e+00	0.000000e+00	0.000000e+00	
722	2.400700e-07	0.000000e+00	0.000000e+00	0.000000e+00	
723	2.401000e-07	0.000000e+00	0.000000e+00	0.000000e+00	
724	2.401080e-07	0.000000e+00	0.000000e+00	0.000000e+00	
725	2.401240e-07	0.000000e+00	0.000000e+00	0.000000e+00	
726	2.401560e-07	0.000000e+00	0.000000e+00	0.000000e+00	
727	2.402200e-07	0.000000e+00	0.000000e+00	0.000000e+00	
728	2.403480e-07	0.000000e+00	0.000000e+00	0.000000e+00	
729	2.406040e-07	0.000000e+00	0.000000e+00	0.000000e+00	
730	2.411160e-07	0.000000e+00	0.000000e+00	0.000000e+00	
731	2.421400e-07	0.000000e+00	0.000000e+00	0.000000e+00	
732	2.430000e-07	0.000000e+00	0.000000e+00	0.000000e+00	
733	2.430100e-07	0.000000e+00	0.000000e+00	0.000000e+00	
734	2.430300e-07	0.000000e+00	0.000000e+00	0.000000e+00	
735	2.430700e-07	0.000000e+00	0.000000e+00	0.000000e+00	
736	2.431000e-07	0.000000e+00	0.000000e+00	0.000000e+00	
737	2.431080e-07	0.000000e+00	0.000000e+00	0.000000e+00	
738	2.431240e-07	0.000000e+00	0.000000e+00	0.000000e+00	
739	2.431560e-07	0.000000e+00	0.000000e+00	0.000000e+00	
740	2.432200e-07	0.000000e+00	0.000000e+00	0.000000e+00	
741	2.433480e-07	0.000000e+00	0.000000e+00	0.000000e+00	
742	2.436040e-07	0.000000e+00	0.000000e+00	0.000000e+00	
743	2.441160e-07	0.000000e+00	0.000000e+00	0.000000e+00	
744	2.451400e-07	0.000000e+00	0.000000e+00	0.000000e+00	
745	2.471880e-07	0.000000e+00	0.000000e+00	0.000000e+00	
746	2.501000e-07	0.000000e+00	0.000000e+00	0.000000e+00	
747	2.501100e-07	0.000000e+00	0.000000e+00	0.000000e+00	
748	2.501300e-07	0.000000e+00	0.000000e+00	0.000000e+00	
749	2.501700e-07	0.000000e+00	0.000000e+00	0.000000e+00	
750	2.502000e-07	0.000000e+00	0.000000e+00	0.000000e+00	

Index   time            data_in3        error           rst             
--------------------------------------------------------------------------------
751	2.502080e-07	0.000000e+00	0.000000e+00	0.000000e+00	
752	2.502240e-07	0.000000e+00	0.000000e+00	0.000000e+00	
753	2.502560e-07	0.000000e+00	0.000000e+00	0.000000e+00	
754	2.503200e-07	0.000000e+00	0.000000e+00	0.000000e+00	
755	2.504480e-07	0.000000e+00	0.000000e+00	0.000000e+00	
756	2.507040e-07	0.000000e+00	0.000000e+00	0.000000e+00	
757	2.512160e-07	0.000000e+00	0.000000e+00	0.000000e+00	
758	2.522400e-07	0.000000e+00	0.000000e+00	0.000000e+00	
759	2.531000e-07	0.000000e+00	0.000000e+00	0.000000e+00	
760	2.531100e-07	0.000000e+00	0.000000e+00	0.000000e+00	
761	2.531300e-07	0.000000e+00	0.000000e+00	0.000000e+00	
762	2.531700e-07	0.000000e+00	0.000000e+00	0.000000e+00	
763	2.532000e-07	0.000000e+00	0.000000e+00	0.000000e+00	
764	2.532080e-07	0.000000e+00	0.000000e+00	0.000000e+00	
765	2.532240e-07	0.000000e+00	0.000000e+00	0.000000e+00	
766	2.532560e-07	0.000000e+00	0.000000e+00	0.000000e+00	
767	2.533200e-07	0.000000e+00	0.000000e+00	0.000000e+00	
768	2.534480e-07	0.000000e+00	0.000000e+00	0.000000e+00	
769	2.537040e-07	0.000000e+00	0.000000e+00	0.000000e+00	
770	2.542160e-07	0.000000e+00	0.000000e+00	0.000000e+00	
771	2.552400e-07	0.000000e+00	0.000000e+00	0.000000e+00	
772	2.572880e-07	0.000000e+00	0.000000e+00	0.000000e+00	
773	2.600000e-07	0.000000e+00	0.000000e+00	0.000000e+00	
774	2.600100e-07	0.000000e+00	0.000000e+00	0.000000e+00	
775	2.600300e-07	0.000000e+00	0.000000e+00	0.000000e+00	
776	2.600700e-07	0.000000e+00	0.000000e+00	0.000000e+00	
777	2.601000e-07	0.000000e+00	0.000000e+00	0.000000e+00	
778	2.601080e-07	0.000000e+00	0.000000e+00	0.000000e+00	
779	2.601240e-07	0.000000e+00	0.000000e+00	0.000000e+00	
780	2.601560e-07	0.000000e+00	0.000000e+00	0.000000e+00	
781	2.602200e-07	0.000000e+00	0.000000e+00	0.000000e+00	
782	2.603480e-07	0.000000e+00	0.000000e+00	0.000000e+00	
783	2.606040e-07	0.000000e+00	0.000000e+00	0.000000e+00	
784	2.611160e-07	0.000000e+00	0.000000e+00	0.000000e+00	
785	2.621400e-07	0.000000e+00	0.000000e+00	0.000000e+00	
786	2.630000e-07	0.000000e+00	0.000000e+00	0.000000e+00	
787	2.630100e-07	0.000000e+00	0.000000e+00	0.000000e+00	
788	2.630300e-07	0.000000e+00	0.000000e+00	0.000000e+00	
789	2.630700e-07	0.000000e+00	0.000000e+00	0.000000e+00	
790	2.631000e-07	0.000000e+00	0.000000e+00	0.000000e+00	
791	2.631080e-07	0.000000e+00	0.000000e+00	0.000000e+00	
792	2.631240e-07	0.000000e+00	0.000000e+00	0.000000e+00	
793	2.631560e-07	0.000000e+00	0.000000e+00	0.000000e+00	
794	2.632200e-07	0.000000e+00	0.000000e+00	0.000000e+00	
795	2.633480e-07	0.000000e+00	0.000000e+00	0.000000e+00	
796	2.636040e-07	0.000000e+00	0.000000e+00	0.000000e+00	
797	2.641160e-07	0.000000e+00	0.000000e+00	0.000000e+00	
798	2.651400e-07	0.000000e+00	0.000000e+00	0.000000e+00	
799	2.671880e-07	0.000000e+00	0.000000e+00	0.000000e+00	
800	2.701000e-07	0.000000e+00	0.000000e+00	0.000000e+00	
801	2.701100e-07	0.000000e+00	0.000000e+00	0.000000e+00	
802	2.701300e-07	0.000000e+00	0.000000e+00	0.000000e+00	
803	2.701700e-07	0.000000e+00	0.000000e+00	0.000000e+00	
804	2.702000e-07	0.000000e+00	0.000000e+00	0.000000e+00	
805	2.702080e-07	0.000000e+00	0.000000e+00	0.000000e+00	
806	2.702240e-07	0.000000e+00	0.000000e+00	0.000000e+00	
807	2.702560e-07	0.000000e+00	0.000000e+00	0.000000e+00	
808	2.703200e-07	0.000000e+00	0.000000e+00	0.000000e+00	

Index   time            data_in3        error           rst             
--------------------------------------------------------------------------------
809	2.704480e-07	0.000000e+00	0.000000e+00	0.000000e+00	
810	2.707040e-07	0.000000e+00	0.000000e+00	0.000000e+00	
811	2.712160e-07	0.000000e+00	0.000000e+00	0.000000e+00	
812	2.722400e-07	0.000000e+00	0.000000e+00	0.000000e+00	
813	2.731000e-07	0.000000e+00	0.000000e+00	0.000000e+00	
814	2.731100e-07	0.000000e+00	0.000000e+00	0.000000e+00	
815	2.731300e-07	0.000000e+00	0.000000e+00	0.000000e+00	
816	2.731700e-07	0.000000e+00	0.000000e+00	0.000000e+00	
817	2.732000e-07	0.000000e+00	0.000000e+00	0.000000e+00	
818	2.732080e-07	0.000000e+00	0.000000e+00	0.000000e+00	
819	2.732240e-07	0.000000e+00	0.000000e+00	0.000000e+00	
820	2.732560e-07	0.000000e+00	0.000000e+00	0.000000e+00	
821	2.733200e-07	0.000000e+00	0.000000e+00	0.000000e+00	
822	2.734480e-07	0.000000e+00	0.000000e+00	0.000000e+00	
823	2.737040e-07	0.000000e+00	0.000000e+00	0.000000e+00	
824	2.742160e-07	0.000000e+00	0.000000e+00	0.000000e+00	
825	2.752400e-07	0.000000e+00	0.000000e+00	0.000000e+00	
826	2.772880e-07	0.000000e+00	0.000000e+00	0.000000e+00	
827	2.800000e-07	0.000000e+00	0.000000e+00	0.000000e+00	
828	2.800100e-07	0.000000e+00	0.000000e+00	0.000000e+00	
829	2.800300e-07	0.000000e+00	0.000000e+00	0.000000e+00	
830	2.800700e-07	0.000000e+00	0.000000e+00	0.000000e+00	
831	2.801000e-07	0.000000e+00	0.000000e+00	0.000000e+00	
832	2.801080e-07	0.000000e+00	0.000000e+00	0.000000e+00	
833	2.801240e-07	0.000000e+00	0.000000e+00	0.000000e+00	
834	2.801560e-07	0.000000e+00	0.000000e+00	0.000000e+00	
835	2.802200e-07	0.000000e+00	0.000000e+00	0.000000e+00	
836	2.803480e-07	0.000000e+00	0.000000e+00	0.000000e+00	
837	2.806040e-07	0.000000e+00	0.000000e+00	0.000000e+00	
838	2.811160e-07	0.000000e+00	0.000000e+00	0.000000e+00	
839	2.821400e-07	0.000000e+00	0.000000e+00	0.000000e+00	
840	2.830000e-07	0.000000e+00	0.000000e+00	0.000000e+00	
841	2.830100e-07	0.000000e+00	0.000000e+00	0.000000e+00	
842	2.830300e-07	0.000000e+00	0.000000e+00	0.000000e+00	
843	2.830700e-07	0.000000e+00	0.000000e+00	0.000000e+00	
844	2.831000e-07	0.000000e+00	0.000000e+00	0.000000e+00	
845	2.831080e-07	0.000000e+00	0.000000e+00	0.000000e+00	
846	2.831240e-07	0.000000e+00	0.000000e+00	0.000000e+00	
847	2.831560e-07	0.000000e+00	0.000000e+00	0.000000e+00	
848	2.832200e-07	0.000000e+00	0.000000e+00	0.000000e+00	
849	2.833480e-07	0.000000e+00	0.000000e+00	0.000000e+00	
850	2.836040e-07	0.000000e+00	0.000000e+00	0.000000e+00	
851	2.841160e-07	0.000000e+00	0.000000e+00	0.000000e+00	
852	2.851400e-07	0.000000e+00	0.000000e+00	0.000000e+00	
853	2.871880e-07	0.000000e+00	0.000000e+00	0.000000e+00	
854	2.901000e-07	0.000000e+00	0.000000e+00	0.000000e+00	
855	2.901100e-07	0.000000e+00	0.000000e+00	0.000000e+00	
856	2.901300e-07	0.000000e+00	0.000000e+00	0.000000e+00	
857	2.901700e-07	0.000000e+00	0.000000e+00	0.000000e+00	
858	2.902000e-07	0.000000e+00	0.000000e+00	0.000000e+00	
859	2.902080e-07	0.000000e+00	0.000000e+00	0.000000e+00	
860	2.902240e-07	0.000000e+00	0.000000e+00	0.000000e+00	
861	2.902560e-07	0.000000e+00	0.000000e+00	0.000000e+00	
862	2.903200e-07	0.000000e+00	0.000000e+00	0.000000e+00	
863	2.904480e-07	0.000000e+00	0.000000e+00	0.000000e+00	
864	2.907040e-07	0.000000e+00	0.000000e+00	0.000000e+00	
865	2.912160e-07	0.000000e+00	0.000000e+00	0.000000e+00	
866	2.922400e-07	0.000000e+00	0.000000e+00	0.000000e+00	

Index   time            data_in3        error           rst             
--------------------------------------------------------------------------------
867	2.931000e-07	0.000000e+00	0.000000e+00	0.000000e+00	
868	2.931100e-07	0.000000e+00	0.000000e+00	0.000000e+00	
869	2.931300e-07	0.000000e+00	0.000000e+00	0.000000e+00	
870	2.931700e-07	0.000000e+00	0.000000e+00	0.000000e+00	
871	2.932000e-07	0.000000e+00	0.000000e+00	0.000000e+00	
872	2.932080e-07	0.000000e+00	0.000000e+00	0.000000e+00	
873	2.932240e-07	0.000000e+00	0.000000e+00	0.000000e+00	
874	2.932560e-07	0.000000e+00	0.000000e+00	0.000000e+00	
875	2.933200e-07	0.000000e+00	0.000000e+00	0.000000e+00	
876	2.934480e-07	0.000000e+00	0.000000e+00	0.000000e+00	
877	2.937040e-07	0.000000e+00	0.000000e+00	0.000000e+00	
878	2.942160e-07	0.000000e+00	0.000000e+00	0.000000e+00	
879	2.952400e-07	0.000000e+00	0.000000e+00	0.000000e+00	
880	2.972880e-07	0.000000e+00	0.000000e+00	0.000000e+00	
881	3.000000e-07	0.000000e+00	0.000000e+00	0.000000e+00	
882	3.000100e-07	0.000000e+00	0.000000e+00	0.000000e+00	
883	3.000300e-07	0.000000e+00	0.000000e+00	0.000000e+00	
884	3.000700e-07	0.000000e+00	0.000000e+00	0.000000e+00	
885	3.001000e-07	0.000000e+00	0.000000e+00	0.000000e+00	
886	3.001080e-07	0.000000e+00	0.000000e+00	0.000000e+00	
887	3.001240e-07	0.000000e+00	0.000000e+00	0.000000e+00	
888	3.001560e-07	0.000000e+00	0.000000e+00	0.000000e+00	
889	3.002200e-07	0.000000e+00	0.000000e+00	0.000000e+00	
890	3.003480e-07	0.000000e+00	0.000000e+00	0.000000e+00	
891	3.006040e-07	0.000000e+00	0.000000e+00	0.000000e+00	
892	3.011160e-07	0.000000e+00	0.000000e+00	0.000000e+00	
893	3.021400e-07	0.000000e+00	0.000000e+00	0.000000e+00	
894	3.030000e-07	0.000000e+00	0.000000e+00	0.000000e+00	
895	3.030100e-07	0.000000e+00	0.000000e+00	0.000000e+00	
896	3.030300e-07	0.000000e+00	0.000000e+00	0.000000e+00	
897	3.030700e-07	0.000000e+00	0.000000e+00	0.000000e+00	
898	3.031000e-07	0.000000e+00	0.000000e+00	0.000000e+00	
899	3.031080e-07	0.000000e+00	0.000000e+00	0.000000e+00	
900	3.031240e-07	0.000000e+00	0.000000e+00	0.000000e+00	
901	3.031560e-07	0.000000e+00	0.000000e+00	0.000000e+00	
902	3.032200e-07	0.000000e+00	0.000000e+00	0.000000e+00	
903	3.033480e-07	0.000000e+00	0.000000e+00	0.000000e+00	
904	3.036040e-07	0.000000e+00	0.000000e+00	0.000000e+00	
905	3.041160e-07	0.000000e+00	0.000000e+00	0.000000e+00	
906	3.051400e-07	0.000000e+00	0.000000e+00	0.000000e+00	
907	3.071880e-07	0.000000e+00	0.000000e+00	0.000000e+00	
908	3.101000e-07	0.000000e+00	0.000000e+00	0.000000e+00	
909	3.101100e-07	0.000000e+00	0.000000e+00	0.000000e+00	
910	3.101300e-07	0.000000e+00	0.000000e+00	0.000000e+00	
911	3.101700e-07	0.000000e+00	0.000000e+00	0.000000e+00	
912	3.102000e-07	0.000000e+00	0.000000e+00	0.000000e+00	
913	3.102080e-07	0.000000e+00	0.000000e+00	0.000000e+00	
914	3.102240e-07	0.000000e+00	0.000000e+00	0.000000e+00	
915	3.102560e-07	0.000000e+00	0.000000e+00	0.000000e+00	
916	3.103200e-07	0.000000e+00	0.000000e+00	0.000000e+00	
917	3.104480e-07	0.000000e+00	0.000000e+00	0.000000e+00	
918	3.107040e-07	0.000000e+00	0.000000e+00	0.000000e+00	
919	3.112160e-07	0.000000e+00	0.000000e+00	0.000000e+00	
920	3.122400e-07	0.000000e+00	0.000000e+00	0.000000e+00	
921	3.131000e-07	0.000000e+00	0.000000e+00	0.000000e+00	
922	3.131100e-07	0.000000e+00	0.000000e+00	0.000000e+00	
923	3.131300e-07	0.000000e+00	0.000000e+00	0.000000e+00	
924	3.131700e-07	0.000000e+00	0.000000e+00	0.000000e+00	

Index   time            data_in3        error           rst             
--------------------------------------------------------------------------------
925	3.132000e-07	0.000000e+00	0.000000e+00	0.000000e+00	
926	3.132080e-07	0.000000e+00	0.000000e+00	0.000000e+00	
927	3.132240e-07	0.000000e+00	0.000000e+00	0.000000e+00	
928	3.132560e-07	0.000000e+00	0.000000e+00	0.000000e+00	
929	3.133200e-07	0.000000e+00	0.000000e+00	0.000000e+00	
930	3.134480e-07	0.000000e+00	0.000000e+00	0.000000e+00	
931	3.137040e-07	0.000000e+00	0.000000e+00	0.000000e+00	
932	3.142160e-07	0.000000e+00	0.000000e+00	0.000000e+00	
933	3.152400e-07	0.000000e+00	0.000000e+00	0.000000e+00	
934	3.172880e-07	0.000000e+00	0.000000e+00	0.000000e+00	
935	3.200000e-07	0.000000e+00	0.000000e+00	0.000000e+00	
936	3.200100e-07	0.000000e+00	0.000000e+00	0.000000e+00	
937	3.200300e-07	0.000000e+00	0.000000e+00	0.000000e+00	
938	3.200700e-07	0.000000e+00	0.000000e+00	0.000000e+00	
939	3.201000e-07	0.000000e+00	0.000000e+00	0.000000e+00	
940	3.201080e-07	0.000000e+00	0.000000e+00	0.000000e+00	
941	3.201240e-07	0.000000e+00	0.000000e+00	0.000000e+00	
942	3.201560e-07	0.000000e+00	0.000000e+00	0.000000e+00	
943	3.202200e-07	0.000000e+00	0.000000e+00	0.000000e+00	
944	3.203480e-07	0.000000e+00	0.000000e+00	0.000000e+00	
945	3.206040e-07	0.000000e+00	0.000000e+00	0.000000e+00	
946	3.211160e-07	0.000000e+00	0.000000e+00	0.000000e+00	
947	3.221400e-07	0.000000e+00	0.000000e+00	0.000000e+00	
948	3.230000e-07	0.000000e+00	0.000000e+00	0.000000e+00	
949	3.230100e-07	0.000000e+00	0.000000e+00	0.000000e+00	
950	3.230300e-07	0.000000e+00	0.000000e+00	0.000000e+00	
951	3.230700e-07	0.000000e+00	0.000000e+00	0.000000e+00	
952	3.231000e-07	0.000000e+00	0.000000e+00	0.000000e+00	
953	3.231080e-07	0.000000e+00	0.000000e+00	0.000000e+00	
954	3.231240e-07	0.000000e+00	0.000000e+00	0.000000e+00	
955	3.231560e-07	0.000000e+00	0.000000e+00	0.000000e+00	
956	3.232200e-07	0.000000e+00	0.000000e+00	0.000000e+00	
957	3.233480e-07	0.000000e+00	0.000000e+00	0.000000e+00	
958	3.236040e-07	0.000000e+00	0.000000e+00	0.000000e+00	
959	3.241160e-07	0.000000e+00	0.000000e+00	0.000000e+00	
960	3.251400e-07	0.000000e+00	0.000000e+00	0.000000e+00	
961	3.271880e-07	0.000000e+00	0.000000e+00	0.000000e+00	
962	3.301000e-07	0.000000e+00	0.000000e+00	0.000000e+00	
963	3.301100e-07	0.000000e+00	0.000000e+00	0.000000e+00	
964	3.301300e-07	0.000000e+00	0.000000e+00	0.000000e+00	
965	3.301700e-07	0.000000e+00	0.000000e+00	0.000000e+00	
966	3.302000e-07	0.000000e+00	0.000000e+00	0.000000e+00	
967	3.302080e-07	0.000000e+00	0.000000e+00	0.000000e+00	
968	3.302240e-07	0.000000e+00	0.000000e+00	0.000000e+00	
969	3.302560e-07	0.000000e+00	0.000000e+00	0.000000e+00	
970	3.303200e-07	0.000000e+00	0.000000e+00	0.000000e+00	
971	3.304480e-07	0.000000e+00	0.000000e+00	0.000000e+00	
972	3.307040e-07	0.000000e+00	0.000000e+00	0.000000e+00	
973	3.312160e-07	0.000000e+00	0.000000e+00	0.000000e+00	
974	3.322400e-07	0.000000e+00	0.000000e+00	0.000000e+00	
975	3.331000e-07	0.000000e+00	0.000000e+00	0.000000e+00	
976	3.331100e-07	0.000000e+00	0.000000e+00	0.000000e+00	
977	3.331300e-07	0.000000e+00	0.000000e+00	0.000000e+00	
978	3.331700e-07	0.000000e+00	0.000000e+00	0.000000e+00	
979	3.332000e-07	0.000000e+00	0.000000e+00	0.000000e+00	
980	3.332080e-07	0.000000e+00	0.000000e+00	0.000000e+00	
981	3.332240e-07	0.000000e+00	0.000000e+00	0.000000e+00	
982	3.332560e-07	0.000000e+00	0.000000e+00	0.000000e+00	

Index   time            data_in3        error           rst             
--------------------------------------------------------------------------------
983	3.333200e-07	0.000000e+00	0.000000e+00	0.000000e+00	
984	3.334480e-07	0.000000e+00	0.000000e+00	0.000000e+00	
985	3.337040e-07	0.000000e+00	0.000000e+00	0.000000e+00	
986	3.342160e-07	0.000000e+00	0.000000e+00	0.000000e+00	
987	3.352400e-07	0.000000e+00	0.000000e+00	0.000000e+00	
988	3.372880e-07	0.000000e+00	0.000000e+00	0.000000e+00	
989	3.400000e-07	0.000000e+00	0.000000e+00	0.000000e+00	
990	3.400100e-07	0.000000e+00	0.000000e+00	0.000000e+00	
991	3.400300e-07	0.000000e+00	0.000000e+00	0.000000e+00	
992	3.400700e-07	0.000000e+00	0.000000e+00	0.000000e+00	
993	3.401000e-07	0.000000e+00	0.000000e+00	0.000000e+00	
994	3.401080e-07	0.000000e+00	0.000000e+00	0.000000e+00	
995	3.401240e-07	0.000000e+00	0.000000e+00	0.000000e+00	
996	3.401560e-07	0.000000e+00	0.000000e+00	0.000000e+00	
997	3.402200e-07	0.000000e+00	0.000000e+00	0.000000e+00	
998	3.403480e-07	0.000000e+00	0.000000e+00	0.000000e+00	
999	3.406040e-07	0.000000e+00	0.000000e+00	0.000000e+00	
1000	3.411160e-07	0.000000e+00	0.000000e+00	0.000000e+00	
1001	3.421400e-07	0.000000e+00	0.000000e+00	0.000000e+00	
1002	3.430000e-07	0.000000e+00	0.000000e+00	0.000000e+00	
1003	3.430100e-07	0.000000e+00	0.000000e+00	0.000000e+00	
1004	3.430300e-07	0.000000e+00	0.000000e+00	0.000000e+00	
1005	3.430700e-07	0.000000e+00	0.000000e+00	0.000000e+00	
1006	3.431000e-07	0.000000e+00	0.000000e+00	0.000000e+00	
1007	3.431080e-07	0.000000e+00	0.000000e+00	0.000000e+00	
1008	3.431240e-07	0.000000e+00	0.000000e+00	0.000000e+00	
1009	3.431560e-07	0.000000e+00	0.000000e+00	0.000000e+00	
1010	3.432200e-07	0.000000e+00	0.000000e+00	0.000000e+00	
1011	3.433480e-07	0.000000e+00	0.000000e+00	0.000000e+00	
1012	3.436040e-07	0.000000e+00	0.000000e+00	0.000000e+00	
1013	3.441160e-07	0.000000e+00	0.000000e+00	0.000000e+00	
1014	3.451400e-07	0.000000e+00	0.000000e+00	0.000000e+00	
1015	3.471880e-07	0.000000e+00	0.000000e+00	0.000000e+00	
1016	3.501000e-07	0.000000e+00	0.000000e+00	0.000000e+00	
1017	3.501100e-07	0.000000e+00	0.000000e+00	0.000000e+00	
1018	3.501300e-07	0.000000e+00	0.000000e+00	0.000000e+00	
1019	3.501700e-07	0.000000e+00	0.000000e+00	0.000000e+00	
1020	3.502000e-07	0.000000e+00	0.000000e+00	0.000000e+00	
1021	3.502080e-07	0.000000e+00	0.000000e+00	0.000000e+00	
1022	3.502240e-07	0.000000e+00	0.000000e+00	0.000000e+00	
1023	3.502560e-07	0.000000e+00	0.000000e+00	0.000000e+00	
1024	3.503200e-07	0.000000e+00	0.000000e+00	0.000000e+00	
1025	3.504480e-07	0.000000e+00	0.000000e+00	0.000000e+00	
1026	3.507040e-07	0.000000e+00	0.000000e+00	0.000000e+00	
1027	3.512160e-07	0.000000e+00	0.000000e+00	0.000000e+00	
1028	3.522400e-07	0.000000e+00	0.000000e+00	0.000000e+00	
1029	3.531000e-07	0.000000e+00	0.000000e+00	0.000000e+00	
1030	3.531100e-07	0.000000e+00	0.000000e+00	0.000000e+00	
1031	3.531300e-07	0.000000e+00	0.000000e+00	0.000000e+00	
1032	3.531700e-07	0.000000e+00	0.000000e+00	0.000000e+00	
1033	3.532000e-07	0.000000e+00	0.000000e+00	0.000000e+00	
1034	3.532080e-07	0.000000e+00	0.000000e+00	0.000000e+00	
1035	3.532240e-07	0.000000e+00	0.000000e+00	0.000000e+00	
1036	3.532560e-07	0.000000e+00	0.000000e+00	0.000000e+00	
1037	3.533200e-07	0.000000e+00	0.000000e+00	0.000000e+00	
1038	3.534480e-07	0.000000e+00	0.000000e+00	0.000000e+00	
1039	3.537040e-07	0.000000e+00	0.000000e+00	0.000000e+00	
1040	3.542160e-07	0.000000e+00	0.000000e+00	0.000000e+00	

Index   time            data_in3        error           rst             
--------------------------------------------------------------------------------
1041	3.552400e-07	0.000000e+00	0.000000e+00	0.000000e+00	
1042	3.572880e-07	0.000000e+00	0.000000e+00	0.000000e+00	
1043	3.600000e-07	0.000000e+00	0.000000e+00	0.000000e+00	
1044	3.600100e-07	0.000000e+00	0.000000e+00	0.000000e+00	
1045	3.600300e-07	0.000000e+00	0.000000e+00	0.000000e+00	
1046	3.600700e-07	0.000000e+00	0.000000e+00	0.000000e+00	
1047	3.601000e-07	0.000000e+00	0.000000e+00	0.000000e+00	
1048	3.601080e-07	0.000000e+00	0.000000e+00	0.000000e+00	
1049	3.601240e-07	0.000000e+00	0.000000e+00	0.000000e+00	
1050	3.601560e-07	0.000000e+00	0.000000e+00	0.000000e+00	
1051	3.602200e-07	0.000000e+00	0.000000e+00	0.000000e+00	
1052	3.603480e-07	0.000000e+00	0.000000e+00	0.000000e+00	
1053	3.606040e-07	0.000000e+00	0.000000e+00	0.000000e+00	
1054	3.611160e-07	0.000000e+00	0.000000e+00	0.000000e+00	
1055	3.621400e-07	0.000000e+00	0.000000e+00	0.000000e+00	
1056	3.630000e-07	0.000000e+00	0.000000e+00	0.000000e+00	
1057	3.630100e-07	0.000000e+00	0.000000e+00	0.000000e+00	
1058	3.630300e-07	0.000000e+00	0.000000e+00	0.000000e+00	
1059	3.630700e-07	0.000000e+00	0.000000e+00	0.000000e+00	
1060	3.631000e-07	0.000000e+00	0.000000e+00	0.000000e+00	
1061	3.631080e-07	0.000000e+00	0.000000e+00	0.000000e+00	
1062	3.631240e-07	0.000000e+00	0.000000e+00	0.000000e+00	
1063	3.631560e-07	0.000000e+00	0.000000e+00	0.000000e+00	
1064	3.632200e-07	0.000000e+00	0.000000e+00	0.000000e+00	
1065	3.633480e-07	0.000000e+00	0.000000e+00	0.000000e+00	
1066	3.636040e-07	0.000000e+00	0.000000e+00	0.000000e+00	
1067	3.641160e-07	0.000000e+00	0.000000e+00	0.000000e+00	
1068	3.651400e-07	0.000000e+00	0.000000e+00	0.000000e+00	
1069	3.671880e-07	0.000000e+00	0.000000e+00	0.000000e+00	
1070	3.701000e-07	0.000000e+00	0.000000e+00	0.000000e+00	
1071	3.701100e-07	0.000000e+00	0.000000e+00	0.000000e+00	
1072	3.701300e-07	0.000000e+00	0.000000e+00	0.000000e+00	
1073	3.701700e-07	0.000000e+00	0.000000e+00	0.000000e+00	
1074	3.702000e-07	0.000000e+00	0.000000e+00	0.000000e+00	
1075	3.702080e-07	0.000000e+00	0.000000e+00	0.000000e+00	
1076	3.702240e-07	0.000000e+00	0.000000e+00	0.000000e+00	
1077	3.702560e-07	0.000000e+00	0.000000e+00	0.000000e+00	
1078	3.703200e-07	0.000000e+00	0.000000e+00	0.000000e+00	
1079	3.704480e-07	0.000000e+00	0.000000e+00	0.000000e+00	
1080	3.707040e-07	0.000000e+00	0.000000e+00	0.000000e+00	
1081	3.712160e-07	0.000000e+00	0.000000e+00	0.000000e+00	
1082	3.722400e-07	0.000000e+00	0.000000e+00	0.000000e+00	
1083	3.731000e-07	0.000000e+00	0.000000e+00	0.000000e+00	
1084	3.731100e-07	0.000000e+00	0.000000e+00	0.000000e+00	
1085	3.731300e-07	0.000000e+00	0.000000e+00	0.000000e+00	
1086	3.731700e-07	0.000000e+00	0.000000e+00	0.000000e+00	
1087	3.732000e-07	0.000000e+00	0.000000e+00	0.000000e+00	
1088	3.732080e-07	0.000000e+00	0.000000e+00	0.000000e+00	
1089	3.732240e-07	0.000000e+00	0.000000e+00	0.000000e+00	
1090	3.732560e-07	0.000000e+00	0.000000e+00	0.000000e+00	
1091	3.733200e-07	0.000000e+00	0.000000e+00	0.000000e+00	
1092	3.734480e-07	0.000000e+00	0.000000e+00	0.000000e+00	
1093	3.737040e-07	0.000000e+00	0.000000e+00	0.000000e+00	
1094	3.742160e-07	0.000000e+00	0.000000e+00	0.000000e+00	
1095	3.752400e-07	0.000000e+00	0.000000e+00	0.000000e+00	
1096	3.772880e-07	0.000000e+00	0.000000e+00	0.000000e+00	
1097	3.800000e-07	0.000000e+00	0.000000e+00	0.000000e+00	
1098	3.800100e-07	0.000000e+00	0.000000e+00	0.000000e+00	

Index   time            data_in3        error           rst             
--------------------------------------------------------------------------------
1099	3.800300e-07	0.000000e+00	0.000000e+00	0.000000e+00	
1100	3.800700e-07	0.000000e+00	0.000000e+00	0.000000e+00	
1101	3.801000e-07	0.000000e+00	0.000000e+00	0.000000e+00	
1102	3.801080e-07	0.000000e+00	0.000000e+00	0.000000e+00	
1103	3.801240e-07	0.000000e+00	0.000000e+00	0.000000e+00	
1104	3.801560e-07	0.000000e+00	0.000000e+00	0.000000e+00	
1105	3.802200e-07	0.000000e+00	0.000000e+00	0.000000e+00	
1106	3.803480e-07	0.000000e+00	0.000000e+00	0.000000e+00	
1107	3.806040e-07	0.000000e+00	0.000000e+00	0.000000e+00	
1108	3.811160e-07	0.000000e+00	0.000000e+00	0.000000e+00	
1109	3.821400e-07	0.000000e+00	0.000000e+00	0.000000e+00	
1110	3.830000e-07	0.000000e+00	0.000000e+00	0.000000e+00	
1111	3.830100e-07	0.000000e+00	0.000000e+00	0.000000e+00	
1112	3.830300e-07	0.000000e+00	0.000000e+00	0.000000e+00	
1113	3.830700e-07	0.000000e+00	0.000000e+00	0.000000e+00	
1114	3.831000e-07	0.000000e+00	0.000000e+00	0.000000e+00	
1115	3.831080e-07	0.000000e+00	0.000000e+00	0.000000e+00	
1116	3.831240e-07	0.000000e+00	0.000000e+00	0.000000e+00	
1117	3.831560e-07	0.000000e+00	0.000000e+00	0.000000e+00	
1118	3.832200e-07	0.000000e+00	0.000000e+00	0.000000e+00	
1119	3.833480e-07	0.000000e+00	0.000000e+00	0.000000e+00	
1120	3.836040e-07	0.000000e+00	0.000000e+00	0.000000e+00	
1121	3.841160e-07	0.000000e+00	0.000000e+00	0.000000e+00	
1122	3.851400e-07	0.000000e+00	0.000000e+00	0.000000e+00	
1123	3.871880e-07	0.000000e+00	0.000000e+00	0.000000e+00	
1124	3.901000e-07	0.000000e+00	0.000000e+00	0.000000e+00	
1125	3.901100e-07	0.000000e+00	0.000000e+00	0.000000e+00	
1126	3.901300e-07	0.000000e+00	0.000000e+00	0.000000e+00	
1127	3.901700e-07	0.000000e+00	0.000000e+00	0.000000e+00	
1128	3.902000e-07	0.000000e+00	0.000000e+00	0.000000e+00	
1129	3.902080e-07	0.000000e+00	0.000000e+00	0.000000e+00	
1130	3.902240e-07	0.000000e+00	0.000000e+00	0.000000e+00	
1131	3.902560e-07	0.000000e+00	0.000000e+00	0.000000e+00	
1132	3.903200e-07	0.000000e+00	0.000000e+00	0.000000e+00	
1133	3.904480e-07	0.000000e+00	0.000000e+00	0.000000e+00	
1134	3.907040e-07	0.000000e+00	0.000000e+00	0.000000e+00	
1135	3.912160e-07	0.000000e+00	0.000000e+00	0.000000e+00	
1136	3.922400e-07	0.000000e+00	0.000000e+00	0.000000e+00	
1137	3.931000e-07	0.000000e+00	0.000000e+00	0.000000e+00	
1138	3.931100e-07	0.000000e+00	0.000000e+00	0.000000e+00	
1139	3.931300e-07	0.000000e+00	0.000000e+00	0.000000e+00	
1140	3.931700e-07	0.000000e+00	0.000000e+00	0.000000e+00	
1141	3.932000e-07	0.000000e+00	0.000000e+00	0.000000e+00	
1142	3.932080e-07	0.000000e+00	0.000000e+00	0.000000e+00	
1143	3.932240e-07	0.000000e+00	0.000000e+00	0.000000e+00	
1144	3.932560e-07	0.000000e+00	0.000000e+00	0.000000e+00	
1145	3.933200e-07	0.000000e+00	0.000000e+00	0.000000e+00	
1146	3.934480e-07	0.000000e+00	0.000000e+00	0.000000e+00	
1147	3.937040e-07	0.000000e+00	0.000000e+00	0.000000e+00	
1148	3.942160e-07	0.000000e+00	0.000000e+00	0.000000e+00	
1149	3.952400e-07	0.000000e+00	0.000000e+00	0.000000e+00	
1150	3.972880e-07	0.000000e+00	0.000000e+00	0.000000e+00	
1151	4.000000e-07	0.000000e+00	0.000000e+00	0.000000e+00	
1152	4.000100e-07	0.000000e+00	0.000000e+00	0.000000e+00	
1153	4.000300e-07	0.000000e+00	0.000000e+00	0.000000e+00	
1154	4.000700e-07	0.000000e+00	0.000000e+00	0.000000e+00	
1155	4.001000e-07	0.000000e+00	0.000000e+00	0.000000e+00	
1156	4.001080e-07	0.000000e+00	0.000000e+00	0.000000e+00	

Index   time            data_in3        error           rst             
--------------------------------------------------------------------------------
1157	4.001240e-07	0.000000e+00	0.000000e+00	0.000000e+00	
1158	4.001560e-07	0.000000e+00	0.000000e+00	0.000000e+00	
1159	4.002200e-07	0.000000e+00	0.000000e+00	0.000000e+00	
1160	4.003480e-07	0.000000e+00	0.000000e+00	0.000000e+00	
1161	4.006040e-07	0.000000e+00	0.000000e+00	0.000000e+00	
1162	4.011160e-07	0.000000e+00	0.000000e+00	0.000000e+00	
1163	4.021400e-07	0.000000e+00	0.000000e+00	0.000000e+00	
1164	4.030000e-07	0.000000e+00	0.000000e+00	0.000000e+00	
1165	4.030100e-07	0.000000e+00	0.000000e+00	0.000000e+00	
1166	4.030300e-07	0.000000e+00	0.000000e+00	0.000000e+00	
1167	4.030700e-07	0.000000e+00	0.000000e+00	0.000000e+00	
1168	4.031000e-07	0.000000e+00	0.000000e+00	0.000000e+00	
1169	4.031080e-07	0.000000e+00	0.000000e+00	0.000000e+00	
1170	4.031240e-07	0.000000e+00	0.000000e+00	0.000000e+00	
1171	4.031560e-07	0.000000e+00	0.000000e+00	0.000000e+00	
1172	4.032200e-07	0.000000e+00	0.000000e+00	0.000000e+00	
1173	4.033480e-07	0.000000e+00	0.000000e+00	0.000000e+00	
1174	4.036040e-07	0.000000e+00	0.000000e+00	0.000000e+00	
1175	4.041160e-07	0.000000e+00	0.000000e+00	0.000000e+00	
1176	4.051400e-07	0.000000e+00	0.000000e+00	0.000000e+00	
1177	4.071880e-07	0.000000e+00	0.000000e+00	0.000000e+00	
1178	4.101000e-07	0.000000e+00	0.000000e+00	0.000000e+00	
1179	4.101100e-07	0.000000e+00	0.000000e+00	0.000000e+00	
1180	4.101300e-07	0.000000e+00	0.000000e+00	0.000000e+00	
1181	4.101700e-07	0.000000e+00	0.000000e+00	0.000000e+00	
1182	4.102000e-07	0.000000e+00	0.000000e+00	0.000000e+00	
1183	4.102080e-07	0.000000e+00	0.000000e+00	0.000000e+00	
1184	4.102240e-07	0.000000e+00	0.000000e+00	0.000000e+00	
1185	4.102560e-07	0.000000e+00	0.000000e+00	0.000000e+00	
1186	4.103200e-07	0.000000e+00	0.000000e+00	0.000000e+00	
1187	4.104480e-07	0.000000e+00	0.000000e+00	0.000000e+00	
1188	4.107040e-07	0.000000e+00	0.000000e+00	0.000000e+00	
1189	4.112160e-07	0.000000e+00	0.000000e+00	0.000000e+00	
1190	4.122400e-07	0.000000e+00	0.000000e+00	0.000000e+00	
1191	4.131000e-07	0.000000e+00	0.000000e+00	0.000000e+00	
1192	4.131100e-07	0.000000e+00	0.000000e+00	0.000000e+00	
1193	4.131300e-07	0.000000e+00	0.000000e+00	0.000000e+00	
1194	4.131700e-07	0.000000e+00	0.000000e+00	0.000000e+00	
1195	4.132000e-07	0.000000e+00	0.000000e+00	0.000000e+00	
1196	4.132080e-07	0.000000e+00	0.000000e+00	0.000000e+00	
1197	4.132240e-07	0.000000e+00	0.000000e+00	0.000000e+00	
1198	4.132560e-07	0.000000e+00	0.000000e+00	0.000000e+00	
1199	4.133200e-07	0.000000e+00	0.000000e+00	0.000000e+00	
1200	4.134480e-07	0.000000e+00	0.000000e+00	0.000000e+00	
1201	4.137040e-07	0.000000e+00	0.000000e+00	0.000000e+00	
1202	4.142160e-07	0.000000e+00	0.000000e+00	0.000000e+00	
1203	4.152400e-07	0.000000e+00	0.000000e+00	0.000000e+00	
1204	4.172880e-07	0.000000e+00	0.000000e+00	0.000000e+00	
1205	4.200000e-07	0.000000e+00	0.000000e+00	0.000000e+00	
1206	4.200100e-07	0.000000e+00	0.000000e+00	0.000000e+00	
1207	4.200300e-07	0.000000e+00	0.000000e+00	0.000000e+00	
1208	4.200700e-07	0.000000e+00	0.000000e+00	0.000000e+00	
1209	4.201000e-07	0.000000e+00	0.000000e+00	0.000000e+00	
1210	4.201080e-07	0.000000e+00	0.000000e+00	0.000000e+00	
1211	4.201240e-07	0.000000e+00	0.000000e+00	0.000000e+00	
1212	4.201560e-07	0.000000e+00	0.000000e+00	0.000000e+00	
1213	4.202200e-07	0.000000e+00	0.000000e+00	0.000000e+00	
1214	4.203480e-07	0.000000e+00	0.000000e+00	0.000000e+00	

Index   time            data_in3        error           rst             
--------------------------------------------------------------------------------
1215	4.206040e-07	0.000000e+00	0.000000e+00	0.000000e+00	
1216	4.211160e-07	0.000000e+00	0.000000e+00	0.000000e+00	
1217	4.221400e-07	0.000000e+00	0.000000e+00	0.000000e+00	
1218	4.230000e-07	0.000000e+00	0.000000e+00	0.000000e+00	
1219	4.230100e-07	0.000000e+00	0.000000e+00	0.000000e+00	
1220	4.230300e-07	0.000000e+00	0.000000e+00	0.000000e+00	
1221	4.230700e-07	0.000000e+00	0.000000e+00	0.000000e+00	
1222	4.231000e-07	0.000000e+00	0.000000e+00	0.000000e+00	
1223	4.231080e-07	0.000000e+00	0.000000e+00	0.000000e+00	
1224	4.231240e-07	0.000000e+00	0.000000e+00	0.000000e+00	
1225	4.231560e-07	0.000000e+00	0.000000e+00	0.000000e+00	
1226	4.232200e-07	0.000000e+00	0.000000e+00	0.000000e+00	
1227	4.233480e-07	0.000000e+00	0.000000e+00	0.000000e+00	
1228	4.236040e-07	0.000000e+00	0.000000e+00	0.000000e+00	
1229	4.241160e-07	0.000000e+00	0.000000e+00	0.000000e+00	
1230	4.251400e-07	0.000000e+00	0.000000e+00	0.000000e+00	
1231	4.271880e-07	0.000000e+00	0.000000e+00	0.000000e+00	
1232	4.301000e-07	0.000000e+00	0.000000e+00	0.000000e+00	
1233	4.301100e-07	0.000000e+00	0.000000e+00	0.000000e+00	
1234	4.301300e-07	0.000000e+00	0.000000e+00	0.000000e+00	
1235	4.301700e-07	0.000000e+00	0.000000e+00	0.000000e+00	
1236	4.302000e-07	0.000000e+00	0.000000e+00	0.000000e+00	
1237	4.302080e-07	0.000000e+00	0.000000e+00	0.000000e+00	
1238	4.302240e-07	0.000000e+00	0.000000e+00	0.000000e+00	
1239	4.302560e-07	0.000000e+00	0.000000e+00	0.000000e+00	
1240	4.303200e-07	0.000000e+00	0.000000e+00	0.000000e+00	
1241	4.304480e-07	0.000000e+00	0.000000e+00	0.000000e+00	
1242	4.307040e-07	0.000000e+00	0.000000e+00	0.000000e+00	
1243	4.312160e-07	0.000000e+00	0.000000e+00	0.000000e+00	
1244	4.322400e-07	0.000000e+00	0.000000e+00	0.000000e+00	
1245	4.331000e-07	0.000000e+00	0.000000e+00	0.000000e+00	
1246	4.331100e-07	0.000000e+00	0.000000e+00	0.000000e+00	
1247	4.331300e-07	0.000000e+00	0.000000e+00	0.000000e+00	
1248	4.331700e-07	0.000000e+00	0.000000e+00	0.000000e+00	
1249	4.332000e-07	0.000000e+00	0.000000e+00	0.000000e+00	
1250	4.332080e-07	0.000000e+00	0.000000e+00	0.000000e+00	
1251	4.332240e-07	0.000000e+00	0.000000e+00	0.000000e+00	
1252	4.332560e-07	0.000000e+00	0.000000e+00	0.000000e+00	
1253	4.333200e-07	0.000000e+00	0.000000e+00	0.000000e+00	
1254	4.334480e-07	0.000000e+00	0.000000e+00	0.000000e+00	
1255	4.337040e-07	0.000000e+00	0.000000e+00	0.000000e+00	
1256	4.342160e-07	0.000000e+00	0.000000e+00	0.000000e+00	
1257	4.352400e-07	0.000000e+00	0.000000e+00	0.000000e+00	
1258	4.372880e-07	0.000000e+00	0.000000e+00	0.000000e+00	
1259	4.400000e-07	0.000000e+00	0.000000e+00	0.000000e+00	
1260	4.400100e-07	0.000000e+00	0.000000e+00	0.000000e+00	
1261	4.400300e-07	0.000000e+00	0.000000e+00	0.000000e+00	
1262	4.400700e-07	0.000000e+00	0.000000e+00	0.000000e+00	
1263	4.401000e-07	0.000000e+00	0.000000e+00	0.000000e+00	
1264	4.401080e-07	0.000000e+00	0.000000e+00	0.000000e+00	
1265	4.401240e-07	0.000000e+00	0.000000e+00	0.000000e+00	
1266	4.401560e-07	0.000000e+00	0.000000e+00	0.000000e+00	
1267	4.402200e-07	0.000000e+00	0.000000e+00	0.000000e+00	
1268	4.403480e-07	0.000000e+00	0.000000e+00	0.000000e+00	
1269	4.406040e-07	0.000000e+00	0.000000e+00	0.000000e+00	
1270	4.411160e-07	0.000000e+00	0.000000e+00	0.000000e+00	
1271	4.421400e-07	0.000000e+00	0.000000e+00	0.000000e+00	
1272	4.430000e-07	0.000000e+00	0.000000e+00	0.000000e+00	

Index   time            data_in3        error           rst             
--------------------------------------------------------------------------------
1273	4.430100e-07	0.000000e+00	0.000000e+00	0.000000e+00	
1274	4.430300e-07	0.000000e+00	0.000000e+00	0.000000e+00	
1275	4.430700e-07	0.000000e+00	0.000000e+00	0.000000e+00	
1276	4.431000e-07	0.000000e+00	0.000000e+00	0.000000e+00	
1277	4.431080e-07	0.000000e+00	0.000000e+00	0.000000e+00	
1278	4.431240e-07	0.000000e+00	0.000000e+00	0.000000e+00	
1279	4.431560e-07	0.000000e+00	0.000000e+00	0.000000e+00	
1280	4.432200e-07	0.000000e+00	0.000000e+00	0.000000e+00	
1281	4.433480e-07	0.000000e+00	0.000000e+00	0.000000e+00	
1282	4.436040e-07	0.000000e+00	0.000000e+00	0.000000e+00	
1283	4.441160e-07	0.000000e+00	0.000000e+00	0.000000e+00	
1284	4.451400e-07	0.000000e+00	0.000000e+00	0.000000e+00	
1285	4.471880e-07	0.000000e+00	0.000000e+00	0.000000e+00	
1286	4.501000e-07	0.000000e+00	0.000000e+00	0.000000e+00	
1287	4.501100e-07	0.000000e+00	0.000000e+00	0.000000e+00	
1288	4.501300e-07	0.000000e+00	0.000000e+00	0.000000e+00	
1289	4.501700e-07	0.000000e+00	0.000000e+00	0.000000e+00	
1290	4.502000e-07	0.000000e+00	0.000000e+00	0.000000e+00	
1291	4.502080e-07	0.000000e+00	0.000000e+00	0.000000e+00	
1292	4.502240e-07	0.000000e+00	0.000000e+00	0.000000e+00	
1293	4.502560e-07	0.000000e+00	0.000000e+00	0.000000e+00	
1294	4.503200e-07	0.000000e+00	0.000000e+00	0.000000e+00	
1295	4.504480e-07	0.000000e+00	0.000000e+00	0.000000e+00	
1296	4.507040e-07	0.000000e+00	0.000000e+00	0.000000e+00	
1297	4.512160e-07	0.000000e+00	0.000000e+00	0.000000e+00	
1298	4.522400e-07	0.000000e+00	0.000000e+00	0.000000e+00	
1299	4.531000e-07	0.000000e+00	0.000000e+00	0.000000e+00	
1300	4.531100e-07	0.000000e+00	0.000000e+00	0.000000e+00	
1301	4.531300e-07	0.000000e+00	0.000000e+00	0.000000e+00	
1302	4.531700e-07	0.000000e+00	0.000000e+00	0.000000e+00	
1303	4.532000e-07	0.000000e+00	0.000000e+00	0.000000e+00	
1304	4.532080e-07	0.000000e+00	0.000000e+00	0.000000e+00	
1305	4.532240e-07	0.000000e+00	0.000000e+00	0.000000e+00	
1306	4.532560e-07	0.000000e+00	0.000000e+00	0.000000e+00	
1307	4.533200e-07	0.000000e+00	0.000000e+00	0.000000e+00	
1308	4.534480e-07	0.000000e+00	0.000000e+00	0.000000e+00	
1309	4.537040e-07	0.000000e+00	0.000000e+00	0.000000e+00	
1310	4.542160e-07	0.000000e+00	0.000000e+00	0.000000e+00	
1311	4.552400e-07	0.000000e+00	0.000000e+00	0.000000e+00	
1312	4.572880e-07	0.000000e+00	0.000000e+00	0.000000e+00	
1313	4.600000e-07	0.000000e+00	0.000000e+00	0.000000e+00	
1314	4.600100e-07	0.000000e+00	0.000000e+00	0.000000e+00	
1315	4.600300e-07	0.000000e+00	0.000000e+00	0.000000e+00	
1316	4.600700e-07	0.000000e+00	0.000000e+00	0.000000e+00	
1317	4.601000e-07	0.000000e+00	0.000000e+00	0.000000e+00	
1318	4.601080e-07	0.000000e+00	0.000000e+00	0.000000e+00	
1319	4.601240e-07	0.000000e+00	0.000000e+00	0.000000e+00	
1320	4.601560e-07	0.000000e+00	0.000000e+00	0.000000e+00	
1321	4.602200e-07	0.000000e+00	0.000000e+00	0.000000e+00	
1322	4.603480e-07	0.000000e+00	0.000000e+00	0.000000e+00	
1323	4.606040e-07	0.000000e+00	0.000000e+00	0.000000e+00	
1324	4.611160e-07	0.000000e+00	0.000000e+00	0.000000e+00	
1325	4.621400e-07	0.000000e+00	0.000000e+00	0.000000e+00	
1326	4.630000e-07	0.000000e+00	0.000000e+00	0.000000e+00	
1327	4.630100e-07	0.000000e+00	0.000000e+00	0.000000e+00	
1328	4.630300e-07	0.000000e+00	0.000000e+00	0.000000e+00	
1329	4.630700e-07	0.000000e+00	0.000000e+00	0.000000e+00	
1330	4.631000e-07	0.000000e+00	0.000000e+00	0.000000e+00	

Index   time            data_in3        error           rst             
--------------------------------------------------------------------------------
1331	4.631080e-07	0.000000e+00	0.000000e+00	0.000000e+00	
1332	4.631240e-07	0.000000e+00	0.000000e+00	0.000000e+00	
1333	4.631560e-07	0.000000e+00	0.000000e+00	0.000000e+00	
1334	4.632200e-07	0.000000e+00	0.000000e+00	0.000000e+00	
1335	4.633480e-07	0.000000e+00	0.000000e+00	0.000000e+00	
1336	4.636040e-07	0.000000e+00	0.000000e+00	0.000000e+00	
1337	4.641160e-07	0.000000e+00	0.000000e+00	0.000000e+00	
1338	4.651400e-07	0.000000e+00	0.000000e+00	0.000000e+00	
1339	4.671880e-07	0.000000e+00	0.000000e+00	0.000000e+00	
1340	4.701000e-07	0.000000e+00	0.000000e+00	0.000000e+00	
1341	4.701100e-07	0.000000e+00	0.000000e+00	0.000000e+00	
1342	4.701300e-07	0.000000e+00	0.000000e+00	0.000000e+00	
1343	4.701700e-07	0.000000e+00	0.000000e+00	0.000000e+00	
1344	4.702000e-07	0.000000e+00	0.000000e+00	0.000000e+00	
1345	4.702080e-07	0.000000e+00	0.000000e+00	0.000000e+00	
1346	4.702240e-07	0.000000e+00	0.000000e+00	0.000000e+00	
1347	4.702560e-07	0.000000e+00	0.000000e+00	0.000000e+00	
1348	4.703200e-07	0.000000e+00	0.000000e+00	0.000000e+00	
1349	4.704480e-07	0.000000e+00	0.000000e+00	0.000000e+00	
1350	4.707040e-07	0.000000e+00	0.000000e+00	0.000000e+00	
1351	4.712160e-07	0.000000e+00	0.000000e+00	0.000000e+00	
1352	4.722400e-07	0.000000e+00	0.000000e+00	0.000000e+00	
1353	4.731000e-07	0.000000e+00	0.000000e+00	0.000000e+00	
1354	4.731100e-07	0.000000e+00	0.000000e+00	0.000000e+00	
1355	4.731300e-07	0.000000e+00	0.000000e+00	0.000000e+00	
1356	4.731700e-07	0.000000e+00	0.000000e+00	0.000000e+00	
1357	4.732000e-07	0.000000e+00	0.000000e+00	0.000000e+00	
1358	4.732080e-07	0.000000e+00	0.000000e+00	0.000000e+00	
1359	4.732240e-07	0.000000e+00	0.000000e+00	0.000000e+00	
1360	4.732560e-07	0.000000e+00	0.000000e+00	0.000000e+00	
1361	4.733200e-07	0.000000e+00	0.000000e+00	0.000000e+00	
1362	4.734480e-07	0.000000e+00	0.000000e+00	0.000000e+00	
1363	4.737040e-07	0.000000e+00	0.000000e+00	0.000000e+00	
1364	4.742160e-07	0.000000e+00	0.000000e+00	0.000000e+00	
1365	4.752400e-07	0.000000e+00	0.000000e+00	0.000000e+00	
1366	4.772880e-07	0.000000e+00	0.000000e+00	0.000000e+00	
1367	4.800000e-07	0.000000e+00	0.000000e+00	0.000000e+00	
1368	4.800100e-07	0.000000e+00	0.000000e+00	0.000000e+00	
1369	4.800300e-07	0.000000e+00	0.000000e+00	0.000000e+00	
1370	4.800700e-07	0.000000e+00	0.000000e+00	0.000000e+00	
1371	4.801000e-07	0.000000e+00	0.000000e+00	0.000000e+00	
1372	4.801080e-07	0.000000e+00	0.000000e+00	0.000000e+00	
1373	4.801240e-07	0.000000e+00	0.000000e+00	0.000000e+00	
1374	4.801560e-07	0.000000e+00	0.000000e+00	0.000000e+00	
1375	4.802200e-07	0.000000e+00	0.000000e+00	0.000000e+00	
1376	4.803480e-07	0.000000e+00	0.000000e+00	0.000000e+00	
1377	4.806040e-07	0.000000e+00	0.000000e+00	0.000000e+00	
1378	4.811160e-07	0.000000e+00	0.000000e+00	0.000000e+00	
1379	4.821400e-07	0.000000e+00	0.000000e+00	0.000000e+00	
1380	4.830000e-07	0.000000e+00	0.000000e+00	0.000000e+00	
1381	4.830100e-07	0.000000e+00	0.000000e+00	0.000000e+00	
1382	4.830300e-07	0.000000e+00	0.000000e+00	0.000000e+00	
1383	4.830700e-07	0.000000e+00	0.000000e+00	0.000000e+00	
1384	4.831000e-07	0.000000e+00	0.000000e+00	0.000000e+00	
1385	4.831080e-07	0.000000e+00	0.000000e+00	0.000000e+00	
1386	4.831240e-07	0.000000e+00	0.000000e+00	0.000000e+00	
1387	4.831560e-07	0.000000e+00	0.000000e+00	0.000000e+00	
1388	4.832200e-07	0.000000e+00	0.000000e+00	0.000000e+00	

Index   time            data_in3        error           rst             
--------------------------------------------------------------------------------
1389	4.833480e-07	0.000000e+00	0.000000e+00	0.000000e+00	
1390	4.836040e-07	0.000000e+00	0.000000e+00	0.000000e+00	
1391	4.841160e-07	0.000000e+00	0.000000e+00	0.000000e+00	
1392	4.851400e-07	0.000000e+00	0.000000e+00	0.000000e+00	
1393	4.871880e-07	0.000000e+00	0.000000e+00	0.000000e+00	
1394	4.901000e-07	0.000000e+00	0.000000e+00	0.000000e+00	
1395	4.901100e-07	0.000000e+00	0.000000e+00	0.000000e+00	
1396	4.901300e-07	0.000000e+00	0.000000e+00	0.000000e+00	
1397	4.901700e-07	0.000000e+00	0.000000e+00	0.000000e+00	
1398	4.902000e-07	0.000000e+00	0.000000e+00	0.000000e+00	
1399	4.902080e-07	0.000000e+00	0.000000e+00	0.000000e+00	
1400	4.902240e-07	0.000000e+00	0.000000e+00	0.000000e+00	
1401	4.902560e-07	0.000000e+00	0.000000e+00	0.000000e+00	
1402	4.903200e-07	0.000000e+00	0.000000e+00	0.000000e+00	
1403	4.904480e-07	0.000000e+00	0.000000e+00	0.000000e+00	
1404	4.907040e-07	0.000000e+00	0.000000e+00	0.000000e+00	
1405	4.912160e-07	0.000000e+00	0.000000e+00	0.000000e+00	
1406	4.922400e-07	0.000000e+00	0.000000e+00	0.000000e+00	
1407	4.931000e-07	0.000000e+00	0.000000e+00	0.000000e+00	
1408	4.931100e-07	0.000000e+00	0.000000e+00	0.000000e+00	
1409	4.931300e-07	0.000000e+00	0.000000e+00	0.000000e+00	
1410	4.931700e-07	0.000000e+00	0.000000e+00	0.000000e+00	
1411	4.932000e-07	0.000000e+00	0.000000e+00	0.000000e+00	
1412	4.932080e-07	0.000000e+00	0.000000e+00	0.000000e+00	
1413	4.932240e-07	0.000000e+00	0.000000e+00	0.000000e+00	
1414	4.932560e-07	0.000000e+00	0.000000e+00	0.000000e+00	
1415	4.933200e-07	0.000000e+00	0.000000e+00	0.000000e+00	
1416	4.934480e-07	0.000000e+00	0.000000e+00	0.000000e+00	
1417	4.937040e-07	0.000000e+00	0.000000e+00	0.000000e+00	
1418	4.942160e-07	0.000000e+00	0.000000e+00	0.000000e+00	
1419	4.952400e-07	0.000000e+00	0.000000e+00	0.000000e+00	
1420	4.972880e-07	0.000000e+00	0.000000e+00	0.000000e+00	
1421	5.000000e-07	0.000000e+00	0.000000e+00	0.000000e+00	
