                                kicad schematic
                                Transient Analysis  Thu Jul 09 11:20:11  2026
--------------------------------------------------------------------------------
Index   time            a0              a1              a2              
--------------------------------------------------------------------------------
0	0.000000e+00	0.000000e+00	0.000000e+00	0.000000e+00	
1	1.000000e-11	0.000000e+00	0.000000e+00	0.000000e+00	
2	2.000000e-11	0.000000e+00	0.000000e+00	0.000000e+00	
3	4.000000e-11	0.000000e+00	0.000000e+00	0.000000e+00	
4	8.000000e-11	0.000000e+00	0.000000e+00	0.000000e+00	
5	1.600000e-10	0.000000e+00	0.000000e+00	0.000000e+00	
6	3.200000e-10	0.000000e+00	0.000000e+00	0.000000e+00	
7	6.400000e-10	0.000000e+00	0.000000e+00	0.000000e+00	
8	1.280000e-09	0.000000e+00	0.000000e+00	0.000000e+00	
9	2.280000e-09	0.000000e+00	0.000000e+00	0.000000e+00	
10	3.280000e-09	0.000000e+00	0.000000e+00	0.000000e+00	
11	4.280000e-09	0.000000e+00	0.000000e+00	0.000000e+00	
12	5.280000e-09	0.000000e+00	0.000000e+00	0.000000e+00	
13	6.280000e-09	0.000000e+00	0.000000e+00	0.000000e+00	
14	7.280000e-09	0.000000e+00	0.000000e+00	0.000000e+00	
15	8.280000e-09	0.000000e+00	0.000000e+00	0.000000e+00	
16	9.280000e-09	0.000000e+00	0.000000e+00	0.000000e+00	
17	1.028000e-08	0.000000e+00	0.000000e+00	0.000000e+00	
18	1.128000e-08	0.000000e+00	0.000000e+00	0.000000e+00	
19	1.228000e-08	0.000000e+00	0.000000e+00	0.000000e+00	
20	1.328000e-08	0.000000e+00	0.000000e+00	0.000000e+00	
21	1.428000e-08	0.000000e+00	0.000000e+00	0.000000e+00	
22	1.528000e-08	0.000000e+00	0.000000e+00	0.000000e+00	
23	1.628000e-08	0.000000e+00	0.000000e+00	0.000000e+00	
24	1.728000e-08	0.000000e+00	0.000000e+00	0.000000e+00	
25	1.828000e-08	0.000000e+00	0.000000e+00	0.000000e+00	
26	1.928000e-08	0.000000e+00	0.000000e+00	0.000000e+00	
27	2.028000e-08	0.000000e+00	0.000000e+00	0.000000e+00	
28	2.128000e-08	0.000000e+00	0.000000e+00	0.000000e+00	
29	2.228000e-08	0.000000e+00	0.000000e+00	0.000000e+00	
30	2.328000e-08	0.000000e+00	0.000000e+00	0.000000e+00	
31	2.428000e-08	0.000000e+00	0.000000e+00	0.000000e+00	
32	2.528000e-08	0.000000e+00	0.000000e+00	0.000000e+00	
33	2.628000e-08	0.000000e+00	0.000000e+00	0.000000e+00	
34	2.728000e-08	0.000000e+00	0.000000e+00	0.000000e+00	
35	2.828000e-08	0.000000e+00	0.000000e+00	0.000000e+00	
36	2.928000e-08	0.000000e+00	0.000000e+00	0.000000e+00	
37	3.000000e-08	0.000000e+00	0.000000e+00	0.000000e+00	
38	3.010000e-08	3.300000e-01	3.300000e-01	3.300000e-01	
39	3.030000e-08	9.900000e-01	9.900000e-01	9.900000e-01	
40	3.070000e-08	2.310000e+00	2.310000e+00	2.310000e+00	
41	3.100000e-08	3.300000e+00	3.300000e+00	3.300000e+00	
42	3.108000e-08	3.300000e+00	3.300000e+00	3.300000e+00	
43	3.124000e-08	3.300000e+00	3.300000e+00	3.300000e+00	
44	3.156000e-08	3.300000e+00	3.300000e+00	3.300000e+00	
45	3.220000e-08	3.300000e+00	3.300000e+00	3.300000e+00	
46	3.320000e-08	3.300000e+00	3.300000e+00	3.300000e+00	
47	3.420000e-08	3.300000e+00	3.300000e+00	3.300000e+00	
48	3.520000e-08	3.300000e+00	3.300000e+00	3.300000e+00	
49	3.620000e-08	3.300000e+00	3.300000e+00	3.300000e+00	
50	3.720000e-08	3.300000e+00	3.300000e+00	3.300000e+00	
51	3.820000e-08	3.300000e+00	3.300000e+00	3.300000e+00	
52	3.920000e-08	3.300000e+00	3.300000e+00	3.300000e+00	
53	4.020000e-08	3.300000e+00	3.300000e+00	3.300000e+00	
54	4.120000e-08	3.300000e+00	3.300000e+00	3.300000e+00	

Index   time            a0              a1              a2              
--------------------------------------------------------------------------------
55	4.220000e-08	3.300000e+00	3.300000e+00	3.300000e+00	
56	4.320000e-08	3.300000e+00	3.300000e+00	3.300000e+00	
57	4.420000e-08	3.300000e+00	3.300000e+00	3.300000e+00	
58	4.520000e-08	3.300000e+00	3.300000e+00	3.300000e+00	
59	4.620000e-08	3.300000e+00	3.300000e+00	3.300000e+00	
60	4.720000e-08	3.300000e+00	3.300000e+00	3.300000e+00	
61	4.820000e-08	3.300000e+00	3.300000e+00	3.300000e+00	
62	4.920000e-08	3.300000e+00	3.300000e+00	3.300000e+00	
63	5.020000e-08	3.300000e+00	3.300000e+00	3.300000e+00	
64	5.100000e-08	3.300000e+00	3.300000e+00	3.300000e+00	
65	5.110000e-08	3.300000e+00	3.300000e+00	3.300000e+00	
66	5.130000e-08	3.300000e+00	3.300000e+00	3.300000e+00	
67	5.170000e-08	3.300000e+00	3.300000e+00	3.300000e+00	
68	5.200000e-08	3.300000e+00	3.300000e+00	3.300000e+00	
69	5.208000e-08	3.300000e+00	3.300000e+00	3.300000e+00	
70	5.224000e-08	3.300000e+00	3.300000e+00	3.300000e+00	
71	5.256000e-08	3.300000e+00	3.300000e+00	3.300000e+00	
72	5.320000e-08	3.300000e+00	3.300000e+00	3.300000e+00	
73	5.400000e-08	3.300000e+00	3.300000e+00	3.300000e+00	
74	5.410000e-08	3.300000e+00	3.300000e+00	3.300000e+00	
75	5.430000e-08	3.300000e+00	3.300000e+00	3.300000e+00	
76	5.470000e-08	3.300000e+00	3.300000e+00	3.300000e+00	
77	5.500000e-08	3.300000e+00	3.300000e+00	3.300000e+00	
78	5.508000e-08	3.300000e+00	3.300000e+00	3.300000e+00	
79	5.524000e-08	3.300000e+00	3.300000e+00	3.300000e+00	
80	5.556000e-08	3.300000e+00	3.300000e+00	3.300000e+00	
81	5.620000e-08	3.300000e+00	3.300000e+00	3.300000e+00	
82	5.720000e-08	3.300000e+00	3.300000e+00	3.300000e+00	
83	5.820000e-08	3.300000e+00	3.300000e+00	3.300000e+00	
84	5.920000e-08	3.300000e+00	3.300000e+00	3.300000e+00	
85	6.020000e-08	3.300000e+00	3.300000e+00	3.300000e+00	
86	6.120000e-08	3.300000e+00	3.300000e+00	3.300000e+00	
87	6.220000e-08	3.300000e+00	3.300000e+00	3.300000e+00	
88	6.320000e-08	3.300000e+00	3.300000e+00	3.300000e+00	
89	6.420000e-08	3.300000e+00	3.300000e+00	3.300000e+00	
90	6.520000e-08	3.300000e+00	3.300000e+00	3.300000e+00	
91	6.620000e-08	3.300000e+00	3.300000e+00	3.300000e+00	
92	6.720000e-08	3.300000e+00	3.300000e+00	3.300000e+00	
93	6.820000e-08	3.300000e+00	3.300000e+00	3.300000e+00	
94	6.920000e-08	3.300000e+00	3.300000e+00	3.300000e+00	
95	7.000000e-08	3.300000e+00	3.300000e+00	3.300000e+00	
96	7.010000e-08	3.300000e+00	3.300000e+00	3.300000e+00	
97	7.030000e-08	3.300000e+00	3.300000e+00	3.300000e+00	
98	7.070000e-08	3.300000e+00	3.300000e+00	3.300000e+00	
99	7.100000e-08	3.300000e+00	3.300000e+00	3.300000e+00	
100	7.108000e-08	3.300000e+00	3.300000e+00	3.300000e+00	
101	7.124000e-08	3.300000e+00	3.300000e+00	3.300000e+00	
102	7.156000e-08	3.300000e+00	3.300000e+00	3.300000e+00	
103	7.200000e-08	3.300000e+00	3.300000e+00	3.300000e+00	
104	7.206400e-08	3.300000e+00	3.300000e+00	3.300000e+00	
105	7.219200e-08	3.300000e+00	3.300000e+00	3.300000e+00	
106	7.230000e-08	3.300000e+00	3.300000e+00	3.300000e+00	
107	7.232560e-08	3.300000e+00	3.300000e+00	3.300000e+00	
108	7.237680e-08	3.300000e+00	3.300000e+00	3.300000e+00	
109	7.247920e-08	3.300000e+00	3.300000e+00	3.300000e+00	
110	7.268400e-08	3.300000e+00	3.300000e+00	3.300000e+00	
111	7.309360e-08	3.300000e+00	3.300000e+00	3.300000e+00	
112	7.330000e-08	3.300000e+00	3.300000e+00	3.300000e+00	

Index   time            a0              a1              a2              
--------------------------------------------------------------------------------
113	7.338192e-08	3.300000e+00	3.300000e+00	3.300000e+00	
114	7.354576e-08	3.300000e+00	3.300000e+00	3.300000e+00	
115	7.387344e-08	3.300000e+00	3.300000e+00	3.300000e+00	
116	7.400000e-08	3.300000e+00	3.300000e+00	3.300000e+00	
117	7.406554e-08	3.300000e+00	3.300000e+00	3.300000e+00	
118	7.419661e-08	3.300000e+00	3.300000e+00	3.300000e+00	
119	7.445875e-08	3.300000e+00	3.300000e+00	3.300000e+00	
120	7.498304e-08	3.300000e+00	3.300000e+00	3.300000e+00	
121	7.500000e-08	3.300000e+00	3.300000e+00	3.300000e+00	
122	7.503392e-08	3.300000e+00	3.300000e+00	3.300000e+00	
123	7.510176e-08	3.300000e+00	3.300000e+00	3.300000e+00	
124	7.523744e-08	3.300000e+00	3.300000e+00	3.300000e+00	
125	7.550880e-08	3.300000e+00	3.300000e+00	3.300000e+00	
126	7.605152e-08	3.300000e+00	3.300000e+00	3.300000e+00	
127	7.705152e-08	3.300000e+00	3.300000e+00	3.300000e+00	
128	7.805152e-08	3.300000e+00	3.300000e+00	3.300000e+00	
129	7.905152e-08	3.300000e+00	3.300000e+00	3.300000e+00	
130	8.005152e-08	3.300000e+00	3.300000e+00	3.300000e+00	
131	8.105152e-08	3.300000e+00	3.300000e+00	3.300000e+00	
132	8.205152e-08	3.300000e+00	3.300000e+00	3.300000e+00	
133	8.305152e-08	3.300000e+00	3.300000e+00	3.300000e+00	
134	8.405152e-08	3.300000e+00	3.300000e+00	3.300000e+00	
135	8.505152e-08	3.300000e+00	3.300000e+00	3.300000e+00	
136	8.605152e-08	3.300000e+00	3.300000e+00	3.300000e+00	
137	8.705152e-08	3.300000e+00	3.300000e+00	3.300000e+00	
138	8.805152e-08	3.300000e+00	3.300000e+00	3.300000e+00	
139	8.905152e-08	3.300000e+00	3.300000e+00	3.300000e+00	
140	9.005152e-08	3.300000e+00	3.300000e+00	3.300000e+00	
141	9.100000e-08	3.300000e+00	3.300000e+00	3.300000e+00	
142	9.110000e-08	2.970000e+00	2.970000e+00	3.300000e+00	
143	9.130000e-08	2.310000e+00	2.310000e+00	3.300000e+00	
144	9.170000e-08	9.900000e-01	9.900000e-01	3.300000e+00	
145	9.200000e-08	0.000000e+00	0.000000e+00	3.300000e+00	
146	9.208000e-08	0.000000e+00	0.000000e+00	3.300000e+00	
147	9.224000e-08	0.000000e+00	0.000000e+00	3.300000e+00	
148	9.256000e-08	0.000000e+00	0.000000e+00	3.300000e+00	
149	9.320000e-08	0.000000e+00	0.000000e+00	3.300000e+00	
150	9.420000e-08	0.000000e+00	0.000000e+00	3.300000e+00	
151	9.520000e-08	0.000000e+00	0.000000e+00	3.300000e+00	
152	9.620000e-08	0.000000e+00	0.000000e+00	3.300000e+00	
153	9.720000e-08	0.000000e+00	0.000000e+00	3.300000e+00	
154	9.820000e-08	0.000000e+00	0.000000e+00	3.300000e+00	
155	9.920000e-08	0.000000e+00	0.000000e+00	3.300000e+00	
156	1.002000e-07	0.000000e+00	0.000000e+00	3.300000e+00	
157	1.012000e-07	0.000000e+00	0.000000e+00	3.300000e+00	
158	1.022000e-07	0.000000e+00	0.000000e+00	3.300000e+00	
159	1.032000e-07	0.000000e+00	0.000000e+00	3.300000e+00	
160	1.042000e-07	0.000000e+00	0.000000e+00	3.300000e+00	
161	1.052000e-07	0.000000e+00	0.000000e+00	3.300000e+00	
162	1.062000e-07	0.000000e+00	0.000000e+00	3.300000e+00	
163	1.072000e-07	0.000000e+00	0.000000e+00	3.300000e+00	
164	1.082000e-07	0.000000e+00	0.000000e+00	3.300000e+00	
165	1.092000e-07	0.000000e+00	0.000000e+00	3.300000e+00	
166	1.100000e-07	0.000000e+00	0.000000e+00	3.300000e+00	
167	1.101000e-07	3.300000e-01	3.300000e-01	3.300000e+00	
168	1.103000e-07	9.900000e-01	9.900000e-01	3.300000e+00	
169	1.107000e-07	2.310000e+00	2.310000e+00	3.300000e+00	
170	1.110000e-07	3.300000e+00	3.300000e+00	3.300000e+00	

Index   time            a0              a1              a2              
--------------------------------------------------------------------------------
171	1.110800e-07	3.300000e+00	3.300000e+00	3.036000e+00	
172	1.112400e-07	3.300000e+00	3.300000e+00	2.508000e+00	
173	1.115600e-07	3.300000e+00	3.300000e+00	1.452000e+00	
174	1.120000e-07	3.300000e+00	3.300000e+00	0.000000e+00	
175	1.120640e-07	3.300000e+00	3.300000e+00	0.000000e+00	
176	1.121920e-07	3.300000e+00	3.300000e+00	0.000000e+00	
177	1.123000e-07	3.300000e+00	3.300000e+00	0.000000e+00	
178	1.123256e-07	3.300000e+00	3.300000e+00	0.000000e+00	
179	1.123768e-07	3.300000e+00	3.300000e+00	0.000000e+00	
180	1.124792e-07	3.300000e+00	3.300000e+00	0.000000e+00	
181	1.126840e-07	3.300000e+00	3.300000e+00	0.000000e+00	
182	1.130936e-07	3.300000e+00	3.300000e+00	0.000000e+00	
183	1.133000e-07	3.300000e+00	3.300000e+00	0.000000e+00	
184	1.133819e-07	3.300000e+00	3.300000e+00	0.000000e+00	
185	1.135458e-07	3.300000e+00	3.300000e+00	0.000000e+00	
186	1.138734e-07	3.300000e+00	3.300000e+00	0.000000e+00	
187	1.140000e-07	3.300000e+00	3.300000e+00	0.000000e+00	
188	1.140655e-07	3.300000e+00	3.300000e+00	0.000000e+00	
189	1.141966e-07	3.300000e+00	3.300000e+00	0.000000e+00	
190	1.144588e-07	3.300000e+00	3.300000e+00	0.000000e+00	
191	1.149830e-07	3.300000e+00	3.300000e+00	0.000000e+00	
192	1.150000e-07	3.300000e+00	3.300000e+00	0.000000e+00	
193	1.150339e-07	3.300000e+00	3.300000e+00	0.000000e+00	
194	1.151018e-07	3.300000e+00	3.300000e+00	0.000000e+00	
195	1.152374e-07	3.300000e+00	3.300000e+00	0.000000e+00	
196	1.155088e-07	3.300000e+00	3.300000e+00	0.000000e+00	
197	1.160515e-07	3.300000e+00	3.300000e+00	0.000000e+00	
198	1.170515e-07	3.300000e+00	3.300000e+00	0.000000e+00	
199	1.180515e-07	3.300000e+00	3.300000e+00	0.000000e+00	
200	1.190515e-07	3.300000e+00	3.300000e+00	0.000000e+00	
201	1.200515e-07	3.300000e+00	3.300000e+00	0.000000e+00	
202	1.210515e-07	3.300000e+00	3.300000e+00	0.000000e+00	
203	1.220515e-07	3.300000e+00	3.300000e+00	0.000000e+00	
204	1.230515e-07	3.300000e+00	3.300000e+00	0.000000e+00	
205	1.240515e-07	3.300000e+00	3.300000e+00	0.000000e+00	
206	1.250515e-07	3.300000e+00	3.300000e+00	0.000000e+00	
207	1.260515e-07	3.300000e+00	3.300000e+00	0.000000e+00	
208	1.270515e-07	3.300000e+00	3.300000e+00	0.000000e+00	
209	1.280515e-07	3.300000e+00	3.300000e+00	0.000000e+00	
210	1.290515e-07	3.300000e+00	3.300000e+00	0.000000e+00	
211	1.300000e-07	3.300000e+00	3.300000e+00	0.000000e+00	
212	1.301000e-07	3.300000e+00	3.300000e+00	3.300000e-01	
213	1.303000e-07	3.300000e+00	3.300000e+00	9.900000e-01	
214	1.307000e-07	3.300000e+00	3.300000e+00	2.310000e+00	
215	1.310000e-07	3.300000e+00	3.300000e+00	3.300000e+00	
216	1.310800e-07	3.300000e+00	3.300000e+00	3.300000e+00	
217	1.312400e-07	3.300000e+00	3.300000e+00	3.300000e+00	
218	1.315600e-07	3.300000e+00	3.300000e+00	3.300000e+00	
219	1.320000e-07	3.300000e+00	3.300000e+00	3.300000e+00	
220	1.320640e-07	3.300000e+00	3.300000e+00	3.300000e+00	
221	1.321920e-07	3.300000e+00	3.300000e+00	3.300000e+00	
222	1.323000e-07	3.300000e+00	3.300000e+00	3.300000e+00	
223	1.323256e-07	3.300000e+00	3.300000e+00	3.300000e+00	
224	1.323768e-07	3.300000e+00	3.300000e+00	3.300000e+00	
225	1.324792e-07	3.300000e+00	3.300000e+00	3.300000e+00	
226	1.326840e-07	3.300000e+00	3.300000e+00	3.300000e+00	
227	1.330936e-07	3.300000e+00	3.300000e+00	3.300000e+00	
228	1.333000e-07	3.300000e+00	3.300000e+00	3.300000e+00	

Index   time            a0              a1              a2              
--------------------------------------------------------------------------------
229	1.333819e-07	3.300000e+00	3.300000e+00	3.300000e+00	
230	1.335458e-07	3.300000e+00	3.300000e+00	3.300000e+00	
231	1.338734e-07	3.300000e+00	3.300000e+00	3.300000e+00	
232	1.340000e-07	3.300000e+00	3.300000e+00	3.300000e+00	
233	1.340655e-07	3.300000e+00	3.300000e+00	3.300000e+00	
234	1.341966e-07	3.300000e+00	3.300000e+00	3.300000e+00	
235	1.344588e-07	3.300000e+00	3.300000e+00	3.300000e+00	
236	1.349830e-07	3.300000e+00	3.300000e+00	3.300000e+00	
237	1.350000e-07	3.300000e+00	3.300000e+00	3.300000e+00	
238	1.350339e-07	3.300000e+00	3.300000e+00	3.300000e+00	
239	1.351018e-07	3.300000e+00	3.300000e+00	3.300000e+00	
240	1.352374e-07	3.300000e+00	3.300000e+00	3.300000e+00	
241	1.355088e-07	3.300000e+00	3.300000e+00	3.300000e+00	
242	1.360515e-07	3.300000e+00	3.300000e+00	3.300000e+00	
243	1.370515e-07	3.300000e+00	3.300000e+00	3.300000e+00	
244	1.380515e-07	3.300000e+00	3.300000e+00	3.300000e+00	
245	1.390515e-07	3.300000e+00	3.300000e+00	3.300000e+00	
246	1.400515e-07	3.300000e+00	3.300000e+00	3.300000e+00	
247	1.410515e-07	3.300000e+00	3.300000e+00	3.300000e+00	
248	1.420515e-07	3.300000e+00	3.300000e+00	3.300000e+00	
249	1.430515e-07	3.300000e+00	3.300000e+00	3.300000e+00	
250	1.440515e-07	3.300000e+00	3.300000e+00	3.300000e+00	
251	1.450515e-07	3.300000e+00	3.300000e+00	3.300000e+00	
252	1.460515e-07	3.300000e+00	3.300000e+00	3.300000e+00	
253	1.470515e-07	3.300000e+00	3.300000e+00	3.300000e+00	
254	1.480515e-07	3.300000e+00	3.300000e+00	3.300000e+00	
255	1.490515e-07	3.300000e+00	3.300000e+00	3.300000e+00	
256	1.500000e-07	3.300000e+00	3.300000e+00	3.300000e+00	
257	1.501000e-07	3.300000e+00	3.300000e+00	3.300000e+00	
258	1.503000e-07	3.300000e+00	3.300000e+00	3.300000e+00	
259	1.507000e-07	3.300000e+00	3.300000e+00	3.300000e+00	
260	1.510000e-07	3.300000e+00	3.300000e+00	3.300000e+00	
261	1.510800e-07	3.300000e+00	3.300000e+00	3.300000e+00	
262	1.512400e-07	3.300000e+00	3.300000e+00	3.300000e+00	
263	1.515600e-07	3.300000e+00	3.300000e+00	3.300000e+00	
264	1.520000e-07	3.300000e+00	3.300000e+00	3.300000e+00	
265	1.520640e-07	3.300000e+00	3.300000e+00	3.300000e+00	
266	1.521920e-07	3.300000e+00	3.300000e+00	3.300000e+00	
267	1.524480e-07	3.300000e+00	3.300000e+00	3.300000e+00	
268	1.529600e-07	3.300000e+00	3.300000e+00	3.300000e+00	
269	1.539600e-07	3.300000e+00	3.300000e+00	3.300000e+00	
270	1.540000e-07	3.300000e+00	3.300000e+00	3.300000e+00	
271	1.540800e-07	3.300000e+00	3.300000e+00	3.300000e+00	
272	1.542400e-07	3.300000e+00	3.300000e+00	3.300000e+00	
273	1.545600e-07	3.300000e+00	3.300000e+00	3.300000e+00	
274	1.550000e-07	3.300000e+00	3.300000e+00	3.300000e+00	
275	1.550640e-07	3.300000e+00	3.300000e+00	3.300000e+00	
276	1.551920e-07	3.300000e+00	3.300000e+00	3.300000e+00	
277	1.554480e-07	3.300000e+00	3.300000e+00	3.300000e+00	
278	1.559600e-07	3.300000e+00	3.300000e+00	3.300000e+00	
279	1.569600e-07	3.300000e+00	3.300000e+00	3.300000e+00	
280	1.579600e-07	3.300000e+00	3.300000e+00	3.300000e+00	
281	1.589600e-07	3.300000e+00	3.300000e+00	3.300000e+00	
282	1.599600e-07	3.300000e+00	3.300000e+00	3.300000e+00	
283	1.609600e-07	3.300000e+00	3.300000e+00	3.300000e+00	
284	1.619600e-07	3.300000e+00	3.300000e+00	3.300000e+00	
285	1.629600e-07	3.300000e+00	3.300000e+00	3.300000e+00	
286	1.639600e-07	3.300000e+00	3.300000e+00	3.300000e+00	

Index   time            a0              a1              a2              
--------------------------------------------------------------------------------
287	1.649600e-07	3.300000e+00	3.300000e+00	3.300000e+00	
288	1.659600e-07	3.300000e+00	3.300000e+00	3.300000e+00	
289	1.669600e-07	3.300000e+00	3.300000e+00	3.300000e+00	
290	1.679600e-07	3.300000e+00	3.300000e+00	3.300000e+00	
291	1.689600e-07	3.300000e+00	3.300000e+00	3.300000e+00	
292	1.699600e-07	3.300000e+00	3.300000e+00	3.300000e+00	
293	1.709600e-07	3.300000e+00	3.300000e+00	3.300000e+00	
294	1.710000e-07	3.300000e+00	3.300000e+00	3.300000e+00	
295	1.710800e-07	3.036000e+00	3.036000e+00	3.300000e+00	
296	1.712400e-07	2.508000e+00	2.508000e+00	3.300000e+00	
297	1.715600e-07	1.452000e+00	1.452000e+00	3.300000e+00	
298	1.720000e-07	0.000000e+00	0.000000e+00	3.300000e+00	
299	1.720640e-07	0.000000e+00	0.000000e+00	3.300000e+00	
300	1.721920e-07	0.000000e+00	0.000000e+00	3.300000e+00	
301	1.724480e-07	0.000000e+00	0.000000e+00	3.300000e+00	
302	1.729600e-07	0.000000e+00	0.000000e+00	3.300000e+00	
303	1.739600e-07	0.000000e+00	0.000000e+00	3.300000e+00	
304	1.740000e-07	0.000000e+00	0.000000e+00	3.300000e+00	
305	1.740800e-07	0.000000e+00	0.000000e+00	3.300000e+00	
306	1.742400e-07	0.000000e+00	0.000000e+00	3.300000e+00	
307	1.745600e-07	0.000000e+00	0.000000e+00	3.300000e+00	
308	1.750000e-07	0.000000e+00	0.000000e+00	3.300000e+00	
309	1.750640e-07	0.000000e+00	0.000000e+00	3.300000e+00	
310	1.751920e-07	0.000000e+00	0.000000e+00	3.300000e+00	
311	1.754480e-07	0.000000e+00	0.000000e+00	3.300000e+00	
312	1.759600e-07	0.000000e+00	0.000000e+00	3.300000e+00	
313	1.769600e-07	0.000000e+00	0.000000e+00	3.300000e+00	
314	1.779600e-07	0.000000e+00	0.000000e+00	3.300000e+00	
315	1.789600e-07	0.000000e+00	0.000000e+00	3.300000e+00	
316	1.799600e-07	0.000000e+00	0.000000e+00	3.300000e+00	
317	1.809600e-07	0.000000e+00	0.000000e+00	3.300000e+00	
318	1.819600e-07	0.000000e+00	0.000000e+00	3.300000e+00	
319	1.829600e-07	0.000000e+00	0.000000e+00	3.300000e+00	
320	1.839600e-07	0.000000e+00	0.000000e+00	3.300000e+00	
321	1.849600e-07	0.000000e+00	0.000000e+00	3.300000e+00	
322	1.859600e-07	0.000000e+00	0.000000e+00	3.300000e+00	
323	1.869600e-07	0.000000e+00	0.000000e+00	3.300000e+00	
324	1.879600e-07	0.000000e+00	0.000000e+00	3.300000e+00	
325	1.889600e-07	0.000000e+00	0.000000e+00	3.300000e+00	
326	1.899600e-07	0.000000e+00	0.000000e+00	3.300000e+00	
327	1.900000e-07	0.000000e+00	0.000000e+00	3.300000e+00	
328	1.900800e-07	2.640000e-01	2.640000e-01	3.300000e+00	
329	1.902400e-07	7.920000e-01	7.920000e-01	3.300000e+00	
330	1.905600e-07	1.848000e+00	1.848000e+00	3.300000e+00	
331	1.910000e-07	3.300000e+00	3.300000e+00	3.300000e+00	
332	1.910640e-07	3.300000e+00	3.300000e+00	3.300000e+00	
333	1.911920e-07	3.300000e+00	3.300000e+00	3.300000e+00	
334	1.914480e-07	3.300000e+00	3.300000e+00	3.300000e+00	
335	1.919600e-07	3.300000e+00	3.300000e+00	3.300000e+00	
336	1.929600e-07	3.300000e+00	3.300000e+00	3.300000e+00	
337	1.939600e-07	3.300000e+00	3.300000e+00	3.300000e+00	
338	1.949600e-07	3.300000e+00	3.300000e+00	3.300000e+00	
339	1.959600e-07	3.300000e+00	3.300000e+00	3.300000e+00	
340	1.969600e-07	3.300000e+00	3.300000e+00	3.300000e+00	
341	1.979600e-07	3.300000e+00	3.300000e+00	3.300000e+00	
342	1.989600e-07	3.300000e+00	3.300000e+00	3.300000e+00	
343	1.999600e-07	3.300000e+00	3.300000e+00	3.300000e+00	
344	2.009600e-07	3.300000e+00	3.300000e+00	3.300000e+00	

Index   time            a0              a1              a2              
--------------------------------------------------------------------------------
345	2.019600e-07	3.300000e+00	3.300000e+00	3.300000e+00	
346	2.029600e-07	3.300000e+00	3.300000e+00	3.300000e+00	
347	2.039600e-07	3.300000e+00	3.300000e+00	3.300000e+00	
348	2.049600e-07	3.300000e+00	3.300000e+00	3.300000e+00	
349	2.059600e-07	3.300000e+00	3.300000e+00	3.300000e+00	
350	2.069600e-07	3.300000e+00	3.300000e+00	3.300000e+00	
351	2.079600e-07	3.300000e+00	3.300000e+00	3.300000e+00	
352	2.089600e-07	3.300000e+00	3.300000e+00	3.300000e+00	
353	2.099600e-07	3.300000e+00	3.300000e+00	3.300000e+00	
354	2.109600e-07	3.300000e+00	3.300000e+00	3.300000e+00	
355	2.110000e-07	3.300000e+00	3.300000e+00	3.300000e+00	
356	2.110800e-07	3.300000e+00	3.300000e+00	3.036000e+00	
357	2.112400e-07	3.300000e+00	3.300000e+00	2.508000e+00	
358	2.115600e-07	3.300000e+00	3.300000e+00	1.452000e+00	
359	2.120000e-07	3.300000e+00	3.300000e+00	0.000000e+00	
360	2.120640e-07	3.300000e+00	3.300000e+00	0.000000e+00	
361	2.121920e-07	3.300000e+00	3.300000e+00	0.000000e+00	
362	2.124480e-07	3.300000e+00	3.300000e+00	0.000000e+00	
363	2.129600e-07	3.300000e+00	3.300000e+00	0.000000e+00	
364	2.139600e-07	3.300000e+00	3.300000e+00	0.000000e+00	
365	2.149600e-07	3.300000e+00	3.300000e+00	0.000000e+00	
366	2.159600e-07	3.300000e+00	3.300000e+00	0.000000e+00	
367	2.169600e-07	3.300000e+00	3.300000e+00	0.000000e+00	
368	2.179600e-07	3.300000e+00	3.300000e+00	0.000000e+00	
369	2.189600e-07	3.300000e+00	3.300000e+00	0.000000e+00	
370	2.199600e-07	3.300000e+00	3.300000e+00	0.000000e+00	
371	2.209600e-07	3.300000e+00	3.300000e+00	0.000000e+00	
372	2.219600e-07	3.300000e+00	3.300000e+00	0.000000e+00	
373	2.229600e-07	3.300000e+00	3.300000e+00	0.000000e+00	
374	2.239600e-07	3.300000e+00	3.300000e+00	0.000000e+00	
375	2.249600e-07	3.300000e+00	3.300000e+00	0.000000e+00	
376	2.259600e-07	3.300000e+00	3.300000e+00	0.000000e+00	
377	2.269600e-07	3.300000e+00	3.300000e+00	0.000000e+00	
378	2.279600e-07	3.300000e+00	3.300000e+00	0.000000e+00	
379	2.289600e-07	3.300000e+00	3.300000e+00	0.000000e+00	
380	2.299600e-07	3.300000e+00	3.300000e+00	0.000000e+00	
381	2.300000e-07	3.300000e+00	3.300000e+00	0.000000e+00	
382	2.300800e-07	3.300000e+00	3.300000e+00	2.639992e-01	
383	2.302400e-07	3.300000e+00	3.300000e+00	7.919977e-01	
384	2.305600e-07	3.300000e+00	3.300000e+00	1.847995e+00	
385	2.310000e-07	3.300000e+00	3.300000e+00	3.300000e+00	
386	2.310640e-07	3.300000e+00	3.300000e+00	3.300000e+00	
387	2.311920e-07	3.300000e+00	3.300000e+00	3.300000e+00	
388	2.314480e-07	3.300000e+00	3.300000e+00	3.300000e+00	
389	2.319600e-07	3.300000e+00	3.300000e+00	3.300000e+00	
390	2.320000e-07	3.300000e+00	3.300000e+00	3.300000e+00	
391	2.320800e-07	3.300000e+00	3.300000e+00	3.300000e+00	
392	2.322400e-07	3.300000e+00	3.300000e+00	3.300000e+00	
393	2.322560e-07	3.300000e+00	3.300000e+00	3.300000e+00	
394	2.322880e-07	3.300000e+00	3.300000e+00	3.300000e+00	
395	2.323520e-07	3.300000e+00	3.300000e+00	3.300000e+00	
396	2.324800e-07	3.300000e+00	3.300000e+00	3.300000e+00	
397	2.327360e-07	3.300000e+00	3.300000e+00	3.300000e+00	
398	2.332400e-07	3.300000e+00	3.300000e+00	3.300000e+00	
399	2.332912e-07	3.300000e+00	3.300000e+00	3.300000e+00	
400	2.333936e-07	3.300000e+00	3.300000e+00	3.300000e+00	
401	2.335984e-07	3.300000e+00	3.300000e+00	3.300000e+00	
402	2.339600e-07	3.300000e+00	3.300000e+00	3.300000e+00	

Index   time            a0              a1              a2              
--------------------------------------------------------------------------------
403	2.340010e-07	3.300000e+00	3.300000e+00	3.300000e+00	
404	2.340829e-07	3.300000e+00	3.300000e+00	3.300000e+00	
405	2.342467e-07	3.300000e+00	3.300000e+00	3.300000e+00	
406	2.345744e-07	3.300000e+00	3.300000e+00	3.300000e+00	
407	2.349600e-07	3.300000e+00	3.300000e+00	3.300000e+00	
408	2.350255e-07	3.300000e+00	3.300000e+00	3.300000e+00	
409	2.351566e-07	3.300000e+00	3.300000e+00	3.300000e+00	
410	2.354188e-07	3.300000e+00	3.300000e+00	3.300000e+00	
411	2.359431e-07	3.300000e+00	3.300000e+00	3.300000e+00	
412	2.369431e-07	3.300000e+00	3.300000e+00	3.300000e+00	
413	2.379431e-07	3.300000e+00	3.300000e+00	3.300000e+00	
414	2.389431e-07	3.300000e+00	3.300000e+00	3.300000e+00	
415	2.399431e-07	3.300000e+00	3.300000e+00	3.300000e+00	
416	2.409431e-07	3.300000e+00	3.300000e+00	3.300000e+00	
417	2.419431e-07	3.300000e+00	3.300000e+00	3.300000e+00	
418	2.429431e-07	3.300000e+00	3.300000e+00	3.300000e+00	
419	2.439431e-07	3.300000e+00	3.300000e+00	3.300000e+00	
420	2.449431e-07	3.300000e+00	3.300000e+00	3.300000e+00	
421	2.459431e-07	3.300000e+00	3.300000e+00	3.300000e+00	
422	2.469431e-07	3.300000e+00	3.300000e+00	3.300000e+00	
423	2.479431e-07	3.300000e+00	3.300000e+00	3.300000e+00	
424	2.489431e-07	3.300000e+00	3.300000e+00	3.300000e+00	
425	2.499431e-07	3.300000e+00	3.300000e+00	3.300000e+00	
426	2.509431e-07	3.300000e+00	3.300000e+00	3.300000e+00	
427	2.510000e-07	3.300000e+00	3.300000e+00	3.300000e+00	
428	2.511000e-07	2.970000e+00	2.970000e+00	3.300000e+00	
429	2.513000e-07	2.310000e+00	2.310000e+00	3.300000e+00	
430	2.517000e-07	9.900000e-01	9.900000e-01	3.300000e+00	
431	2.520000e-07	0.000000e+00	0.000000e+00	3.300000e+00	
432	2.520800e-07	0.000000e+00	0.000000e+00	3.300000e+00	
433	2.522400e-07	0.000000e+00	0.000000e+00	3.300000e+00	
434	2.525600e-07	0.000000e+00	0.000000e+00	3.300000e+00	
435	2.532000e-07	0.000000e+00	0.000000e+00	3.300000e+00	
436	2.542000e-07	0.000000e+00	0.000000e+00	3.300000e+00	
437	2.552000e-07	0.000000e+00	0.000000e+00	3.300000e+00	
438	2.562000e-07	0.000000e+00	0.000000e+00	3.300000e+00	
439	2.572000e-07	0.000000e+00	0.000000e+00	3.300000e+00	
440	2.582000e-07	0.000000e+00	0.000000e+00	3.300000e+00	
441	2.592000e-07	0.000000e+00	0.000000e+00	3.300000e+00	
442	2.602000e-07	0.000000e+00	0.000000e+00	3.300000e+00	
443	2.612000e-07	0.000000e+00	0.000000e+00	3.300000e+00	
444	2.622000e-07	0.000000e+00	0.000000e+00	3.300000e+00	
445	2.632000e-07	0.000000e+00	0.000000e+00	3.300000e+00	
446	2.642000e-07	0.000000e+00	0.000000e+00	3.300000e+00	
447	2.652000e-07	0.000000e+00	0.000000e+00	3.300000e+00	
448	2.662000e-07	0.000000e+00	0.000000e+00	3.300000e+00	
449	2.672000e-07	0.000000e+00	0.000000e+00	3.300000e+00	
450	2.682000e-07	0.000000e+00	0.000000e+00	3.300000e+00	
451	2.692000e-07	0.000000e+00	0.000000e+00	3.300000e+00	
452	2.700000e-07	0.000000e+00	0.000000e+00	3.300000e+00	
453	2.701000e-07	3.300000e-01	3.300000e-01	3.300000e+00	
454	2.703000e-07	9.900000e-01	9.900000e-01	3.300000e+00	
455	2.707000e-07	2.310000e+00	2.310000e+00	3.300000e+00	
456	2.710000e-07	3.300000e+00	3.300000e+00	3.300000e+00	
457	2.710800e-07	3.300000e+00	3.300000e+00	3.300000e+00	
458	2.712400e-07	3.300000e+00	3.300000e+00	3.300000e+00	
459	2.715600e-07	3.300000e+00	3.300000e+00	3.300000e+00	
460	2.722000e-07	3.300000e+00	3.300000e+00	3.300000e+00	

Index   time            a0              a1              a2              
--------------------------------------------------------------------------------
461	2.723000e-07	3.300000e+00	3.300000e+00	3.300000e+00	
462	2.724000e-07	3.300000e+00	3.300000e+00	3.300000e+00	
463	2.726000e-07	3.300000e+00	3.300000e+00	3.300000e+00	
464	2.730000e-07	3.300000e+00	3.300000e+00	3.300000e+00	
465	2.733000e-07	3.300000e+00	3.300000e+00	3.300000e+00	
466	2.733800e-07	3.300000e+00	3.300000e+00	3.300000e+00	
467	2.735400e-07	3.300000e+00	3.300000e+00	3.300000e+00	
468	2.738600e-07	3.300000e+00	3.300000e+00	3.300000e+00	
469	2.745000e-07	3.300000e+00	3.300000e+00	3.300000e+00	
470	2.755000e-07	3.300000e+00	3.300000e+00	3.300000e+00	
471	2.765000e-07	3.300000e+00	3.300000e+00	3.300000e+00	
472	2.775000e-07	3.300000e+00	3.300000e+00	3.300000e+00	
473	2.785000e-07	3.300000e+00	3.300000e+00	3.300000e+00	
474	2.795000e-07	3.300000e+00	3.300000e+00	3.300000e+00	
475	2.805000e-07	3.300000e+00	3.300000e+00	3.300000e+00	
476	2.815000e-07	3.300000e+00	3.300000e+00	3.300000e+00	
477	2.825000e-07	3.300000e+00	3.300000e+00	3.300000e+00	
478	2.835000e-07	3.300000e+00	3.300000e+00	3.300000e+00	
479	2.845000e-07	3.300000e+00	3.300000e+00	3.300000e+00	
480	2.855000e-07	3.300000e+00	3.300000e+00	3.300000e+00	
481	2.865000e-07	3.300000e+00	3.300000e+00	3.300000e+00	
482	2.875000e-07	3.300000e+00	3.300000e+00	3.300000e+00	
483	2.885000e-07	3.300000e+00	3.300000e+00	3.300000e+00	
484	2.895000e-07	3.300000e+00	3.300000e+00	3.300000e+00	
485	2.905000e-07	3.300000e+00	3.300000e+00	3.300000e+00	
486	2.910000e-07	3.300000e+00	3.300000e+00	3.300000e+00	
487	2.911000e-07	3.300000e+00	3.300000e+00	3.300000e+00	
488	2.913000e-07	3.300000e+00	3.300000e+00	3.300000e+00	
489	2.917000e-07	3.300000e+00	3.300000e+00	3.300000e+00	
490	2.920000e-07	3.300000e+00	3.300000e+00	3.300000e+00	
491	2.920800e-07	3.300000e+00	3.300000e+00	3.300000e+00	
492	2.922400e-07	3.300000e+00	3.300000e+00	3.300000e+00	
493	2.925600e-07	3.300000e+00	3.300000e+00	3.300000e+00	
494	2.932000e-07	3.300000e+00	3.300000e+00	3.300000e+00	
495	2.940000e-07	3.300000e+00	3.300000e+00	3.300000e+00	
496	2.941000e-07	3.300000e+00	3.300000e+00	3.300000e+00	
497	2.943000e-07	3.300000e+00	3.300000e+00	3.300000e+00	
498	2.947000e-07	3.300000e+00	3.300000e+00	3.300000e+00	
499	2.950000e-07	3.300000e+00	3.300000e+00	3.300000e+00	
500	2.950800e-07	3.300000e+00	3.300000e+00	3.300000e+00	
501	2.952400e-07	3.300000e+00	3.300000e+00	3.300000e+00	
502	2.955600e-07	3.300000e+00	3.300000e+00	3.300000e+00	
503	2.962000e-07	3.300000e+00	3.300000e+00	3.300000e+00	
504	2.972000e-07	3.300000e+00	3.300000e+00	3.300000e+00	
505	2.982000e-07	3.300000e+00	3.300000e+00	3.300000e+00	
506	2.992000e-07	3.300000e+00	3.300000e+00	3.300000e+00	
507	3.000000e-07	3.300000e+00	3.300000e+00	3.300000e+00	

                                kicad schematic
                                Transient Analysis  Thu Jul 09 11:20:11  2026
--------------------------------------------------------------------------------
Index   time            a3              b0              b1              
--------------------------------------------------------------------------------
0	0.000000e+00	0.000000e+00	0.000000e+00	0.000000e+00	
1	1.000000e-11	0.000000e+00	0.000000e+00	0.000000e+00	
2	2.000000e-11	0.000000e+00	0.000000e+00	0.000000e+00	
3	4.000000e-11	0.000000e+00	0.000000e+00	0.000000e+00	
4	8.000000e-11	0.000000e+00	0.000000e+00	0.000000e+00	
5	1.600000e-10	0.000000e+00	0.000000e+00	0.000000e+00	
6	3.200000e-10	0.000000e+00	0.000000e+00	0.000000e+00	
7	6.400000e-10	0.000000e+00	0.000000e+00	0.000000e+00	
8	1.280000e-09	0.000000e+00	0.000000e+00	0.000000e+00	
9	2.280000e-09	0.000000e+00	0.000000e+00	0.000000e+00	
10	3.280000e-09	0.000000e+00	0.000000e+00	0.000000e+00	
11	4.280000e-09	0.000000e+00	0.000000e+00	0.000000e+00	
12	5.280000e-09	0.000000e+00	0.000000e+00	0.000000e+00	
13	6.280000e-09	0.000000e+00	0.000000e+00	0.000000e+00	
14	7.280000e-09	0.000000e+00	0.000000e+00	0.000000e+00	
15	8.280000e-09	0.000000e+00	0.000000e+00	0.000000e+00	
16	9.280000e-09	0.000000e+00	0.000000e+00	0.000000e+00	
17	1.028000e-08	0.000000e+00	0.000000e+00	0.000000e+00	
18	1.128000e-08	0.000000e+00	0.000000e+00	0.000000e+00	
19	1.228000e-08	0.000000e+00	0.000000e+00	0.000000e+00	
20	1.328000e-08	0.000000e+00	0.000000e+00	0.000000e+00	
21	1.428000e-08	0.000000e+00	0.000000e+00	0.000000e+00	
22	1.528000e-08	0.000000e+00	0.000000e+00	0.000000e+00	
23	1.628000e-08	0.000000e+00	0.000000e+00	0.000000e+00	
24	1.728000e-08	0.000000e+00	0.000000e+00	0.000000e+00	
25	1.828000e-08	0.000000e+00	0.000000e+00	0.000000e+00	
26	1.928000e-08	0.000000e+00	0.000000e+00	0.000000e+00	
27	2.028000e-08	0.000000e+00	0.000000e+00	0.000000e+00	
28	2.128000e-08	0.000000e+00	0.000000e+00	0.000000e+00	
29	2.228000e-08	0.000000e+00	0.000000e+00	0.000000e+00	
30	2.328000e-08	0.000000e+00	0.000000e+00	0.000000e+00	
31	2.428000e-08	0.000000e+00	0.000000e+00	0.000000e+00	
32	2.528000e-08	0.000000e+00	0.000000e+00	0.000000e+00	
33	2.628000e-08	0.000000e+00	0.000000e+00	0.000000e+00	
34	2.728000e-08	0.000000e+00	0.000000e+00	0.000000e+00	
35	2.828000e-08	0.000000e+00	0.000000e+00	0.000000e+00	
36	2.928000e-08	0.000000e+00	0.000000e+00	0.000000e+00	
37	3.000000e-08	0.000000e+00	0.000000e+00	0.000000e+00	
38	3.010000e-08	3.300000e-01	3.300000e-01	3.300000e-01	
39	3.030000e-08	9.900000e-01	9.900000e-01	9.900000e-01	
40	3.070000e-08	2.310000e+00	2.310000e+00	2.310000e+00	
41	3.100000e-08	3.300000e+00	3.300000e+00	3.300000e+00	
42	3.108000e-08	3.300000e+00	3.300000e+00	3.300000e+00	
43	3.124000e-08	3.300000e+00	3.300000e+00	3.300000e+00	
44	3.156000e-08	3.300000e+00	3.300000e+00	3.300000e+00	
45	3.220000e-08	3.300000e+00	3.300000e+00	3.300000e+00	
46	3.320000e-08	3.300000e+00	3.300000e+00	3.300000e+00	
47	3.420000e-08	3.300000e+00	3.300000e+00	3.300000e+00	
48	3.520000e-08	3.300000e+00	3.300000e+00	3.300000e+00	
49	3.620000e-08	3.300000e+00	3.300000e+00	3.300000e+00	
50	3.720000e-08	3.300000e+00	3.300000e+00	3.300000e+00	
51	3.820000e-08	3.300000e+00	3.300000e+00	3.300000e+00	
52	3.920000e-08	3.300000e+00	3.300000e+00	3.300000e+00	
53	4.020000e-08	3.300000e+00	3.300000e+00	3.300000e+00	
54	4.120000e-08	3.300000e+00	3.300000e+00	3.300000e+00	

Index   time            a3              b0              b1              
--------------------------------------------------------------------------------
55	4.220000e-08	3.300000e+00	3.300000e+00	3.300000e+00	
56	4.320000e-08	3.300000e+00	3.300000e+00	3.300000e+00	
57	4.420000e-08	3.300000e+00	3.300000e+00	3.300000e+00	
58	4.520000e-08	3.300000e+00	3.300000e+00	3.300000e+00	
59	4.620000e-08	3.300000e+00	3.300000e+00	3.300000e+00	
60	4.720000e-08	3.300000e+00	3.300000e+00	3.300000e+00	
61	4.820000e-08	3.300000e+00	3.300000e+00	3.300000e+00	
62	4.920000e-08	3.300000e+00	3.300000e+00	3.300000e+00	
63	5.020000e-08	3.300000e+00	3.300000e+00	3.300000e+00	
64	5.100000e-08	3.300000e+00	3.300000e+00	3.300000e+00	
65	5.110000e-08	3.300000e+00	3.300000e+00	3.300000e+00	
66	5.130000e-08	3.300000e+00	3.300000e+00	3.300000e+00	
67	5.170000e-08	3.300000e+00	3.300000e+00	3.300000e+00	
68	5.200000e-08	3.300000e+00	3.300000e+00	3.300000e+00	
69	5.208000e-08	3.300000e+00	3.300000e+00	3.300000e+00	
70	5.224000e-08	3.300000e+00	3.300000e+00	3.300000e+00	
71	5.256000e-08	3.300000e+00	3.300000e+00	3.300000e+00	
72	5.320000e-08	3.300000e+00	3.300000e+00	3.300000e+00	
73	5.400000e-08	3.300000e+00	3.300000e+00	3.300000e+00	
74	5.410000e-08	3.300000e+00	3.300000e+00	3.300000e+00	
75	5.430000e-08	3.300000e+00	3.300000e+00	3.300000e+00	
76	5.470000e-08	3.300000e+00	3.300000e+00	3.300000e+00	
77	5.500000e-08	3.300000e+00	3.300000e+00	3.300000e+00	
78	5.508000e-08	3.300000e+00	3.300000e+00	3.300000e+00	
79	5.524000e-08	3.300000e+00	3.300000e+00	3.300000e+00	
80	5.556000e-08	3.300000e+00	3.300000e+00	3.300000e+00	
81	5.620000e-08	3.300000e+00	3.300000e+00	3.300000e+00	
82	5.720000e-08	3.300000e+00	3.300000e+00	3.300000e+00	
83	5.820000e-08	3.300000e+00	3.300000e+00	3.300000e+00	
84	5.920000e-08	3.300000e+00	3.300000e+00	3.300000e+00	
85	6.020000e-08	3.300000e+00	3.300000e+00	3.300000e+00	
86	6.120000e-08	3.300000e+00	3.300000e+00	3.300000e+00	
87	6.220000e-08	3.300000e+00	3.300000e+00	3.300000e+00	
88	6.320000e-08	3.300000e+00	3.300000e+00	3.300000e+00	
89	6.420000e-08	3.300000e+00	3.300000e+00	3.300000e+00	
90	6.520000e-08	3.300000e+00	3.300000e+00	3.300000e+00	
91	6.620000e-08	3.300000e+00	3.300000e+00	3.300000e+00	
92	6.720000e-08	3.300000e+00	3.300000e+00	3.300000e+00	
93	6.820000e-08	3.300000e+00	3.300000e+00	3.300000e+00	
94	6.920000e-08	3.300000e+00	3.300000e+00	3.300000e+00	
95	7.000000e-08	3.300000e+00	3.300000e+00	3.300000e+00	
96	7.010000e-08	3.300000e+00	3.300000e+00	3.300000e+00	
97	7.030000e-08	3.300000e+00	3.300000e+00	3.300000e+00	
98	7.070000e-08	3.300000e+00	3.300000e+00	3.300000e+00	
99	7.100000e-08	3.300000e+00	3.300000e+00	3.300000e+00	
100	7.108000e-08	3.036000e+00	3.036000e+00	3.300000e+00	
101	7.124000e-08	2.508000e+00	2.508000e+00	3.300000e+00	
102	7.156000e-08	1.452000e+00	1.452000e+00	3.300000e+00	
103	7.200000e-08	0.000000e+00	0.000000e+00	3.300000e+00	
104	7.206400e-08	0.000000e+00	0.000000e+00	3.300000e+00	
105	7.219200e-08	0.000000e+00	0.000000e+00	3.300000e+00	
106	7.230000e-08	0.000000e+00	0.000000e+00	3.300000e+00	
107	7.232560e-08	0.000000e+00	0.000000e+00	3.300000e+00	
108	7.237680e-08	0.000000e+00	0.000000e+00	3.300000e+00	
109	7.247920e-08	0.000000e+00	0.000000e+00	3.300000e+00	
110	7.268400e-08	0.000000e+00	0.000000e+00	3.300000e+00	
111	7.309360e-08	0.000000e+00	0.000000e+00	3.300000e+00	
112	7.330000e-08	0.000000e+00	0.000000e+00	3.300000e+00	

Index   time            a3              b0              b1              
--------------------------------------------------------------------------------
113	7.338192e-08	0.000000e+00	0.000000e+00	3.300000e+00	
114	7.354576e-08	0.000000e+00	0.000000e+00	3.300000e+00	
115	7.387344e-08	0.000000e+00	0.000000e+00	3.300000e+00	
116	7.400000e-08	0.000000e+00	0.000000e+00	3.300000e+00	
117	7.406554e-08	0.000000e+00	0.000000e+00	3.300000e+00	
118	7.419661e-08	0.000000e+00	0.000000e+00	3.300000e+00	
119	7.445875e-08	0.000000e+00	0.000000e+00	3.300000e+00	
120	7.498304e-08	0.000000e+00	0.000000e+00	3.300000e+00	
121	7.500000e-08	0.000000e+00	0.000000e+00	3.300000e+00	
122	7.503392e-08	0.000000e+00	0.000000e+00	3.300000e+00	
123	7.510176e-08	0.000000e+00	0.000000e+00	3.300000e+00	
124	7.523744e-08	0.000000e+00	0.000000e+00	3.300000e+00	
125	7.550880e-08	0.000000e+00	0.000000e+00	3.300000e+00	
126	7.605152e-08	0.000000e+00	0.000000e+00	3.300000e+00	
127	7.705152e-08	0.000000e+00	0.000000e+00	3.300000e+00	
128	7.805152e-08	0.000000e+00	0.000000e+00	3.300000e+00	
129	7.905152e-08	0.000000e+00	0.000000e+00	3.300000e+00	
130	8.005152e-08	0.000000e+00	0.000000e+00	3.300000e+00	
131	8.105152e-08	0.000000e+00	0.000000e+00	3.300000e+00	
132	8.205152e-08	0.000000e+00	0.000000e+00	3.300000e+00	
133	8.305152e-08	0.000000e+00	0.000000e+00	3.300000e+00	
134	8.405152e-08	0.000000e+00	0.000000e+00	3.300000e+00	
135	8.505152e-08	0.000000e+00	0.000000e+00	3.300000e+00	
136	8.605152e-08	0.000000e+00	0.000000e+00	3.300000e+00	
137	8.705152e-08	0.000000e+00	0.000000e+00	3.300000e+00	
138	8.805152e-08	0.000000e+00	0.000000e+00	3.300000e+00	
139	8.905152e-08	0.000000e+00	0.000000e+00	3.300000e+00	
140	9.005152e-08	0.000000e+00	0.000000e+00	3.300000e+00	
141	9.100000e-08	0.000000e+00	0.000000e+00	3.300000e+00	
142	9.110000e-08	0.000000e+00	0.000000e+00	3.300000e+00	
143	9.130000e-08	0.000000e+00	0.000000e+00	3.300000e+00	
144	9.170000e-08	0.000000e+00	0.000000e+00	3.300000e+00	
145	9.200000e-08	0.000000e+00	0.000000e+00	3.300000e+00	
146	9.208000e-08	0.000000e+00	0.000000e+00	3.300000e+00	
147	9.224000e-08	0.000000e+00	0.000000e+00	3.300000e+00	
148	9.256000e-08	0.000000e+00	0.000000e+00	3.300000e+00	
149	9.320000e-08	0.000000e+00	0.000000e+00	3.300000e+00	
150	9.420000e-08	0.000000e+00	0.000000e+00	3.300000e+00	
151	9.520000e-08	0.000000e+00	0.000000e+00	3.300000e+00	
152	9.620000e-08	0.000000e+00	0.000000e+00	3.300000e+00	
153	9.720000e-08	0.000000e+00	0.000000e+00	3.300000e+00	
154	9.820000e-08	0.000000e+00	0.000000e+00	3.300000e+00	
155	9.920000e-08	0.000000e+00	0.000000e+00	3.300000e+00	
156	1.002000e-07	0.000000e+00	0.000000e+00	3.300000e+00	
157	1.012000e-07	0.000000e+00	0.000000e+00	3.300000e+00	
158	1.022000e-07	0.000000e+00	0.000000e+00	3.300000e+00	
159	1.032000e-07	0.000000e+00	0.000000e+00	3.300000e+00	
160	1.042000e-07	0.000000e+00	0.000000e+00	3.300000e+00	
161	1.052000e-07	0.000000e+00	0.000000e+00	3.300000e+00	
162	1.062000e-07	0.000000e+00	0.000000e+00	3.300000e+00	
163	1.072000e-07	0.000000e+00	0.000000e+00	3.300000e+00	
164	1.082000e-07	0.000000e+00	0.000000e+00	3.300000e+00	
165	1.092000e-07	0.000000e+00	0.000000e+00	3.300000e+00	
166	1.100000e-07	0.000000e+00	0.000000e+00	3.300000e+00	
167	1.101000e-07	3.300000e-01	3.300000e-01	3.300000e+00	
168	1.103000e-07	9.900000e-01	9.900000e-01	3.300000e+00	
169	1.107000e-07	2.310000e+00	2.310000e+00	3.300000e+00	
170	1.110000e-07	3.300000e+00	3.300000e+00	3.300000e+00	

Index   time            a3              b0              b1              
--------------------------------------------------------------------------------
171	1.110800e-07	3.300000e+00	3.300000e+00	3.036000e+00	
172	1.112400e-07	3.300000e+00	3.300000e+00	2.508000e+00	
173	1.115600e-07	3.300000e+00	3.300000e+00	1.452000e+00	
174	1.120000e-07	3.300000e+00	3.300000e+00	0.000000e+00	
175	1.120640e-07	3.300000e+00	3.300000e+00	0.000000e+00	
176	1.121920e-07	3.300000e+00	3.300000e+00	0.000000e+00	
177	1.123000e-07	3.300000e+00	3.300000e+00	0.000000e+00	
178	1.123256e-07	3.300000e+00	3.300000e+00	0.000000e+00	
179	1.123768e-07	3.300000e+00	3.300000e+00	0.000000e+00	
180	1.124792e-07	3.300000e+00	3.300000e+00	0.000000e+00	
181	1.126840e-07	3.300000e+00	3.300000e+00	0.000000e+00	
182	1.130936e-07	3.300000e+00	3.300000e+00	0.000000e+00	
183	1.133000e-07	3.300000e+00	3.300000e+00	0.000000e+00	
184	1.133819e-07	3.300000e+00	3.300000e+00	0.000000e+00	
185	1.135458e-07	3.300000e+00	3.300000e+00	0.000000e+00	
186	1.138734e-07	3.300000e+00	3.300000e+00	0.000000e+00	
187	1.140000e-07	3.300000e+00	3.300000e+00	0.000000e+00	
188	1.140655e-07	3.300000e+00	3.300000e+00	0.000000e+00	
189	1.141966e-07	3.300000e+00	3.300000e+00	0.000000e+00	
190	1.144588e-07	3.300000e+00	3.300000e+00	0.000000e+00	
191	1.149830e-07	3.300000e+00	3.300000e+00	0.000000e+00	
192	1.150000e-07	3.300000e+00	3.300000e+00	0.000000e+00	
193	1.150339e-07	3.300000e+00	3.300000e+00	0.000000e+00	
194	1.151018e-07	3.300000e+00	3.300000e+00	0.000000e+00	
195	1.152374e-07	3.300000e+00	3.300000e+00	0.000000e+00	
196	1.155088e-07	3.300000e+00	3.300000e+00	0.000000e+00	
197	1.160515e-07	3.300000e+00	3.300000e+00	0.000000e+00	
198	1.170515e-07	3.300000e+00	3.300000e+00	0.000000e+00	
199	1.180515e-07	3.300000e+00	3.300000e+00	0.000000e+00	
200	1.190515e-07	3.300000e+00	3.300000e+00	0.000000e+00	
201	1.200515e-07	3.300000e+00	3.300000e+00	0.000000e+00	
202	1.210515e-07	3.300000e+00	3.300000e+00	0.000000e+00	
203	1.220515e-07	3.300000e+00	3.300000e+00	0.000000e+00	
204	1.230515e-07	3.300000e+00	3.300000e+00	0.000000e+00	
205	1.240515e-07	3.300000e+00	3.300000e+00	0.000000e+00	
206	1.250515e-07	3.300000e+00	3.300000e+00	0.000000e+00	
207	1.260515e-07	3.300000e+00	3.300000e+00	0.000000e+00	
208	1.270515e-07	3.300000e+00	3.300000e+00	0.000000e+00	
209	1.280515e-07	3.300000e+00	3.300000e+00	0.000000e+00	
210	1.290515e-07	3.300000e+00	3.300000e+00	0.000000e+00	
211	1.300000e-07	3.300000e+00	3.300000e+00	0.000000e+00	
212	1.301000e-07	3.300000e+00	3.300000e+00	3.300000e-01	
213	1.303000e-07	3.300000e+00	3.300000e+00	9.900000e-01	
214	1.307000e-07	3.300000e+00	3.300000e+00	2.310000e+00	
215	1.310000e-07	3.300000e+00	3.300000e+00	3.300000e+00	
216	1.310800e-07	3.300000e+00	3.300000e+00	3.300000e+00	
217	1.312400e-07	3.300000e+00	3.300000e+00	3.300000e+00	
218	1.315600e-07	3.300000e+00	3.300000e+00	3.300000e+00	
219	1.320000e-07	3.300000e+00	3.300000e+00	3.300000e+00	
220	1.320640e-07	3.300000e+00	3.300000e+00	3.300000e+00	
221	1.321920e-07	3.300000e+00	3.300000e+00	3.300000e+00	
222	1.323000e-07	3.300000e+00	3.300000e+00	3.300000e+00	
223	1.323256e-07	3.300000e+00	3.300000e+00	3.300000e+00	
224	1.323768e-07	3.300000e+00	3.300000e+00	3.300000e+00	
225	1.324792e-07	3.300000e+00	3.300000e+00	3.300000e+00	
226	1.326840e-07	3.300000e+00	3.300000e+00	3.300000e+00	
227	1.330936e-07	3.300000e+00	3.300000e+00	3.300000e+00	
228	1.333000e-07	3.300000e+00	3.300000e+00	3.300000e+00	

Index   time            a3              b0              b1              
--------------------------------------------------------------------------------
229	1.333819e-07	3.300000e+00	3.300000e+00	3.300000e+00	
230	1.335458e-07	3.300000e+00	3.300000e+00	3.300000e+00	
231	1.338734e-07	3.300000e+00	3.300000e+00	3.300000e+00	
232	1.340000e-07	3.300000e+00	3.300000e+00	3.300000e+00	
233	1.340655e-07	3.300000e+00	3.300000e+00	3.300000e+00	
234	1.341966e-07	3.300000e+00	3.300000e+00	3.300000e+00	
235	1.344588e-07	3.300000e+00	3.300000e+00	3.300000e+00	
236	1.349830e-07	3.300000e+00	3.300000e+00	3.300000e+00	
237	1.350000e-07	3.300000e+00	3.300000e+00	3.300000e+00	
238	1.350339e-07	3.300000e+00	3.300000e+00	3.300000e+00	
239	1.351018e-07	3.300000e+00	3.300000e+00	3.300000e+00	
240	1.352374e-07	3.300000e+00	3.300000e+00	3.300000e+00	
241	1.355088e-07	3.300000e+00	3.300000e+00	3.300000e+00	
242	1.360515e-07	3.300000e+00	3.300000e+00	3.300000e+00	
243	1.370515e-07	3.300000e+00	3.300000e+00	3.300000e+00	
244	1.380515e-07	3.300000e+00	3.300000e+00	3.300000e+00	
245	1.390515e-07	3.300000e+00	3.300000e+00	3.300000e+00	
246	1.400515e-07	3.300000e+00	3.300000e+00	3.300000e+00	
247	1.410515e-07	3.300000e+00	3.300000e+00	3.300000e+00	
248	1.420515e-07	3.300000e+00	3.300000e+00	3.300000e+00	
249	1.430515e-07	3.300000e+00	3.300000e+00	3.300000e+00	
250	1.440515e-07	3.300000e+00	3.300000e+00	3.300000e+00	
251	1.450515e-07	3.300000e+00	3.300000e+00	3.300000e+00	
252	1.460515e-07	3.300000e+00	3.300000e+00	3.300000e+00	
253	1.470515e-07	3.300000e+00	3.300000e+00	3.300000e+00	
254	1.480515e-07	3.300000e+00	3.300000e+00	3.300000e+00	
255	1.490515e-07	3.300000e+00	3.300000e+00	3.300000e+00	
256	1.500000e-07	3.300000e+00	3.300000e+00	3.300000e+00	
257	1.501000e-07	3.300000e+00	3.300000e+00	3.300000e+00	
258	1.503000e-07	3.300000e+00	3.300000e+00	3.300000e+00	
259	1.507000e-07	3.300000e+00	3.300000e+00	3.300000e+00	
260	1.510000e-07	3.300000e+00	3.300000e+00	3.300000e+00	
261	1.510800e-07	3.036000e+00	3.036000e+00	3.300000e+00	
262	1.512400e-07	2.508000e+00	2.508000e+00	3.300000e+00	
263	1.515600e-07	1.452000e+00	1.452000e+00	3.300000e+00	
264	1.520000e-07	6.084022e-14	6.084022e-14	3.300000e+00	
265	1.520640e-07	0.000000e+00	0.000000e+00	3.300000e+00	
266	1.521920e-07	0.000000e+00	0.000000e+00	3.300000e+00	
267	1.524480e-07	0.000000e+00	0.000000e+00	3.300000e+00	
268	1.529600e-07	0.000000e+00	0.000000e+00	3.300000e+00	
269	1.539600e-07	0.000000e+00	0.000000e+00	3.300000e+00	
270	1.540000e-07	0.000000e+00	0.000000e+00	3.300000e+00	
271	1.540800e-07	0.000000e+00	0.000000e+00	3.300000e+00	
272	1.542400e-07	0.000000e+00	0.000000e+00	3.300000e+00	
273	1.545600e-07	0.000000e+00	0.000000e+00	3.300000e+00	
274	1.550000e-07	0.000000e+00	0.000000e+00	3.300000e+00	
275	1.550640e-07	0.000000e+00	0.000000e+00	3.300000e+00	
276	1.551920e-07	0.000000e+00	0.000000e+00	3.300000e+00	
277	1.554480e-07	0.000000e+00	0.000000e+00	3.300000e+00	
278	1.559600e-07	0.000000e+00	0.000000e+00	3.300000e+00	
279	1.569600e-07	0.000000e+00	0.000000e+00	3.300000e+00	
280	1.579600e-07	0.000000e+00	0.000000e+00	3.300000e+00	
281	1.589600e-07	0.000000e+00	0.000000e+00	3.300000e+00	
282	1.599600e-07	0.000000e+00	0.000000e+00	3.300000e+00	
283	1.609600e-07	0.000000e+00	0.000000e+00	3.300000e+00	
284	1.619600e-07	0.000000e+00	0.000000e+00	3.300000e+00	
285	1.629600e-07	0.000000e+00	0.000000e+00	3.300000e+00	
286	1.639600e-07	0.000000e+00	0.000000e+00	3.300000e+00	

Index   time            a3              b0              b1              
--------------------------------------------------------------------------------
287	1.649600e-07	0.000000e+00	0.000000e+00	3.300000e+00	
288	1.659600e-07	0.000000e+00	0.000000e+00	3.300000e+00	
289	1.669600e-07	0.000000e+00	0.000000e+00	3.300000e+00	
290	1.679600e-07	0.000000e+00	0.000000e+00	3.300000e+00	
291	1.689600e-07	0.000000e+00	0.000000e+00	3.300000e+00	
292	1.699600e-07	0.000000e+00	0.000000e+00	3.300000e+00	
293	1.709600e-07	0.000000e+00	0.000000e+00	3.300000e+00	
294	1.710000e-07	0.000000e+00	0.000000e+00	3.300000e+00	
295	1.710800e-07	0.000000e+00	0.000000e+00	3.300000e+00	
296	1.712400e-07	0.000000e+00	0.000000e+00	3.300000e+00	
297	1.715600e-07	0.000000e+00	0.000000e+00	3.300000e+00	
298	1.720000e-07	0.000000e+00	0.000000e+00	3.300000e+00	
299	1.720640e-07	0.000000e+00	0.000000e+00	3.300000e+00	
300	1.721920e-07	0.000000e+00	0.000000e+00	3.300000e+00	
301	1.724480e-07	0.000000e+00	0.000000e+00	3.300000e+00	
302	1.729600e-07	0.000000e+00	0.000000e+00	3.300000e+00	
303	1.739600e-07	0.000000e+00	0.000000e+00	3.300000e+00	
304	1.740000e-07	0.000000e+00	0.000000e+00	3.300000e+00	
305	1.740800e-07	0.000000e+00	0.000000e+00	3.300000e+00	
306	1.742400e-07	0.000000e+00	0.000000e+00	3.300000e+00	
307	1.745600e-07	0.000000e+00	0.000000e+00	3.300000e+00	
308	1.750000e-07	0.000000e+00	0.000000e+00	3.300000e+00	
309	1.750640e-07	0.000000e+00	0.000000e+00	3.300000e+00	
310	1.751920e-07	0.000000e+00	0.000000e+00	3.300000e+00	
311	1.754480e-07	0.000000e+00	0.000000e+00	3.300000e+00	
312	1.759600e-07	0.000000e+00	0.000000e+00	3.300000e+00	
313	1.769600e-07	0.000000e+00	0.000000e+00	3.300000e+00	
314	1.779600e-07	0.000000e+00	0.000000e+00	3.300000e+00	
315	1.789600e-07	0.000000e+00	0.000000e+00	3.300000e+00	
316	1.799600e-07	0.000000e+00	0.000000e+00	3.300000e+00	
317	1.809600e-07	0.000000e+00	0.000000e+00	3.300000e+00	
318	1.819600e-07	0.000000e+00	0.000000e+00	3.300000e+00	
319	1.829600e-07	0.000000e+00	0.000000e+00	3.300000e+00	
320	1.839600e-07	0.000000e+00	0.000000e+00	3.300000e+00	
321	1.849600e-07	0.000000e+00	0.000000e+00	3.300000e+00	
322	1.859600e-07	0.000000e+00	0.000000e+00	3.300000e+00	
323	1.869600e-07	0.000000e+00	0.000000e+00	3.300000e+00	
324	1.879600e-07	0.000000e+00	0.000000e+00	3.300000e+00	
325	1.889600e-07	0.000000e+00	0.000000e+00	3.300000e+00	
326	1.899600e-07	0.000000e+00	0.000000e+00	3.300000e+00	
327	1.900000e-07	0.000000e+00	0.000000e+00	3.300000e+00	
328	1.900800e-07	2.640000e-01	2.640000e-01	3.300000e+00	
329	1.902400e-07	7.920000e-01	7.920000e-01	3.300000e+00	
330	1.905600e-07	1.848000e+00	1.848000e+00	3.300000e+00	
331	1.910000e-07	3.300000e+00	3.300000e+00	3.300000e+00	
332	1.910640e-07	3.300000e+00	3.300000e+00	3.300000e+00	
333	1.911920e-07	3.300000e+00	3.300000e+00	3.300000e+00	
334	1.914480e-07	3.300000e+00	3.300000e+00	3.300000e+00	
335	1.919600e-07	3.300000e+00	3.300000e+00	3.300000e+00	
336	1.929600e-07	3.300000e+00	3.300000e+00	3.300000e+00	
337	1.939600e-07	3.300000e+00	3.300000e+00	3.300000e+00	
338	1.949600e-07	3.300000e+00	3.300000e+00	3.300000e+00	
339	1.959600e-07	3.300000e+00	3.300000e+00	3.300000e+00	
340	1.969600e-07	3.300000e+00	3.300000e+00	3.300000e+00	
341	1.979600e-07	3.300000e+00	3.300000e+00	3.300000e+00	
342	1.989600e-07	3.300000e+00	3.300000e+00	3.300000e+00	
343	1.999600e-07	3.300000e+00	3.300000e+00	3.300000e+00	
344	2.009600e-07	3.300000e+00	3.300000e+00	3.300000e+00	

Index   time            a3              b0              b1              
--------------------------------------------------------------------------------
345	2.019600e-07	3.300000e+00	3.300000e+00	3.300000e+00	
346	2.029600e-07	3.300000e+00	3.300000e+00	3.300000e+00	
347	2.039600e-07	3.300000e+00	3.300000e+00	3.300000e+00	
348	2.049600e-07	3.300000e+00	3.300000e+00	3.300000e+00	
349	2.059600e-07	3.300000e+00	3.300000e+00	3.300000e+00	
350	2.069600e-07	3.300000e+00	3.300000e+00	3.300000e+00	
351	2.079600e-07	3.300000e+00	3.300000e+00	3.300000e+00	
352	2.089600e-07	3.300000e+00	3.300000e+00	3.300000e+00	
353	2.099600e-07	3.300000e+00	3.300000e+00	3.300000e+00	
354	2.109600e-07	3.300000e+00	3.300000e+00	3.300000e+00	
355	2.110000e-07	3.300000e+00	3.300000e+00	3.300000e+00	
356	2.110800e-07	3.300000e+00	3.300000e+00	3.036000e+00	
357	2.112400e-07	3.300000e+00	3.300000e+00	2.508000e+00	
358	2.115600e-07	3.300000e+00	3.300000e+00	1.452000e+00	
359	2.120000e-07	3.300000e+00	3.300000e+00	0.000000e+00	
360	2.120640e-07	3.300000e+00	3.300000e+00	0.000000e+00	
361	2.121920e-07	3.300000e+00	3.300000e+00	0.000000e+00	
362	2.124480e-07	3.300000e+00	3.300000e+00	0.000000e+00	
363	2.129600e-07	3.300000e+00	3.300000e+00	0.000000e+00	
364	2.139600e-07	3.300000e+00	3.300000e+00	0.000000e+00	
365	2.149600e-07	3.300000e+00	3.300000e+00	0.000000e+00	
366	2.159600e-07	3.300000e+00	3.300000e+00	0.000000e+00	
367	2.169600e-07	3.300000e+00	3.300000e+00	0.000000e+00	
368	2.179600e-07	3.300000e+00	3.300000e+00	0.000000e+00	
369	2.189600e-07	3.300000e+00	3.300000e+00	0.000000e+00	
370	2.199600e-07	3.300000e+00	3.300000e+00	0.000000e+00	
371	2.209600e-07	3.300000e+00	3.300000e+00	0.000000e+00	
372	2.219600e-07	3.300000e+00	3.300000e+00	0.000000e+00	
373	2.229600e-07	3.300000e+00	3.300000e+00	0.000000e+00	
374	2.239600e-07	3.300000e+00	3.300000e+00	0.000000e+00	
375	2.249600e-07	3.300000e+00	3.300000e+00	0.000000e+00	
376	2.259600e-07	3.300000e+00	3.300000e+00	0.000000e+00	
377	2.269600e-07	3.300000e+00	3.300000e+00	0.000000e+00	
378	2.279600e-07	3.300000e+00	3.300000e+00	0.000000e+00	
379	2.289600e-07	3.300000e+00	3.300000e+00	0.000000e+00	
380	2.299600e-07	3.300000e+00	3.300000e+00	0.000000e+00	
381	2.300000e-07	3.300000e+00	3.300000e+00	0.000000e+00	
382	2.300800e-07	3.300000e+00	3.300000e+00	2.639992e-01	
383	2.302400e-07	3.300000e+00	3.300000e+00	7.919977e-01	
384	2.305600e-07	3.300000e+00	3.300000e+00	1.847995e+00	
385	2.310000e-07	3.300000e+00	3.300000e+00	3.300000e+00	
386	2.310640e-07	3.088801e+00	3.088801e+00	3.300000e+00	
387	2.311920e-07	2.666402e+00	2.666402e+00	3.300000e+00	
388	2.314480e-07	1.821604e+00	1.821604e+00	3.300000e+00	
389	2.319600e-07	1.320092e-01	1.320092e-01	3.300000e+00	
390	2.320000e-07	1.687539e-14	1.687539e-14	3.300000e+00	
391	2.320800e-07	0.000000e+00	0.000000e+00	3.300000e+00	
392	2.322400e-07	0.000000e+00	0.000000e+00	3.300000e+00	
393	2.322560e-07	0.000000e+00	0.000000e+00	3.300000e+00	
394	2.322880e-07	0.000000e+00	0.000000e+00	3.300000e+00	
395	2.323520e-07	0.000000e+00	0.000000e+00	3.300000e+00	
396	2.324800e-07	0.000000e+00	0.000000e+00	3.300000e+00	
397	2.327360e-07	0.000000e+00	0.000000e+00	3.300000e+00	
398	2.332400e-07	0.000000e+00	0.000000e+00	3.300000e+00	
399	2.332912e-07	0.000000e+00	0.000000e+00	3.300000e+00	
400	2.333936e-07	0.000000e+00	0.000000e+00	3.300000e+00	
401	2.335984e-07	0.000000e+00	0.000000e+00	3.300000e+00	
402	2.339600e-07	0.000000e+00	0.000000e+00	3.300000e+00	

Index   time            a3              b0              b1              
--------------------------------------------------------------------------------
403	2.340010e-07	0.000000e+00	0.000000e+00	3.300000e+00	
404	2.340829e-07	0.000000e+00	0.000000e+00	3.300000e+00	
405	2.342467e-07	0.000000e+00	0.000000e+00	3.300000e+00	
406	2.345744e-07	0.000000e+00	0.000000e+00	3.300000e+00	
407	2.349600e-07	0.000000e+00	0.000000e+00	3.300000e+00	
408	2.350255e-07	0.000000e+00	0.000000e+00	3.300000e+00	
409	2.351566e-07	0.000000e+00	0.000000e+00	3.300000e+00	
410	2.354188e-07	0.000000e+00	0.000000e+00	3.300000e+00	
411	2.359431e-07	0.000000e+00	0.000000e+00	3.300000e+00	
412	2.369431e-07	0.000000e+00	0.000000e+00	3.300000e+00	
413	2.379431e-07	0.000000e+00	0.000000e+00	3.300000e+00	
414	2.389431e-07	0.000000e+00	0.000000e+00	3.300000e+00	
415	2.399431e-07	0.000000e+00	0.000000e+00	3.300000e+00	
416	2.409431e-07	0.000000e+00	0.000000e+00	3.300000e+00	
417	2.419431e-07	0.000000e+00	0.000000e+00	3.300000e+00	
418	2.429431e-07	0.000000e+00	0.000000e+00	3.300000e+00	
419	2.439431e-07	0.000000e+00	0.000000e+00	3.300000e+00	
420	2.449431e-07	0.000000e+00	0.000000e+00	3.300000e+00	
421	2.459431e-07	0.000000e+00	0.000000e+00	3.300000e+00	
422	2.469431e-07	0.000000e+00	0.000000e+00	3.300000e+00	
423	2.479431e-07	0.000000e+00	0.000000e+00	3.300000e+00	
424	2.489431e-07	0.000000e+00	0.000000e+00	3.300000e+00	
425	2.499431e-07	0.000000e+00	0.000000e+00	3.300000e+00	
426	2.509431e-07	0.000000e+00	0.000000e+00	3.300000e+00	
427	2.510000e-07	0.000000e+00	0.000000e+00	3.300000e+00	
428	2.511000e-07	0.000000e+00	0.000000e+00	3.300000e+00	
429	2.513000e-07	0.000000e+00	0.000000e+00	3.300000e+00	
430	2.517000e-07	0.000000e+00	0.000000e+00	3.300000e+00	
431	2.520000e-07	0.000000e+00	0.000000e+00	3.300000e+00	
432	2.520800e-07	0.000000e+00	0.000000e+00	3.300000e+00	
433	2.522400e-07	0.000000e+00	0.000000e+00	3.300000e+00	
434	2.525600e-07	0.000000e+00	0.000000e+00	3.300000e+00	
435	2.532000e-07	0.000000e+00	0.000000e+00	3.300000e+00	
436	2.542000e-07	0.000000e+00	0.000000e+00	3.300000e+00	
437	2.552000e-07	0.000000e+00	0.000000e+00	3.300000e+00	
438	2.562000e-07	0.000000e+00	0.000000e+00	3.300000e+00	
439	2.572000e-07	0.000000e+00	0.000000e+00	3.300000e+00	
440	2.582000e-07	0.000000e+00	0.000000e+00	3.300000e+00	
441	2.592000e-07	0.000000e+00	0.000000e+00	3.300000e+00	
442	2.602000e-07	0.000000e+00	0.000000e+00	3.300000e+00	
443	2.612000e-07	0.000000e+00	0.000000e+00	3.300000e+00	
444	2.622000e-07	0.000000e+00	0.000000e+00	3.300000e+00	
445	2.632000e-07	0.000000e+00	0.000000e+00	3.300000e+00	
446	2.642000e-07	0.000000e+00	0.000000e+00	3.300000e+00	
447	2.652000e-07	0.000000e+00	0.000000e+00	3.300000e+00	
448	2.662000e-07	0.000000e+00	0.000000e+00	3.300000e+00	
449	2.672000e-07	0.000000e+00	0.000000e+00	3.300000e+00	
450	2.682000e-07	0.000000e+00	0.000000e+00	3.300000e+00	
451	2.692000e-07	0.000000e+00	0.000000e+00	3.300000e+00	
452	2.700000e-07	0.000000e+00	0.000000e+00	3.300000e+00	
453	2.701000e-07	3.300000e-01	3.300000e-01	3.300000e+00	
454	2.703000e-07	9.900000e-01	9.900000e-01	3.300000e+00	
455	2.707000e-07	2.310000e+00	2.310000e+00	3.300000e+00	
456	2.710000e-07	3.300000e+00	3.300000e+00	3.300000e+00	
457	2.710800e-07	3.300000e+00	3.300000e+00	3.300000e+00	
458	2.712400e-07	3.300000e+00	3.300000e+00	3.300000e+00	
459	2.715600e-07	3.300000e+00	3.300000e+00	3.300000e+00	
460	2.722000e-07	3.300000e+00	3.300000e+00	3.300000e+00	

Index   time            a3              b0              b1              
--------------------------------------------------------------------------------
461	2.723000e-07	3.300000e+00	3.300000e+00	3.300000e+00	
462	2.724000e-07	3.300000e+00	3.300000e+00	3.300000e+00	
463	2.726000e-07	3.300000e+00	3.300000e+00	3.300000e+00	
464	2.730000e-07	3.300000e+00	3.300000e+00	3.300000e+00	
465	2.733000e-07	3.300000e+00	3.300000e+00	3.300000e+00	
466	2.733800e-07	3.300000e+00	3.300000e+00	3.300000e+00	
467	2.735400e-07	3.300000e+00	3.300000e+00	3.300000e+00	
468	2.738600e-07	3.300000e+00	3.300000e+00	3.300000e+00	
469	2.745000e-07	3.300000e+00	3.300000e+00	3.300000e+00	
470	2.755000e-07	3.300000e+00	3.300000e+00	3.300000e+00	
471	2.765000e-07	3.300000e+00	3.300000e+00	3.300000e+00	
472	2.775000e-07	3.300000e+00	3.300000e+00	3.300000e+00	
473	2.785000e-07	3.300000e+00	3.300000e+00	3.300000e+00	
474	2.795000e-07	3.300000e+00	3.300000e+00	3.300000e+00	
475	2.805000e-07	3.300000e+00	3.300000e+00	3.300000e+00	
476	2.815000e-07	3.300000e+00	3.300000e+00	3.300000e+00	
477	2.825000e-07	3.300000e+00	3.300000e+00	3.300000e+00	
478	2.835000e-07	3.300000e+00	3.300000e+00	3.300000e+00	
479	2.845000e-07	3.300000e+00	3.300000e+00	3.300000e+00	
480	2.855000e-07	3.300000e+00	3.300000e+00	3.300000e+00	
481	2.865000e-07	3.300000e+00	3.300000e+00	3.300000e+00	
482	2.875000e-07	3.300000e+00	3.300000e+00	3.300000e+00	
483	2.885000e-07	3.300000e+00	3.300000e+00	3.300000e+00	
484	2.895000e-07	3.300000e+00	3.300000e+00	3.300000e+00	
485	2.905000e-07	3.300000e+00	3.300000e+00	3.300000e+00	
486	2.910000e-07	3.300000e+00	3.300000e+00	3.300000e+00	
487	2.911000e-07	3.300000e+00	3.300000e+00	3.300000e+00	
488	2.913000e-07	3.300000e+00	3.300000e+00	3.300000e+00	
489	2.917000e-07	3.300000e+00	3.300000e+00	3.300000e+00	
490	2.920000e-07	3.300000e+00	3.300000e+00	3.300000e+00	
491	2.920800e-07	3.300000e+00	3.300000e+00	3.300000e+00	
492	2.922400e-07	3.300000e+00	3.300000e+00	3.300000e+00	
493	2.925600e-07	3.300000e+00	3.300000e+00	3.300000e+00	
494	2.932000e-07	3.300000e+00	3.300000e+00	3.300000e+00	
495	2.940000e-07	3.300000e+00	3.300000e+00	3.300000e+00	
496	2.941000e-07	3.300000e+00	3.300000e+00	3.300000e+00	
497	2.943000e-07	3.300000e+00	3.300000e+00	3.300000e+00	
498	2.947000e-07	3.300000e+00	3.300000e+00	3.300000e+00	
499	2.950000e-07	3.300000e+00	3.300000e+00	3.300000e+00	
500	2.950800e-07	3.300000e+00	3.300000e+00	3.300000e+00	
501	2.952400e-07	3.300000e+00	3.300000e+00	3.300000e+00	
502	2.955600e-07	3.300000e+00	3.300000e+00	3.300000e+00	
503	2.962000e-07	3.300000e+00	3.300000e+00	3.300000e+00	
504	2.972000e-07	3.300000e+00	3.300000e+00	3.300000e+00	
505	2.982000e-07	3.300000e+00	3.300000e+00	3.300000e+00	
506	2.992000e-07	3.300000e+00	3.300000e+00	3.300000e+00	
507	3.000000e-07	3.300000e+00	3.300000e+00	3.300000e+00	

                                kicad schematic
                                Transient Analysis  Thu Jul 09 11:20:11  2026
--------------------------------------------------------------------------------
Index   time            b2              b3              eq              
--------------------------------------------------------------------------------
0	0.000000e+00	0.000000e+00	0.000000e+00	3.300000e+00	
1	1.000000e-11	0.000000e+00	0.000000e+00	3.300000e+00	
2	2.000000e-11	0.000000e+00	0.000000e+00	3.300000e+00	
3	4.000000e-11	0.000000e+00	0.000000e+00	3.300000e+00	
4	8.000000e-11	0.000000e+00	0.000000e+00	3.300000e+00	
5	1.600000e-10	0.000000e+00	0.000000e+00	3.300000e+00	
6	3.200000e-10	0.000000e+00	0.000000e+00	3.300000e+00	
7	6.400000e-10	0.000000e+00	0.000000e+00	3.300000e+00	
8	1.280000e-09	0.000000e+00	0.000000e+00	3.300000e+00	
9	2.280000e-09	0.000000e+00	0.000000e+00	3.300000e+00	
10	3.280000e-09	0.000000e+00	0.000000e+00	3.300000e+00	
11	4.280000e-09	0.000000e+00	0.000000e+00	3.300000e+00	
12	5.280000e-09	0.000000e+00	0.000000e+00	3.300000e+00	
13	6.280000e-09	0.000000e+00	0.000000e+00	3.300000e+00	
14	7.280000e-09	0.000000e+00	0.000000e+00	3.300000e+00	
15	8.280000e-09	0.000000e+00	0.000000e+00	3.300000e+00	
16	9.280000e-09	0.000000e+00	0.000000e+00	3.300000e+00	
17	1.028000e-08	0.000000e+00	0.000000e+00	3.300000e+00	
18	1.128000e-08	0.000000e+00	0.000000e+00	3.300000e+00	
19	1.228000e-08	0.000000e+00	0.000000e+00	3.300000e+00	
20	1.328000e-08	0.000000e+00	0.000000e+00	3.300000e+00	
21	1.428000e-08	0.000000e+00	0.000000e+00	3.300000e+00	
22	1.528000e-08	0.000000e+00	0.000000e+00	3.300000e+00	
23	1.628000e-08	0.000000e+00	0.000000e+00	3.300000e+00	
24	1.728000e-08	0.000000e+00	0.000000e+00	3.300000e+00	
25	1.828000e-08	0.000000e+00	0.000000e+00	3.300000e+00	
26	1.928000e-08	0.000000e+00	0.000000e+00	3.300000e+00	
27	2.028000e-08	0.000000e+00	0.000000e+00	3.300000e+00	
28	2.128000e-08	0.000000e+00	0.000000e+00	3.300000e+00	
29	2.228000e-08	0.000000e+00	0.000000e+00	3.300000e+00	
30	2.328000e-08	0.000000e+00	0.000000e+00	3.300000e+00	
31	2.428000e-08	0.000000e+00	0.000000e+00	3.300000e+00	
32	2.528000e-08	0.000000e+00	0.000000e+00	3.300000e+00	
33	2.628000e-08	0.000000e+00	0.000000e+00	3.300000e+00	
34	2.728000e-08	0.000000e+00	0.000000e+00	3.300000e+00	
35	2.828000e-08	0.000000e+00	0.000000e+00	3.300000e+00	
36	2.928000e-08	0.000000e+00	0.000000e+00	3.300000e+00	
37	3.000000e-08	0.000000e+00	0.000000e+00	3.300000e+00	
38	3.010000e-08	3.300000e-01	3.300000e-01	3.300000e+00	
39	3.030000e-08	9.900000e-01	9.900000e-01	3.300000e+00	
40	3.070000e-08	2.310000e+00	2.310000e+00	3.300000e+00	
41	3.100000e-08	3.300000e+00	3.300000e+00	3.300000e+00	
42	3.108000e-08	3.300000e+00	3.300000e+00	3.300000e+00	
43	3.124000e-08	3.300000e+00	3.300000e+00	3.300000e+00	
44	3.156000e-08	3.300000e+00	3.300000e+00	3.300000e+00	
45	3.220000e-08	3.300000e+00	3.300000e+00	3.300000e+00	
46	3.320000e-08	3.300000e+00	3.300000e+00	3.300000e+00	
47	3.420000e-08	3.300000e+00	3.300000e+00	3.300000e+00	
48	3.520000e-08	3.300000e+00	3.300000e+00	3.300000e+00	
49	3.620000e-08	3.300000e+00	3.300000e+00	3.300000e+00	
50	3.720000e-08	3.300000e+00	3.300000e+00	3.300000e+00	
51	3.820000e-08	3.300000e+00	3.300000e+00	3.300000e+00	
52	3.920000e-08	3.300000e+00	3.300000e+00	3.300000e+00	
53	4.020000e-08	3.300000e+00	3.300000e+00	3.300000e+00	
54	4.120000e-08	3.300000e+00	3.300000e+00	3.300000e+00	

Index   time            b2              b3              eq              
--------------------------------------------------------------------------------
55	4.220000e-08	3.300000e+00	3.300000e+00	3.300000e+00	
56	4.320000e-08	3.300000e+00	3.300000e+00	3.300000e+00	
57	4.420000e-08	3.300000e+00	3.300000e+00	3.300000e+00	
58	4.520000e-08	3.300000e+00	3.300000e+00	3.300000e+00	
59	4.620000e-08	3.300000e+00	3.300000e+00	3.300000e+00	
60	4.720000e-08	3.300000e+00	3.300000e+00	3.300000e+00	
61	4.820000e-08	3.300000e+00	3.300000e+00	3.300000e+00	
62	4.920000e-08	3.300000e+00	3.300000e+00	3.300000e+00	
63	5.020000e-08	3.300000e+00	3.300000e+00	3.300000e+00	
64	5.100000e-08	3.300000e+00	3.300000e+00	3.300000e+00	
65	5.110000e-08	3.300000e+00	2.970000e+00	3.300000e+00	
66	5.130000e-08	3.300000e+00	2.310000e+00	3.300000e+00	
67	5.170000e-08	3.300000e+00	9.900000e-01	3.300000e+00	
68	5.200000e-08	3.300000e+00	0.000000e+00	3.300000e+00	
69	5.208000e-08	3.300000e+00	0.000000e+00	3.300000e+00	
70	5.224000e-08	3.300000e+00	0.000000e+00	3.300000e+00	
71	5.256000e-08	3.300000e+00	0.000000e+00	3.300000e+00	
72	5.320000e-08	3.300000e+00	0.000000e+00	3.300000e+00	
73	5.400000e-08	3.300000e+00	0.000000e+00	3.300000e+00	
74	5.410000e-08	3.300000e+00	0.000000e+00	2.970000e+00	
75	5.430000e-08	3.300000e+00	0.000000e+00	2.310000e+00	
76	5.470000e-08	3.300000e+00	0.000000e+00	9.900000e-01	
77	5.500000e-08	3.300000e+00	0.000000e+00	0.000000e+00	
78	5.508000e-08	3.300000e+00	0.000000e+00	0.000000e+00	
79	5.524000e-08	3.300000e+00	0.000000e+00	0.000000e+00	
80	5.556000e-08	3.300000e+00	0.000000e+00	0.000000e+00	
81	5.620000e-08	3.300000e+00	0.000000e+00	0.000000e+00	
82	5.720000e-08	3.300000e+00	0.000000e+00	0.000000e+00	
83	5.820000e-08	3.300000e+00	0.000000e+00	0.000000e+00	
84	5.920000e-08	3.300000e+00	0.000000e+00	0.000000e+00	
85	6.020000e-08	3.300000e+00	0.000000e+00	0.000000e+00	
86	6.120000e-08	3.300000e+00	0.000000e+00	0.000000e+00	
87	6.220000e-08	3.300000e+00	0.000000e+00	0.000000e+00	
88	6.320000e-08	3.300000e+00	0.000000e+00	0.000000e+00	
89	6.420000e-08	3.300000e+00	0.000000e+00	0.000000e+00	
90	6.520000e-08	3.300000e+00	0.000000e+00	0.000000e+00	
91	6.620000e-08	3.300000e+00	0.000000e+00	0.000000e+00	
92	6.720000e-08	3.300000e+00	0.000000e+00	0.000000e+00	
93	6.820000e-08	3.300000e+00	0.000000e+00	0.000000e+00	
94	6.920000e-08	3.300000e+00	0.000000e+00	0.000000e+00	
95	7.000000e-08	3.300000e+00	0.000000e+00	0.000000e+00	
96	7.010000e-08	3.300000e+00	3.300000e-01	0.000000e+00	
97	7.030000e-08	3.300000e+00	9.900000e-01	0.000000e+00	
98	7.070000e-08	3.300000e+00	2.310000e+00	0.000000e+00	
99	7.100000e-08	3.300000e+00	3.300000e+00	0.000000e+00	
100	7.108000e-08	3.300000e+00	3.300000e+00	0.000000e+00	
101	7.124000e-08	3.300000e+00	3.300000e+00	0.000000e+00	
102	7.156000e-08	3.300000e+00	3.300000e+00	0.000000e+00	
103	7.200000e-08	3.300000e+00	3.300000e+00	0.000000e+00	
104	7.206400e-08	3.300000e+00	3.300000e+00	0.000000e+00	
105	7.219200e-08	3.300000e+00	3.300000e+00	0.000000e+00	
106	7.230000e-08	3.300000e+00	3.300000e+00	0.000000e+00	
107	7.232560e-08	3.300000e+00	3.300000e+00	8.448000e-02	
108	7.237680e-08	3.300000e+00	3.300000e+00	2.534400e-01	
109	7.247920e-08	3.300000e+00	3.300000e+00	5.913600e-01	
110	7.268400e-08	3.300000e+00	3.300000e+00	1.267200e+00	
111	7.309360e-08	3.300000e+00	3.300000e+00	2.618880e+00	
112	7.330000e-08	3.300000e+00	3.300000e+00	3.300000e+00	

Index   time            b2              b3              eq              
--------------------------------------------------------------------------------
113	7.338192e-08	3.300000e+00	3.300000e+00	3.300000e+00	
114	7.354576e-08	3.300000e+00	3.300000e+00	3.300000e+00	
115	7.387344e-08	3.300000e+00	3.300000e+00	3.300000e+00	
116	7.400000e-08	3.300000e+00	3.300000e+00	3.300000e+00	
117	7.406554e-08	3.300000e+00	3.300000e+00	3.083731e+00	
118	7.419661e-08	3.300000e+00	3.300000e+00	2.651194e+00	
119	7.445875e-08	3.300000e+00	3.300000e+00	1.786118e+00	
120	7.498304e-08	3.300000e+00	3.300000e+00	5.596800e-02	
121	7.500000e-08	3.300000e+00	3.300000e+00	1.754846e-14	
122	7.503392e-08	3.300000e+00	3.300000e+00	0.000000e+00	
123	7.510176e-08	3.300000e+00	3.300000e+00	0.000000e+00	
124	7.523744e-08	3.300000e+00	3.300000e+00	0.000000e+00	
125	7.550880e-08	3.300000e+00	3.300000e+00	0.000000e+00	
126	7.605152e-08	3.300000e+00	3.300000e+00	0.000000e+00	
127	7.705152e-08	3.300000e+00	3.300000e+00	0.000000e+00	
128	7.805152e-08	3.300000e+00	3.300000e+00	0.000000e+00	
129	7.905152e-08	3.300000e+00	3.300000e+00	0.000000e+00	
130	8.005152e-08	3.300000e+00	3.300000e+00	0.000000e+00	
131	8.105152e-08	3.300000e+00	3.300000e+00	0.000000e+00	
132	8.205152e-08	3.300000e+00	3.300000e+00	0.000000e+00	
133	8.305152e-08	3.300000e+00	3.300000e+00	0.000000e+00	
134	8.405152e-08	3.300000e+00	3.300000e+00	0.000000e+00	
135	8.505152e-08	3.300000e+00	3.300000e+00	0.000000e+00	
136	8.605152e-08	3.300000e+00	3.300000e+00	0.000000e+00	
137	8.705152e-08	3.300000e+00	3.300000e+00	0.000000e+00	
138	8.805152e-08	3.300000e+00	3.300000e+00	0.000000e+00	
139	8.905152e-08	3.300000e+00	3.300000e+00	0.000000e+00	
140	9.005152e-08	3.300000e+00	3.300000e+00	0.000000e+00	
141	9.100000e-08	3.300000e+00	3.300000e+00	0.000000e+00	
142	9.110000e-08	3.300000e+00	2.970000e+00	0.000000e+00	
143	9.130000e-08	3.300000e+00	2.310000e+00	0.000000e+00	
144	9.170000e-08	3.300000e+00	9.900000e-01	0.000000e+00	
145	9.200000e-08	3.300000e+00	6.217249e-15	0.000000e+00	
146	9.208000e-08	3.300000e+00	0.000000e+00	0.000000e+00	
147	9.224000e-08	3.300000e+00	0.000000e+00	0.000000e+00	
148	9.256000e-08	3.300000e+00	0.000000e+00	0.000000e+00	
149	9.320000e-08	3.300000e+00	0.000000e+00	0.000000e+00	
150	9.420000e-08	3.300000e+00	0.000000e+00	0.000000e+00	
151	9.520000e-08	3.300000e+00	0.000000e+00	0.000000e+00	
152	9.620000e-08	3.300000e+00	0.000000e+00	0.000000e+00	
153	9.720000e-08	3.300000e+00	0.000000e+00	0.000000e+00	
154	9.820000e-08	3.300000e+00	0.000000e+00	0.000000e+00	
155	9.920000e-08	3.300000e+00	0.000000e+00	0.000000e+00	
156	1.002000e-07	3.300000e+00	0.000000e+00	0.000000e+00	
157	1.012000e-07	3.300000e+00	0.000000e+00	0.000000e+00	
158	1.022000e-07	3.300000e+00	0.000000e+00	0.000000e+00	
159	1.032000e-07	3.300000e+00	0.000000e+00	0.000000e+00	
160	1.042000e-07	3.300000e+00	0.000000e+00	0.000000e+00	
161	1.052000e-07	3.300000e+00	0.000000e+00	0.000000e+00	
162	1.062000e-07	3.300000e+00	0.000000e+00	0.000000e+00	
163	1.072000e-07	3.300000e+00	0.000000e+00	0.000000e+00	
164	1.082000e-07	3.300000e+00	0.000000e+00	0.000000e+00	
165	1.092000e-07	3.300000e+00	0.000000e+00	0.000000e+00	
166	1.100000e-07	3.300000e+00	0.000000e+00	0.000000e+00	
167	1.101000e-07	3.300000e+00	3.300000e-01	0.000000e+00	
168	1.103000e-07	3.300000e+00	9.900000e-01	0.000000e+00	
169	1.107000e-07	3.300000e+00	2.310000e+00	0.000000e+00	
170	1.110000e-07	3.300000e+00	3.300000e+00	0.000000e+00	

Index   time            b2              b3              eq              
--------------------------------------------------------------------------------
171	1.110800e-07	3.300000e+00	3.300000e+00	0.000000e+00	
172	1.112400e-07	3.300000e+00	3.300000e+00	0.000000e+00	
173	1.115600e-07	3.300000e+00	3.300000e+00	0.000000e+00	
174	1.120000e-07	3.300000e+00	3.300000e+00	0.000000e+00	
175	1.120640e-07	3.300000e+00	3.300000e+00	0.000000e+00	
176	1.121920e-07	3.300000e+00	3.300000e+00	0.000000e+00	
177	1.123000e-07	3.300000e+00	3.300000e+00	0.000000e+00	
178	1.123256e-07	3.300000e+00	3.300000e+00	8.448000e-02	
179	1.123768e-07	3.300000e+00	3.300000e+00	2.534400e-01	
180	1.124792e-07	3.300000e+00	3.300000e+00	5.913600e-01	
181	1.126840e-07	3.300000e+00	3.300000e+00	1.267200e+00	
182	1.130936e-07	3.300000e+00	3.300000e+00	2.618880e+00	
183	1.133000e-07	3.300000e+00	3.300000e+00	3.300000e+00	
184	1.133819e-07	3.300000e+00	3.300000e+00	3.300000e+00	
185	1.135458e-07	3.300000e+00	3.300000e+00	3.300000e+00	
186	1.138734e-07	3.300000e+00	3.300000e+00	3.300000e+00	
187	1.140000e-07	3.300000e+00	3.300000e+00	3.300000e+00	
188	1.140655e-07	3.300000e+00	3.300000e+00	3.083731e+00	
189	1.141966e-07	3.300000e+00	3.300000e+00	2.651194e+00	
190	1.144588e-07	3.300000e+00	3.300000e+00	1.786118e+00	
191	1.149830e-07	3.300000e+00	3.300000e+00	5.596800e-02	
192	1.150000e-07	3.300000e+00	3.300000e+00	1.754846e-14	
193	1.150339e-07	3.300000e+00	3.300000e+00	0.000000e+00	
194	1.151018e-07	3.300000e+00	3.300000e+00	0.000000e+00	
195	1.152374e-07	3.300000e+00	3.300000e+00	0.000000e+00	
196	1.155088e-07	3.300000e+00	3.300000e+00	0.000000e+00	
197	1.160515e-07	3.300000e+00	3.300000e+00	0.000000e+00	
198	1.170515e-07	3.300000e+00	3.300000e+00	0.000000e+00	
199	1.180515e-07	3.300000e+00	3.300000e+00	0.000000e+00	
200	1.190515e-07	3.300000e+00	3.300000e+00	0.000000e+00	
201	1.200515e-07	3.300000e+00	3.300000e+00	0.000000e+00	
202	1.210515e-07	3.300000e+00	3.300000e+00	0.000000e+00	
203	1.220515e-07	3.300000e+00	3.300000e+00	0.000000e+00	
204	1.230515e-07	3.300000e+00	3.300000e+00	0.000000e+00	
205	1.240515e-07	3.300000e+00	3.300000e+00	0.000000e+00	
206	1.250515e-07	3.300000e+00	3.300000e+00	0.000000e+00	
207	1.260515e-07	3.300000e+00	3.300000e+00	0.000000e+00	
208	1.270515e-07	3.300000e+00	3.300000e+00	0.000000e+00	
209	1.280515e-07	3.300000e+00	3.300000e+00	0.000000e+00	
210	1.290515e-07	3.300000e+00	3.300000e+00	0.000000e+00	
211	1.300000e-07	3.300000e+00	3.300000e+00	0.000000e+00	
212	1.301000e-07	3.300000e+00	3.300000e+00	0.000000e+00	
213	1.303000e-07	3.300000e+00	3.300000e+00	0.000000e+00	
214	1.307000e-07	3.300000e+00	3.300000e+00	0.000000e+00	
215	1.310000e-07	3.300000e+00	3.300000e+00	0.000000e+00	
216	1.310800e-07	3.036000e+00	3.036000e+00	0.000000e+00	
217	1.312400e-07	2.508000e+00	2.508000e+00	0.000000e+00	
218	1.315600e-07	1.452000e+00	1.452000e+00	0.000000e+00	
219	1.320000e-07	6.084022e-14	7.149836e-14	0.000000e+00	
220	1.320640e-07	0.000000e+00	0.000000e+00	0.000000e+00	
221	1.321920e-07	0.000000e+00	0.000000e+00	0.000000e+00	
222	1.323000e-07	0.000000e+00	0.000000e+00	0.000000e+00	
223	1.323256e-07	0.000000e+00	0.000000e+00	8.448000e-02	
224	1.323768e-07	0.000000e+00	0.000000e+00	2.534400e-01	
225	1.324792e-07	0.000000e+00	0.000000e+00	5.913600e-01	
226	1.326840e-07	0.000000e+00	0.000000e+00	1.267200e+00	
227	1.330936e-07	0.000000e+00	0.000000e+00	2.618880e+00	
228	1.333000e-07	0.000000e+00	0.000000e+00	3.300000e+00	

Index   time            b2              b3              eq              
--------------------------------------------------------------------------------
229	1.333819e-07	0.000000e+00	0.000000e+00	3.300000e+00	
230	1.335458e-07	0.000000e+00	0.000000e+00	3.300000e+00	
231	1.338734e-07	0.000000e+00	0.000000e+00	3.300000e+00	
232	1.340000e-07	0.000000e+00	0.000000e+00	3.300000e+00	
233	1.340655e-07	0.000000e+00	0.000000e+00	3.083731e+00	
234	1.341966e-07	0.000000e+00	0.000000e+00	2.651194e+00	
235	1.344588e-07	0.000000e+00	0.000000e+00	1.786118e+00	
236	1.349830e-07	0.000000e+00	0.000000e+00	5.596800e-02	
237	1.350000e-07	0.000000e+00	0.000000e+00	1.726397e-14	
238	1.350339e-07	0.000000e+00	0.000000e+00	0.000000e+00	
239	1.351018e-07	0.000000e+00	0.000000e+00	0.000000e+00	
240	1.352374e-07	0.000000e+00	0.000000e+00	0.000000e+00	
241	1.355088e-07	0.000000e+00	0.000000e+00	0.000000e+00	
242	1.360515e-07	0.000000e+00	0.000000e+00	0.000000e+00	
243	1.370515e-07	0.000000e+00	0.000000e+00	0.000000e+00	
244	1.380515e-07	0.000000e+00	0.000000e+00	0.000000e+00	
245	1.390515e-07	0.000000e+00	0.000000e+00	0.000000e+00	
246	1.400515e-07	0.000000e+00	0.000000e+00	0.000000e+00	
247	1.410515e-07	0.000000e+00	0.000000e+00	0.000000e+00	
248	1.420515e-07	0.000000e+00	0.000000e+00	0.000000e+00	
249	1.430515e-07	0.000000e+00	0.000000e+00	0.000000e+00	
250	1.440515e-07	0.000000e+00	0.000000e+00	0.000000e+00	
251	1.450515e-07	0.000000e+00	0.000000e+00	0.000000e+00	
252	1.460515e-07	0.000000e+00	0.000000e+00	0.000000e+00	
253	1.470515e-07	0.000000e+00	0.000000e+00	0.000000e+00	
254	1.480515e-07	0.000000e+00	0.000000e+00	0.000000e+00	
255	1.490515e-07	0.000000e+00	0.000000e+00	0.000000e+00	
256	1.500000e-07	0.000000e+00	0.000000e+00	0.000000e+00	
257	1.501000e-07	0.000000e+00	3.300000e-01	0.000000e+00	
258	1.503000e-07	0.000000e+00	9.900000e-01	0.000000e+00	
259	1.507000e-07	0.000000e+00	2.310000e+00	0.000000e+00	
260	1.510000e-07	0.000000e+00	3.300000e+00	0.000000e+00	
261	1.510800e-07	0.000000e+00	3.300000e+00	0.000000e+00	
262	1.512400e-07	0.000000e+00	3.300000e+00	0.000000e+00	
263	1.515600e-07	0.000000e+00	3.300000e+00	0.000000e+00	
264	1.520000e-07	0.000000e+00	3.300000e+00	0.000000e+00	
265	1.520640e-07	0.000000e+00	3.300000e+00	0.000000e+00	
266	1.521920e-07	0.000000e+00	3.300000e+00	0.000000e+00	
267	1.524480e-07	0.000000e+00	3.300000e+00	0.000000e+00	
268	1.529600e-07	0.000000e+00	3.300000e+00	0.000000e+00	
269	1.539600e-07	0.000000e+00	3.300000e+00	0.000000e+00	
270	1.540000e-07	0.000000e+00	3.300000e+00	0.000000e+00	
271	1.540800e-07	0.000000e+00	3.300000e+00	0.000000e+00	
272	1.542400e-07	0.000000e+00	3.300000e+00	0.000000e+00	
273	1.545600e-07	0.000000e+00	3.300000e+00	0.000000e+00	
274	1.550000e-07	0.000000e+00	3.300000e+00	0.000000e+00	
275	1.550640e-07	0.000000e+00	3.300000e+00	0.000000e+00	
276	1.551920e-07	0.000000e+00	3.300000e+00	0.000000e+00	
277	1.554480e-07	0.000000e+00	3.300000e+00	0.000000e+00	
278	1.559600e-07	0.000000e+00	3.300000e+00	0.000000e+00	
279	1.569600e-07	0.000000e+00	3.300000e+00	0.000000e+00	
280	1.579600e-07	0.000000e+00	3.300000e+00	0.000000e+00	
281	1.589600e-07	0.000000e+00	3.300000e+00	0.000000e+00	
282	1.599600e-07	0.000000e+00	3.300000e+00	0.000000e+00	
283	1.609600e-07	0.000000e+00	3.300000e+00	0.000000e+00	
284	1.619600e-07	0.000000e+00	3.300000e+00	0.000000e+00	
285	1.629600e-07	0.000000e+00	3.300000e+00	0.000000e+00	
286	1.639600e-07	0.000000e+00	3.300000e+00	0.000000e+00	

Index   time            b2              b3              eq              
--------------------------------------------------------------------------------
287	1.649600e-07	0.000000e+00	3.300000e+00	0.000000e+00	
288	1.659600e-07	0.000000e+00	3.300000e+00	0.000000e+00	
289	1.669600e-07	0.000000e+00	3.300000e+00	0.000000e+00	
290	1.679600e-07	0.000000e+00	3.300000e+00	0.000000e+00	
291	1.689600e-07	0.000000e+00	3.300000e+00	0.000000e+00	
292	1.699600e-07	0.000000e+00	3.300000e+00	0.000000e+00	
293	1.709600e-07	0.000000e+00	3.300000e+00	0.000000e+00	
294	1.710000e-07	0.000000e+00	3.300000e+00	0.000000e+00	
295	1.710800e-07	0.000000e+00	3.036000e+00	0.000000e+00	
296	1.712400e-07	0.000000e+00	2.508000e+00	0.000000e+00	
297	1.715600e-07	0.000000e+00	1.452000e+00	0.000000e+00	
298	1.720000e-07	0.000000e+00	2.797762e-14	0.000000e+00	
299	1.720640e-07	0.000000e+00	0.000000e+00	0.000000e+00	
300	1.721920e-07	0.000000e+00	0.000000e+00	0.000000e+00	
301	1.724480e-07	0.000000e+00	0.000000e+00	0.000000e+00	
302	1.729600e-07	0.000000e+00	0.000000e+00	0.000000e+00	
303	1.739600e-07	0.000000e+00	0.000000e+00	0.000000e+00	
304	1.740000e-07	0.000000e+00	0.000000e+00	0.000000e+00	
305	1.740800e-07	0.000000e+00	0.000000e+00	0.000000e+00	
306	1.742400e-07	0.000000e+00	0.000000e+00	0.000000e+00	
307	1.745600e-07	0.000000e+00	0.000000e+00	0.000000e+00	
308	1.750000e-07	0.000000e+00	0.000000e+00	0.000000e+00	
309	1.750640e-07	0.000000e+00	0.000000e+00	0.000000e+00	
310	1.751920e-07	0.000000e+00	0.000000e+00	0.000000e+00	
311	1.754480e-07	0.000000e+00	0.000000e+00	0.000000e+00	
312	1.759600e-07	0.000000e+00	0.000000e+00	0.000000e+00	
313	1.769600e-07	0.000000e+00	0.000000e+00	0.000000e+00	
314	1.779600e-07	0.000000e+00	0.000000e+00	0.000000e+00	
315	1.789600e-07	0.000000e+00	0.000000e+00	0.000000e+00	
316	1.799600e-07	0.000000e+00	0.000000e+00	0.000000e+00	
317	1.809600e-07	0.000000e+00	0.000000e+00	0.000000e+00	
318	1.819600e-07	0.000000e+00	0.000000e+00	0.000000e+00	
319	1.829600e-07	0.000000e+00	0.000000e+00	0.000000e+00	
320	1.839600e-07	0.000000e+00	0.000000e+00	0.000000e+00	
321	1.849600e-07	0.000000e+00	0.000000e+00	0.000000e+00	
322	1.859600e-07	0.000000e+00	0.000000e+00	0.000000e+00	
323	1.869600e-07	0.000000e+00	0.000000e+00	0.000000e+00	
324	1.879600e-07	0.000000e+00	0.000000e+00	0.000000e+00	
325	1.889600e-07	0.000000e+00	0.000000e+00	0.000000e+00	
326	1.899600e-07	0.000000e+00	0.000000e+00	0.000000e+00	
327	1.900000e-07	0.000000e+00	0.000000e+00	0.000000e+00	
328	1.900800e-07	0.000000e+00	2.640000e-01	0.000000e+00	
329	1.902400e-07	0.000000e+00	7.920000e-01	0.000000e+00	
330	1.905600e-07	0.000000e+00	1.848000e+00	0.000000e+00	
331	1.910000e-07	0.000000e+00	3.300000e+00	0.000000e+00	
332	1.910640e-07	0.000000e+00	3.300000e+00	0.000000e+00	
333	1.911920e-07	0.000000e+00	3.300000e+00	0.000000e+00	
334	1.914480e-07	0.000000e+00	3.300000e+00	0.000000e+00	
335	1.919600e-07	0.000000e+00	3.300000e+00	0.000000e+00	
336	1.929600e-07	0.000000e+00	3.300000e+00	0.000000e+00	
337	1.939600e-07	0.000000e+00	3.300000e+00	0.000000e+00	
338	1.949600e-07	0.000000e+00	3.300000e+00	0.000000e+00	
339	1.959600e-07	0.000000e+00	3.300000e+00	0.000000e+00	
340	1.969600e-07	0.000000e+00	3.300000e+00	0.000000e+00	
341	1.979600e-07	0.000000e+00	3.300000e+00	0.000000e+00	
342	1.989600e-07	0.000000e+00	3.300000e+00	0.000000e+00	
343	1.999600e-07	0.000000e+00	3.300000e+00	0.000000e+00	
344	2.009600e-07	0.000000e+00	3.300000e+00	0.000000e+00	

Index   time            b2              b3              eq              
--------------------------------------------------------------------------------
345	2.019600e-07	0.000000e+00	3.300000e+00	0.000000e+00	
346	2.029600e-07	0.000000e+00	3.300000e+00	0.000000e+00	
347	2.039600e-07	0.000000e+00	3.300000e+00	0.000000e+00	
348	2.049600e-07	0.000000e+00	3.300000e+00	0.000000e+00	
349	2.059600e-07	0.000000e+00	3.300000e+00	0.000000e+00	
350	2.069600e-07	0.000000e+00	3.300000e+00	0.000000e+00	
351	2.079600e-07	0.000000e+00	3.300000e+00	0.000000e+00	
352	2.089600e-07	0.000000e+00	3.300000e+00	0.000000e+00	
353	2.099600e-07	0.000000e+00	3.300000e+00	0.000000e+00	
354	2.109600e-07	0.000000e+00	3.300000e+00	0.000000e+00	
355	2.110000e-07	0.000000e+00	3.300000e+00	0.000000e+00	
356	2.110800e-07	0.000000e+00	3.036000e+00	0.000000e+00	
357	2.112400e-07	0.000000e+00	2.508000e+00	0.000000e+00	
358	2.115600e-07	0.000000e+00	1.452000e+00	0.000000e+00	
359	2.120000e-07	0.000000e+00	2.797762e-14	0.000000e+00	
360	2.120640e-07	0.000000e+00	0.000000e+00	0.000000e+00	
361	2.121920e-07	0.000000e+00	0.000000e+00	0.000000e+00	
362	2.124480e-07	0.000000e+00	0.000000e+00	0.000000e+00	
363	2.129600e-07	0.000000e+00	0.000000e+00	0.000000e+00	
364	2.139600e-07	0.000000e+00	0.000000e+00	0.000000e+00	
365	2.149600e-07	0.000000e+00	0.000000e+00	0.000000e+00	
366	2.159600e-07	0.000000e+00	0.000000e+00	0.000000e+00	
367	2.169600e-07	0.000000e+00	0.000000e+00	0.000000e+00	
368	2.179600e-07	0.000000e+00	0.000000e+00	0.000000e+00	
369	2.189600e-07	0.000000e+00	0.000000e+00	0.000000e+00	
370	2.199600e-07	0.000000e+00	0.000000e+00	0.000000e+00	
371	2.209600e-07	0.000000e+00	0.000000e+00	0.000000e+00	
372	2.219600e-07	0.000000e+00	0.000000e+00	0.000000e+00	
373	2.229600e-07	0.000000e+00	0.000000e+00	0.000000e+00	
374	2.239600e-07	0.000000e+00	0.000000e+00	0.000000e+00	
375	2.249600e-07	0.000000e+00	0.000000e+00	0.000000e+00	
376	2.259600e-07	0.000000e+00	0.000000e+00	0.000000e+00	
377	2.269600e-07	0.000000e+00	0.000000e+00	0.000000e+00	
378	2.279600e-07	0.000000e+00	0.000000e+00	0.000000e+00	
379	2.289600e-07	0.000000e+00	0.000000e+00	0.000000e+00	
380	2.299600e-07	0.000000e+00	0.000000e+00	0.000000e+00	
381	2.300000e-07	0.000000e+00	0.000000e+00	0.000000e+00	
382	2.300800e-07	2.639992e-01	2.639992e-01	0.000000e+00	
383	2.302400e-07	7.919977e-01	7.919977e-01	0.000000e+00	
384	2.305600e-07	1.847995e+00	1.847995e+00	0.000000e+00	
385	2.310000e-07	3.300000e+00	3.300000e+00	0.000000e+00	
386	2.310640e-07	3.300000e+00	3.300000e+00	0.000000e+00	
387	2.311920e-07	3.300000e+00	3.300000e+00	0.000000e+00	
388	2.314480e-07	3.300000e+00	3.300000e+00	0.000000e+00	
389	2.319600e-07	3.300000e+00	3.300000e+00	0.000000e+00	
390	2.320000e-07	3.300000e+00	3.300000e+00	0.000000e+00	
391	2.320800e-07	3.300000e+00	3.300000e+00	0.000000e+00	
392	2.322400e-07	3.300000e+00	3.300000e+00	0.000000e+00	
393	2.322560e-07	3.300000e+00	3.300000e+00	5.280369e-02	
394	2.322880e-07	3.300000e+00	3.300000e+00	1.584111e-01	
395	2.323520e-07	3.300000e+00	3.300000e+00	3.696259e-01	
396	2.324800e-07	3.300000e+00	3.300000e+00	7.920554e-01	
397	2.327360e-07	3.300000e+00	3.300000e+00	1.636914e+00	
398	2.332400e-07	3.300000e+00	3.300000e+00	3.300000e+00	
399	2.332912e-07	3.300000e+00	3.300000e+00	3.300000e+00	
400	2.333936e-07	3.300000e+00	3.300000e+00	3.300000e+00	
401	2.335984e-07	3.300000e+00	3.300000e+00	3.300000e+00	
402	2.339600e-07	3.300000e+00	3.300000e+00	3.300000e+00	

Index   time            b2              b3              eq              
--------------------------------------------------------------------------------
403	2.340010e-07	3.300000e+00	3.300000e+00	3.164823e+00	
404	2.340829e-07	3.300000e+00	3.300000e+00	2.894468e+00	
405	2.342467e-07	3.300000e+00	3.300000e+00	2.353758e+00	
406	2.345744e-07	3.300000e+00	3.300000e+00	1.272338e+00	
407	2.349600e-07	3.300000e+00	3.300000e+00	1.798561e-14	
408	2.350255e-07	3.300000e+00	3.300000e+00	0.000000e+00	
409	2.351566e-07	3.300000e+00	3.300000e+00	0.000000e+00	
410	2.354188e-07	3.300000e+00	3.300000e+00	0.000000e+00	
411	2.359431e-07	3.300000e+00	3.300000e+00	0.000000e+00	
412	2.369431e-07	3.300000e+00	3.300000e+00	0.000000e+00	
413	2.379431e-07	3.300000e+00	3.300000e+00	0.000000e+00	
414	2.389431e-07	3.300000e+00	3.300000e+00	0.000000e+00	
415	2.399431e-07	3.300000e+00	3.300000e+00	0.000000e+00	
416	2.409431e-07	3.300000e+00	3.300000e+00	0.000000e+00	
417	2.419431e-07	3.300000e+00	3.300000e+00	0.000000e+00	
418	2.429431e-07	3.300000e+00	3.300000e+00	0.000000e+00	
419	2.439431e-07	3.300000e+00	3.300000e+00	0.000000e+00	
420	2.449431e-07	3.300000e+00	3.300000e+00	0.000000e+00	
421	2.459431e-07	3.300000e+00	3.300000e+00	0.000000e+00	
422	2.469431e-07	3.300000e+00	3.300000e+00	0.000000e+00	
423	2.479431e-07	3.300000e+00	3.300000e+00	0.000000e+00	
424	2.489431e-07	3.300000e+00	3.300000e+00	0.000000e+00	
425	2.499431e-07	3.300000e+00	3.300000e+00	0.000000e+00	
426	2.509431e-07	3.300000e+00	3.300000e+00	0.000000e+00	
427	2.510000e-07	3.300000e+00	3.300000e+00	0.000000e+00	
428	2.511000e-07	3.300000e+00	2.970000e+00	0.000000e+00	
429	2.513000e-07	3.300000e+00	2.310000e+00	0.000000e+00	
430	2.517000e-07	3.300000e+00	9.900000e-01	0.000000e+00	
431	2.520000e-07	3.300000e+00	0.000000e+00	0.000000e+00	
432	2.520800e-07	3.300000e+00	0.000000e+00	0.000000e+00	
433	2.522400e-07	3.300000e+00	0.000000e+00	0.000000e+00	
434	2.525600e-07	3.300000e+00	0.000000e+00	0.000000e+00	
435	2.532000e-07	3.300000e+00	0.000000e+00	0.000000e+00	
436	2.542000e-07	3.300000e+00	0.000000e+00	0.000000e+00	
437	2.552000e-07	3.300000e+00	0.000000e+00	0.000000e+00	
438	2.562000e-07	3.300000e+00	0.000000e+00	0.000000e+00	
439	2.572000e-07	3.300000e+00	0.000000e+00	0.000000e+00	
440	2.582000e-07	3.300000e+00	0.000000e+00	0.000000e+00	
441	2.592000e-07	3.300000e+00	0.000000e+00	0.000000e+00	
442	2.602000e-07	3.300000e+00	0.000000e+00	0.000000e+00	
443	2.612000e-07	3.300000e+00	0.000000e+00	0.000000e+00	
444	2.622000e-07	3.300000e+00	0.000000e+00	0.000000e+00	
445	2.632000e-07	3.300000e+00	0.000000e+00	0.000000e+00	
446	2.642000e-07	3.300000e+00	0.000000e+00	0.000000e+00	
447	2.652000e-07	3.300000e+00	0.000000e+00	0.000000e+00	
448	2.662000e-07	3.300000e+00	0.000000e+00	0.000000e+00	
449	2.672000e-07	3.300000e+00	0.000000e+00	0.000000e+00	
450	2.682000e-07	3.300000e+00	0.000000e+00	0.000000e+00	
451	2.692000e-07	3.300000e+00	0.000000e+00	0.000000e+00	
452	2.700000e-07	3.300000e+00	0.000000e+00	0.000000e+00	
453	2.701000e-07	3.300000e+00	3.300000e-01	0.000000e+00	
454	2.703000e-07	3.300000e+00	9.900000e-01	0.000000e+00	
455	2.707000e-07	3.300000e+00	2.310000e+00	0.000000e+00	
456	2.710000e-07	3.300000e+00	3.300000e+00	0.000000e+00	
457	2.710800e-07	3.300000e+00	3.300000e+00	0.000000e+00	
458	2.712400e-07	3.300000e+00	3.300000e+00	0.000000e+00	
459	2.715600e-07	3.300000e+00	3.300000e+00	0.000000e+00	
460	2.722000e-07	3.300000e+00	3.300000e+00	0.000000e+00	

Index   time            b2              b3              eq              
--------------------------------------------------------------------------------
461	2.723000e-07	3.300000e+00	3.300000e+00	0.000000e+00	
462	2.724000e-07	3.300000e+00	3.300000e+00	3.300000e-01	
463	2.726000e-07	3.300000e+00	3.300000e+00	9.900000e-01	
464	2.730000e-07	3.300000e+00	3.300000e+00	2.310000e+00	
465	2.733000e-07	3.300000e+00	3.300000e+00	3.300000e+00	
466	2.733800e-07	3.300000e+00	3.300000e+00	3.300000e+00	
467	2.735400e-07	3.300000e+00	3.300000e+00	3.300000e+00	
468	2.738600e-07	3.300000e+00	3.300000e+00	3.300000e+00	
469	2.745000e-07	3.300000e+00	3.300000e+00	3.300000e+00	
470	2.755000e-07	3.300000e+00	3.300000e+00	3.300000e+00	
471	2.765000e-07	3.300000e+00	3.300000e+00	3.300000e+00	
472	2.775000e-07	3.300000e+00	3.300000e+00	3.300000e+00	
473	2.785000e-07	3.300000e+00	3.300000e+00	3.300000e+00	
474	2.795000e-07	3.300000e+00	3.300000e+00	3.300000e+00	
475	2.805000e-07	3.300000e+00	3.300000e+00	3.300000e+00	
476	2.815000e-07	3.300000e+00	3.300000e+00	3.300000e+00	
477	2.825000e-07	3.300000e+00	3.300000e+00	3.300000e+00	
478	2.835000e-07	3.300000e+00	3.300000e+00	3.300000e+00	
479	2.845000e-07	3.300000e+00	3.300000e+00	3.300000e+00	
480	2.855000e-07	3.300000e+00	3.300000e+00	3.300000e+00	
481	2.865000e-07	3.300000e+00	3.300000e+00	3.300000e+00	
482	2.875000e-07	3.300000e+00	3.300000e+00	3.300000e+00	
483	2.885000e-07	3.300000e+00	3.300000e+00	3.300000e+00	
484	2.895000e-07	3.300000e+00	3.300000e+00	3.300000e+00	
485	2.905000e-07	3.300000e+00	3.300000e+00	3.300000e+00	
486	2.910000e-07	3.300000e+00	3.300000e+00	3.300000e+00	
487	2.911000e-07	3.300000e+00	2.970000e+00	3.300000e+00	
488	2.913000e-07	3.300000e+00	2.310000e+00	3.300000e+00	
489	2.917000e-07	3.300000e+00	9.900000e-01	3.300000e+00	
490	2.920000e-07	3.300000e+00	0.000000e+00	3.300000e+00	
491	2.920800e-07	3.300000e+00	0.000000e+00	3.300000e+00	
492	2.922400e-07	3.300000e+00	0.000000e+00	3.300000e+00	
493	2.925600e-07	3.300000e+00	0.000000e+00	3.300000e+00	
494	2.932000e-07	3.300000e+00	0.000000e+00	3.300000e+00	
495	2.940000e-07	3.300000e+00	0.000000e+00	3.300000e+00	
496	2.941000e-07	3.300000e+00	0.000000e+00	2.970000e+00	
497	2.943000e-07	3.300000e+00	0.000000e+00	2.310000e+00	
498	2.947000e-07	3.300000e+00	0.000000e+00	9.900000e-01	
499	2.950000e-07	3.300000e+00	0.000000e+00	0.000000e+00	
500	2.950800e-07	3.300000e+00	0.000000e+00	0.000000e+00	
501	2.952400e-07	3.300000e+00	0.000000e+00	0.000000e+00	
502	2.955600e-07	3.300000e+00	0.000000e+00	0.000000e+00	
503	2.962000e-07	3.300000e+00	0.000000e+00	0.000000e+00	
504	2.972000e-07	3.300000e+00	0.000000e+00	0.000000e+00	
505	2.982000e-07	3.300000e+00	0.000000e+00	0.000000e+00	
506	2.992000e-07	3.300000e+00	0.000000e+00	0.000000e+00	
507	3.000000e-07	3.300000e+00	0.000000e+00	0.000000e+00	

                                kicad schematic
                                Transient Analysis  Thu Jul 09 11:20:11  2026
--------------------------------------------------------------------------------
Index   time            gt              lt              
--------------------------------------------------------------------------------
0	0.000000e+00	0.000000e+00	0.000000e+00	
1	1.000000e-11	0.000000e+00	0.000000e+00	
2	2.000000e-11	0.000000e+00	0.000000e+00	
3	4.000000e-11	0.000000e+00	0.000000e+00	
4	8.000000e-11	0.000000e+00	0.000000e+00	
5	1.600000e-10	0.000000e+00	0.000000e+00	
6	3.200000e-10	0.000000e+00	0.000000e+00	
7	6.400000e-10	0.000000e+00	0.000000e+00	
8	1.280000e-09	0.000000e+00	0.000000e+00	
9	2.280000e-09	0.000000e+00	0.000000e+00	
10	3.280000e-09	0.000000e+00	0.000000e+00	
11	4.280000e-09	0.000000e+00	0.000000e+00	
12	5.280000e-09	0.000000e+00	0.000000e+00	
13	6.280000e-09	0.000000e+00	0.000000e+00	
14	7.280000e-09	0.000000e+00	0.000000e+00	
15	8.280000e-09	0.000000e+00	0.000000e+00	
16	9.280000e-09	0.000000e+00	0.000000e+00	
17	1.028000e-08	0.000000e+00	0.000000e+00	
18	1.128000e-08	0.000000e+00	0.000000e+00	
19	1.228000e-08	0.000000e+00	0.000000e+00	
20	1.328000e-08	0.000000e+00	0.000000e+00	
21	1.428000e-08	0.000000e+00	0.000000e+00	
22	1.528000e-08	0.000000e+00	0.000000e+00	
23	1.628000e-08	0.000000e+00	0.000000e+00	
24	1.728000e-08	0.000000e+00	0.000000e+00	
25	1.828000e-08	0.000000e+00	0.000000e+00	
26	1.928000e-08	0.000000e+00	0.000000e+00	
27	2.028000e-08	0.000000e+00	0.000000e+00	
28	2.128000e-08	0.000000e+00	0.000000e+00	
29	2.228000e-08	0.000000e+00	0.000000e+00	
30	2.328000e-08	0.000000e+00	0.000000e+00	
31	2.428000e-08	0.000000e+00	0.000000e+00	
32	2.528000e-08	0.000000e+00	0.000000e+00	
33	2.628000e-08	0.000000e+00	0.000000e+00	
34	2.728000e-08	0.000000e+00	0.000000e+00	
35	2.828000e-08	0.000000e+00	0.000000e+00	
36	2.928000e-08	0.000000e+00	0.000000e+00	
37	3.000000e-08	0.000000e+00	0.000000e+00	
38	3.010000e-08	0.000000e+00	0.000000e+00	
39	3.030000e-08	0.000000e+00	0.000000e+00	
40	3.070000e-08	0.000000e+00	0.000000e+00	
41	3.100000e-08	0.000000e+00	0.000000e+00	
42	3.108000e-08	0.000000e+00	0.000000e+00	
43	3.124000e-08	0.000000e+00	0.000000e+00	
44	3.156000e-08	0.000000e+00	0.000000e+00	
45	3.220000e-08	0.000000e+00	0.000000e+00	
46	3.320000e-08	0.000000e+00	0.000000e+00	
47	3.420000e-08	0.000000e+00	0.000000e+00	
48	3.520000e-08	0.000000e+00	0.000000e+00	
49	3.620000e-08	0.000000e+00	0.000000e+00	
50	3.720000e-08	0.000000e+00	0.000000e+00	
51	3.820000e-08	0.000000e+00	0.000000e+00	
52	3.920000e-08	0.000000e+00	0.000000e+00	
53	4.020000e-08	0.000000e+00	0.000000e+00	
54	4.120000e-08	0.000000e+00	0.000000e+00	

Index   time            gt              lt              
--------------------------------------------------------------------------------
55	4.220000e-08	0.000000e+00	0.000000e+00	
56	4.320000e-08	0.000000e+00	0.000000e+00	
57	4.420000e-08	0.000000e+00	0.000000e+00	
58	4.520000e-08	0.000000e+00	0.000000e+00	
59	4.620000e-08	0.000000e+00	0.000000e+00	
60	4.720000e-08	0.000000e+00	0.000000e+00	
61	4.820000e-08	0.000000e+00	0.000000e+00	
62	4.920000e-08	0.000000e+00	0.000000e+00	
63	5.020000e-08	0.000000e+00	0.000000e+00	
64	5.100000e-08	0.000000e+00	0.000000e+00	
65	5.110000e-08	0.000000e+00	0.000000e+00	
66	5.130000e-08	0.000000e+00	0.000000e+00	
67	5.170000e-08	0.000000e+00	0.000000e+00	
68	5.200000e-08	0.000000e+00	0.000000e+00	
69	5.208000e-08	0.000000e+00	0.000000e+00	
70	5.224000e-08	0.000000e+00	0.000000e+00	
71	5.256000e-08	0.000000e+00	0.000000e+00	
72	5.320000e-08	0.000000e+00	0.000000e+00	
73	5.400000e-08	0.000000e+00	0.000000e+00	
74	5.410000e-08	3.300000e-01	0.000000e+00	
75	5.430000e-08	9.900000e-01	0.000000e+00	
76	5.470000e-08	2.310000e+00	0.000000e+00	
77	5.500000e-08	3.300000e+00	0.000000e+00	
78	5.508000e-08	3.300000e+00	0.000000e+00	
79	5.524000e-08	3.300000e+00	0.000000e+00	
80	5.556000e-08	3.300000e+00	0.000000e+00	
81	5.620000e-08	3.300000e+00	0.000000e+00	
82	5.720000e-08	3.300000e+00	0.000000e+00	
83	5.820000e-08	3.300000e+00	0.000000e+00	
84	5.920000e-08	3.300000e+00	0.000000e+00	
85	6.020000e-08	3.300000e+00	0.000000e+00	
86	6.120000e-08	3.300000e+00	0.000000e+00	
87	6.220000e-08	3.300000e+00	0.000000e+00	
88	6.320000e-08	3.300000e+00	0.000000e+00	
89	6.420000e-08	3.300000e+00	0.000000e+00	
90	6.520000e-08	3.300000e+00	0.000000e+00	
91	6.620000e-08	3.300000e+00	0.000000e+00	
92	6.720000e-08	3.300000e+00	0.000000e+00	
93	6.820000e-08	3.300000e+00	0.000000e+00	
94	6.920000e-08	3.300000e+00	0.000000e+00	
95	7.000000e-08	3.300000e+00	0.000000e+00	
96	7.010000e-08	3.300000e+00	0.000000e+00	
97	7.030000e-08	3.300000e+00	0.000000e+00	
98	7.070000e-08	3.300000e+00	0.000000e+00	
99	7.100000e-08	3.300000e+00	0.000000e+00	
100	7.108000e-08	3.300000e+00	0.000000e+00	
101	7.124000e-08	3.300000e+00	0.000000e+00	
102	7.156000e-08	3.300000e+00	0.000000e+00	
103	7.200000e-08	3.300000e+00	0.000000e+00	
104	7.206400e-08	3.300000e+00	0.000000e+00	
105	7.219200e-08	3.300000e+00	0.000000e+00	
106	7.230000e-08	3.300000e+00	0.000000e+00	
107	7.232560e-08	3.215520e+00	0.000000e+00	
108	7.237680e-08	3.046560e+00	0.000000e+00	
109	7.247920e-08	2.708640e+00	0.000000e+00	
110	7.268400e-08	2.032800e+00	0.000000e+00	
111	7.309360e-08	6.811200e-01	0.000000e+00	
112	7.330000e-08	1.798561e-14	0.000000e+00	

Index   time            gt              lt              
--------------------------------------------------------------------------------
113	7.338192e-08	0.000000e+00	0.000000e+00	
114	7.354576e-08	0.000000e+00	0.000000e+00	
115	7.387344e-08	0.000000e+00	0.000000e+00	
116	7.400000e-08	0.000000e+00	0.000000e+00	
117	7.406554e-08	0.000000e+00	2.162688e-01	
118	7.419661e-08	0.000000e+00	6.488064e-01	
119	7.445875e-08	0.000000e+00	1.513882e+00	
120	7.498304e-08	0.000000e+00	3.244032e+00	
121	7.500000e-08	0.000000e+00	3.300000e+00	
122	7.503392e-08	0.000000e+00	3.300000e+00	
123	7.510176e-08	0.000000e+00	3.300000e+00	
124	7.523744e-08	0.000000e+00	3.300000e+00	
125	7.550880e-08	0.000000e+00	3.300000e+00	
126	7.605152e-08	0.000000e+00	3.300000e+00	
127	7.705152e-08	0.000000e+00	3.300000e+00	
128	7.805152e-08	0.000000e+00	3.300000e+00	
129	7.905152e-08	0.000000e+00	3.300000e+00	
130	8.005152e-08	0.000000e+00	3.300000e+00	
131	8.105152e-08	0.000000e+00	3.300000e+00	
132	8.205152e-08	0.000000e+00	3.300000e+00	
133	8.305152e-08	0.000000e+00	3.300000e+00	
134	8.405152e-08	0.000000e+00	3.300000e+00	
135	8.505152e-08	0.000000e+00	3.300000e+00	
136	8.605152e-08	0.000000e+00	3.300000e+00	
137	8.705152e-08	0.000000e+00	3.300000e+00	
138	8.805152e-08	0.000000e+00	3.300000e+00	
139	8.905152e-08	0.000000e+00	3.300000e+00	
140	9.005152e-08	0.000000e+00	3.300000e+00	
141	9.100000e-08	0.000000e+00	3.300000e+00	
142	9.110000e-08	0.000000e+00	3.300000e+00	
143	9.130000e-08	0.000000e+00	3.300000e+00	
144	9.170000e-08	0.000000e+00	3.300000e+00	
145	9.200000e-08	0.000000e+00	3.300000e+00	
146	9.208000e-08	0.000000e+00	3.300000e+00	
147	9.224000e-08	0.000000e+00	3.300000e+00	
148	9.256000e-08	0.000000e+00	3.300000e+00	
149	9.320000e-08	0.000000e+00	3.300000e+00	
150	9.420000e-08	0.000000e+00	3.300000e+00	
151	9.520000e-08	0.000000e+00	3.300000e+00	
152	9.620000e-08	0.000000e+00	3.300000e+00	
153	9.720000e-08	0.000000e+00	3.300000e+00	
154	9.820000e-08	0.000000e+00	3.300000e+00	
155	9.920000e-08	0.000000e+00	3.300000e+00	
156	1.002000e-07	0.000000e+00	3.300000e+00	
157	1.012000e-07	0.000000e+00	3.300000e+00	
158	1.022000e-07	0.000000e+00	3.300000e+00	
159	1.032000e-07	0.000000e+00	3.300000e+00	
160	1.042000e-07	0.000000e+00	3.300000e+00	
161	1.052000e-07	0.000000e+00	3.300000e+00	
162	1.062000e-07	0.000000e+00	3.300000e+00	
163	1.072000e-07	0.000000e+00	3.300000e+00	
164	1.082000e-07	0.000000e+00	3.300000e+00	
165	1.092000e-07	0.000000e+00	3.300000e+00	
166	1.100000e-07	0.000000e+00	3.300000e+00	
167	1.101000e-07	0.000000e+00	3.300000e+00	
168	1.103000e-07	0.000000e+00	3.300000e+00	
169	1.107000e-07	0.000000e+00	3.300000e+00	
170	1.110000e-07	0.000000e+00	3.300000e+00	

Index   time            gt              lt              
--------------------------------------------------------------------------------
171	1.110800e-07	0.000000e+00	3.300000e+00	
172	1.112400e-07	0.000000e+00	3.300000e+00	
173	1.115600e-07	0.000000e+00	3.300000e+00	
174	1.120000e-07	0.000000e+00	3.300000e+00	
175	1.120640e-07	0.000000e+00	3.300000e+00	
176	1.121920e-07	0.000000e+00	3.300000e+00	
177	1.123000e-07	0.000000e+00	3.300000e+00	
178	1.123256e-07	0.000000e+00	3.215520e+00	
179	1.123768e-07	0.000000e+00	3.046560e+00	
180	1.124792e-07	0.000000e+00	2.708640e+00	
181	1.126840e-07	0.000000e+00	2.032800e+00	
182	1.130936e-07	0.000000e+00	6.811200e-01	
183	1.133000e-07	0.000000e+00	1.798561e-14	
184	1.133819e-07	0.000000e+00	0.000000e+00	
185	1.135458e-07	0.000000e+00	0.000000e+00	
186	1.138734e-07	0.000000e+00	0.000000e+00	
187	1.140000e-07	0.000000e+00	0.000000e+00	
188	1.140655e-07	0.000000e+00	2.162688e-01	
189	1.141966e-07	0.000000e+00	6.488064e-01	
190	1.144588e-07	0.000000e+00	1.513882e+00	
191	1.149830e-07	0.000000e+00	3.244032e+00	
192	1.150000e-07	0.000000e+00	3.300000e+00	
193	1.150339e-07	0.000000e+00	3.300000e+00	
194	1.151018e-07	0.000000e+00	3.300000e+00	
195	1.152374e-07	0.000000e+00	3.300000e+00	
196	1.155088e-07	0.000000e+00	3.300000e+00	
197	1.160515e-07	0.000000e+00	3.300000e+00	
198	1.170515e-07	0.000000e+00	3.300000e+00	
199	1.180515e-07	0.000000e+00	3.300000e+00	
200	1.190515e-07	0.000000e+00	3.300000e+00	
201	1.200515e-07	0.000000e+00	3.300000e+00	
202	1.210515e-07	0.000000e+00	3.300000e+00	
203	1.220515e-07	0.000000e+00	3.300000e+00	
204	1.230515e-07	0.000000e+00	3.300000e+00	
205	1.240515e-07	0.000000e+00	3.300000e+00	
206	1.250515e-07	0.000000e+00	3.300000e+00	
207	1.260515e-07	0.000000e+00	3.300000e+00	
208	1.270515e-07	0.000000e+00	3.300000e+00	
209	1.280515e-07	0.000000e+00	3.300000e+00	
210	1.290515e-07	0.000000e+00	3.300000e+00	
211	1.300000e-07	0.000000e+00	3.300000e+00	
212	1.301000e-07	0.000000e+00	3.300000e+00	
213	1.303000e-07	0.000000e+00	3.300000e+00	
214	1.307000e-07	0.000000e+00	3.300000e+00	
215	1.310000e-07	0.000000e+00	3.300000e+00	
216	1.310800e-07	0.000000e+00	3.300000e+00	
217	1.312400e-07	0.000000e+00	3.300000e+00	
218	1.315600e-07	0.000000e+00	3.300000e+00	
219	1.320000e-07	0.000000e+00	3.300000e+00	
220	1.320640e-07	0.000000e+00	3.300000e+00	
221	1.321920e-07	0.000000e+00	3.300000e+00	
222	1.323000e-07	0.000000e+00	3.300000e+00	
223	1.323256e-07	0.000000e+00	3.215520e+00	
224	1.323768e-07	0.000000e+00	3.046560e+00	
225	1.324792e-07	0.000000e+00	2.708640e+00	
226	1.326840e-07	0.000000e+00	2.032800e+00	
227	1.330936e-07	0.000000e+00	6.811200e-01	
228	1.333000e-07	0.000000e+00	1.776357e-14	

Index   time            gt              lt              
--------------------------------------------------------------------------------
229	1.333819e-07	0.000000e+00	0.000000e+00	
230	1.335458e-07	0.000000e+00	0.000000e+00	
231	1.338734e-07	0.000000e+00	0.000000e+00	
232	1.340000e-07	0.000000e+00	0.000000e+00	
233	1.340655e-07	2.162688e-01	0.000000e+00	
234	1.341966e-07	6.488064e-01	0.000000e+00	
235	1.344588e-07	1.513882e+00	0.000000e+00	
236	1.349830e-07	3.244032e+00	0.000000e+00	
237	1.350000e-07	3.300000e+00	0.000000e+00	
238	1.350339e-07	3.300000e+00	0.000000e+00	
239	1.351018e-07	3.300000e+00	0.000000e+00	
240	1.352374e-07	3.300000e+00	0.000000e+00	
241	1.355088e-07	3.300000e+00	0.000000e+00	
242	1.360515e-07	3.300000e+00	0.000000e+00	
243	1.370515e-07	3.300000e+00	0.000000e+00	
244	1.380515e-07	3.300000e+00	0.000000e+00	
245	1.390515e-07	3.300000e+00	0.000000e+00	
246	1.400515e-07	3.300000e+00	0.000000e+00	
247	1.410515e-07	3.300000e+00	0.000000e+00	
248	1.420515e-07	3.300000e+00	0.000000e+00	
249	1.430515e-07	3.300000e+00	0.000000e+00	
250	1.440515e-07	3.300000e+00	0.000000e+00	
251	1.450515e-07	3.300000e+00	0.000000e+00	
252	1.460515e-07	3.300000e+00	0.000000e+00	
253	1.470515e-07	3.300000e+00	0.000000e+00	
254	1.480515e-07	3.300000e+00	0.000000e+00	
255	1.490515e-07	3.300000e+00	0.000000e+00	
256	1.500000e-07	3.300000e+00	0.000000e+00	
257	1.501000e-07	3.300000e+00	0.000000e+00	
258	1.503000e-07	3.300000e+00	0.000000e+00	
259	1.507000e-07	3.300000e+00	0.000000e+00	
260	1.510000e-07	3.300000e+00	0.000000e+00	
261	1.510800e-07	3.300000e+00	0.000000e+00	
262	1.512400e-07	3.300000e+00	0.000000e+00	
263	1.515600e-07	3.300000e+00	0.000000e+00	
264	1.520000e-07	3.300000e+00	0.000000e+00	
265	1.520640e-07	3.300000e+00	0.000000e+00	
266	1.521920e-07	3.300000e+00	0.000000e+00	
267	1.524480e-07	3.300000e+00	0.000000e+00	
268	1.529600e-07	3.300000e+00	0.000000e+00	
269	1.539600e-07	3.300000e+00	0.000000e+00	
270	1.540000e-07	3.300000e+00	0.000000e+00	
271	1.540800e-07	3.036000e+00	2.640000e-01	
272	1.542400e-07	2.508000e+00	7.920000e-01	
273	1.545600e-07	1.452000e+00	1.848000e+00	
274	1.550000e-07	1.754152e-14	3.300000e+00	
275	1.550640e-07	0.000000e+00	3.300000e+00	
276	1.551920e-07	0.000000e+00	3.300000e+00	
277	1.554480e-07	0.000000e+00	3.300000e+00	
278	1.559600e-07	0.000000e+00	3.300000e+00	
279	1.569600e-07	0.000000e+00	3.300000e+00	
280	1.579600e-07	0.000000e+00	3.300000e+00	
281	1.589600e-07	0.000000e+00	3.300000e+00	
282	1.599600e-07	0.000000e+00	3.300000e+00	
283	1.609600e-07	0.000000e+00	3.300000e+00	
284	1.619600e-07	0.000000e+00	3.300000e+00	
285	1.629600e-07	0.000000e+00	3.300000e+00	
286	1.639600e-07	0.000000e+00	3.300000e+00	

Index   time            gt              lt              
--------------------------------------------------------------------------------
287	1.649600e-07	0.000000e+00	3.300000e+00	
288	1.659600e-07	0.000000e+00	3.300000e+00	
289	1.669600e-07	0.000000e+00	3.300000e+00	
290	1.679600e-07	0.000000e+00	3.300000e+00	
291	1.689600e-07	0.000000e+00	3.300000e+00	
292	1.699600e-07	0.000000e+00	3.300000e+00	
293	1.709600e-07	0.000000e+00	3.300000e+00	
294	1.710000e-07	0.000000e+00	3.300000e+00	
295	1.710800e-07	0.000000e+00	3.300000e+00	
296	1.712400e-07	0.000000e+00	3.300000e+00	
297	1.715600e-07	0.000000e+00	3.300000e+00	
298	1.720000e-07	0.000000e+00	3.300000e+00	
299	1.720640e-07	0.000000e+00	3.300000e+00	
300	1.721920e-07	0.000000e+00	3.300000e+00	
301	1.724480e-07	0.000000e+00	3.300000e+00	
302	1.729600e-07	0.000000e+00	3.300000e+00	
303	1.739600e-07	0.000000e+00	3.300000e+00	
304	1.740000e-07	0.000000e+00	3.300000e+00	
305	1.740800e-07	2.640000e-01	3.036000e+00	
306	1.742400e-07	7.920000e-01	2.508000e+00	
307	1.745600e-07	1.848000e+00	1.452000e+00	
308	1.750000e-07	3.300000e+00	1.798561e-14	
309	1.750640e-07	3.300000e+00	0.000000e+00	
310	1.751920e-07	3.300000e+00	0.000000e+00	
311	1.754480e-07	3.300000e+00	0.000000e+00	
312	1.759600e-07	3.300000e+00	0.000000e+00	
313	1.769600e-07	3.300000e+00	0.000000e+00	
314	1.779600e-07	3.300000e+00	0.000000e+00	
315	1.789600e-07	3.300000e+00	0.000000e+00	
316	1.799600e-07	3.300000e+00	0.000000e+00	
317	1.809600e-07	3.300000e+00	0.000000e+00	
318	1.819600e-07	3.300000e+00	0.000000e+00	
319	1.829600e-07	3.300000e+00	0.000000e+00	
320	1.839600e-07	3.300000e+00	0.000000e+00	
321	1.849600e-07	3.300000e+00	0.000000e+00	
322	1.859600e-07	3.300000e+00	0.000000e+00	
323	1.869600e-07	3.300000e+00	0.000000e+00	
324	1.879600e-07	3.300000e+00	0.000000e+00	
325	1.889600e-07	3.300000e+00	0.000000e+00	
326	1.899600e-07	3.300000e+00	0.000000e+00	
327	1.900000e-07	3.300000e+00	0.000000e+00	
328	1.900800e-07	3.300000e+00	0.000000e+00	
329	1.902400e-07	3.300000e+00	0.000000e+00	
330	1.905600e-07	3.300000e+00	0.000000e+00	
331	1.910000e-07	3.300000e+00	0.000000e+00	
332	1.910640e-07	3.300000e+00	0.000000e+00	
333	1.911920e-07	3.300000e+00	0.000000e+00	
334	1.914480e-07	3.300000e+00	0.000000e+00	
335	1.919600e-07	3.300000e+00	0.000000e+00	
336	1.929600e-07	3.300000e+00	0.000000e+00	
337	1.939600e-07	3.300000e+00	0.000000e+00	
338	1.949600e-07	3.300000e+00	0.000000e+00	
339	1.959600e-07	3.300000e+00	0.000000e+00	
340	1.969600e-07	3.300000e+00	0.000000e+00	
341	1.979600e-07	3.300000e+00	0.000000e+00	
342	1.989600e-07	3.300000e+00	0.000000e+00	
343	1.999600e-07	3.300000e+00	0.000000e+00	
344	2.009600e-07	3.300000e+00	0.000000e+00	

Index   time            gt              lt              
--------------------------------------------------------------------------------
345	2.019600e-07	3.300000e+00	0.000000e+00	
346	2.029600e-07	3.300000e+00	0.000000e+00	
347	2.039600e-07	3.300000e+00	0.000000e+00	
348	2.049600e-07	3.300000e+00	0.000000e+00	
349	2.059600e-07	3.300000e+00	0.000000e+00	
350	2.069600e-07	3.300000e+00	0.000000e+00	
351	2.079600e-07	3.300000e+00	0.000000e+00	
352	2.089600e-07	3.300000e+00	0.000000e+00	
353	2.099600e-07	3.300000e+00	0.000000e+00	
354	2.109600e-07	3.300000e+00	0.000000e+00	
355	2.110000e-07	3.300000e+00	0.000000e+00	
356	2.110800e-07	3.300000e+00	0.000000e+00	
357	2.112400e-07	3.300000e+00	0.000000e+00	
358	2.115600e-07	3.300000e+00	0.000000e+00	
359	2.120000e-07	3.300000e+00	0.000000e+00	
360	2.120640e-07	3.300000e+00	0.000000e+00	
361	2.121920e-07	3.300000e+00	0.000000e+00	
362	2.124480e-07	3.300000e+00	0.000000e+00	
363	2.129600e-07	3.300000e+00	0.000000e+00	
364	2.139600e-07	3.300000e+00	0.000000e+00	
365	2.149600e-07	3.300000e+00	0.000000e+00	
366	2.159600e-07	3.300000e+00	0.000000e+00	
367	2.169600e-07	3.300000e+00	0.000000e+00	
368	2.179600e-07	3.300000e+00	0.000000e+00	
369	2.189600e-07	3.300000e+00	0.000000e+00	
370	2.199600e-07	3.300000e+00	0.000000e+00	
371	2.209600e-07	3.300000e+00	0.000000e+00	
372	2.219600e-07	3.300000e+00	0.000000e+00	
373	2.229600e-07	3.300000e+00	0.000000e+00	
374	2.239600e-07	3.300000e+00	0.000000e+00	
375	2.249600e-07	3.300000e+00	0.000000e+00	
376	2.259600e-07	3.300000e+00	0.000000e+00	
377	2.269600e-07	3.300000e+00	0.000000e+00	
378	2.279600e-07	3.300000e+00	0.000000e+00	
379	2.289600e-07	3.300000e+00	0.000000e+00	
380	2.299600e-07	3.300000e+00	0.000000e+00	
381	2.300000e-07	3.300000e+00	0.000000e+00	
382	2.300800e-07	3.300000e+00	0.000000e+00	
383	2.302400e-07	3.300000e+00	0.000000e+00	
384	2.305600e-07	3.300000e+00	0.000000e+00	
385	2.310000e-07	3.300000e+00	0.000000e+00	
386	2.310640e-07	3.300000e+00	0.000000e+00	
387	2.311920e-07	3.300000e+00	0.000000e+00	
388	2.314480e-07	3.300000e+00	0.000000e+00	
389	2.319600e-07	3.300000e+00	0.000000e+00	
390	2.320000e-07	3.300000e+00	0.000000e+00	
391	2.320800e-07	3.300000e+00	0.000000e+00	
392	2.322400e-07	3.300000e+00	0.000000e+00	
393	2.322560e-07	3.247196e+00	0.000000e+00	
394	2.322880e-07	3.141589e+00	0.000000e+00	
395	2.323520e-07	2.930374e+00	0.000000e+00	
396	2.324800e-07	2.507945e+00	0.000000e+00	
397	2.327360e-07	1.663086e+00	0.000000e+00	
398	2.332400e-07	1.776357e-14	0.000000e+00	
399	2.332912e-07	0.000000e+00	0.000000e+00	
400	2.333936e-07	0.000000e+00	0.000000e+00	
401	2.335984e-07	0.000000e+00	0.000000e+00	
402	2.339600e-07	0.000000e+00	0.000000e+00	

Index   time            gt              lt              
--------------------------------------------------------------------------------
403	2.340010e-07	0.000000e+00	1.351775e-01	
404	2.340829e-07	0.000000e+00	4.055324e-01	
405	2.342467e-07	0.000000e+00	9.462422e-01	
406	2.345744e-07	0.000000e+00	2.027662e+00	
407	2.349600e-07	0.000000e+00	3.300000e+00	
408	2.350255e-07	0.000000e+00	3.300000e+00	
409	2.351566e-07	0.000000e+00	3.300000e+00	
410	2.354188e-07	0.000000e+00	3.300000e+00	
411	2.359431e-07	0.000000e+00	3.300000e+00	
412	2.369431e-07	0.000000e+00	3.300000e+00	
413	2.379431e-07	0.000000e+00	3.300000e+00	
414	2.389431e-07	0.000000e+00	3.300000e+00	
415	2.399431e-07	0.000000e+00	3.300000e+00	
416	2.409431e-07	0.000000e+00	3.300000e+00	
417	2.419431e-07	0.000000e+00	3.300000e+00	
418	2.429431e-07	0.000000e+00	3.300000e+00	
419	2.439431e-07	0.000000e+00	3.300000e+00	
420	2.449431e-07	0.000000e+00	3.300000e+00	
421	2.459431e-07	0.000000e+00	3.300000e+00	
422	2.469431e-07	0.000000e+00	3.300000e+00	
423	2.479431e-07	0.000000e+00	3.300000e+00	
424	2.489431e-07	0.000000e+00	3.300000e+00	
425	2.499431e-07	0.000000e+00	3.300000e+00	
426	2.509431e-07	0.000000e+00	3.300000e+00	
427	2.510000e-07	0.000000e+00	3.300000e+00	
428	2.511000e-07	0.000000e+00	3.300000e+00	
429	2.513000e-07	0.000000e+00	3.300000e+00	
430	2.517000e-07	0.000000e+00	3.300000e+00	
431	2.520000e-07	0.000000e+00	3.300000e+00	
432	2.520800e-07	0.000000e+00	3.300000e+00	
433	2.522400e-07	0.000000e+00	3.300000e+00	
434	2.525600e-07	0.000000e+00	3.300000e+00	
435	2.532000e-07	0.000000e+00	3.300000e+00	
436	2.542000e-07	0.000000e+00	3.300000e+00	
437	2.552000e-07	0.000000e+00	3.300000e+00	
438	2.562000e-07	0.000000e+00	3.300000e+00	
439	2.572000e-07	0.000000e+00	3.300000e+00	
440	2.582000e-07	0.000000e+00	3.300000e+00	
441	2.592000e-07	0.000000e+00	3.300000e+00	
442	2.602000e-07	0.000000e+00	3.300000e+00	
443	2.612000e-07	0.000000e+00	3.300000e+00	
444	2.622000e-07	0.000000e+00	3.300000e+00	
445	2.632000e-07	0.000000e+00	3.300000e+00	
446	2.642000e-07	0.000000e+00	3.300000e+00	
447	2.652000e-07	0.000000e+00	3.300000e+00	
448	2.662000e-07	0.000000e+00	3.300000e+00	
449	2.672000e-07	0.000000e+00	3.300000e+00	
450	2.682000e-07	0.000000e+00	3.300000e+00	
451	2.692000e-07	0.000000e+00	3.300000e+00	
452	2.700000e-07	0.000000e+00	3.300000e+00	
453	2.701000e-07	0.000000e+00	3.300000e+00	
454	2.703000e-07	0.000000e+00	3.300000e+00	
455	2.707000e-07	0.000000e+00	3.300000e+00	
456	2.710000e-07	0.000000e+00	3.300000e+00	
457	2.710800e-07	0.000000e+00	3.300000e+00	
458	2.712400e-07	0.000000e+00	3.300000e+00	
459	2.715600e-07	0.000000e+00	3.300000e+00	
460	2.722000e-07	0.000000e+00	3.300000e+00	

Index   time            gt              lt              
--------------------------------------------------------------------------------
461	2.723000e-07	0.000000e+00	3.300000e+00	
462	2.724000e-07	0.000000e+00	2.970000e+00	
463	2.726000e-07	0.000000e+00	2.310000e+00	
464	2.730000e-07	0.000000e+00	9.900000e-01	
465	2.733000e-07	0.000000e+00	0.000000e+00	
466	2.733800e-07	0.000000e+00	0.000000e+00	
467	2.735400e-07	0.000000e+00	0.000000e+00	
468	2.738600e-07	0.000000e+00	0.000000e+00	
469	2.745000e-07	0.000000e+00	0.000000e+00	
470	2.755000e-07	0.000000e+00	0.000000e+00	
471	2.765000e-07	0.000000e+00	0.000000e+00	
472	2.775000e-07	0.000000e+00	0.000000e+00	
473	2.785000e-07	0.000000e+00	0.000000e+00	
474	2.795000e-07	0.000000e+00	0.000000e+00	
475	2.805000e-07	0.000000e+00	0.000000e+00	
476	2.815000e-07	0.000000e+00	0.000000e+00	
477	2.825000e-07	0.000000e+00	0.000000e+00	
478	2.835000e-07	0.000000e+00	0.000000e+00	
479	2.845000e-07	0.000000e+00	0.000000e+00	
480	2.855000e-07	0.000000e+00	0.000000e+00	
481	2.865000e-07	0.000000e+00	0.000000e+00	
482	2.875000e-07	0.000000e+00	0.000000e+00	
483	2.885000e-07	0.000000e+00	0.000000e+00	
484	2.895000e-07	0.000000e+00	0.000000e+00	
485	2.905000e-07	0.000000e+00	0.000000e+00	
486	2.910000e-07	0.000000e+00	0.000000e+00	
487	2.911000e-07	0.000000e+00	0.000000e+00	
488	2.913000e-07	0.000000e+00	0.000000e+00	
489	2.917000e-07	0.000000e+00	0.000000e+00	
490	2.920000e-07	0.000000e+00	0.000000e+00	
491	2.920800e-07	0.000000e+00	0.000000e+00	
492	2.922400e-07	0.000000e+00	0.000000e+00	
493	2.925600e-07	0.000000e+00	0.000000e+00	
494	2.932000e-07	0.000000e+00	0.000000e+00	
495	2.940000e-07	0.000000e+00	0.000000e+00	
496	2.941000e-07	3.300000e-01	0.000000e+00	
497	2.943000e-07	9.900000e-01	0.000000e+00	
498	2.947000e-07	2.310000e+00	0.000000e+00	
499	2.950000e-07	3.300000e+00	0.000000e+00	
500	2.950800e-07	3.300000e+00	0.000000e+00	
501	2.952400e-07	3.300000e+00	0.000000e+00	
502	2.955600e-07	3.300000e+00	0.000000e+00	
503	2.962000e-07	3.300000e+00	0.000000e+00	
504	2.972000e-07	3.300000e+00	0.000000e+00	
505	2.982000e-07	3.300000e+00	0.000000e+00	
506	2.992000e-07	3.300000e+00	0.000000e+00	
507	3.000000e-07	3.300000e+00	0.000000e+00	
