                                kicad schematic
                                Transient Analysis  Sun Jul 05 21:18:26  2026
--------------------------------------------------------------------------------
Index   time            a2#branch_1_0   a2#branch_1_1   a2#branch_1_2   
--------------------------------------------------------------------------------
0	0.000000e+00	0.000000e+00	0.000000e+00	0.000000e+00	
1	1.000000e-11	0.000000e+00	0.000000e+00	0.000000e+00	
2	2.000000e-11	0.000000e+00	0.000000e+00	0.000000e+00	
3	4.000000e-11	0.000000e+00	0.000000e+00	0.000000e+00	
4	8.000000e-11	0.000000e+00	0.000000e+00	0.000000e+00	
5	1.600000e-10	0.000000e+00	0.000000e+00	0.000000e+00	
6	3.200000e-10	0.000000e+00	0.000000e+00	0.000000e+00	
7	6.400000e-10	0.000000e+00	0.000000e+00	0.000000e+00	
8	1.000000e-09	0.000000e+00	0.000000e+00	0.000000e+00	
9	1.064000e-09	0.000000e+00	0.000000e+00	0.000000e+00	
10	1.192000e-09	0.000000e+00	0.000000e+00	0.000000e+00	
11	1.448000e-09	0.000000e+00	0.000000e+00	0.000000e+00	
12	1.960000e-09	0.000000e+00	0.000000e+00	0.000000e+00	
13	2.960000e-09	0.000000e+00	0.000000e+00	0.000000e+00	
14	3.960000e-09	0.000000e+00	0.000000e+00	0.000000e+00	
15	4.960000e-09	0.000000e+00	0.000000e+00	0.000000e+00	
16	5.960000e-09	0.000000e+00	0.000000e+00	0.000000e+00	
17	6.960000e-09	0.000000e+00	0.000000e+00	0.000000e+00	
18	7.960000e-09	0.000000e+00	0.000000e+00	0.000000e+00	
19	8.960000e-09	0.000000e+00	0.000000e+00	0.000000e+00	
20	9.960000e-09	0.000000e+00	0.000000e+00	0.000000e+00	
21	1.000000e-08	0.000000e+00	0.000000e+00	0.000000e+00	
22	1.001000e-08	0.000000e+00	0.000000e+00	0.000000e+00	
23	1.003000e-08	0.000000e+00	0.000000e+00	0.000000e+00	
24	1.007000e-08	0.000000e+00	0.000000e+00	0.000000e+00	
25	1.010000e-08	0.000000e+00	0.000000e+00	0.000000e+00	
26	1.010800e-08	0.000000e+00	0.000000e+00	0.000000e+00	
27	1.012400e-08	0.000000e+00	0.000000e+00	0.000000e+00	
28	1.015600e-08	0.000000e+00	0.000000e+00	0.000000e+00	
29	1.022000e-08	0.000000e+00	0.000000e+00	0.000000e+00	
30	1.034800e-08	0.000000e+00	0.000000e+00	0.000000e+00	
31	1.060400e-08	0.000000e+00	0.000000e+00	0.000000e+00	
32	1.100000e-08	0.000000e+00	0.000000e+00	0.000000e+00	
33	1.105120e-08	0.000000e+00	0.000000e+00	0.000000e+00	
34	1.115360e-08	0.000000e+00	0.000000e+00	0.000000e+00	
35	1.135840e-08	0.000000e+00	0.000000e+00	0.000000e+00	
36	1.176800e-08	0.000000e+00	0.000000e+00	0.000000e+00	
37	1.200000e-08	0.000000e+00	0.000000e+00	0.000000e+00	
38	1.208192e-08	0.000000e+00	0.000000e+00	0.000000e+00	
39	1.224576e-08	0.000000e+00	0.000000e+00	0.000000e+00	
40	1.257344e-08	0.000000e+00	0.000000e+00	0.000000e+00	
41	1.322880e-08	0.000000e+00	0.000000e+00	0.000000e+00	
42	1.422880e-08	0.000000e+00	0.000000e+00	0.000000e+00	
43	1.500000e-08	0.000000e+00	0.000000e+00	0.000000e+00	
44	1.510000e-08	0.000000e+00	0.000000e+00	0.000000e+00	
45	1.530000e-08	0.000000e+00	0.000000e+00	0.000000e+00	
46	1.570000e-08	0.000000e+00	0.000000e+00	0.000000e+00	
47	1.600000e-08	0.000000e+00	0.000000e+00	0.000000e+00	
48	1.608000e-08	0.000000e+00	0.000000e+00	0.000000e+00	
49	1.624000e-08	0.000000e+00	0.000000e+00	0.000000e+00	
50	1.656000e-08	0.000000e+00	0.000000e+00	0.000000e+00	
51	1.720000e-08	0.000000e+00	0.000000e+00	0.000000e+00	
52	1.800000e-08	0.000000e+00	0.000000e+00	0.000000e+00	
53	1.810000e-08	0.000000e+00	0.000000e+00	0.000000e+00	
54	1.830000e-08	0.000000e+00	0.000000e+00	0.000000e+00	

Index   time            a2#branch_1_0   a2#branch_1_1   a2#branch_1_2   
--------------------------------------------------------------------------------
55	1.870000e-08	0.000000e+00	0.000000e+00	0.000000e+00	
56	1.900000e-08	0.000000e+00	0.000000e+00	0.000000e+00	
57	1.908000e-08	0.000000e+00	0.000000e+00	0.000000e+00	
58	1.924000e-08	0.000000e+00	0.000000e+00	0.000000e+00	
59	1.956000e-08	0.000000e+00	0.000000e+00	0.000000e+00	
60	2.000000e-08	0.000000e+00	0.000000e+00	0.000000e+00	
61	2.006400e-08	0.000000e+00	0.000000e+00	0.000000e+00	
62	2.019200e-08	0.000000e+00	0.000000e+00	0.000000e+00	
63	2.044800e-08	0.000000e+00	0.000000e+00	0.000000e+00	
64	2.096000e-08	0.000000e+00	0.000000e+00	0.000000e+00	
65	2.100000e-08	0.000000e+00	0.000000e+00	0.000000e+00	
66	2.108000e-08	0.000000e+00	0.000000e+00	0.000000e+00	
67	2.124000e-08	0.000000e+00	0.000000e+00	0.000000e+00	
68	2.156000e-08	0.000000e+00	0.000000e+00	0.000000e+00	
69	2.220000e-08	0.000000e+00	0.000000e+00	0.000000e+00	
70	2.320000e-08	0.000000e+00	0.000000e+00	0.000000e+00	
71	2.400000e-08	0.000000e+00	0.000000e+00	0.000000e+00	
72	2.410000e-08	0.000000e+00	0.000000e+00	0.000000e+00	
73	2.430000e-08	0.000000e+00	0.000000e+00	0.000000e+00	
74	2.470000e-08	0.000000e+00	0.000000e+00	0.000000e+00	
75	2.500000e-08	0.000000e+00	0.000000e+00	0.000000e+00	
76	2.508000e-08	0.000000e+00	0.000000e+00	0.000000e+00	
77	2.524000e-08	0.000000e+00	0.000000e+00	0.000000e+00	
78	2.556000e-08	0.000000e+00	0.000000e+00	0.000000e+00	
79	2.620000e-08	0.000000e+00	0.000000e+00	0.000000e+00	
80	2.720000e-08	0.000000e+00	0.000000e+00	0.000000e+00	
81	2.820000e-08	0.000000e+00	0.000000e+00	0.000000e+00	
82	2.920000e-08	0.000000e+00	0.000000e+00	0.000000e+00	
83	3.020000e-08	0.000000e+00	0.000000e+00	0.000000e+00	
84	3.100000e-08	0.000000e+00	0.000000e+00	0.000000e+00	
85	3.110000e-08	0.000000e+00	0.000000e+00	0.000000e+00	
86	3.130000e-08	0.000000e+00	0.000000e+00	0.000000e+00	
87	3.170000e-08	0.000000e+00	0.000000e+00	0.000000e+00	
88	3.200000e-08	0.000000e+00	0.000000e+00	0.000000e+00	
89	3.208000e-08	0.000000e+00	0.000000e+00	0.000000e+00	
90	3.224000e-08	0.000000e+00	0.000000e+00	0.000000e+00	
91	3.256000e-08	0.000000e+00	0.000000e+00	0.000000e+00	
92	3.320000e-08	0.000000e+00	0.000000e+00	0.000000e+00	
93	3.420000e-08	0.000000e+00	0.000000e+00	0.000000e+00	
94	3.520000e-08	0.000000e+00	0.000000e+00	0.000000e+00	
95	3.620000e-08	0.000000e+00	0.000000e+00	0.000000e+00	
96	3.720000e-08	0.000000e+00	0.000000e+00	0.000000e+00	
97	3.820000e-08	0.000000e+00	0.000000e+00	0.000000e+00	
98	3.900000e-08	0.000000e+00	0.000000e+00	0.000000e+00	
99	3.910000e-08	0.000000e+00	0.000000e+00	0.000000e+00	
100	3.930000e-08	0.000000e+00	0.000000e+00	0.000000e+00	
101	3.970000e-08	0.000000e+00	0.000000e+00	0.000000e+00	
102	4.000000e-08	0.000000e+00	0.000000e+00	0.000000e+00	
103	4.008000e-08	0.000000e+00	0.000000e+00	0.000000e+00	
104	4.024000e-08	0.000000e+00	0.000000e+00	0.000000e+00	
105	4.056000e-08	0.000000e+00	0.000000e+00	0.000000e+00	
106	4.100000e-08	0.000000e+00	0.000000e+00	0.000000e+00	
107	4.106400e-08	0.000000e+00	0.000000e+00	0.000000e+00	
108	4.119200e-08	0.000000e+00	0.000000e+00	0.000000e+00	
109	4.144800e-08	0.000000e+00	0.000000e+00	0.000000e+00	
110	4.196000e-08	0.000000e+00	0.000000e+00	0.000000e+00	
111	4.200000e-08	0.000000e+00	0.000000e+00	0.000000e+00	
112	4.208000e-08	0.000000e+00	0.000000e+00	0.000000e+00	

Index   time            a2#branch_1_0   a2#branch_1_1   a2#branch_1_2   
--------------------------------------------------------------------------------
113	4.224000e-08	0.000000e+00	0.000000e+00	0.000000e+00	
114	4.225600e-08	0.000000e+00	0.000000e+00	0.000000e+00	
115	4.228800e-08	0.000000e+00	0.000000e+00	0.000000e+00	
116	4.235200e-08	0.000000e+00	0.000000e+00	0.000000e+00	
117	4.248000e-08	0.000000e+00	0.000000e+00	0.000000e+00	
118	4.273600e-08	0.000000e+00	0.000000e+00	0.000000e+00	
119	4.300000e-08	0.000000e+00	0.000000e+00	0.000000e+00	
120	4.302400e-08	0.000000e+00	0.000000e+00	0.000000e+00	
121	4.307200e-08	0.000000e+00	0.000000e+00	0.000000e+00	
122	4.316800e-08	0.000000e+00	0.000000e+00	0.000000e+00	
123	4.324000e-08	0.000000e+00	0.000000e+00	0.000000e+00	
124	4.325920e-08	0.000000e+00	0.000000e+00	0.000000e+00	
125	4.329760e-08	0.000000e+00	0.000000e+00	0.000000e+00	
126	4.337440e-08	0.000000e+00	0.000000e+00	0.000000e+00	
127	4.352800e-08	0.000000e+00	0.000000e+00	0.000000e+00	
128	4.383520e-08	0.000000e+00	0.000000e+00	0.000000e+00	
129	4.444960e-08	0.000000e+00	0.000000e+00	0.000000e+00	
130	4.544960e-08	0.000000e+00	0.000000e+00	0.000000e+00	
131	4.644960e-08	0.000000e+00	0.000000e+00	0.000000e+00	
132	4.744960e-08	0.000000e+00	0.000000e+00	0.000000e+00	
133	4.800000e-08	0.000000e+00	0.000000e+00	0.000000e+00	
134	4.810000e-08	0.000000e+00	0.000000e+00	0.000000e+00	
135	4.830000e-08	0.000000e+00	0.000000e+00	0.000000e+00	
136	4.870000e-08	0.000000e+00	0.000000e+00	0.000000e+00	
137	4.900000e-08	0.000000e+00	0.000000e+00	0.000000e+00	
138	4.908000e-08	0.000000e+00	0.000000e+00	0.000000e+00	
139	4.924000e-08	0.000000e+00	0.000000e+00	0.000000e+00	
140	4.956000e-08	0.000000e+00	0.000000e+00	0.000000e+00	
141	5.020000e-08	0.000000e+00	0.000000e+00	0.000000e+00	
142	5.100000e-08	0.000000e+00	0.000000e+00	0.000000e+00	
143	5.110000e-08	0.000000e+00	0.000000e+00	0.000000e+00	
144	5.130000e-08	0.000000e+00	0.000000e+00	0.000000e+00	
145	5.170000e-08	0.000000e+00	0.000000e+00	0.000000e+00	
146	5.200000e-08	0.000000e+00	0.000000e+00	0.000000e+00	
147	5.208000e-08	0.000000e+00	0.000000e+00	0.000000e+00	
148	5.224000e-08	0.000000e+00	0.000000e+00	0.000000e+00	
149	5.256000e-08	0.000000e+00	0.000000e+00	0.000000e+00	
150	5.320000e-08	0.000000e+00	0.000000e+00	0.000000e+00	
151	5.420000e-08	0.000000e+00	0.000000e+00	0.000000e+00	
152	5.520000e-08	0.000000e+00	0.000000e+00	0.000000e+00	
153	5.620000e-08	0.000000e+00	0.000000e+00	0.000000e+00	
154	5.720000e-08	0.000000e+00	0.000000e+00	0.000000e+00	
155	5.820000e-08	0.000000e+00	0.000000e+00	0.000000e+00	
156	5.900000e-08	0.000000e+00	0.000000e+00	0.000000e+00	
157	5.910000e-08	0.000000e+00	0.000000e+00	0.000000e+00	
158	5.930000e-08	0.000000e+00	0.000000e+00	0.000000e+00	
159	5.970000e-08	0.000000e+00	0.000000e+00	0.000000e+00	
160	6.000000e-08	0.000000e+00	0.000000e+00	0.000000e+00	
161	6.008000e-08	0.000000e+00	0.000000e+00	0.000000e+00	
162	6.024000e-08	0.000000e+00	0.000000e+00	0.000000e+00	
163	6.056000e-08	0.000000e+00	0.000000e+00	0.000000e+00	
164	6.100000e-08	0.000000e+00	0.000000e+00	0.000000e+00	
165	6.106400e-08	0.000000e+00	0.000000e+00	0.000000e+00	
166	6.119200e-08	0.000000e+00	0.000000e+00	0.000000e+00	
167	6.144800e-08	0.000000e+00	0.000000e+00	0.000000e+00	
168	6.196000e-08	0.000000e+00	0.000000e+00	0.000000e+00	
169	6.224000e-08	0.000000e+00	0.000000e+00	0.000000e+00	
170	6.234000e-08	0.000000e+00	0.000000e+00	0.000000e+00	

Index   time            a2#branch_1_0   a2#branch_1_1   a2#branch_1_2   
--------------------------------------------------------------------------------
171	6.254000e-08	0.000000e+00	0.000000e+00	0.000000e+00	
172	6.294000e-08	0.000000e+00	0.000000e+00	0.000000e+00	
173	6.324000e-08	0.000000e+00	0.000000e+00	0.000000e+00	
174	6.332000e-08	0.000000e+00	0.000000e+00	0.000000e+00	
175	6.348000e-08	0.000000e+00	0.000000e+00	0.000000e+00	
176	6.380000e-08	0.000000e+00	0.000000e+00	0.000000e+00	
177	6.444000e-08	0.000000e+00	0.000000e+00	0.000000e+00	
178	6.544000e-08	0.000000e+00	0.000000e+00	0.000000e+00	
179	6.600000e-08	0.000000e+00	0.000000e+00	0.000000e+00	
180	6.610000e-08	0.000000e+00	0.000000e+00	0.000000e+00	
181	6.630000e-08	0.000000e+00	0.000000e+00	0.000000e+00	
182	6.670000e-08	0.000000e+00	0.000000e+00	0.000000e+00	
183	6.700000e-08	0.000000e+00	0.000000e+00	0.000000e+00	
184	6.708000e-08	0.000000e+00	0.000000e+00	0.000000e+00	
185	6.724000e-08	0.000000e+00	0.000000e+00	0.000000e+00	
186	6.756000e-08	0.000000e+00	0.000000e+00	0.000000e+00	
187	6.820000e-08	0.000000e+00	0.000000e+00	0.000000e+00	
188	6.920000e-08	0.000000e+00	0.000000e+00	0.000000e+00	
189	7.020000e-08	0.000000e+00	0.000000e+00	0.000000e+00	
190	7.100000e-08	0.000000e+00	0.000000e+00	0.000000e+00	
191	7.110000e-08	0.000000e+00	0.000000e+00	0.000000e+00	
192	7.130000e-08	0.000000e+00	0.000000e+00	0.000000e+00	
193	7.170000e-08	0.000000e+00	0.000000e+00	0.000000e+00	
194	7.200000e-08	0.000000e+00	0.000000e+00	0.000000e+00	
195	7.208000e-08	0.000000e+00	0.000000e+00	0.000000e+00	
196	7.224000e-08	0.000000e+00	0.000000e+00	0.000000e+00	
197	7.256000e-08	0.000000e+00	0.000000e+00	0.000000e+00	
198	7.300000e-08	0.000000e+00	0.000000e+00	0.000000e+00	
199	7.306400e-08	0.000000e+00	0.000000e+00	0.000000e+00	
200	7.319200e-08	0.000000e+00	0.000000e+00	0.000000e+00	
201	7.344800e-08	0.000000e+00	0.000000e+00	0.000000e+00	
202	7.396000e-08	0.000000e+00	0.000000e+00	0.000000e+00	
203	7.424000e-08	0.000000e+00	0.000000e+00	0.000000e+00	
204	7.434000e-08	0.000000e+00	0.000000e+00	0.000000e+00	
205	7.454000e-08	0.000000e+00	0.000000e+00	0.000000e+00	
206	7.494000e-08	0.000000e+00	0.000000e+00	0.000000e+00	
207	7.524000e-08	0.000000e+00	0.000000e+00	0.000000e+00	
208	7.532000e-08	0.000000e+00	0.000000e+00	0.000000e+00	
209	7.548000e-08	0.000000e+00	0.000000e+00	0.000000e+00	
210	7.580000e-08	0.000000e+00	0.000000e+00	0.000000e+00	
211	7.644000e-08	0.000000e+00	0.000000e+00	0.000000e+00	
212	7.744000e-08	0.000000e+00	0.000000e+00	0.000000e+00	
213	7.844000e-08	0.000000e+00	0.000000e+00	0.000000e+00	
214	7.900000e-08	0.000000e+00	0.000000e+00	0.000000e+00	
215	7.910000e-08	0.000000e+00	0.000000e+00	0.000000e+00	
216	7.930000e-08	0.000000e+00	0.000000e+00	0.000000e+00	
217	7.970000e-08	0.000000e+00	0.000000e+00	0.000000e+00	
218	8.000000e-08	0.000000e+00	0.000000e+00	0.000000e+00	
219	8.008000e-08	0.000000e+00	0.000000e+00	0.000000e+00	
220	8.024000e-08	0.000000e+00	0.000000e+00	0.000000e+00	
221	8.056000e-08	0.000000e+00	0.000000e+00	0.000000e+00	
222	8.100000e-08	0.000000e+00	0.000000e+00	0.000000e+00	
223	8.106400e-08	0.000000e+00	0.000000e+00	0.000000e+00	
224	8.119200e-08	0.000000e+00	0.000000e+00	0.000000e+00	
225	8.144800e-08	0.000000e+00	0.000000e+00	0.000000e+00	
226	8.196000e-08	0.000000e+00	0.000000e+00	0.000000e+00	
227	8.224000e-08	0.000000e+00	0.000000e+00	0.000000e+00	
228	8.234000e-08	0.000000e+00	0.000000e+00	0.000000e+00	

Index   time            a2#branch_1_0   a2#branch_1_1   a2#branch_1_2   
--------------------------------------------------------------------------------
229	8.254000e-08	0.000000e+00	0.000000e+00	0.000000e+00	
230	8.294000e-08	0.000000e+00	0.000000e+00	0.000000e+00	
231	8.324000e-08	0.000000e+00	0.000000e+00	0.000000e+00	
232	8.332000e-08	0.000000e+00	0.000000e+00	0.000000e+00	
233	8.348000e-08	0.000000e+00	0.000000e+00	0.000000e+00	
234	8.380000e-08	0.000000e+00	0.000000e+00	0.000000e+00	
235	8.444000e-08	0.000000e+00	0.000000e+00	0.000000e+00	
236	8.544000e-08	0.000000e+00	0.000000e+00	0.000000e+00	
237	8.600000e-08	0.000000e+00	0.000000e+00	0.000000e+00	
238	8.610000e-08	0.000000e+00	0.000000e+00	0.000000e+00	
239	8.630000e-08	0.000000e+00	0.000000e+00	0.000000e+00	
240	8.670000e-08	0.000000e+00	0.000000e+00	0.000000e+00	
241	8.700000e-08	0.000000e+00	0.000000e+00	0.000000e+00	
242	8.708000e-08	0.000000e+00	0.000000e+00	0.000000e+00	
243	8.724000e-08	0.000000e+00	0.000000e+00	0.000000e+00	
244	8.756000e-08	0.000000e+00	0.000000e+00	0.000000e+00	
245	8.820000e-08	0.000000e+00	0.000000e+00	0.000000e+00	
246	8.920000e-08	0.000000e+00	0.000000e+00	0.000000e+00	
247	9.000000e-08	0.000000e+00	0.000000e+00	0.000000e+00	
248	9.010000e-08	0.000000e+00	0.000000e+00	0.000000e+00	
249	9.030000e-08	0.000000e+00	0.000000e+00	0.000000e+00	
250	9.070000e-08	0.000000e+00	0.000000e+00	0.000000e+00	
251	9.100000e-08	0.000000e+00	0.000000e+00	0.000000e+00	
252	9.108000e-08	0.000000e+00	0.000000e+00	0.000000e+00	
253	9.124000e-08	0.000000e+00	0.000000e+00	0.000000e+00	
254	9.156000e-08	0.000000e+00	0.000000e+00	0.000000e+00	
255	9.200000e-08	0.000000e+00	0.000000e+00	0.000000e+00	
256	9.206400e-08	0.000000e+00	0.000000e+00	0.000000e+00	
257	9.219200e-08	0.000000e+00	0.000000e+00	0.000000e+00	
258	9.244800e-08	0.000000e+00	0.000000e+00	0.000000e+00	
259	9.296000e-08	0.000000e+00	0.000000e+00	0.000000e+00	
260	9.396000e-08	0.000000e+00	0.000000e+00	0.000000e+00	
261	9.496000e-08	0.000000e+00	0.000000e+00	0.000000e+00	
262	9.596000e-08	0.000000e+00	0.000000e+00	0.000000e+00	
263	9.600000e-08	0.000000e+00	0.000000e+00	0.000000e+00	
264	9.608000e-08	0.000000e+00	0.000000e+00	0.000000e+00	
265	9.624000e-08	0.000000e+00	0.000000e+00	0.000000e+00	
266	9.656000e-08	0.000000e+00	0.000000e+00	0.000000e+00	
267	9.700000e-08	0.000000e+00	0.000000e+00	0.000000e+00	
268	9.706400e-08	0.000000e+00	0.000000e+00	0.000000e+00	
269	9.719200e-08	0.000000e+00	0.000000e+00	0.000000e+00	
270	9.744800e-08	0.000000e+00	0.000000e+00	0.000000e+00	
271	9.796000e-08	0.000000e+00	0.000000e+00	0.000000e+00	
272	9.896000e-08	0.000000e+00	0.000000e+00	0.000000e+00	
273	9.996000e-08	0.000000e+00	0.000000e+00	0.000000e+00	
274	1.000000e-07	0.000000e+00	0.000000e+00	0.000000e+00	
275	1.000800e-07	0.000000e+00	0.000000e+00	0.000000e+00	
276	1.002400e-07	0.000000e+00	0.000000e+00	0.000000e+00	
277	1.005600e-07	0.000000e+00	0.000000e+00	0.000000e+00	
278	1.010000e-07	0.000000e+00	0.000000e+00	0.000000e+00	
279	1.010640e-07	0.000000e+00	0.000000e+00	0.000000e+00	
280	1.011920e-07	0.000000e+00	0.000000e+00	0.000000e+00	
281	1.014480e-07	0.000000e+00	0.000000e+00	0.000000e+00	
282	1.019600e-07	0.000000e+00	0.000000e+00	0.000000e+00	
283	1.029600e-07	0.000000e+00	0.000000e+00	0.000000e+00	
284	1.039600e-07	0.000000e+00	0.000000e+00	0.000000e+00	
285	1.049600e-07	0.000000e+00	0.000000e+00	0.000000e+00	
286	1.059600e-07	0.000000e+00	0.000000e+00	0.000000e+00	

Index   time            a2#branch_1_0   a2#branch_1_1   a2#branch_1_2   
--------------------------------------------------------------------------------
287	1.069600e-07	0.000000e+00	0.000000e+00	0.000000e+00	
288	1.079600e-07	0.000000e+00	0.000000e+00	0.000000e+00	
289	1.089600e-07	0.000000e+00	0.000000e+00	0.000000e+00	
290	1.099600e-07	0.000000e+00	0.000000e+00	0.000000e+00	
291	1.109600e-07	0.000000e+00	0.000000e+00	0.000000e+00	
292	1.110000e-07	0.000000e+00	0.000000e+00	0.000000e+00	
293	1.110800e-07	0.000000e+00	0.000000e+00	0.000000e+00	
294	1.112400e-07	0.000000e+00	0.000000e+00	0.000000e+00	
295	1.115600e-07	0.000000e+00	0.000000e+00	0.000000e+00	
296	1.120000e-07	0.000000e+00	0.000000e+00	0.000000e+00	
297	1.120640e-07	0.000000e+00	0.000000e+00	0.000000e+00	
298	1.121920e-07	0.000000e+00	0.000000e+00	0.000000e+00	
299	1.124480e-07	0.000000e+00	0.000000e+00	0.000000e+00	
300	1.129600e-07	0.000000e+00	0.000000e+00	0.000000e+00	
301	1.139600e-07	0.000000e+00	0.000000e+00	0.000000e+00	
302	1.140000e-07	0.000000e+00	0.000000e+00	0.000000e+00	
303	1.140800e-07	0.000000e+00	0.000000e+00	0.000000e+00	
304	1.142400e-07	0.000000e+00	0.000000e+00	0.000000e+00	
305	1.145600e-07	0.000000e+00	0.000000e+00	0.000000e+00	
306	1.150000e-07	0.000000e+00	0.000000e+00	0.000000e+00	
307	1.150640e-07	0.000000e+00	0.000000e+00	0.000000e+00	
308	1.151920e-07	0.000000e+00	0.000000e+00	0.000000e+00	
309	1.154480e-07	0.000000e+00	0.000000e+00	0.000000e+00	
310	1.159600e-07	0.000000e+00	0.000000e+00	0.000000e+00	
311	1.169600e-07	0.000000e+00	0.000000e+00	0.000000e+00	
312	1.179600e-07	0.000000e+00	0.000000e+00	0.000000e+00	
313	1.189600e-07	0.000000e+00	0.000000e+00	0.000000e+00	
314	1.199600e-07	0.000000e+00	0.000000e+00	0.000000e+00	
315	1.200000e-07	0.000000e+00	0.000000e+00	0.000000e+00	
316	1.200800e-07	0.000000e+00	0.000000e+00	0.000000e+00	
317	1.202400e-07	0.000000e+00	0.000000e+00	0.000000e+00	
318	1.205600e-07	0.000000e+00	0.000000e+00	0.000000e+00	
319	1.210000e-07	0.000000e+00	0.000000e+00	0.000000e+00	
320	1.210640e-07	0.000000e+00	0.000000e+00	0.000000e+00	
321	1.211920e-07	0.000000e+00	0.000000e+00	0.000000e+00	
322	1.214480e-07	0.000000e+00	0.000000e+00	0.000000e+00	
323	1.219600e-07	0.000000e+00	0.000000e+00	0.000000e+00	
324	1.222400e-07	0.000000e+00	0.000000e+00	0.000000e+00	
325	1.223400e-07	0.000000e+00	0.000000e+00	0.000000e+00	
326	1.225400e-07	0.000000e+00	0.000000e+00	0.000000e+00	
327	1.229400e-07	0.000000e+00	0.000000e+00	0.000000e+00	
328	1.232400e-07	0.000000e+00	0.000000e+00	0.000000e+00	
329	1.233200e-07	0.000000e+00	0.000000e+00	0.000000e+00	
330	1.234800e-07	0.000000e+00	0.000000e+00	0.000000e+00	
331	1.238000e-07	0.000000e+00	0.000000e+00	0.000000e+00	
332	1.244400e-07	0.000000e+00	0.000000e+00	0.000000e+00	
333	1.254400e-07	0.000000e+00	0.000000e+00	0.000000e+00	
334	1.264400e-07	0.000000e+00	0.000000e+00	0.000000e+00	
335	1.274400e-07	0.000000e+00	0.000000e+00	0.000000e+00	
336	1.284400e-07	0.000000e+00	0.000000e+00	0.000000e+00	
337	1.294400e-07	0.000000e+00	0.000000e+00	0.000000e+00	
338	1.304400e-07	0.000000e+00	0.000000e+00	0.000000e+00	
339	1.310000e-07	0.000000e+00	0.000000e+00	0.000000e+00	
340	1.311000e-07	0.000000e+00	0.000000e+00	0.000000e+00	
341	1.313000e-07	0.000000e+00	0.000000e+00	0.000000e+00	
342	1.317000e-07	0.000000e+00	0.000000e+00	0.000000e+00	
343	1.320000e-07	0.000000e+00	0.000000e+00	0.000000e+00	
344	1.320800e-07	0.000000e+00	0.000000e+00	0.000000e+00	

Index   time            a2#branch_1_0   a2#branch_1_1   a2#branch_1_2   
--------------------------------------------------------------------------------
345	1.322400e-07	0.000000e+00	0.000000e+00	0.000000e+00	
346	1.325600e-07	0.000000e+00	0.000000e+00	0.000000e+00	
347	1.332000e-07	0.000000e+00	0.000000e+00	0.000000e+00	
348	1.342000e-07	0.000000e+00	0.000000e+00	0.000000e+00	
349	1.352000e-07	0.000000e+00	0.000000e+00	0.000000e+00	
350	1.362000e-07	0.000000e+00	0.000000e+00	0.000000e+00	
351	1.372000e-07	0.000000e+00	0.000000e+00	0.000000e+00	
352	1.380000e-07	0.000000e+00	0.000000e+00	0.000000e+00	
353	1.381000e-07	0.000000e+00	0.000000e+00	0.000000e+00	
354	1.383000e-07	0.000000e+00	0.000000e+00	0.000000e+00	
355	1.387000e-07	0.000000e+00	0.000000e+00	0.000000e+00	
356	1.390000e-07	0.000000e+00	0.000000e+00	0.000000e+00	
357	1.390800e-07	0.000000e+00	0.000000e+00	0.000000e+00	
358	1.392400e-07	0.000000e+00	0.000000e+00	0.000000e+00	
359	1.395600e-07	0.000000e+00	0.000000e+00	0.000000e+00	
360	1.400000e-07	0.000000e+00	0.000000e+00	0.000000e+00	
361	1.400640e-07	0.000000e+00	0.000000e+00	0.000000e+00	
362	1.401920e-07	0.000000e+00	0.000000e+00	0.000000e+00	
363	1.404480e-07	0.000000e+00	0.000000e+00	0.000000e+00	
364	1.409600e-07	0.000000e+00	0.000000e+00	0.000000e+00	
365	1.410000e-07	0.000000e+00	0.000000e+00	0.000000e+00	
366	1.410800e-07	0.000000e+00	0.000000e+00	0.000000e+00	
367	1.412400e-07	0.000000e+00	0.000000e+00	0.000000e+00	
368	1.415600e-07	0.000000e+00	0.000000e+00	0.000000e+00	
369	1.422000e-07	0.000000e+00	0.000000e+00	0.000000e+00	
370	1.432000e-07	0.000000e+00	0.000000e+00	0.000000e+00	
371	1.440000e-07	0.000000e+00	0.000000e+00	0.000000e+00	
372	1.441000e-07	0.000000e+00	0.000000e+00	0.000000e+00	
373	1.443000e-07	0.000000e+00	0.000000e+00	0.000000e+00	
374	1.447000e-07	0.000000e+00	0.000000e+00	0.000000e+00	
375	1.450000e-07	0.000000e+00	0.000000e+00	0.000000e+00	
376	1.450800e-07	0.000000e+00	0.000000e+00	0.000000e+00	
377	1.452400e-07	0.000000e+00	0.000000e+00	0.000000e+00	
378	1.455600e-07	0.000000e+00	0.000000e+00	0.000000e+00	
379	1.462000e-07	0.000000e+00	0.000000e+00	0.000000e+00	
380	1.463000e-07	0.000000e+00	0.000000e+00	0.000000e+00	
381	1.464000e-07	0.000000e+00	0.000000e+00	0.000000e+00	
382	1.466000e-07	0.000000e+00	0.000000e+00	0.000000e+00	
383	1.470000e-07	0.000000e+00	0.000000e+00	0.000000e+00	
384	1.473000e-07	0.000000e+00	0.000000e+00	0.000000e+00	
385	1.473800e-07	0.000000e+00	0.000000e+00	0.000000e+00	
386	1.475400e-07	0.000000e+00	0.000000e+00	0.000000e+00	
387	1.478600e-07	0.000000e+00	0.000000e+00	0.000000e+00	
388	1.485000e-07	0.000000e+00	0.000000e+00	0.000000e+00	
389	1.495000e-07	0.000000e+00	0.000000e+00	0.000000e+00	
390	1.505000e-07	0.000000e+00	0.000000e+00	0.000000e+00	
391	1.510000e-07	0.000000e+00	0.000000e+00	0.000000e+00	
392	1.511000e-07	0.000000e+00	0.000000e+00	0.000000e+00	
393	1.513000e-07	0.000000e+00	0.000000e+00	0.000000e+00	
394	1.517000e-07	0.000000e+00	0.000000e+00	0.000000e+00	
395	1.520000e-07	0.000000e+00	0.000000e+00	0.000000e+00	
396	1.520800e-07	0.000000e+00	0.000000e+00	0.000000e+00	
397	1.522400e-07	0.000000e+00	0.000000e+00	0.000000e+00	
398	1.525600e-07	0.000000e+00	0.000000e+00	0.000000e+00	
399	1.532000e-07	0.000000e+00	0.000000e+00	0.000000e+00	
400	1.542000e-07	0.000000e+00	0.000000e+00	0.000000e+00	
401	1.552000e-07	0.000000e+00	0.000000e+00	0.000000e+00	
402	1.562000e-07	0.000000e+00	0.000000e+00	0.000000e+00	

Index   time            a2#branch_1_0   a2#branch_1_1   a2#branch_1_2   
--------------------------------------------------------------------------------
403	1.572000e-07	0.000000e+00	0.000000e+00	0.000000e+00	
404	1.582000e-07	0.000000e+00	0.000000e+00	0.000000e+00	
405	1.592000e-07	0.000000e+00	0.000000e+00	0.000000e+00	
406	1.600000e-07	0.000000e+00	0.000000e+00	0.000000e+00	
407	1.601000e-07	0.000000e+00	0.000000e+00	0.000000e+00	
408	1.603000e-07	0.000000e+00	0.000000e+00	0.000000e+00	
409	1.607000e-07	0.000000e+00	0.000000e+00	0.000000e+00	
410	1.610000e-07	0.000000e+00	0.000000e+00	0.000000e+00	
411	1.610800e-07	0.000000e+00	0.000000e+00	0.000000e+00	
412	1.612400e-07	0.000000e+00	0.000000e+00	0.000000e+00	
413	1.615600e-07	0.000000e+00	0.000000e+00	0.000000e+00	
414	1.620000e-07	0.000000e+00	0.000000e+00	0.000000e+00	
415	1.620640e-07	0.000000e+00	0.000000e+00	0.000000e+00	
416	1.621920e-07	0.000000e+00	0.000000e+00	0.000000e+00	
417	1.624480e-07	0.000000e+00	0.000000e+00	0.000000e+00	
418	1.629600e-07	0.000000e+00	0.000000e+00	0.000000e+00	
419	1.630000e-07	0.000000e+00	0.000000e+00	0.000000e+00	
420	1.630800e-07	0.000000e+00	0.000000e+00	0.000000e+00	
421	1.632400e-07	0.000000e+00	0.000000e+00	0.000000e+00	
422	1.635600e-07	0.000000e+00	0.000000e+00	0.000000e+00	
423	1.642000e-07	0.000000e+00	0.000000e+00	0.000000e+00	
424	1.652000e-07	0.000000e+00	0.000000e+00	0.000000e+00	
425	1.662000e-07	0.000000e+00	0.000000e+00	0.000000e+00	
426	1.672000e-07	0.000000e+00	0.000000e+00	0.000000e+00	
427	1.680000e-07	0.000000e+00	0.000000e+00	0.000000e+00	
428	1.681000e-07	0.000000e+00	0.000000e+00	0.000000e+00	
429	1.683000e-07	0.000000e+00	0.000000e+00	0.000000e+00	
430	1.687000e-07	0.000000e+00	0.000000e+00	0.000000e+00	
431	1.690000e-07	0.000000e+00	0.000000e+00	0.000000e+00	
432	1.690800e-07	0.000000e+00	0.000000e+00	0.000000e+00	
433	1.692400e-07	0.000000e+00	0.000000e+00	0.000000e+00	
434	1.695600e-07	0.000000e+00	0.000000e+00	0.000000e+00	
435	1.702000e-07	0.000000e+00	0.000000e+00	0.000000e+00	
436	1.703000e-07	0.000000e+00	0.000000e+00	0.000000e+00	
437	1.703700e-07	0.000000e+00	0.000000e+00	0.000000e+00	
438	1.705100e-07	0.000000e+00	0.000000e+00	0.000000e+00	
439	1.707900e-07	0.000000e+00	0.000000e+00	0.000000e+00	
440	1.710000e-07	0.000000e+00	0.000000e+00	0.000000e+00	
441	1.710300e-07	0.000000e+00	0.000000e+00	0.000000e+00	
442	1.710900e-07	0.000000e+00	0.000000e+00	0.000000e+00	
443	1.712100e-07	0.000000e+00	0.000000e+00	0.000000e+00	
444	1.713000e-07	0.000000e+00	0.000000e+00	0.000000e+00	
445	1.713240e-07	0.000000e+00	0.000000e+00	0.000000e+00	
446	1.713720e-07	0.000000e+00	0.000000e+00	0.000000e+00	
447	1.714680e-07	0.000000e+00	0.000000e+00	0.000000e+00	
448	1.716600e-07	0.000000e+00	0.000000e+00	0.000000e+00	
449	1.720000e-07	0.000000e+00	0.000000e+00	0.000000e+00	
450	1.720384e-07	0.000000e+00	0.000000e+00	0.000000e+00	
451	1.721152e-07	0.000000e+00	0.000000e+00	0.000000e+00	
452	1.722688e-07	0.000000e+00	0.000000e+00	0.000000e+00	
453	1.725760e-07	0.000000e+00	0.000000e+00	0.000000e+00	
454	1.731904e-07	0.000000e+00	0.000000e+00	0.000000e+00	
455	1.741904e-07	0.000000e+00	0.000000e+00	0.000000e+00	
456	1.751904e-07	0.000000e+00	0.000000e+00	0.000000e+00	
457	1.761904e-07	0.000000e+00	0.000000e+00	0.000000e+00	
458	1.771904e-07	0.000000e+00	0.000000e+00	0.000000e+00	
459	1.781904e-07	0.000000e+00	0.000000e+00	0.000000e+00	
460	1.791904e-07	0.000000e+00	0.000000e+00	0.000000e+00	

Index   time            a2#branch_1_0   a2#branch_1_1   a2#branch_1_2   
--------------------------------------------------------------------------------
461	1.800000e-07	0.000000e+00	0.000000e+00	0.000000e+00	
462	1.801000e-07	0.000000e+00	0.000000e+00	0.000000e+00	
463	1.803000e-07	0.000000e+00	0.000000e+00	0.000000e+00	
464	1.807000e-07	0.000000e+00	0.000000e+00	0.000000e+00	
465	1.810000e-07	0.000000e+00	0.000000e+00	0.000000e+00	
466	1.810800e-07	0.000000e+00	0.000000e+00	0.000000e+00	
467	1.812400e-07	0.000000e+00	0.000000e+00	0.000000e+00	
468	1.815600e-07	0.000000e+00	0.000000e+00	0.000000e+00	
469	1.822000e-07	0.000000e+00	0.000000e+00	0.000000e+00	
470	1.823000e-07	0.000000e+00	0.000000e+00	0.000000e+00	
471	1.824000e-07	0.000000e+00	0.000000e+00	0.000000e+00	
472	1.826000e-07	0.000000e+00	0.000000e+00	0.000000e+00	
473	1.830000e-07	0.000000e+00	0.000000e+00	0.000000e+00	
474	1.833000e-07	0.000000e+00	0.000000e+00	0.000000e+00	
475	1.833800e-07	0.000000e+00	0.000000e+00	0.000000e+00	
476	1.835400e-07	0.000000e+00	0.000000e+00	0.000000e+00	
477	1.838600e-07	0.000000e+00	0.000000e+00	0.000000e+00	
478	1.845000e-07	0.000000e+00	0.000000e+00	0.000000e+00	
479	1.855000e-07	0.000000e+00	0.000000e+00	0.000000e+00	
480	1.860000e-07	0.000000e+00	0.000000e+00	0.000000e+00	
481	1.861000e-07	0.000000e+00	0.000000e+00	0.000000e+00	
482	1.863000e-07	0.000000e+00	0.000000e+00	0.000000e+00	
483	1.867000e-07	0.000000e+00	0.000000e+00	0.000000e+00	
484	1.870000e-07	0.000000e+00	0.000000e+00	0.000000e+00	
485	1.870800e-07	0.000000e+00	0.000000e+00	0.000000e+00	
486	1.872400e-07	0.000000e+00	0.000000e+00	0.000000e+00	
487	1.875600e-07	0.000000e+00	0.000000e+00	0.000000e+00	
488	1.882000e-07	0.000000e+00	0.000000e+00	0.000000e+00	
489	1.892000e-07	0.000000e+00	0.000000e+00	0.000000e+00	
490	1.902000e-07	0.000000e+00	0.000000e+00	0.000000e+00	
491	1.910000e-07	0.000000e+00	0.000000e+00	0.000000e+00	
492	1.911000e-07	0.000000e+00	0.000000e+00	0.000000e+00	
493	1.913000e-07	0.000000e+00	0.000000e+00	0.000000e+00	
494	1.917000e-07	0.000000e+00	0.000000e+00	0.000000e+00	
495	1.920000e-07	0.000000e+00	0.000000e+00	0.000000e+00	
496	1.920800e-07	0.000000e+00	0.000000e+00	0.000000e+00	
497	1.922400e-07	0.000000e+00	0.000000e+00	0.000000e+00	
498	1.925600e-07	0.000000e+00	0.000000e+00	0.000000e+00	
499	1.930000e-07	0.000000e+00	0.000000e+00	0.000000e+00	
500	1.930640e-07	0.000000e+00	0.000000e+00	0.000000e+00	
501	1.931920e-07	0.000000e+00	0.000000e+00	0.000000e+00	
502	1.934480e-07	0.000000e+00	0.000000e+00	0.000000e+00	
503	1.939600e-07	0.000000e+00	0.000000e+00	0.000000e+00	
504	1.949600e-07	0.000000e+00	0.000000e+00	0.000000e+00	
505	1.959600e-07	0.000000e+00	0.000000e+00	0.000000e+00	
506	1.969600e-07	0.000000e+00	0.000000e+00	0.000000e+00	
507	1.979600e-07	0.000000e+00	0.000000e+00	0.000000e+00	
508	1.989600e-07	0.000000e+00	0.000000e+00	0.000000e+00	
509	1.999600e-07	0.000000e+00	0.000000e+00	0.000000e+00	
510	2.000000e-07	0.000000e+00	0.000000e+00	0.000000e+00	

                                kicad schematic
                                Transient Analysis  Sun Jul 05 21:18:26  2026
--------------------------------------------------------------------------------
Index   time            a2#branch_1_3   a2#branch_1_4   a2#branch_1_5   
--------------------------------------------------------------------------------
0	0.000000e+00	0.000000e+00	0.000000e+00	0.000000e+00	
1	1.000000e-11	0.000000e+00	0.000000e+00	0.000000e+00	
2	2.000000e-11	0.000000e+00	0.000000e+00	0.000000e+00	
3	4.000000e-11	0.000000e+00	0.000000e+00	0.000000e+00	
4	8.000000e-11	0.000000e+00	0.000000e+00	0.000000e+00	
5	1.600000e-10	0.000000e+00	0.000000e+00	0.000000e+00	
6	3.200000e-10	0.000000e+00	0.000000e+00	0.000000e+00	
7	6.400000e-10	0.000000e+00	0.000000e+00	0.000000e+00	
8	1.000000e-09	0.000000e+00	0.000000e+00	0.000000e+00	
9	1.064000e-09	0.000000e+00	0.000000e+00	0.000000e+00	
10	1.192000e-09	0.000000e+00	0.000000e+00	0.000000e+00	
11	1.448000e-09	0.000000e+00	0.000000e+00	0.000000e+00	
12	1.960000e-09	0.000000e+00	0.000000e+00	0.000000e+00	
13	2.960000e-09	0.000000e+00	0.000000e+00	0.000000e+00	
14	3.960000e-09	0.000000e+00	0.000000e+00	0.000000e+00	
15	4.960000e-09	0.000000e+00	0.000000e+00	0.000000e+00	
16	5.960000e-09	0.000000e+00	0.000000e+00	0.000000e+00	
17	6.960000e-09	0.000000e+00	0.000000e+00	0.000000e+00	
18	7.960000e-09	0.000000e+00	0.000000e+00	0.000000e+00	
19	8.960000e-09	0.000000e+00	0.000000e+00	0.000000e+00	
20	9.960000e-09	0.000000e+00	0.000000e+00	0.000000e+00	
21	1.000000e-08	0.000000e+00	0.000000e+00	0.000000e+00	
22	1.001000e-08	0.000000e+00	0.000000e+00	0.000000e+00	
23	1.003000e-08	0.000000e+00	0.000000e+00	0.000000e+00	
24	1.007000e-08	0.000000e+00	0.000000e+00	0.000000e+00	
25	1.010000e-08	0.000000e+00	0.000000e+00	0.000000e+00	
26	1.010800e-08	0.000000e+00	0.000000e+00	0.000000e+00	
27	1.012400e-08	0.000000e+00	0.000000e+00	0.000000e+00	
28	1.015600e-08	0.000000e+00	0.000000e+00	0.000000e+00	
29	1.022000e-08	0.000000e+00	0.000000e+00	0.000000e+00	
30	1.034800e-08	0.000000e+00	0.000000e+00	0.000000e+00	
31	1.060400e-08	0.000000e+00	0.000000e+00	0.000000e+00	
32	1.100000e-08	0.000000e+00	0.000000e+00	0.000000e+00	
33	1.105120e-08	0.000000e+00	0.000000e+00	0.000000e+00	
34	1.115360e-08	0.000000e+00	0.000000e+00	0.000000e+00	
35	1.135840e-08	0.000000e+00	0.000000e+00	0.000000e+00	
36	1.176800e-08	0.000000e+00	0.000000e+00	0.000000e+00	
37	1.200000e-08	0.000000e+00	0.000000e+00	0.000000e+00	
38	1.208192e-08	0.000000e+00	0.000000e+00	0.000000e+00	
39	1.224576e-08	0.000000e+00	0.000000e+00	0.000000e+00	
40	1.257344e-08	0.000000e+00	0.000000e+00	0.000000e+00	
41	1.322880e-08	0.000000e+00	0.000000e+00	0.000000e+00	
42	1.422880e-08	0.000000e+00	0.000000e+00	0.000000e+00	
43	1.500000e-08	0.000000e+00	0.000000e+00	0.000000e+00	
44	1.510000e-08	0.000000e+00	0.000000e+00	0.000000e+00	
45	1.530000e-08	0.000000e+00	0.000000e+00	0.000000e+00	
46	1.570000e-08	0.000000e+00	0.000000e+00	0.000000e+00	
47	1.600000e-08	0.000000e+00	0.000000e+00	0.000000e+00	
48	1.608000e-08	0.000000e+00	0.000000e+00	0.000000e+00	
49	1.624000e-08	0.000000e+00	0.000000e+00	0.000000e+00	
50	1.656000e-08	0.000000e+00	0.000000e+00	0.000000e+00	
51	1.720000e-08	0.000000e+00	0.000000e+00	0.000000e+00	
52	1.800000e-08	0.000000e+00	0.000000e+00	0.000000e+00	
53	1.810000e-08	0.000000e+00	0.000000e+00	0.000000e+00	
54	1.830000e-08	0.000000e+00	0.000000e+00	0.000000e+00	

Index   time            a2#branch_1_3   a2#branch_1_4   a2#branch_1_5   
--------------------------------------------------------------------------------
55	1.870000e-08	0.000000e+00	0.000000e+00	0.000000e+00	
56	1.900000e-08	0.000000e+00	0.000000e+00	0.000000e+00	
57	1.908000e-08	0.000000e+00	0.000000e+00	0.000000e+00	
58	1.924000e-08	0.000000e+00	0.000000e+00	0.000000e+00	
59	1.956000e-08	0.000000e+00	0.000000e+00	0.000000e+00	
60	2.000000e-08	0.000000e+00	0.000000e+00	0.000000e+00	
61	2.006400e-08	0.000000e+00	0.000000e+00	0.000000e+00	
62	2.019200e-08	0.000000e+00	0.000000e+00	0.000000e+00	
63	2.044800e-08	0.000000e+00	0.000000e+00	0.000000e+00	
64	2.096000e-08	0.000000e+00	0.000000e+00	0.000000e+00	
65	2.100000e-08	0.000000e+00	0.000000e+00	0.000000e+00	
66	2.108000e-08	0.000000e+00	0.000000e+00	0.000000e+00	
67	2.124000e-08	0.000000e+00	0.000000e+00	0.000000e+00	
68	2.156000e-08	0.000000e+00	0.000000e+00	0.000000e+00	
69	2.220000e-08	0.000000e+00	0.000000e+00	0.000000e+00	
70	2.320000e-08	0.000000e+00	0.000000e+00	0.000000e+00	
71	2.400000e-08	0.000000e+00	0.000000e+00	0.000000e+00	
72	2.410000e-08	0.000000e+00	0.000000e+00	0.000000e+00	
73	2.430000e-08	0.000000e+00	0.000000e+00	0.000000e+00	
74	2.470000e-08	0.000000e+00	0.000000e+00	0.000000e+00	
75	2.500000e-08	0.000000e+00	0.000000e+00	0.000000e+00	
76	2.508000e-08	0.000000e+00	0.000000e+00	0.000000e+00	
77	2.524000e-08	0.000000e+00	0.000000e+00	0.000000e+00	
78	2.556000e-08	0.000000e+00	0.000000e+00	0.000000e+00	
79	2.620000e-08	0.000000e+00	0.000000e+00	0.000000e+00	
80	2.720000e-08	0.000000e+00	0.000000e+00	0.000000e+00	
81	2.820000e-08	0.000000e+00	0.000000e+00	0.000000e+00	
82	2.920000e-08	0.000000e+00	0.000000e+00	0.000000e+00	
83	3.020000e-08	0.000000e+00	0.000000e+00	0.000000e+00	
84	3.100000e-08	0.000000e+00	0.000000e+00	0.000000e+00	
85	3.110000e-08	0.000000e+00	0.000000e+00	0.000000e+00	
86	3.130000e-08	0.000000e+00	0.000000e+00	0.000000e+00	
87	3.170000e-08	0.000000e+00	0.000000e+00	0.000000e+00	
88	3.200000e-08	0.000000e+00	0.000000e+00	0.000000e+00	
89	3.208000e-08	0.000000e+00	0.000000e+00	0.000000e+00	
90	3.224000e-08	0.000000e+00	0.000000e+00	0.000000e+00	
91	3.256000e-08	0.000000e+00	0.000000e+00	0.000000e+00	
92	3.320000e-08	0.000000e+00	0.000000e+00	0.000000e+00	
93	3.420000e-08	0.000000e+00	0.000000e+00	0.000000e+00	
94	3.520000e-08	0.000000e+00	0.000000e+00	0.000000e+00	
95	3.620000e-08	0.000000e+00	0.000000e+00	0.000000e+00	
96	3.720000e-08	0.000000e+00	0.000000e+00	0.000000e+00	
97	3.820000e-08	0.000000e+00	0.000000e+00	0.000000e+00	
98	3.900000e-08	0.000000e+00	0.000000e+00	0.000000e+00	
99	3.910000e-08	0.000000e+00	0.000000e+00	0.000000e+00	
100	3.930000e-08	0.000000e+00	0.000000e+00	0.000000e+00	
101	3.970000e-08	0.000000e+00	0.000000e+00	0.000000e+00	
102	4.000000e-08	0.000000e+00	0.000000e+00	0.000000e+00	
103	4.008000e-08	0.000000e+00	0.000000e+00	0.000000e+00	
104	4.024000e-08	0.000000e+00	0.000000e+00	0.000000e+00	
105	4.056000e-08	0.000000e+00	0.000000e+00	0.000000e+00	
106	4.100000e-08	0.000000e+00	0.000000e+00	0.000000e+00	
107	4.106400e-08	0.000000e+00	0.000000e+00	0.000000e+00	
108	4.119200e-08	0.000000e+00	0.000000e+00	0.000000e+00	
109	4.144800e-08	0.000000e+00	0.000000e+00	0.000000e+00	
110	4.196000e-08	0.000000e+00	0.000000e+00	0.000000e+00	
111	4.200000e-08	0.000000e+00	0.000000e+00	0.000000e+00	
112	4.208000e-08	0.000000e+00	0.000000e+00	0.000000e+00	

Index   time            a2#branch_1_3   a2#branch_1_4   a2#branch_1_5   
--------------------------------------------------------------------------------
113	4.224000e-08	0.000000e+00	0.000000e+00	0.000000e+00	
114	4.225600e-08	0.000000e+00	0.000000e+00	0.000000e+00	
115	4.228800e-08	0.000000e+00	0.000000e+00	0.000000e+00	
116	4.235200e-08	0.000000e+00	0.000000e+00	0.000000e+00	
117	4.248000e-08	0.000000e+00	0.000000e+00	0.000000e+00	
118	4.273600e-08	0.000000e+00	0.000000e+00	0.000000e+00	
119	4.300000e-08	0.000000e+00	0.000000e+00	0.000000e+00	
120	4.302400e-08	0.000000e+00	0.000000e+00	0.000000e+00	
121	4.307200e-08	0.000000e+00	0.000000e+00	0.000000e+00	
122	4.316800e-08	0.000000e+00	0.000000e+00	0.000000e+00	
123	4.324000e-08	0.000000e+00	0.000000e+00	0.000000e+00	
124	4.325920e-08	0.000000e+00	0.000000e+00	0.000000e+00	
125	4.329760e-08	0.000000e+00	0.000000e+00	0.000000e+00	
126	4.337440e-08	0.000000e+00	0.000000e+00	0.000000e+00	
127	4.352800e-08	0.000000e+00	0.000000e+00	0.000000e+00	
128	4.383520e-08	0.000000e+00	0.000000e+00	0.000000e+00	
129	4.444960e-08	0.000000e+00	0.000000e+00	0.000000e+00	
130	4.544960e-08	0.000000e+00	0.000000e+00	0.000000e+00	
131	4.644960e-08	0.000000e+00	0.000000e+00	0.000000e+00	
132	4.744960e-08	0.000000e+00	0.000000e+00	0.000000e+00	
133	4.800000e-08	0.000000e+00	0.000000e+00	0.000000e+00	
134	4.810000e-08	0.000000e+00	0.000000e+00	0.000000e+00	
135	4.830000e-08	0.000000e+00	0.000000e+00	0.000000e+00	
136	4.870000e-08	0.000000e+00	0.000000e+00	0.000000e+00	
137	4.900000e-08	0.000000e+00	0.000000e+00	0.000000e+00	
138	4.908000e-08	0.000000e+00	0.000000e+00	0.000000e+00	
139	4.924000e-08	0.000000e+00	0.000000e+00	0.000000e+00	
140	4.956000e-08	0.000000e+00	0.000000e+00	0.000000e+00	
141	5.020000e-08	0.000000e+00	0.000000e+00	0.000000e+00	
142	5.100000e-08	0.000000e+00	0.000000e+00	0.000000e+00	
143	5.110000e-08	0.000000e+00	0.000000e+00	0.000000e+00	
144	5.130000e-08	0.000000e+00	0.000000e+00	0.000000e+00	
145	5.170000e-08	0.000000e+00	0.000000e+00	0.000000e+00	
146	5.200000e-08	0.000000e+00	0.000000e+00	0.000000e+00	
147	5.208000e-08	0.000000e+00	0.000000e+00	0.000000e+00	
148	5.224000e-08	0.000000e+00	0.000000e+00	0.000000e+00	
149	5.256000e-08	0.000000e+00	0.000000e+00	0.000000e+00	
150	5.320000e-08	0.000000e+00	0.000000e+00	0.000000e+00	
151	5.420000e-08	0.000000e+00	0.000000e+00	0.000000e+00	
152	5.520000e-08	0.000000e+00	0.000000e+00	0.000000e+00	
153	5.620000e-08	0.000000e+00	0.000000e+00	0.000000e+00	
154	5.720000e-08	0.000000e+00	0.000000e+00	0.000000e+00	
155	5.820000e-08	0.000000e+00	0.000000e+00	0.000000e+00	
156	5.900000e-08	0.000000e+00	0.000000e+00	0.000000e+00	
157	5.910000e-08	0.000000e+00	0.000000e+00	0.000000e+00	
158	5.930000e-08	0.000000e+00	0.000000e+00	0.000000e+00	
159	5.970000e-08	0.000000e+00	0.000000e+00	0.000000e+00	
160	6.000000e-08	0.000000e+00	0.000000e+00	0.000000e+00	
161	6.008000e-08	0.000000e+00	0.000000e+00	0.000000e+00	
162	6.024000e-08	0.000000e+00	0.000000e+00	0.000000e+00	
163	6.056000e-08	0.000000e+00	0.000000e+00	0.000000e+00	
164	6.100000e-08	0.000000e+00	0.000000e+00	0.000000e+00	
165	6.106400e-08	0.000000e+00	0.000000e+00	0.000000e+00	
166	6.119200e-08	0.000000e+00	0.000000e+00	0.000000e+00	
167	6.144800e-08	0.000000e+00	0.000000e+00	0.000000e+00	
168	6.196000e-08	0.000000e+00	0.000000e+00	0.000000e+00	
169	6.224000e-08	0.000000e+00	0.000000e+00	0.000000e+00	
170	6.234000e-08	0.000000e+00	0.000000e+00	0.000000e+00	

Index   time            a2#branch_1_3   a2#branch_1_4   a2#branch_1_5   
--------------------------------------------------------------------------------
171	6.254000e-08	0.000000e+00	0.000000e+00	0.000000e+00	
172	6.294000e-08	0.000000e+00	0.000000e+00	0.000000e+00	
173	6.324000e-08	0.000000e+00	0.000000e+00	0.000000e+00	
174	6.332000e-08	0.000000e+00	0.000000e+00	0.000000e+00	
175	6.348000e-08	0.000000e+00	0.000000e+00	0.000000e+00	
176	6.380000e-08	0.000000e+00	0.000000e+00	0.000000e+00	
177	6.444000e-08	0.000000e+00	0.000000e+00	0.000000e+00	
178	6.544000e-08	0.000000e+00	0.000000e+00	0.000000e+00	
179	6.600000e-08	0.000000e+00	0.000000e+00	0.000000e+00	
180	6.610000e-08	0.000000e+00	0.000000e+00	0.000000e+00	
181	6.630000e-08	0.000000e+00	0.000000e+00	0.000000e+00	
182	6.670000e-08	0.000000e+00	0.000000e+00	0.000000e+00	
183	6.700000e-08	0.000000e+00	0.000000e+00	0.000000e+00	
184	6.708000e-08	0.000000e+00	0.000000e+00	0.000000e+00	
185	6.724000e-08	0.000000e+00	0.000000e+00	0.000000e+00	
186	6.756000e-08	0.000000e+00	0.000000e+00	0.000000e+00	
187	6.820000e-08	0.000000e+00	0.000000e+00	0.000000e+00	
188	6.920000e-08	0.000000e+00	0.000000e+00	0.000000e+00	
189	7.020000e-08	0.000000e+00	0.000000e+00	0.000000e+00	
190	7.100000e-08	0.000000e+00	0.000000e+00	0.000000e+00	
191	7.110000e-08	0.000000e+00	0.000000e+00	0.000000e+00	
192	7.130000e-08	0.000000e+00	0.000000e+00	0.000000e+00	
193	7.170000e-08	0.000000e+00	0.000000e+00	0.000000e+00	
194	7.200000e-08	0.000000e+00	0.000000e+00	0.000000e+00	
195	7.208000e-08	0.000000e+00	0.000000e+00	0.000000e+00	
196	7.224000e-08	0.000000e+00	0.000000e+00	0.000000e+00	
197	7.256000e-08	0.000000e+00	0.000000e+00	0.000000e+00	
198	7.300000e-08	0.000000e+00	0.000000e+00	0.000000e+00	
199	7.306400e-08	0.000000e+00	0.000000e+00	0.000000e+00	
200	7.319200e-08	0.000000e+00	0.000000e+00	0.000000e+00	
201	7.344800e-08	0.000000e+00	0.000000e+00	0.000000e+00	
202	7.396000e-08	0.000000e+00	0.000000e+00	0.000000e+00	
203	7.424000e-08	0.000000e+00	0.000000e+00	0.000000e+00	
204	7.434000e-08	0.000000e+00	0.000000e+00	0.000000e+00	
205	7.454000e-08	0.000000e+00	0.000000e+00	0.000000e+00	
206	7.494000e-08	0.000000e+00	0.000000e+00	0.000000e+00	
207	7.524000e-08	0.000000e+00	0.000000e+00	0.000000e+00	
208	7.532000e-08	0.000000e+00	0.000000e+00	0.000000e+00	
209	7.548000e-08	0.000000e+00	0.000000e+00	0.000000e+00	
210	7.580000e-08	0.000000e+00	0.000000e+00	0.000000e+00	
211	7.644000e-08	0.000000e+00	0.000000e+00	0.000000e+00	
212	7.744000e-08	0.000000e+00	0.000000e+00	0.000000e+00	
213	7.844000e-08	0.000000e+00	0.000000e+00	0.000000e+00	
214	7.900000e-08	0.000000e+00	0.000000e+00	0.000000e+00	
215	7.910000e-08	0.000000e+00	0.000000e+00	0.000000e+00	
216	7.930000e-08	0.000000e+00	0.000000e+00	0.000000e+00	
217	7.970000e-08	0.000000e+00	0.000000e+00	0.000000e+00	
218	8.000000e-08	0.000000e+00	0.000000e+00	0.000000e+00	
219	8.008000e-08	0.000000e+00	0.000000e+00	0.000000e+00	
220	8.024000e-08	0.000000e+00	0.000000e+00	0.000000e+00	
221	8.056000e-08	0.000000e+00	0.000000e+00	0.000000e+00	
222	8.100000e-08	0.000000e+00	0.000000e+00	0.000000e+00	
223	8.106400e-08	0.000000e+00	0.000000e+00	0.000000e+00	
224	8.119200e-08	0.000000e+00	0.000000e+00	0.000000e+00	
225	8.144800e-08	0.000000e+00	0.000000e+00	0.000000e+00	
226	8.196000e-08	0.000000e+00	0.000000e+00	0.000000e+00	
227	8.224000e-08	0.000000e+00	0.000000e+00	0.000000e+00	
228	8.234000e-08	0.000000e+00	0.000000e+00	0.000000e+00	

Index   time            a2#branch_1_3   a2#branch_1_4   a2#branch_1_5   
--------------------------------------------------------------------------------
229	8.254000e-08	0.000000e+00	0.000000e+00	0.000000e+00	
230	8.294000e-08	0.000000e+00	0.000000e+00	0.000000e+00	
231	8.324000e-08	0.000000e+00	0.000000e+00	0.000000e+00	
232	8.332000e-08	0.000000e+00	0.000000e+00	0.000000e+00	
233	8.348000e-08	0.000000e+00	0.000000e+00	0.000000e+00	
234	8.380000e-08	0.000000e+00	0.000000e+00	0.000000e+00	
235	8.444000e-08	0.000000e+00	0.000000e+00	0.000000e+00	
236	8.544000e-08	0.000000e+00	0.000000e+00	0.000000e+00	
237	8.600000e-08	0.000000e+00	0.000000e+00	0.000000e+00	
238	8.610000e-08	0.000000e+00	0.000000e+00	0.000000e+00	
239	8.630000e-08	0.000000e+00	0.000000e+00	0.000000e+00	
240	8.670000e-08	0.000000e+00	0.000000e+00	0.000000e+00	
241	8.700000e-08	0.000000e+00	0.000000e+00	0.000000e+00	
242	8.708000e-08	0.000000e+00	0.000000e+00	0.000000e+00	
243	8.724000e-08	0.000000e+00	0.000000e+00	0.000000e+00	
244	8.756000e-08	0.000000e+00	0.000000e+00	0.000000e+00	
245	8.820000e-08	0.000000e+00	0.000000e+00	0.000000e+00	
246	8.920000e-08	0.000000e+00	0.000000e+00	0.000000e+00	
247	9.000000e-08	0.000000e+00	0.000000e+00	0.000000e+00	
248	9.010000e-08	0.000000e+00	0.000000e+00	0.000000e+00	
249	9.030000e-08	0.000000e+00	0.000000e+00	0.000000e+00	
250	9.070000e-08	0.000000e+00	0.000000e+00	0.000000e+00	
251	9.100000e-08	0.000000e+00	0.000000e+00	0.000000e+00	
252	9.108000e-08	0.000000e+00	0.000000e+00	0.000000e+00	
253	9.124000e-08	0.000000e+00	0.000000e+00	0.000000e+00	
254	9.156000e-08	0.000000e+00	0.000000e+00	0.000000e+00	
255	9.200000e-08	0.000000e+00	0.000000e+00	0.000000e+00	
256	9.206400e-08	0.000000e+00	0.000000e+00	0.000000e+00	
257	9.219200e-08	0.000000e+00	0.000000e+00	0.000000e+00	
258	9.244800e-08	0.000000e+00	0.000000e+00	0.000000e+00	
259	9.296000e-08	0.000000e+00	0.000000e+00	0.000000e+00	
260	9.396000e-08	0.000000e+00	0.000000e+00	0.000000e+00	
261	9.496000e-08	0.000000e+00	0.000000e+00	0.000000e+00	
262	9.596000e-08	0.000000e+00	0.000000e+00	0.000000e+00	
263	9.600000e-08	0.000000e+00	0.000000e+00	0.000000e+00	
264	9.608000e-08	0.000000e+00	0.000000e+00	0.000000e+00	
265	9.624000e-08	0.000000e+00	0.000000e+00	0.000000e+00	
266	9.656000e-08	0.000000e+00	0.000000e+00	0.000000e+00	
267	9.700000e-08	0.000000e+00	0.000000e+00	0.000000e+00	
268	9.706400e-08	0.000000e+00	0.000000e+00	0.000000e+00	
269	9.719200e-08	0.000000e+00	0.000000e+00	0.000000e+00	
270	9.744800e-08	0.000000e+00	0.000000e+00	0.000000e+00	
271	9.796000e-08	0.000000e+00	0.000000e+00	0.000000e+00	
272	9.896000e-08	0.000000e+00	0.000000e+00	0.000000e+00	
273	9.996000e-08	0.000000e+00	0.000000e+00	0.000000e+00	
274	1.000000e-07	0.000000e+00	0.000000e+00	0.000000e+00	
275	1.000800e-07	0.000000e+00	0.000000e+00	0.000000e+00	
276	1.002400e-07	0.000000e+00	0.000000e+00	0.000000e+00	
277	1.005600e-07	0.000000e+00	0.000000e+00	0.000000e+00	
278	1.010000e-07	0.000000e+00	0.000000e+00	0.000000e+00	
279	1.010640e-07	0.000000e+00	0.000000e+00	0.000000e+00	
280	1.011920e-07	0.000000e+00	0.000000e+00	0.000000e+00	
281	1.014480e-07	0.000000e+00	0.000000e+00	0.000000e+00	
282	1.019600e-07	0.000000e+00	0.000000e+00	0.000000e+00	
283	1.029600e-07	0.000000e+00	0.000000e+00	0.000000e+00	
284	1.039600e-07	0.000000e+00	0.000000e+00	0.000000e+00	
285	1.049600e-07	0.000000e+00	0.000000e+00	0.000000e+00	
286	1.059600e-07	0.000000e+00	0.000000e+00	0.000000e+00	

Index   time            a2#branch_1_3   a2#branch_1_4   a2#branch_1_5   
--------------------------------------------------------------------------------
287	1.069600e-07	0.000000e+00	0.000000e+00	0.000000e+00	
288	1.079600e-07	0.000000e+00	0.000000e+00	0.000000e+00	
289	1.089600e-07	0.000000e+00	0.000000e+00	0.000000e+00	
290	1.099600e-07	0.000000e+00	0.000000e+00	0.000000e+00	
291	1.109600e-07	0.000000e+00	0.000000e+00	0.000000e+00	
292	1.110000e-07	0.000000e+00	0.000000e+00	0.000000e+00	
293	1.110800e-07	0.000000e+00	0.000000e+00	0.000000e+00	
294	1.112400e-07	0.000000e+00	0.000000e+00	0.000000e+00	
295	1.115600e-07	0.000000e+00	0.000000e+00	0.000000e+00	
296	1.120000e-07	0.000000e+00	0.000000e+00	0.000000e+00	
297	1.120640e-07	0.000000e+00	0.000000e+00	0.000000e+00	
298	1.121920e-07	0.000000e+00	0.000000e+00	0.000000e+00	
299	1.124480e-07	0.000000e+00	0.000000e+00	0.000000e+00	
300	1.129600e-07	0.000000e+00	0.000000e+00	0.000000e+00	
301	1.139600e-07	0.000000e+00	0.000000e+00	0.000000e+00	
302	1.140000e-07	0.000000e+00	0.000000e+00	0.000000e+00	
303	1.140800e-07	0.000000e+00	0.000000e+00	0.000000e+00	
304	1.142400e-07	0.000000e+00	0.000000e+00	0.000000e+00	
305	1.145600e-07	0.000000e+00	0.000000e+00	0.000000e+00	
306	1.150000e-07	0.000000e+00	0.000000e+00	0.000000e+00	
307	1.150640e-07	0.000000e+00	0.000000e+00	0.000000e+00	
308	1.151920e-07	0.000000e+00	0.000000e+00	0.000000e+00	
309	1.154480e-07	0.000000e+00	0.000000e+00	0.000000e+00	
310	1.159600e-07	0.000000e+00	0.000000e+00	0.000000e+00	
311	1.169600e-07	0.000000e+00	0.000000e+00	0.000000e+00	
312	1.179600e-07	0.000000e+00	0.000000e+00	0.000000e+00	
313	1.189600e-07	0.000000e+00	0.000000e+00	0.000000e+00	
314	1.199600e-07	0.000000e+00	0.000000e+00	0.000000e+00	
315	1.200000e-07	0.000000e+00	0.000000e+00	0.000000e+00	
316	1.200800e-07	0.000000e+00	0.000000e+00	0.000000e+00	
317	1.202400e-07	0.000000e+00	0.000000e+00	0.000000e+00	
318	1.205600e-07	0.000000e+00	0.000000e+00	0.000000e+00	
319	1.210000e-07	0.000000e+00	0.000000e+00	0.000000e+00	
320	1.210640e-07	0.000000e+00	0.000000e+00	0.000000e+00	
321	1.211920e-07	0.000000e+00	0.000000e+00	0.000000e+00	
322	1.214480e-07	0.000000e+00	0.000000e+00	0.000000e+00	
323	1.219600e-07	0.000000e+00	0.000000e+00	0.000000e+00	
324	1.222400e-07	0.000000e+00	0.000000e+00	0.000000e+00	
325	1.223400e-07	0.000000e+00	0.000000e+00	0.000000e+00	
326	1.225400e-07	0.000000e+00	0.000000e+00	0.000000e+00	
327	1.229400e-07	0.000000e+00	0.000000e+00	0.000000e+00	
328	1.232400e-07	0.000000e+00	0.000000e+00	0.000000e+00	
329	1.233200e-07	0.000000e+00	0.000000e+00	0.000000e+00	
330	1.234800e-07	0.000000e+00	0.000000e+00	0.000000e+00	
331	1.238000e-07	0.000000e+00	0.000000e+00	0.000000e+00	
332	1.244400e-07	0.000000e+00	0.000000e+00	0.000000e+00	
333	1.254400e-07	0.000000e+00	0.000000e+00	0.000000e+00	
334	1.264400e-07	0.000000e+00	0.000000e+00	0.000000e+00	
335	1.274400e-07	0.000000e+00	0.000000e+00	0.000000e+00	
336	1.284400e-07	0.000000e+00	0.000000e+00	0.000000e+00	
337	1.294400e-07	0.000000e+00	0.000000e+00	0.000000e+00	
338	1.304400e-07	0.000000e+00	0.000000e+00	0.000000e+00	
339	1.310000e-07	0.000000e+00	0.000000e+00	0.000000e+00	
340	1.311000e-07	0.000000e+00	0.000000e+00	0.000000e+00	
341	1.313000e-07	0.000000e+00	0.000000e+00	0.000000e+00	
342	1.317000e-07	0.000000e+00	0.000000e+00	0.000000e+00	
343	1.320000e-07	0.000000e+00	0.000000e+00	0.000000e+00	
344	1.320800e-07	0.000000e+00	0.000000e+00	0.000000e+00	

Index   time            a2#branch_1_3   a2#branch_1_4   a2#branch_1_5   
--------------------------------------------------------------------------------
345	1.322400e-07	0.000000e+00	0.000000e+00	0.000000e+00	
346	1.325600e-07	0.000000e+00	0.000000e+00	0.000000e+00	
347	1.332000e-07	0.000000e+00	0.000000e+00	0.000000e+00	
348	1.342000e-07	0.000000e+00	0.000000e+00	0.000000e+00	
349	1.352000e-07	0.000000e+00	0.000000e+00	0.000000e+00	
350	1.362000e-07	0.000000e+00	0.000000e+00	0.000000e+00	
351	1.372000e-07	0.000000e+00	0.000000e+00	0.000000e+00	
352	1.380000e-07	0.000000e+00	0.000000e+00	0.000000e+00	
353	1.381000e-07	0.000000e+00	0.000000e+00	0.000000e+00	
354	1.383000e-07	0.000000e+00	0.000000e+00	0.000000e+00	
355	1.387000e-07	0.000000e+00	0.000000e+00	0.000000e+00	
356	1.390000e-07	0.000000e+00	0.000000e+00	0.000000e+00	
357	1.390800e-07	0.000000e+00	0.000000e+00	0.000000e+00	
358	1.392400e-07	0.000000e+00	0.000000e+00	0.000000e+00	
359	1.395600e-07	0.000000e+00	0.000000e+00	0.000000e+00	
360	1.400000e-07	0.000000e+00	0.000000e+00	0.000000e+00	
361	1.400640e-07	0.000000e+00	0.000000e+00	0.000000e+00	
362	1.401920e-07	0.000000e+00	0.000000e+00	0.000000e+00	
363	1.404480e-07	0.000000e+00	0.000000e+00	0.000000e+00	
364	1.409600e-07	0.000000e+00	0.000000e+00	0.000000e+00	
365	1.410000e-07	0.000000e+00	0.000000e+00	0.000000e+00	
366	1.410800e-07	0.000000e+00	0.000000e+00	0.000000e+00	
367	1.412400e-07	0.000000e+00	0.000000e+00	0.000000e+00	
368	1.415600e-07	0.000000e+00	0.000000e+00	0.000000e+00	
369	1.422000e-07	0.000000e+00	0.000000e+00	0.000000e+00	
370	1.432000e-07	0.000000e+00	0.000000e+00	0.000000e+00	
371	1.440000e-07	0.000000e+00	0.000000e+00	0.000000e+00	
372	1.441000e-07	0.000000e+00	0.000000e+00	0.000000e+00	
373	1.443000e-07	0.000000e+00	0.000000e+00	0.000000e+00	
374	1.447000e-07	0.000000e+00	0.000000e+00	0.000000e+00	
375	1.450000e-07	0.000000e+00	0.000000e+00	0.000000e+00	
376	1.450800e-07	0.000000e+00	0.000000e+00	0.000000e+00	
377	1.452400e-07	0.000000e+00	0.000000e+00	0.000000e+00	
378	1.455600e-07	0.000000e+00	0.000000e+00	0.000000e+00	
379	1.462000e-07	0.000000e+00	0.000000e+00	0.000000e+00	
380	1.463000e-07	0.000000e+00	0.000000e+00	0.000000e+00	
381	1.464000e-07	0.000000e+00	0.000000e+00	0.000000e+00	
382	1.466000e-07	0.000000e+00	0.000000e+00	0.000000e+00	
383	1.470000e-07	0.000000e+00	0.000000e+00	0.000000e+00	
384	1.473000e-07	0.000000e+00	0.000000e+00	0.000000e+00	
385	1.473800e-07	0.000000e+00	0.000000e+00	0.000000e+00	
386	1.475400e-07	0.000000e+00	0.000000e+00	0.000000e+00	
387	1.478600e-07	0.000000e+00	0.000000e+00	0.000000e+00	
388	1.485000e-07	0.000000e+00	0.000000e+00	0.000000e+00	
389	1.495000e-07	0.000000e+00	0.000000e+00	0.000000e+00	
390	1.505000e-07	0.000000e+00	0.000000e+00	0.000000e+00	
391	1.510000e-07	0.000000e+00	0.000000e+00	0.000000e+00	
392	1.511000e-07	0.000000e+00	0.000000e+00	0.000000e+00	
393	1.513000e-07	0.000000e+00	0.000000e+00	0.000000e+00	
394	1.517000e-07	0.000000e+00	0.000000e+00	0.000000e+00	
395	1.520000e-07	0.000000e+00	0.000000e+00	0.000000e+00	
396	1.520800e-07	0.000000e+00	0.000000e+00	0.000000e+00	
397	1.522400e-07	0.000000e+00	0.000000e+00	0.000000e+00	
398	1.525600e-07	0.000000e+00	0.000000e+00	0.000000e+00	
399	1.532000e-07	0.000000e+00	0.000000e+00	0.000000e+00	
400	1.542000e-07	0.000000e+00	0.000000e+00	0.000000e+00	
401	1.552000e-07	0.000000e+00	0.000000e+00	0.000000e+00	
402	1.562000e-07	0.000000e+00	0.000000e+00	0.000000e+00	

Index   time            a2#branch_1_3   a2#branch_1_4   a2#branch_1_5   
--------------------------------------------------------------------------------
403	1.572000e-07	0.000000e+00	0.000000e+00	0.000000e+00	
404	1.582000e-07	0.000000e+00	0.000000e+00	0.000000e+00	
405	1.592000e-07	0.000000e+00	0.000000e+00	0.000000e+00	
406	1.600000e-07	0.000000e+00	0.000000e+00	0.000000e+00	
407	1.601000e-07	0.000000e+00	0.000000e+00	0.000000e+00	
408	1.603000e-07	0.000000e+00	0.000000e+00	0.000000e+00	
409	1.607000e-07	0.000000e+00	0.000000e+00	0.000000e+00	
410	1.610000e-07	0.000000e+00	0.000000e+00	0.000000e+00	
411	1.610800e-07	0.000000e+00	0.000000e+00	0.000000e+00	
412	1.612400e-07	0.000000e+00	0.000000e+00	0.000000e+00	
413	1.615600e-07	0.000000e+00	0.000000e+00	0.000000e+00	
414	1.620000e-07	0.000000e+00	0.000000e+00	0.000000e+00	
415	1.620640e-07	0.000000e+00	0.000000e+00	0.000000e+00	
416	1.621920e-07	0.000000e+00	0.000000e+00	0.000000e+00	
417	1.624480e-07	0.000000e+00	0.000000e+00	0.000000e+00	
418	1.629600e-07	0.000000e+00	0.000000e+00	0.000000e+00	
419	1.630000e-07	0.000000e+00	0.000000e+00	0.000000e+00	
420	1.630800e-07	0.000000e+00	0.000000e+00	0.000000e+00	
421	1.632400e-07	0.000000e+00	0.000000e+00	0.000000e+00	
422	1.635600e-07	0.000000e+00	0.000000e+00	0.000000e+00	
423	1.642000e-07	0.000000e+00	0.000000e+00	0.000000e+00	
424	1.652000e-07	0.000000e+00	0.000000e+00	0.000000e+00	
425	1.662000e-07	0.000000e+00	0.000000e+00	0.000000e+00	
426	1.672000e-07	0.000000e+00	0.000000e+00	0.000000e+00	
427	1.680000e-07	0.000000e+00	0.000000e+00	0.000000e+00	
428	1.681000e-07	0.000000e+00	0.000000e+00	0.000000e+00	
429	1.683000e-07	0.000000e+00	0.000000e+00	0.000000e+00	
430	1.687000e-07	0.000000e+00	0.000000e+00	0.000000e+00	
431	1.690000e-07	0.000000e+00	0.000000e+00	0.000000e+00	
432	1.690800e-07	0.000000e+00	0.000000e+00	0.000000e+00	
433	1.692400e-07	0.000000e+00	0.000000e+00	0.000000e+00	
434	1.695600e-07	0.000000e+00	0.000000e+00	0.000000e+00	
435	1.702000e-07	0.000000e+00	0.000000e+00	0.000000e+00	
436	1.703000e-07	0.000000e+00	0.000000e+00	0.000000e+00	
437	1.703700e-07	0.000000e+00	0.000000e+00	0.000000e+00	
438	1.705100e-07	0.000000e+00	0.000000e+00	0.000000e+00	
439	1.707900e-07	0.000000e+00	0.000000e+00	0.000000e+00	
440	1.710000e-07	0.000000e+00	0.000000e+00	0.000000e+00	
441	1.710300e-07	0.000000e+00	0.000000e+00	0.000000e+00	
442	1.710900e-07	0.000000e+00	0.000000e+00	0.000000e+00	
443	1.712100e-07	0.000000e+00	0.000000e+00	0.000000e+00	
444	1.713000e-07	0.000000e+00	0.000000e+00	0.000000e+00	
445	1.713240e-07	0.000000e+00	0.000000e+00	0.000000e+00	
446	1.713720e-07	0.000000e+00	0.000000e+00	0.000000e+00	
447	1.714680e-07	0.000000e+00	0.000000e+00	0.000000e+00	
448	1.716600e-07	0.000000e+00	0.000000e+00	0.000000e+00	
449	1.720000e-07	0.000000e+00	0.000000e+00	0.000000e+00	
450	1.720384e-07	0.000000e+00	0.000000e+00	0.000000e+00	
451	1.721152e-07	0.000000e+00	0.000000e+00	0.000000e+00	
452	1.722688e-07	0.000000e+00	0.000000e+00	0.000000e+00	
453	1.725760e-07	0.000000e+00	0.000000e+00	0.000000e+00	
454	1.731904e-07	0.000000e+00	0.000000e+00	0.000000e+00	
455	1.741904e-07	0.000000e+00	0.000000e+00	0.000000e+00	
456	1.751904e-07	0.000000e+00	0.000000e+00	0.000000e+00	
457	1.761904e-07	0.000000e+00	0.000000e+00	0.000000e+00	
458	1.771904e-07	0.000000e+00	0.000000e+00	0.000000e+00	
459	1.781904e-07	0.000000e+00	0.000000e+00	0.000000e+00	
460	1.791904e-07	0.000000e+00	0.000000e+00	0.000000e+00	

Index   time            a2#branch_1_3   a2#branch_1_4   a2#branch_1_5   
--------------------------------------------------------------------------------
461	1.800000e-07	0.000000e+00	0.000000e+00	0.000000e+00	
462	1.801000e-07	0.000000e+00	0.000000e+00	0.000000e+00	
463	1.803000e-07	0.000000e+00	0.000000e+00	0.000000e+00	
464	1.807000e-07	0.000000e+00	0.000000e+00	0.000000e+00	
465	1.810000e-07	0.000000e+00	0.000000e+00	0.000000e+00	
466	1.810800e-07	0.000000e+00	0.000000e+00	0.000000e+00	
467	1.812400e-07	0.000000e+00	0.000000e+00	0.000000e+00	
468	1.815600e-07	0.000000e+00	0.000000e+00	0.000000e+00	
469	1.822000e-07	0.000000e+00	0.000000e+00	0.000000e+00	
470	1.823000e-07	0.000000e+00	0.000000e+00	0.000000e+00	
471	1.824000e-07	0.000000e+00	0.000000e+00	0.000000e+00	
472	1.826000e-07	0.000000e+00	0.000000e+00	0.000000e+00	
473	1.830000e-07	0.000000e+00	0.000000e+00	0.000000e+00	
474	1.833000e-07	0.000000e+00	0.000000e+00	0.000000e+00	
475	1.833800e-07	0.000000e+00	0.000000e+00	0.000000e+00	
476	1.835400e-07	0.000000e+00	0.000000e+00	0.000000e+00	
477	1.838600e-07	0.000000e+00	0.000000e+00	0.000000e+00	
478	1.845000e-07	0.000000e+00	0.000000e+00	0.000000e+00	
479	1.855000e-07	0.000000e+00	0.000000e+00	0.000000e+00	
480	1.860000e-07	0.000000e+00	0.000000e+00	0.000000e+00	
481	1.861000e-07	0.000000e+00	0.000000e+00	0.000000e+00	
482	1.863000e-07	0.000000e+00	0.000000e+00	0.000000e+00	
483	1.867000e-07	0.000000e+00	0.000000e+00	0.000000e+00	
484	1.870000e-07	0.000000e+00	0.000000e+00	0.000000e+00	
485	1.870800e-07	0.000000e+00	0.000000e+00	0.000000e+00	
486	1.872400e-07	0.000000e+00	0.000000e+00	0.000000e+00	
487	1.875600e-07	0.000000e+00	0.000000e+00	0.000000e+00	
488	1.882000e-07	0.000000e+00	0.000000e+00	0.000000e+00	
489	1.892000e-07	0.000000e+00	0.000000e+00	0.000000e+00	
490	1.902000e-07	0.000000e+00	0.000000e+00	0.000000e+00	
491	1.910000e-07	0.000000e+00	0.000000e+00	0.000000e+00	
492	1.911000e-07	0.000000e+00	0.000000e+00	0.000000e+00	
493	1.913000e-07	0.000000e+00	0.000000e+00	0.000000e+00	
494	1.917000e-07	0.000000e+00	0.000000e+00	0.000000e+00	
495	1.920000e-07	0.000000e+00	0.000000e+00	0.000000e+00	
496	1.920800e-07	0.000000e+00	0.000000e+00	0.000000e+00	
497	1.922400e-07	0.000000e+00	0.000000e+00	0.000000e+00	
498	1.925600e-07	0.000000e+00	0.000000e+00	0.000000e+00	
499	1.930000e-07	0.000000e+00	0.000000e+00	0.000000e+00	
500	1.930640e-07	0.000000e+00	0.000000e+00	0.000000e+00	
501	1.931920e-07	0.000000e+00	0.000000e+00	0.000000e+00	
502	1.934480e-07	0.000000e+00	0.000000e+00	0.000000e+00	
503	1.939600e-07	0.000000e+00	0.000000e+00	0.000000e+00	
504	1.949600e-07	0.000000e+00	0.000000e+00	0.000000e+00	
505	1.959600e-07	0.000000e+00	0.000000e+00	0.000000e+00	
506	1.969600e-07	0.000000e+00	0.000000e+00	0.000000e+00	
507	1.979600e-07	0.000000e+00	0.000000e+00	0.000000e+00	
508	1.989600e-07	0.000000e+00	0.000000e+00	0.000000e+00	
509	1.999600e-07	0.000000e+00	0.000000e+00	0.000000e+00	
510	2.000000e-07	0.000000e+00	0.000000e+00	0.000000e+00	

                                kicad schematic
                                Transient Analysis  Sun Jul 05 21:18:26  2026
--------------------------------------------------------------------------------
Index   time            a2#branch_1_6   v1#branch       v2#branch       
--------------------------------------------------------------------------------
0	0.000000e+00	0.000000e+00	0.000000e+00	0.000000e+00	
1	1.000000e-11	0.000000e+00	0.000000e+00	0.000000e+00	
2	2.000000e-11	0.000000e+00	0.000000e+00	0.000000e+00	
3	4.000000e-11	0.000000e+00	0.000000e+00	0.000000e+00	
4	8.000000e-11	0.000000e+00	0.000000e+00	0.000000e+00	
5	1.600000e-10	0.000000e+00	0.000000e+00	0.000000e+00	
6	3.200000e-10	0.000000e+00	0.000000e+00	0.000000e+00	
7	6.400000e-10	0.000000e+00	0.000000e+00	0.000000e+00	
8	1.000000e-09	0.000000e+00	0.000000e+00	0.000000e+00	
9	1.064000e-09	0.000000e+00	0.000000e+00	0.000000e+00	
10	1.192000e-09	0.000000e+00	0.000000e+00	0.000000e+00	
11	1.448000e-09	0.000000e+00	0.000000e+00	0.000000e+00	
12	1.960000e-09	0.000000e+00	0.000000e+00	0.000000e+00	
13	2.960000e-09	0.000000e+00	0.000000e+00	0.000000e+00	
14	3.960000e-09	0.000000e+00	0.000000e+00	0.000000e+00	
15	4.960000e-09	0.000000e+00	0.000000e+00	0.000000e+00	
16	5.960000e-09	0.000000e+00	0.000000e+00	0.000000e+00	
17	6.960000e-09	0.000000e+00	0.000000e+00	0.000000e+00	
18	7.960000e-09	0.000000e+00	0.000000e+00	0.000000e+00	
19	8.960000e-09	0.000000e+00	0.000000e+00	0.000000e+00	
20	9.960000e-09	0.000000e+00	0.000000e+00	0.000000e+00	
21	1.000000e-08	0.000000e+00	0.000000e+00	0.000000e+00	
22	1.001000e-08	0.000000e+00	0.000000e+00	0.000000e+00	
23	1.003000e-08	0.000000e+00	0.000000e+00	0.000000e+00	
24	1.007000e-08	0.000000e+00	0.000000e+00	0.000000e+00	
25	1.010000e-08	0.000000e+00	0.000000e+00	0.000000e+00	
26	1.010800e-08	0.000000e+00	0.000000e+00	0.000000e+00	
27	1.012400e-08	0.000000e+00	0.000000e+00	0.000000e+00	
28	1.015600e-08	0.000000e+00	0.000000e+00	0.000000e+00	
29	1.022000e-08	0.000000e+00	0.000000e+00	0.000000e+00	
30	1.034800e-08	0.000000e+00	0.000000e+00	0.000000e+00	
31	1.060400e-08	0.000000e+00	0.000000e+00	0.000000e+00	
32	1.100000e-08	0.000000e+00	0.000000e+00	0.000000e+00	
33	1.105120e-08	0.000000e+00	0.000000e+00	0.000000e+00	
34	1.115360e-08	0.000000e+00	0.000000e+00	0.000000e+00	
35	1.135840e-08	0.000000e+00	0.000000e+00	0.000000e+00	
36	1.176800e-08	0.000000e+00	0.000000e+00	0.000000e+00	
37	1.200000e-08	0.000000e+00	0.000000e+00	0.000000e+00	
38	1.208192e-08	0.000000e+00	0.000000e+00	0.000000e+00	
39	1.224576e-08	0.000000e+00	0.000000e+00	0.000000e+00	
40	1.257344e-08	0.000000e+00	0.000000e+00	0.000000e+00	
41	1.322880e-08	0.000000e+00	0.000000e+00	0.000000e+00	
42	1.422880e-08	0.000000e+00	0.000000e+00	0.000000e+00	
43	1.500000e-08	0.000000e+00	0.000000e+00	0.000000e+00	
44	1.510000e-08	0.000000e+00	0.000000e+00	0.000000e+00	
45	1.530000e-08	0.000000e+00	0.000000e+00	0.000000e+00	
46	1.570000e-08	0.000000e+00	0.000000e+00	0.000000e+00	
47	1.600000e-08	0.000000e+00	0.000000e+00	0.000000e+00	
48	1.608000e-08	0.000000e+00	0.000000e+00	0.000000e+00	
49	1.624000e-08	0.000000e+00	0.000000e+00	0.000000e+00	
50	1.656000e-08	0.000000e+00	0.000000e+00	0.000000e+00	
51	1.720000e-08	0.000000e+00	0.000000e+00	0.000000e+00	
52	1.800000e-08	0.000000e+00	0.000000e+00	0.000000e+00	
53	1.810000e-08	0.000000e+00	0.000000e+00	0.000000e+00	
54	1.830000e-08	0.000000e+00	0.000000e+00	0.000000e+00	

Index   time            a2#branch_1_6   v1#branch       v2#branch       
--------------------------------------------------------------------------------
55	1.870000e-08	0.000000e+00	0.000000e+00	0.000000e+00	
56	1.900000e-08	0.000000e+00	0.000000e+00	0.000000e+00	
57	1.908000e-08	0.000000e+00	0.000000e+00	0.000000e+00	
58	1.924000e-08	0.000000e+00	0.000000e+00	0.000000e+00	
59	1.956000e-08	0.000000e+00	0.000000e+00	0.000000e+00	
60	2.000000e-08	0.000000e+00	0.000000e+00	0.000000e+00	
61	2.006400e-08	0.000000e+00	0.000000e+00	0.000000e+00	
62	2.019200e-08	0.000000e+00	0.000000e+00	0.000000e+00	
63	2.044800e-08	0.000000e+00	0.000000e+00	0.000000e+00	
64	2.096000e-08	0.000000e+00	0.000000e+00	0.000000e+00	
65	2.100000e-08	0.000000e+00	0.000000e+00	0.000000e+00	
66	2.108000e-08	0.000000e+00	0.000000e+00	0.000000e+00	
67	2.124000e-08	0.000000e+00	0.000000e+00	0.000000e+00	
68	2.156000e-08	0.000000e+00	0.000000e+00	0.000000e+00	
69	2.220000e-08	0.000000e+00	0.000000e+00	0.000000e+00	
70	2.320000e-08	0.000000e+00	0.000000e+00	0.000000e+00	
71	2.400000e-08	0.000000e+00	0.000000e+00	0.000000e+00	
72	2.410000e-08	0.000000e+00	0.000000e+00	0.000000e+00	
73	2.430000e-08	0.000000e+00	0.000000e+00	0.000000e+00	
74	2.470000e-08	0.000000e+00	0.000000e+00	0.000000e+00	
75	2.500000e-08	0.000000e+00	0.000000e+00	0.000000e+00	
76	2.508000e-08	0.000000e+00	0.000000e+00	0.000000e+00	
77	2.524000e-08	0.000000e+00	0.000000e+00	0.000000e+00	
78	2.556000e-08	0.000000e+00	0.000000e+00	0.000000e+00	
79	2.620000e-08	0.000000e+00	0.000000e+00	0.000000e+00	
80	2.720000e-08	0.000000e+00	0.000000e+00	0.000000e+00	
81	2.820000e-08	0.000000e+00	0.000000e+00	0.000000e+00	
82	2.920000e-08	0.000000e+00	0.000000e+00	0.000000e+00	
83	3.020000e-08	0.000000e+00	0.000000e+00	0.000000e+00	
84	3.100000e-08	0.000000e+00	0.000000e+00	0.000000e+00	
85	3.110000e-08	0.000000e+00	0.000000e+00	0.000000e+00	
86	3.130000e-08	0.000000e+00	0.000000e+00	0.000000e+00	
87	3.170000e-08	0.000000e+00	0.000000e+00	0.000000e+00	
88	3.200000e-08	0.000000e+00	0.000000e+00	0.000000e+00	
89	3.208000e-08	0.000000e+00	0.000000e+00	0.000000e+00	
90	3.224000e-08	0.000000e+00	0.000000e+00	0.000000e+00	
91	3.256000e-08	0.000000e+00	0.000000e+00	0.000000e+00	
92	3.320000e-08	0.000000e+00	0.000000e+00	0.000000e+00	
93	3.420000e-08	0.000000e+00	0.000000e+00	0.000000e+00	
94	3.520000e-08	0.000000e+00	0.000000e+00	0.000000e+00	
95	3.620000e-08	0.000000e+00	0.000000e+00	0.000000e+00	
96	3.720000e-08	0.000000e+00	0.000000e+00	0.000000e+00	
97	3.820000e-08	0.000000e+00	0.000000e+00	0.000000e+00	
98	3.900000e-08	0.000000e+00	0.000000e+00	0.000000e+00	
99	3.910000e-08	0.000000e+00	0.000000e+00	0.000000e+00	
100	3.930000e-08	0.000000e+00	0.000000e+00	0.000000e+00	
101	3.970000e-08	0.000000e+00	0.000000e+00	0.000000e+00	
102	4.000000e-08	0.000000e+00	0.000000e+00	0.000000e+00	
103	4.008000e-08	0.000000e+00	0.000000e+00	0.000000e+00	
104	4.024000e-08	0.000000e+00	0.000000e+00	0.000000e+00	
105	4.056000e-08	0.000000e+00	0.000000e+00	0.000000e+00	
106	4.100000e-08	0.000000e+00	0.000000e+00	0.000000e+00	
107	4.106400e-08	0.000000e+00	0.000000e+00	0.000000e+00	
108	4.119200e-08	0.000000e+00	0.000000e+00	0.000000e+00	
109	4.144800e-08	0.000000e+00	0.000000e+00	0.000000e+00	
110	4.196000e-08	0.000000e+00	0.000000e+00	0.000000e+00	
111	4.200000e-08	0.000000e+00	0.000000e+00	0.000000e+00	
112	4.208000e-08	0.000000e+00	0.000000e+00	0.000000e+00	

Index   time            a2#branch_1_6   v1#branch       v2#branch       
--------------------------------------------------------------------------------
113	4.224000e-08	0.000000e+00	0.000000e+00	0.000000e+00	
114	4.225600e-08	0.000000e+00	0.000000e+00	0.000000e+00	
115	4.228800e-08	0.000000e+00	0.000000e+00	0.000000e+00	
116	4.235200e-08	0.000000e+00	0.000000e+00	0.000000e+00	
117	4.248000e-08	0.000000e+00	0.000000e+00	0.000000e+00	
118	4.273600e-08	0.000000e+00	0.000000e+00	0.000000e+00	
119	4.300000e-08	0.000000e+00	0.000000e+00	0.000000e+00	
120	4.302400e-08	0.000000e+00	0.000000e+00	0.000000e+00	
121	4.307200e-08	0.000000e+00	0.000000e+00	0.000000e+00	
122	4.316800e-08	0.000000e+00	0.000000e+00	0.000000e+00	
123	4.324000e-08	0.000000e+00	0.000000e+00	0.000000e+00	
124	4.325920e-08	0.000000e+00	0.000000e+00	0.000000e+00	
125	4.329760e-08	0.000000e+00	0.000000e+00	0.000000e+00	
126	4.337440e-08	0.000000e+00	0.000000e+00	0.000000e+00	
127	4.352800e-08	0.000000e+00	0.000000e+00	0.000000e+00	
128	4.383520e-08	0.000000e+00	0.000000e+00	0.000000e+00	
129	4.444960e-08	0.000000e+00	0.000000e+00	0.000000e+00	
130	4.544960e-08	0.000000e+00	0.000000e+00	0.000000e+00	
131	4.644960e-08	0.000000e+00	0.000000e+00	0.000000e+00	
132	4.744960e-08	0.000000e+00	0.000000e+00	0.000000e+00	
133	4.800000e-08	0.000000e+00	0.000000e+00	0.000000e+00	
134	4.810000e-08	0.000000e+00	0.000000e+00	0.000000e+00	
135	4.830000e-08	0.000000e+00	0.000000e+00	0.000000e+00	
136	4.870000e-08	0.000000e+00	0.000000e+00	0.000000e+00	
137	4.900000e-08	0.000000e+00	0.000000e+00	0.000000e+00	
138	4.908000e-08	0.000000e+00	0.000000e+00	0.000000e+00	
139	4.924000e-08	0.000000e+00	0.000000e+00	0.000000e+00	
140	4.956000e-08	0.000000e+00	0.000000e+00	0.000000e+00	
141	5.020000e-08	0.000000e+00	0.000000e+00	0.000000e+00	
142	5.100000e-08	0.000000e+00	0.000000e+00	0.000000e+00	
143	5.110000e-08	0.000000e+00	0.000000e+00	0.000000e+00	
144	5.130000e-08	0.000000e+00	0.000000e+00	0.000000e+00	
145	5.170000e-08	0.000000e+00	0.000000e+00	0.000000e+00	
146	5.200000e-08	0.000000e+00	0.000000e+00	0.000000e+00	
147	5.208000e-08	0.000000e+00	0.000000e+00	0.000000e+00	
148	5.224000e-08	0.000000e+00	0.000000e+00	0.000000e+00	
149	5.256000e-08	0.000000e+00	0.000000e+00	0.000000e+00	
150	5.320000e-08	0.000000e+00	0.000000e+00	0.000000e+00	
151	5.420000e-08	0.000000e+00	0.000000e+00	0.000000e+00	
152	5.520000e-08	0.000000e+00	0.000000e+00	0.000000e+00	
153	5.620000e-08	0.000000e+00	0.000000e+00	0.000000e+00	
154	5.720000e-08	0.000000e+00	0.000000e+00	0.000000e+00	
155	5.820000e-08	0.000000e+00	0.000000e+00	0.000000e+00	
156	5.900000e-08	0.000000e+00	0.000000e+00	0.000000e+00	
157	5.910000e-08	0.000000e+00	0.000000e+00	0.000000e+00	
158	5.930000e-08	0.000000e+00	0.000000e+00	0.000000e+00	
159	5.970000e-08	0.000000e+00	0.000000e+00	0.000000e+00	
160	6.000000e-08	0.000000e+00	0.000000e+00	0.000000e+00	
161	6.008000e-08	0.000000e+00	0.000000e+00	0.000000e+00	
162	6.024000e-08	0.000000e+00	0.000000e+00	0.000000e+00	
163	6.056000e-08	0.000000e+00	0.000000e+00	0.000000e+00	
164	6.100000e-08	0.000000e+00	0.000000e+00	0.000000e+00	
165	6.106400e-08	0.000000e+00	0.000000e+00	0.000000e+00	
166	6.119200e-08	0.000000e+00	0.000000e+00	0.000000e+00	
167	6.144800e-08	0.000000e+00	0.000000e+00	0.000000e+00	
168	6.196000e-08	0.000000e+00	0.000000e+00	0.000000e+00	
169	6.224000e-08	0.000000e+00	0.000000e+00	0.000000e+00	
170	6.234000e-08	0.000000e+00	0.000000e+00	0.000000e+00	

Index   time            a2#branch_1_6   v1#branch       v2#branch       
--------------------------------------------------------------------------------
171	6.254000e-08	0.000000e+00	0.000000e+00	0.000000e+00	
172	6.294000e-08	0.000000e+00	0.000000e+00	0.000000e+00	
173	6.324000e-08	0.000000e+00	0.000000e+00	0.000000e+00	
174	6.332000e-08	0.000000e+00	0.000000e+00	0.000000e+00	
175	6.348000e-08	0.000000e+00	0.000000e+00	0.000000e+00	
176	6.380000e-08	0.000000e+00	0.000000e+00	0.000000e+00	
177	6.444000e-08	0.000000e+00	0.000000e+00	0.000000e+00	
178	6.544000e-08	0.000000e+00	0.000000e+00	0.000000e+00	
179	6.600000e-08	0.000000e+00	0.000000e+00	0.000000e+00	
180	6.610000e-08	0.000000e+00	0.000000e+00	0.000000e+00	
181	6.630000e-08	0.000000e+00	0.000000e+00	0.000000e+00	
182	6.670000e-08	0.000000e+00	0.000000e+00	0.000000e+00	
183	6.700000e-08	0.000000e+00	0.000000e+00	0.000000e+00	
184	6.708000e-08	0.000000e+00	0.000000e+00	0.000000e+00	
185	6.724000e-08	0.000000e+00	0.000000e+00	0.000000e+00	
186	6.756000e-08	0.000000e+00	0.000000e+00	0.000000e+00	
187	6.820000e-08	0.000000e+00	0.000000e+00	0.000000e+00	
188	6.920000e-08	0.000000e+00	0.000000e+00	0.000000e+00	
189	7.020000e-08	0.000000e+00	0.000000e+00	0.000000e+00	
190	7.100000e-08	0.000000e+00	0.000000e+00	0.000000e+00	
191	7.110000e-08	0.000000e+00	0.000000e+00	0.000000e+00	
192	7.130000e-08	0.000000e+00	0.000000e+00	0.000000e+00	
193	7.170000e-08	0.000000e+00	0.000000e+00	0.000000e+00	
194	7.200000e-08	0.000000e+00	0.000000e+00	0.000000e+00	
195	7.208000e-08	0.000000e+00	0.000000e+00	0.000000e+00	
196	7.224000e-08	0.000000e+00	0.000000e+00	0.000000e+00	
197	7.256000e-08	0.000000e+00	0.000000e+00	0.000000e+00	
198	7.300000e-08	0.000000e+00	0.000000e+00	0.000000e+00	
199	7.306400e-08	0.000000e+00	0.000000e+00	0.000000e+00	
200	7.319200e-08	0.000000e+00	0.000000e+00	0.000000e+00	
201	7.344800e-08	0.000000e+00	0.000000e+00	0.000000e+00	
202	7.396000e-08	0.000000e+00	0.000000e+00	0.000000e+00	
203	7.424000e-08	0.000000e+00	0.000000e+00	0.000000e+00	
204	7.434000e-08	0.000000e+00	0.000000e+00	0.000000e+00	
205	7.454000e-08	0.000000e+00	0.000000e+00	0.000000e+00	
206	7.494000e-08	0.000000e+00	0.000000e+00	0.000000e+00	
207	7.524000e-08	0.000000e+00	0.000000e+00	0.000000e+00	
208	7.532000e-08	0.000000e+00	0.000000e+00	0.000000e+00	
209	7.548000e-08	0.000000e+00	0.000000e+00	0.000000e+00	
210	7.580000e-08	0.000000e+00	0.000000e+00	0.000000e+00	
211	7.644000e-08	0.000000e+00	0.000000e+00	0.000000e+00	
212	7.744000e-08	0.000000e+00	0.000000e+00	0.000000e+00	
213	7.844000e-08	0.000000e+00	0.000000e+00	0.000000e+00	
214	7.900000e-08	0.000000e+00	0.000000e+00	0.000000e+00	
215	7.910000e-08	0.000000e+00	0.000000e+00	0.000000e+00	
216	7.930000e-08	0.000000e+00	0.000000e+00	0.000000e+00	
217	7.970000e-08	0.000000e+00	0.000000e+00	0.000000e+00	
218	8.000000e-08	0.000000e+00	0.000000e+00	0.000000e+00	
219	8.008000e-08	0.000000e+00	0.000000e+00	0.000000e+00	
220	8.024000e-08	0.000000e+00	0.000000e+00	0.000000e+00	
221	8.056000e-08	0.000000e+00	0.000000e+00	0.000000e+00	
222	8.100000e-08	0.000000e+00	0.000000e+00	0.000000e+00	
223	8.106400e-08	0.000000e+00	0.000000e+00	0.000000e+00	
224	8.119200e-08	0.000000e+00	0.000000e+00	0.000000e+00	
225	8.144800e-08	0.000000e+00	0.000000e+00	0.000000e+00	
226	8.196000e-08	0.000000e+00	0.000000e+00	0.000000e+00	
227	8.224000e-08	0.000000e+00	0.000000e+00	0.000000e+00	
228	8.234000e-08	0.000000e+00	0.000000e+00	0.000000e+00	

Index   time            a2#branch_1_6   v1#branch       v2#branch       
--------------------------------------------------------------------------------
229	8.254000e-08	0.000000e+00	0.000000e+00	0.000000e+00	
230	8.294000e-08	0.000000e+00	0.000000e+00	0.000000e+00	
231	8.324000e-08	0.000000e+00	0.000000e+00	0.000000e+00	
232	8.332000e-08	0.000000e+00	0.000000e+00	0.000000e+00	
233	8.348000e-08	0.000000e+00	0.000000e+00	0.000000e+00	
234	8.380000e-08	0.000000e+00	0.000000e+00	0.000000e+00	
235	8.444000e-08	0.000000e+00	0.000000e+00	0.000000e+00	
236	8.544000e-08	0.000000e+00	0.000000e+00	0.000000e+00	
237	8.600000e-08	0.000000e+00	0.000000e+00	0.000000e+00	
238	8.610000e-08	0.000000e+00	0.000000e+00	0.000000e+00	
239	8.630000e-08	0.000000e+00	0.000000e+00	0.000000e+00	
240	8.670000e-08	0.000000e+00	0.000000e+00	0.000000e+00	
241	8.700000e-08	0.000000e+00	0.000000e+00	0.000000e+00	
242	8.708000e-08	0.000000e+00	0.000000e+00	0.000000e+00	
243	8.724000e-08	0.000000e+00	0.000000e+00	0.000000e+00	
244	8.756000e-08	0.000000e+00	0.000000e+00	0.000000e+00	
245	8.820000e-08	0.000000e+00	0.000000e+00	0.000000e+00	
246	8.920000e-08	0.000000e+00	0.000000e+00	0.000000e+00	
247	9.000000e-08	0.000000e+00	0.000000e+00	0.000000e+00	
248	9.010000e-08	0.000000e+00	0.000000e+00	0.000000e+00	
249	9.030000e-08	0.000000e+00	0.000000e+00	0.000000e+00	
250	9.070000e-08	0.000000e+00	0.000000e+00	0.000000e+00	
251	9.100000e-08	0.000000e+00	0.000000e+00	0.000000e+00	
252	9.108000e-08	0.000000e+00	0.000000e+00	0.000000e+00	
253	9.124000e-08	0.000000e+00	0.000000e+00	0.000000e+00	
254	9.156000e-08	0.000000e+00	0.000000e+00	0.000000e+00	
255	9.200000e-08	0.000000e+00	0.000000e+00	0.000000e+00	
256	9.206400e-08	0.000000e+00	0.000000e+00	0.000000e+00	
257	9.219200e-08	0.000000e+00	0.000000e+00	0.000000e+00	
258	9.244800e-08	0.000000e+00	0.000000e+00	0.000000e+00	
259	9.296000e-08	0.000000e+00	0.000000e+00	0.000000e+00	
260	9.396000e-08	0.000000e+00	0.000000e+00	0.000000e+00	
261	9.496000e-08	0.000000e+00	0.000000e+00	0.000000e+00	
262	9.596000e-08	0.000000e+00	0.000000e+00	0.000000e+00	
263	9.600000e-08	0.000000e+00	0.000000e+00	0.000000e+00	
264	9.608000e-08	0.000000e+00	0.000000e+00	0.000000e+00	
265	9.624000e-08	0.000000e+00	0.000000e+00	0.000000e+00	
266	9.656000e-08	0.000000e+00	0.000000e+00	0.000000e+00	
267	9.700000e-08	0.000000e+00	0.000000e+00	0.000000e+00	
268	9.706400e-08	0.000000e+00	0.000000e+00	0.000000e+00	
269	9.719200e-08	0.000000e+00	0.000000e+00	0.000000e+00	
270	9.744800e-08	0.000000e+00	0.000000e+00	0.000000e+00	
271	9.796000e-08	0.000000e+00	0.000000e+00	0.000000e+00	
272	9.896000e-08	0.000000e+00	0.000000e+00	0.000000e+00	
273	9.996000e-08	0.000000e+00	0.000000e+00	0.000000e+00	
274	1.000000e-07	0.000000e+00	0.000000e+00	0.000000e+00	
275	1.000800e-07	0.000000e+00	0.000000e+00	0.000000e+00	
276	1.002400e-07	0.000000e+00	0.000000e+00	0.000000e+00	
277	1.005600e-07	0.000000e+00	0.000000e+00	0.000000e+00	
278	1.010000e-07	0.000000e+00	0.000000e+00	0.000000e+00	
279	1.010640e-07	0.000000e+00	0.000000e+00	0.000000e+00	
280	1.011920e-07	0.000000e+00	0.000000e+00	0.000000e+00	
281	1.014480e-07	0.000000e+00	0.000000e+00	0.000000e+00	
282	1.019600e-07	0.000000e+00	0.000000e+00	0.000000e+00	
283	1.029600e-07	0.000000e+00	0.000000e+00	0.000000e+00	
284	1.039600e-07	0.000000e+00	0.000000e+00	0.000000e+00	
285	1.049600e-07	0.000000e+00	0.000000e+00	0.000000e+00	
286	1.059600e-07	0.000000e+00	0.000000e+00	0.000000e+00	

Index   time            a2#branch_1_6   v1#branch       v2#branch       
--------------------------------------------------------------------------------
287	1.069600e-07	0.000000e+00	0.000000e+00	0.000000e+00	
288	1.079600e-07	0.000000e+00	0.000000e+00	0.000000e+00	
289	1.089600e-07	0.000000e+00	0.000000e+00	0.000000e+00	
290	1.099600e-07	0.000000e+00	0.000000e+00	0.000000e+00	
291	1.109600e-07	0.000000e+00	0.000000e+00	0.000000e+00	
292	1.110000e-07	0.000000e+00	0.000000e+00	0.000000e+00	
293	1.110800e-07	0.000000e+00	0.000000e+00	0.000000e+00	
294	1.112400e-07	0.000000e+00	0.000000e+00	0.000000e+00	
295	1.115600e-07	0.000000e+00	0.000000e+00	0.000000e+00	
296	1.120000e-07	0.000000e+00	0.000000e+00	0.000000e+00	
297	1.120640e-07	0.000000e+00	0.000000e+00	0.000000e+00	
298	1.121920e-07	0.000000e+00	0.000000e+00	0.000000e+00	
299	1.124480e-07	0.000000e+00	0.000000e+00	0.000000e+00	
300	1.129600e-07	0.000000e+00	0.000000e+00	0.000000e+00	
301	1.139600e-07	0.000000e+00	0.000000e+00	0.000000e+00	
302	1.140000e-07	0.000000e+00	0.000000e+00	0.000000e+00	
303	1.140800e-07	0.000000e+00	0.000000e+00	0.000000e+00	
304	1.142400e-07	0.000000e+00	0.000000e+00	0.000000e+00	
305	1.145600e-07	0.000000e+00	0.000000e+00	0.000000e+00	
306	1.150000e-07	0.000000e+00	0.000000e+00	0.000000e+00	
307	1.150640e-07	0.000000e+00	0.000000e+00	0.000000e+00	
308	1.151920e-07	0.000000e+00	0.000000e+00	0.000000e+00	
309	1.154480e-07	0.000000e+00	0.000000e+00	0.000000e+00	
310	1.159600e-07	0.000000e+00	0.000000e+00	0.000000e+00	
311	1.169600e-07	0.000000e+00	0.000000e+00	0.000000e+00	
312	1.179600e-07	0.000000e+00	0.000000e+00	0.000000e+00	
313	1.189600e-07	0.000000e+00	0.000000e+00	0.000000e+00	
314	1.199600e-07	0.000000e+00	0.000000e+00	0.000000e+00	
315	1.200000e-07	0.000000e+00	0.000000e+00	0.000000e+00	
316	1.200800e-07	0.000000e+00	0.000000e+00	0.000000e+00	
317	1.202400e-07	0.000000e+00	0.000000e+00	0.000000e+00	
318	1.205600e-07	0.000000e+00	0.000000e+00	0.000000e+00	
319	1.210000e-07	0.000000e+00	0.000000e+00	0.000000e+00	
320	1.210640e-07	0.000000e+00	0.000000e+00	0.000000e+00	
321	1.211920e-07	0.000000e+00	0.000000e+00	0.000000e+00	
322	1.214480e-07	0.000000e+00	0.000000e+00	0.000000e+00	
323	1.219600e-07	0.000000e+00	0.000000e+00	0.000000e+00	
324	1.222400e-07	0.000000e+00	0.000000e+00	0.000000e+00	
325	1.223400e-07	0.000000e+00	0.000000e+00	0.000000e+00	
326	1.225400e-07	0.000000e+00	0.000000e+00	0.000000e+00	
327	1.229400e-07	0.000000e+00	0.000000e+00	0.000000e+00	
328	1.232400e-07	0.000000e+00	0.000000e+00	0.000000e+00	
329	1.233200e-07	0.000000e+00	0.000000e+00	0.000000e+00	
330	1.234800e-07	0.000000e+00	0.000000e+00	0.000000e+00	
331	1.238000e-07	0.000000e+00	0.000000e+00	0.000000e+00	
332	1.244400e-07	0.000000e+00	0.000000e+00	0.000000e+00	
333	1.254400e-07	0.000000e+00	0.000000e+00	0.000000e+00	
334	1.264400e-07	0.000000e+00	0.000000e+00	0.000000e+00	
335	1.274400e-07	0.000000e+00	0.000000e+00	0.000000e+00	
336	1.284400e-07	0.000000e+00	0.000000e+00	0.000000e+00	
337	1.294400e-07	0.000000e+00	0.000000e+00	0.000000e+00	
338	1.304400e-07	0.000000e+00	0.000000e+00	0.000000e+00	
339	1.310000e-07	0.000000e+00	0.000000e+00	0.000000e+00	
340	1.311000e-07	0.000000e+00	0.000000e+00	0.000000e+00	
341	1.313000e-07	0.000000e+00	0.000000e+00	0.000000e+00	
342	1.317000e-07	0.000000e+00	0.000000e+00	0.000000e+00	
343	1.320000e-07	0.000000e+00	0.000000e+00	0.000000e+00	
344	1.320800e-07	0.000000e+00	0.000000e+00	0.000000e+00	

Index   time            a2#branch_1_6   v1#branch       v2#branch       
--------------------------------------------------------------------------------
345	1.322400e-07	0.000000e+00	0.000000e+00	0.000000e+00	
346	1.325600e-07	0.000000e+00	0.000000e+00	0.000000e+00	
347	1.332000e-07	0.000000e+00	0.000000e+00	0.000000e+00	
348	1.342000e-07	0.000000e+00	0.000000e+00	0.000000e+00	
349	1.352000e-07	0.000000e+00	0.000000e+00	0.000000e+00	
350	1.362000e-07	0.000000e+00	0.000000e+00	0.000000e+00	
351	1.372000e-07	0.000000e+00	0.000000e+00	0.000000e+00	
352	1.380000e-07	0.000000e+00	0.000000e+00	0.000000e+00	
353	1.381000e-07	0.000000e+00	0.000000e+00	0.000000e+00	
354	1.383000e-07	0.000000e+00	0.000000e+00	0.000000e+00	
355	1.387000e-07	0.000000e+00	0.000000e+00	0.000000e+00	
356	1.390000e-07	0.000000e+00	0.000000e+00	0.000000e+00	
357	1.390800e-07	0.000000e+00	0.000000e+00	0.000000e+00	
358	1.392400e-07	0.000000e+00	0.000000e+00	0.000000e+00	
359	1.395600e-07	0.000000e+00	0.000000e+00	0.000000e+00	
360	1.400000e-07	0.000000e+00	0.000000e+00	0.000000e+00	
361	1.400640e-07	0.000000e+00	0.000000e+00	0.000000e+00	
362	1.401920e-07	0.000000e+00	0.000000e+00	0.000000e+00	
363	1.404480e-07	0.000000e+00	0.000000e+00	0.000000e+00	
364	1.409600e-07	0.000000e+00	0.000000e+00	0.000000e+00	
365	1.410000e-07	0.000000e+00	0.000000e+00	0.000000e+00	
366	1.410800e-07	0.000000e+00	0.000000e+00	0.000000e+00	
367	1.412400e-07	0.000000e+00	0.000000e+00	0.000000e+00	
368	1.415600e-07	0.000000e+00	0.000000e+00	0.000000e+00	
369	1.422000e-07	0.000000e+00	0.000000e+00	0.000000e+00	
370	1.432000e-07	0.000000e+00	0.000000e+00	0.000000e+00	
371	1.440000e-07	0.000000e+00	0.000000e+00	0.000000e+00	
372	1.441000e-07	0.000000e+00	0.000000e+00	0.000000e+00	
373	1.443000e-07	0.000000e+00	0.000000e+00	0.000000e+00	
374	1.447000e-07	0.000000e+00	0.000000e+00	0.000000e+00	
375	1.450000e-07	0.000000e+00	0.000000e+00	0.000000e+00	
376	1.450800e-07	0.000000e+00	0.000000e+00	0.000000e+00	
377	1.452400e-07	0.000000e+00	0.000000e+00	0.000000e+00	
378	1.455600e-07	0.000000e+00	0.000000e+00	0.000000e+00	
379	1.462000e-07	0.000000e+00	0.000000e+00	0.000000e+00	
380	1.463000e-07	0.000000e+00	0.000000e+00	0.000000e+00	
381	1.464000e-07	0.000000e+00	0.000000e+00	0.000000e+00	
382	1.466000e-07	0.000000e+00	0.000000e+00	0.000000e+00	
383	1.470000e-07	0.000000e+00	0.000000e+00	0.000000e+00	
384	1.473000e-07	0.000000e+00	0.000000e+00	0.000000e+00	
385	1.473800e-07	0.000000e+00	0.000000e+00	0.000000e+00	
386	1.475400e-07	0.000000e+00	0.000000e+00	0.000000e+00	
387	1.478600e-07	0.000000e+00	0.000000e+00	0.000000e+00	
388	1.485000e-07	0.000000e+00	0.000000e+00	0.000000e+00	
389	1.495000e-07	0.000000e+00	0.000000e+00	0.000000e+00	
390	1.505000e-07	0.000000e+00	0.000000e+00	0.000000e+00	
391	1.510000e-07	0.000000e+00	0.000000e+00	0.000000e+00	
392	1.511000e-07	0.000000e+00	0.000000e+00	0.000000e+00	
393	1.513000e-07	0.000000e+00	0.000000e+00	0.000000e+00	
394	1.517000e-07	0.000000e+00	0.000000e+00	0.000000e+00	
395	1.520000e-07	0.000000e+00	0.000000e+00	0.000000e+00	
396	1.520800e-07	0.000000e+00	0.000000e+00	0.000000e+00	
397	1.522400e-07	0.000000e+00	0.000000e+00	0.000000e+00	
398	1.525600e-07	0.000000e+00	0.000000e+00	0.000000e+00	
399	1.532000e-07	0.000000e+00	0.000000e+00	0.000000e+00	
400	1.542000e-07	0.000000e+00	0.000000e+00	0.000000e+00	
401	1.552000e-07	0.000000e+00	0.000000e+00	0.000000e+00	
402	1.562000e-07	0.000000e+00	0.000000e+00	0.000000e+00	

Index   time            a2#branch_1_6   v1#branch       v2#branch       
--------------------------------------------------------------------------------
403	1.572000e-07	0.000000e+00	0.000000e+00	0.000000e+00	
404	1.582000e-07	0.000000e+00	0.000000e+00	0.000000e+00	
405	1.592000e-07	0.000000e+00	0.000000e+00	0.000000e+00	
406	1.600000e-07	0.000000e+00	0.000000e+00	0.000000e+00	
407	1.601000e-07	0.000000e+00	0.000000e+00	0.000000e+00	
408	1.603000e-07	0.000000e+00	0.000000e+00	0.000000e+00	
409	1.607000e-07	0.000000e+00	0.000000e+00	0.000000e+00	
410	1.610000e-07	0.000000e+00	0.000000e+00	0.000000e+00	
411	1.610800e-07	0.000000e+00	0.000000e+00	0.000000e+00	
412	1.612400e-07	0.000000e+00	0.000000e+00	0.000000e+00	
413	1.615600e-07	0.000000e+00	0.000000e+00	0.000000e+00	
414	1.620000e-07	0.000000e+00	0.000000e+00	0.000000e+00	
415	1.620640e-07	0.000000e+00	0.000000e+00	0.000000e+00	
416	1.621920e-07	0.000000e+00	0.000000e+00	0.000000e+00	
417	1.624480e-07	0.000000e+00	0.000000e+00	0.000000e+00	
418	1.629600e-07	0.000000e+00	0.000000e+00	0.000000e+00	
419	1.630000e-07	0.000000e+00	0.000000e+00	0.000000e+00	
420	1.630800e-07	0.000000e+00	0.000000e+00	0.000000e+00	
421	1.632400e-07	0.000000e+00	0.000000e+00	0.000000e+00	
422	1.635600e-07	0.000000e+00	0.000000e+00	0.000000e+00	
423	1.642000e-07	0.000000e+00	0.000000e+00	0.000000e+00	
424	1.652000e-07	0.000000e+00	0.000000e+00	0.000000e+00	
425	1.662000e-07	0.000000e+00	0.000000e+00	0.000000e+00	
426	1.672000e-07	0.000000e+00	0.000000e+00	0.000000e+00	
427	1.680000e-07	0.000000e+00	0.000000e+00	0.000000e+00	
428	1.681000e-07	0.000000e+00	0.000000e+00	0.000000e+00	
429	1.683000e-07	0.000000e+00	0.000000e+00	0.000000e+00	
430	1.687000e-07	0.000000e+00	0.000000e+00	0.000000e+00	
431	1.690000e-07	0.000000e+00	0.000000e+00	0.000000e+00	
432	1.690800e-07	0.000000e+00	0.000000e+00	0.000000e+00	
433	1.692400e-07	0.000000e+00	0.000000e+00	0.000000e+00	
434	1.695600e-07	0.000000e+00	0.000000e+00	0.000000e+00	
435	1.702000e-07	0.000000e+00	0.000000e+00	0.000000e+00	
436	1.703000e-07	0.000000e+00	0.000000e+00	0.000000e+00	
437	1.703700e-07	0.000000e+00	0.000000e+00	0.000000e+00	
438	1.705100e-07	0.000000e+00	0.000000e+00	0.000000e+00	
439	1.707900e-07	0.000000e+00	0.000000e+00	0.000000e+00	
440	1.710000e-07	0.000000e+00	0.000000e+00	0.000000e+00	
441	1.710300e-07	0.000000e+00	0.000000e+00	0.000000e+00	
442	1.710900e-07	0.000000e+00	0.000000e+00	0.000000e+00	
443	1.712100e-07	0.000000e+00	0.000000e+00	0.000000e+00	
444	1.713000e-07	0.000000e+00	0.000000e+00	0.000000e+00	
445	1.713240e-07	0.000000e+00	0.000000e+00	0.000000e+00	
446	1.713720e-07	0.000000e+00	0.000000e+00	0.000000e+00	
447	1.714680e-07	0.000000e+00	0.000000e+00	0.000000e+00	
448	1.716600e-07	0.000000e+00	0.000000e+00	0.000000e+00	
449	1.720000e-07	0.000000e+00	0.000000e+00	0.000000e+00	
450	1.720384e-07	0.000000e+00	0.000000e+00	0.000000e+00	
451	1.721152e-07	0.000000e+00	0.000000e+00	0.000000e+00	
452	1.722688e-07	0.000000e+00	0.000000e+00	0.000000e+00	
453	1.725760e-07	0.000000e+00	0.000000e+00	0.000000e+00	
454	1.731904e-07	0.000000e+00	0.000000e+00	0.000000e+00	
455	1.741904e-07	0.000000e+00	0.000000e+00	0.000000e+00	
456	1.751904e-07	0.000000e+00	0.000000e+00	0.000000e+00	
457	1.761904e-07	0.000000e+00	0.000000e+00	0.000000e+00	
458	1.771904e-07	0.000000e+00	0.000000e+00	0.000000e+00	
459	1.781904e-07	0.000000e+00	0.000000e+00	0.000000e+00	
460	1.791904e-07	0.000000e+00	0.000000e+00	0.000000e+00	

Index   time            a2#branch_1_6   v1#branch       v2#branch       
--------------------------------------------------------------------------------
461	1.800000e-07	0.000000e+00	0.000000e+00	0.000000e+00	
462	1.801000e-07	0.000000e+00	0.000000e+00	0.000000e+00	
463	1.803000e-07	0.000000e+00	0.000000e+00	0.000000e+00	
464	1.807000e-07	0.000000e+00	0.000000e+00	0.000000e+00	
465	1.810000e-07	0.000000e+00	0.000000e+00	0.000000e+00	
466	1.810800e-07	0.000000e+00	0.000000e+00	0.000000e+00	
467	1.812400e-07	0.000000e+00	0.000000e+00	0.000000e+00	
468	1.815600e-07	0.000000e+00	0.000000e+00	0.000000e+00	
469	1.822000e-07	0.000000e+00	0.000000e+00	0.000000e+00	
470	1.823000e-07	0.000000e+00	0.000000e+00	0.000000e+00	
471	1.824000e-07	0.000000e+00	0.000000e+00	0.000000e+00	
472	1.826000e-07	0.000000e+00	0.000000e+00	0.000000e+00	
473	1.830000e-07	0.000000e+00	0.000000e+00	0.000000e+00	
474	1.833000e-07	0.000000e+00	0.000000e+00	0.000000e+00	
475	1.833800e-07	0.000000e+00	0.000000e+00	0.000000e+00	
476	1.835400e-07	0.000000e+00	0.000000e+00	0.000000e+00	
477	1.838600e-07	0.000000e+00	0.000000e+00	0.000000e+00	
478	1.845000e-07	0.000000e+00	0.000000e+00	0.000000e+00	
479	1.855000e-07	0.000000e+00	0.000000e+00	0.000000e+00	
480	1.860000e-07	0.000000e+00	0.000000e+00	0.000000e+00	
481	1.861000e-07	0.000000e+00	0.000000e+00	0.000000e+00	
482	1.863000e-07	0.000000e+00	0.000000e+00	0.000000e+00	
483	1.867000e-07	0.000000e+00	0.000000e+00	0.000000e+00	
484	1.870000e-07	0.000000e+00	0.000000e+00	0.000000e+00	
485	1.870800e-07	0.000000e+00	0.000000e+00	0.000000e+00	
486	1.872400e-07	0.000000e+00	0.000000e+00	0.000000e+00	
487	1.875600e-07	0.000000e+00	0.000000e+00	0.000000e+00	
488	1.882000e-07	0.000000e+00	0.000000e+00	0.000000e+00	
489	1.892000e-07	0.000000e+00	0.000000e+00	0.000000e+00	
490	1.902000e-07	0.000000e+00	0.000000e+00	0.000000e+00	
491	1.910000e-07	0.000000e+00	0.000000e+00	0.000000e+00	
492	1.911000e-07	0.000000e+00	0.000000e+00	0.000000e+00	
493	1.913000e-07	0.000000e+00	0.000000e+00	0.000000e+00	
494	1.917000e-07	0.000000e+00	0.000000e+00	0.000000e+00	
495	1.920000e-07	0.000000e+00	0.000000e+00	0.000000e+00	
496	1.920800e-07	0.000000e+00	0.000000e+00	0.000000e+00	
497	1.922400e-07	0.000000e+00	0.000000e+00	0.000000e+00	
498	1.925600e-07	0.000000e+00	0.000000e+00	0.000000e+00	
499	1.930000e-07	0.000000e+00	0.000000e+00	0.000000e+00	
500	1.930640e-07	0.000000e+00	0.000000e+00	0.000000e+00	
501	1.931920e-07	0.000000e+00	0.000000e+00	0.000000e+00	
502	1.934480e-07	0.000000e+00	0.000000e+00	0.000000e+00	
503	1.939600e-07	0.000000e+00	0.000000e+00	0.000000e+00	
504	1.949600e-07	0.000000e+00	0.000000e+00	0.000000e+00	
505	1.959600e-07	0.000000e+00	0.000000e+00	0.000000e+00	
506	1.969600e-07	0.000000e+00	0.000000e+00	0.000000e+00	
507	1.979600e-07	0.000000e+00	0.000000e+00	0.000000e+00	
508	1.989600e-07	0.000000e+00	0.000000e+00	0.000000e+00	
509	1.999600e-07	0.000000e+00	0.000000e+00	0.000000e+00	
510	2.000000e-07	0.000000e+00	0.000000e+00	0.000000e+00	

                                kicad schematic
                                Transient Analysis  Sun Jul 05 21:18:26  2026
--------------------------------------------------------------------------------
Index   time            v3#branch       v4#branch       v5#branch       
--------------------------------------------------------------------------------
0	0.000000e+00	0.000000e+00	0.000000e+00	0.000000e+00	
1	1.000000e-11	0.000000e+00	0.000000e+00	0.000000e+00	
2	2.000000e-11	0.000000e+00	0.000000e+00	0.000000e+00	
3	4.000000e-11	0.000000e+00	0.000000e+00	0.000000e+00	
4	8.000000e-11	0.000000e+00	0.000000e+00	0.000000e+00	
5	1.600000e-10	0.000000e+00	0.000000e+00	0.000000e+00	
6	3.200000e-10	0.000000e+00	0.000000e+00	0.000000e+00	
7	6.400000e-10	0.000000e+00	0.000000e+00	0.000000e+00	
8	1.000000e-09	0.000000e+00	0.000000e+00	0.000000e+00	
9	1.064000e-09	0.000000e+00	0.000000e+00	0.000000e+00	
10	1.192000e-09	0.000000e+00	0.000000e+00	0.000000e+00	
11	1.448000e-09	0.000000e+00	0.000000e+00	0.000000e+00	
12	1.960000e-09	0.000000e+00	0.000000e+00	0.000000e+00	
13	2.960000e-09	0.000000e+00	0.000000e+00	0.000000e+00	
14	3.960000e-09	0.000000e+00	0.000000e+00	0.000000e+00	
15	4.960000e-09	0.000000e+00	0.000000e+00	0.000000e+00	
16	5.960000e-09	0.000000e+00	0.000000e+00	0.000000e+00	
17	6.960000e-09	0.000000e+00	0.000000e+00	0.000000e+00	
18	7.960000e-09	0.000000e+00	0.000000e+00	0.000000e+00	
19	8.960000e-09	0.000000e+00	0.000000e+00	0.000000e+00	
20	9.960000e-09	0.000000e+00	0.000000e+00	0.000000e+00	
21	1.000000e-08	0.000000e+00	0.000000e+00	0.000000e+00	
22	1.001000e-08	0.000000e+00	0.000000e+00	0.000000e+00	
23	1.003000e-08	0.000000e+00	0.000000e+00	0.000000e+00	
24	1.007000e-08	0.000000e+00	0.000000e+00	0.000000e+00	
25	1.010000e-08	0.000000e+00	0.000000e+00	0.000000e+00	
26	1.010800e-08	0.000000e+00	0.000000e+00	0.000000e+00	
27	1.012400e-08	0.000000e+00	0.000000e+00	0.000000e+00	
28	1.015600e-08	0.000000e+00	0.000000e+00	0.000000e+00	
29	1.022000e-08	0.000000e+00	0.000000e+00	0.000000e+00	
30	1.034800e-08	0.000000e+00	0.000000e+00	0.000000e+00	
31	1.060400e-08	0.000000e+00	0.000000e+00	0.000000e+00	
32	1.100000e-08	0.000000e+00	0.000000e+00	0.000000e+00	
33	1.105120e-08	0.000000e+00	0.000000e+00	0.000000e+00	
34	1.115360e-08	0.000000e+00	0.000000e+00	0.000000e+00	
35	1.135840e-08	0.000000e+00	0.000000e+00	0.000000e+00	
36	1.176800e-08	0.000000e+00	0.000000e+00	0.000000e+00	
37	1.200000e-08	0.000000e+00	0.000000e+00	0.000000e+00	
38	1.208192e-08	0.000000e+00	0.000000e+00	0.000000e+00	
39	1.224576e-08	0.000000e+00	0.000000e+00	0.000000e+00	
40	1.257344e-08	0.000000e+00	0.000000e+00	0.000000e+00	
41	1.322880e-08	0.000000e+00	0.000000e+00	0.000000e+00	
42	1.422880e-08	0.000000e+00	0.000000e+00	0.000000e+00	
43	1.500000e-08	0.000000e+00	0.000000e+00	0.000000e+00	
44	1.510000e-08	0.000000e+00	0.000000e+00	0.000000e+00	
45	1.530000e-08	0.000000e+00	0.000000e+00	0.000000e+00	
46	1.570000e-08	0.000000e+00	0.000000e+00	0.000000e+00	
47	1.600000e-08	0.000000e+00	0.000000e+00	0.000000e+00	
48	1.608000e-08	0.000000e+00	0.000000e+00	0.000000e+00	
49	1.624000e-08	0.000000e+00	0.000000e+00	0.000000e+00	
50	1.656000e-08	0.000000e+00	0.000000e+00	0.000000e+00	
51	1.720000e-08	0.000000e+00	0.000000e+00	0.000000e+00	
52	1.800000e-08	0.000000e+00	0.000000e+00	0.000000e+00	
53	1.810000e-08	0.000000e+00	0.000000e+00	0.000000e+00	
54	1.830000e-08	0.000000e+00	0.000000e+00	0.000000e+00	

Index   time            v3#branch       v4#branch       v5#branch       
--------------------------------------------------------------------------------
55	1.870000e-08	0.000000e+00	0.000000e+00	0.000000e+00	
56	1.900000e-08	0.000000e+00	0.000000e+00	0.000000e+00	
57	1.908000e-08	0.000000e+00	0.000000e+00	0.000000e+00	
58	1.924000e-08	0.000000e+00	0.000000e+00	0.000000e+00	
59	1.956000e-08	0.000000e+00	0.000000e+00	0.000000e+00	
60	2.000000e-08	0.000000e+00	0.000000e+00	0.000000e+00	
61	2.006400e-08	0.000000e+00	0.000000e+00	0.000000e+00	
62	2.019200e-08	0.000000e+00	0.000000e+00	0.000000e+00	
63	2.044800e-08	0.000000e+00	0.000000e+00	0.000000e+00	
64	2.096000e-08	0.000000e+00	0.000000e+00	0.000000e+00	
65	2.100000e-08	0.000000e+00	0.000000e+00	0.000000e+00	
66	2.108000e-08	0.000000e+00	0.000000e+00	0.000000e+00	
67	2.124000e-08	0.000000e+00	0.000000e+00	0.000000e+00	
68	2.156000e-08	0.000000e+00	0.000000e+00	0.000000e+00	
69	2.220000e-08	0.000000e+00	0.000000e+00	0.000000e+00	
70	2.320000e-08	0.000000e+00	0.000000e+00	0.000000e+00	
71	2.400000e-08	0.000000e+00	0.000000e+00	0.000000e+00	
72	2.410000e-08	0.000000e+00	0.000000e+00	0.000000e+00	
73	2.430000e-08	0.000000e+00	0.000000e+00	0.000000e+00	
74	2.470000e-08	0.000000e+00	0.000000e+00	0.000000e+00	
75	2.500000e-08	0.000000e+00	0.000000e+00	0.000000e+00	
76	2.508000e-08	0.000000e+00	0.000000e+00	0.000000e+00	
77	2.524000e-08	0.000000e+00	0.000000e+00	0.000000e+00	
78	2.556000e-08	0.000000e+00	0.000000e+00	0.000000e+00	
79	2.620000e-08	0.000000e+00	0.000000e+00	0.000000e+00	
80	2.720000e-08	0.000000e+00	0.000000e+00	0.000000e+00	
81	2.820000e-08	0.000000e+00	0.000000e+00	0.000000e+00	
82	2.920000e-08	0.000000e+00	0.000000e+00	0.000000e+00	
83	3.020000e-08	0.000000e+00	0.000000e+00	0.000000e+00	
84	3.100000e-08	0.000000e+00	0.000000e+00	0.000000e+00	
85	3.110000e-08	0.000000e+00	0.000000e+00	0.000000e+00	
86	3.130000e-08	0.000000e+00	0.000000e+00	0.000000e+00	
87	3.170000e-08	0.000000e+00	0.000000e+00	0.000000e+00	
88	3.200000e-08	0.000000e+00	0.000000e+00	0.000000e+00	
89	3.208000e-08	0.000000e+00	0.000000e+00	0.000000e+00	
90	3.224000e-08	0.000000e+00	0.000000e+00	0.000000e+00	
91	3.256000e-08	0.000000e+00	0.000000e+00	0.000000e+00	
92	3.320000e-08	0.000000e+00	0.000000e+00	0.000000e+00	
93	3.420000e-08	0.000000e+00	0.000000e+00	0.000000e+00	
94	3.520000e-08	0.000000e+00	0.000000e+00	0.000000e+00	
95	3.620000e-08	0.000000e+00	0.000000e+00	0.000000e+00	
96	3.720000e-08	0.000000e+00	0.000000e+00	0.000000e+00	
97	3.820000e-08	0.000000e+00	0.000000e+00	0.000000e+00	
98	3.900000e-08	0.000000e+00	0.000000e+00	0.000000e+00	
99	3.910000e-08	0.000000e+00	0.000000e+00	0.000000e+00	
100	3.930000e-08	0.000000e+00	0.000000e+00	0.000000e+00	
101	3.970000e-08	0.000000e+00	0.000000e+00	0.000000e+00	
102	4.000000e-08	0.000000e+00	0.000000e+00	0.000000e+00	
103	4.008000e-08	0.000000e+00	0.000000e+00	0.000000e+00	
104	4.024000e-08	0.000000e+00	0.000000e+00	0.000000e+00	
105	4.056000e-08	0.000000e+00	0.000000e+00	0.000000e+00	
106	4.100000e-08	0.000000e+00	0.000000e+00	0.000000e+00	
107	4.106400e-08	0.000000e+00	0.000000e+00	0.000000e+00	
108	4.119200e-08	0.000000e+00	0.000000e+00	0.000000e+00	
109	4.144800e-08	0.000000e+00	0.000000e+00	0.000000e+00	
110	4.196000e-08	0.000000e+00	0.000000e+00	0.000000e+00	
111	4.200000e-08	0.000000e+00	0.000000e+00	0.000000e+00	
112	4.208000e-08	0.000000e+00	0.000000e+00	0.000000e+00	

Index   time            v3#branch       v4#branch       v5#branch       
--------------------------------------------------------------------------------
113	4.224000e-08	0.000000e+00	0.000000e+00	0.000000e+00	
114	4.225600e-08	0.000000e+00	0.000000e+00	0.000000e+00	
115	4.228800e-08	0.000000e+00	0.000000e+00	0.000000e+00	
116	4.235200e-08	0.000000e+00	0.000000e+00	0.000000e+00	
117	4.248000e-08	0.000000e+00	0.000000e+00	0.000000e+00	
118	4.273600e-08	0.000000e+00	0.000000e+00	0.000000e+00	
119	4.300000e-08	0.000000e+00	0.000000e+00	0.000000e+00	
120	4.302400e-08	0.000000e+00	0.000000e+00	0.000000e+00	
121	4.307200e-08	0.000000e+00	0.000000e+00	0.000000e+00	
122	4.316800e-08	0.000000e+00	0.000000e+00	0.000000e+00	
123	4.324000e-08	0.000000e+00	0.000000e+00	0.000000e+00	
124	4.325920e-08	0.000000e+00	0.000000e+00	0.000000e+00	
125	4.329760e-08	0.000000e+00	0.000000e+00	0.000000e+00	
126	4.337440e-08	0.000000e+00	0.000000e+00	0.000000e+00	
127	4.352800e-08	0.000000e+00	0.000000e+00	0.000000e+00	
128	4.383520e-08	0.000000e+00	0.000000e+00	0.000000e+00	
129	4.444960e-08	0.000000e+00	0.000000e+00	0.000000e+00	
130	4.544960e-08	0.000000e+00	0.000000e+00	0.000000e+00	
131	4.644960e-08	0.000000e+00	0.000000e+00	0.000000e+00	
132	4.744960e-08	0.000000e+00	0.000000e+00	0.000000e+00	
133	4.800000e-08	0.000000e+00	0.000000e+00	0.000000e+00	
134	4.810000e-08	0.000000e+00	0.000000e+00	0.000000e+00	
135	4.830000e-08	0.000000e+00	0.000000e+00	0.000000e+00	
136	4.870000e-08	0.000000e+00	0.000000e+00	0.000000e+00	
137	4.900000e-08	0.000000e+00	0.000000e+00	0.000000e+00	
138	4.908000e-08	0.000000e+00	0.000000e+00	0.000000e+00	
139	4.924000e-08	0.000000e+00	0.000000e+00	0.000000e+00	
140	4.956000e-08	0.000000e+00	0.000000e+00	0.000000e+00	
141	5.020000e-08	0.000000e+00	0.000000e+00	0.000000e+00	
142	5.100000e-08	0.000000e+00	0.000000e+00	0.000000e+00	
143	5.110000e-08	0.000000e+00	0.000000e+00	0.000000e+00	
144	5.130000e-08	0.000000e+00	0.000000e+00	0.000000e+00	
145	5.170000e-08	0.000000e+00	0.000000e+00	0.000000e+00	
146	5.200000e-08	0.000000e+00	0.000000e+00	0.000000e+00	
147	5.208000e-08	0.000000e+00	0.000000e+00	0.000000e+00	
148	5.224000e-08	0.000000e+00	0.000000e+00	0.000000e+00	
149	5.256000e-08	0.000000e+00	0.000000e+00	0.000000e+00	
150	5.320000e-08	0.000000e+00	0.000000e+00	0.000000e+00	
151	5.420000e-08	0.000000e+00	0.000000e+00	0.000000e+00	
152	5.520000e-08	0.000000e+00	0.000000e+00	0.000000e+00	
153	5.620000e-08	0.000000e+00	0.000000e+00	0.000000e+00	
154	5.720000e-08	0.000000e+00	0.000000e+00	0.000000e+00	
155	5.820000e-08	0.000000e+00	0.000000e+00	0.000000e+00	
156	5.900000e-08	0.000000e+00	0.000000e+00	0.000000e+00	
157	5.910000e-08	0.000000e+00	0.000000e+00	0.000000e+00	
158	5.930000e-08	0.000000e+00	0.000000e+00	0.000000e+00	
159	5.970000e-08	0.000000e+00	0.000000e+00	0.000000e+00	
160	6.000000e-08	0.000000e+00	0.000000e+00	0.000000e+00	
161	6.008000e-08	0.000000e+00	0.000000e+00	0.000000e+00	
162	6.024000e-08	0.000000e+00	0.000000e+00	0.000000e+00	
163	6.056000e-08	0.000000e+00	0.000000e+00	0.000000e+00	
164	6.100000e-08	0.000000e+00	0.000000e+00	0.000000e+00	
165	6.106400e-08	0.000000e+00	0.000000e+00	0.000000e+00	
166	6.119200e-08	0.000000e+00	0.000000e+00	0.000000e+00	
167	6.144800e-08	0.000000e+00	0.000000e+00	0.000000e+00	
168	6.196000e-08	0.000000e+00	0.000000e+00	0.000000e+00	
169	6.224000e-08	0.000000e+00	0.000000e+00	0.000000e+00	
170	6.234000e-08	0.000000e+00	0.000000e+00	0.000000e+00	

Index   time            v3#branch       v4#branch       v5#branch       
--------------------------------------------------------------------------------
171	6.254000e-08	0.000000e+00	0.000000e+00	0.000000e+00	
172	6.294000e-08	0.000000e+00	0.000000e+00	0.000000e+00	
173	6.324000e-08	0.000000e+00	0.000000e+00	0.000000e+00	
174	6.332000e-08	0.000000e+00	0.000000e+00	0.000000e+00	
175	6.348000e-08	0.000000e+00	0.000000e+00	0.000000e+00	
176	6.380000e-08	0.000000e+00	0.000000e+00	0.000000e+00	
177	6.444000e-08	0.000000e+00	0.000000e+00	0.000000e+00	
178	6.544000e-08	0.000000e+00	0.000000e+00	0.000000e+00	
179	6.600000e-08	0.000000e+00	0.000000e+00	0.000000e+00	
180	6.610000e-08	0.000000e+00	0.000000e+00	0.000000e+00	
181	6.630000e-08	0.000000e+00	0.000000e+00	0.000000e+00	
182	6.670000e-08	0.000000e+00	0.000000e+00	0.000000e+00	
183	6.700000e-08	0.000000e+00	0.000000e+00	0.000000e+00	
184	6.708000e-08	0.000000e+00	0.000000e+00	0.000000e+00	
185	6.724000e-08	0.000000e+00	0.000000e+00	0.000000e+00	
186	6.756000e-08	0.000000e+00	0.000000e+00	0.000000e+00	
187	6.820000e-08	0.000000e+00	0.000000e+00	0.000000e+00	
188	6.920000e-08	0.000000e+00	0.000000e+00	0.000000e+00	
189	7.020000e-08	0.000000e+00	0.000000e+00	0.000000e+00	
190	7.100000e-08	0.000000e+00	0.000000e+00	0.000000e+00	
191	7.110000e-08	0.000000e+00	0.000000e+00	0.000000e+00	
192	7.130000e-08	0.000000e+00	0.000000e+00	0.000000e+00	
193	7.170000e-08	0.000000e+00	0.000000e+00	0.000000e+00	
194	7.200000e-08	0.000000e+00	0.000000e+00	0.000000e+00	
195	7.208000e-08	0.000000e+00	0.000000e+00	0.000000e+00	
196	7.224000e-08	0.000000e+00	0.000000e+00	0.000000e+00	
197	7.256000e-08	0.000000e+00	0.000000e+00	0.000000e+00	
198	7.300000e-08	0.000000e+00	0.000000e+00	0.000000e+00	
199	7.306400e-08	0.000000e+00	0.000000e+00	0.000000e+00	
200	7.319200e-08	0.000000e+00	0.000000e+00	0.000000e+00	
201	7.344800e-08	0.000000e+00	0.000000e+00	0.000000e+00	
202	7.396000e-08	0.000000e+00	0.000000e+00	0.000000e+00	
203	7.424000e-08	0.000000e+00	0.000000e+00	0.000000e+00	
204	7.434000e-08	0.000000e+00	0.000000e+00	0.000000e+00	
205	7.454000e-08	0.000000e+00	0.000000e+00	0.000000e+00	
206	7.494000e-08	0.000000e+00	0.000000e+00	0.000000e+00	
207	7.524000e-08	0.000000e+00	0.000000e+00	0.000000e+00	
208	7.532000e-08	0.000000e+00	0.000000e+00	0.000000e+00	
209	7.548000e-08	0.000000e+00	0.000000e+00	0.000000e+00	
210	7.580000e-08	0.000000e+00	0.000000e+00	0.000000e+00	
211	7.644000e-08	0.000000e+00	0.000000e+00	0.000000e+00	
212	7.744000e-08	0.000000e+00	0.000000e+00	0.000000e+00	
213	7.844000e-08	0.000000e+00	0.000000e+00	0.000000e+00	
214	7.900000e-08	0.000000e+00	0.000000e+00	0.000000e+00	
215	7.910000e-08	0.000000e+00	0.000000e+00	0.000000e+00	
216	7.930000e-08	0.000000e+00	0.000000e+00	0.000000e+00	
217	7.970000e-08	0.000000e+00	0.000000e+00	0.000000e+00	
218	8.000000e-08	0.000000e+00	0.000000e+00	0.000000e+00	
219	8.008000e-08	0.000000e+00	0.000000e+00	0.000000e+00	
220	8.024000e-08	0.000000e+00	0.000000e+00	0.000000e+00	
221	8.056000e-08	0.000000e+00	0.000000e+00	0.000000e+00	
222	8.100000e-08	0.000000e+00	0.000000e+00	0.000000e+00	
223	8.106400e-08	0.000000e+00	0.000000e+00	0.000000e+00	
224	8.119200e-08	0.000000e+00	0.000000e+00	0.000000e+00	
225	8.144800e-08	0.000000e+00	0.000000e+00	0.000000e+00	
226	8.196000e-08	0.000000e+00	0.000000e+00	0.000000e+00	
227	8.224000e-08	0.000000e+00	0.000000e+00	0.000000e+00	
228	8.234000e-08	0.000000e+00	0.000000e+00	0.000000e+00	

Index   time            v3#branch       v4#branch       v5#branch       
--------------------------------------------------------------------------------
229	8.254000e-08	0.000000e+00	0.000000e+00	0.000000e+00	
230	8.294000e-08	0.000000e+00	0.000000e+00	0.000000e+00	
231	8.324000e-08	0.000000e+00	0.000000e+00	0.000000e+00	
232	8.332000e-08	0.000000e+00	0.000000e+00	0.000000e+00	
233	8.348000e-08	0.000000e+00	0.000000e+00	0.000000e+00	
234	8.380000e-08	0.000000e+00	0.000000e+00	0.000000e+00	
235	8.444000e-08	0.000000e+00	0.000000e+00	0.000000e+00	
236	8.544000e-08	0.000000e+00	0.000000e+00	0.000000e+00	
237	8.600000e-08	0.000000e+00	0.000000e+00	0.000000e+00	
238	8.610000e-08	0.000000e+00	0.000000e+00	0.000000e+00	
239	8.630000e-08	0.000000e+00	0.000000e+00	0.000000e+00	
240	8.670000e-08	0.000000e+00	0.000000e+00	0.000000e+00	
241	8.700000e-08	0.000000e+00	0.000000e+00	0.000000e+00	
242	8.708000e-08	0.000000e+00	0.000000e+00	0.000000e+00	
243	8.724000e-08	0.000000e+00	0.000000e+00	0.000000e+00	
244	8.756000e-08	0.000000e+00	0.000000e+00	0.000000e+00	
245	8.820000e-08	0.000000e+00	0.000000e+00	0.000000e+00	
246	8.920000e-08	0.000000e+00	0.000000e+00	0.000000e+00	
247	9.000000e-08	0.000000e+00	0.000000e+00	0.000000e+00	
248	9.010000e-08	0.000000e+00	0.000000e+00	0.000000e+00	
249	9.030000e-08	0.000000e+00	0.000000e+00	0.000000e+00	
250	9.070000e-08	0.000000e+00	0.000000e+00	0.000000e+00	
251	9.100000e-08	0.000000e+00	0.000000e+00	0.000000e+00	
252	9.108000e-08	0.000000e+00	0.000000e+00	0.000000e+00	
253	9.124000e-08	0.000000e+00	0.000000e+00	0.000000e+00	
254	9.156000e-08	0.000000e+00	0.000000e+00	0.000000e+00	
255	9.200000e-08	0.000000e+00	0.000000e+00	0.000000e+00	
256	9.206400e-08	0.000000e+00	0.000000e+00	0.000000e+00	
257	9.219200e-08	0.000000e+00	0.000000e+00	0.000000e+00	
258	9.244800e-08	0.000000e+00	0.000000e+00	0.000000e+00	
259	9.296000e-08	0.000000e+00	0.000000e+00	0.000000e+00	
260	9.396000e-08	0.000000e+00	0.000000e+00	0.000000e+00	
261	9.496000e-08	0.000000e+00	0.000000e+00	0.000000e+00	
262	9.596000e-08	0.000000e+00	0.000000e+00	0.000000e+00	
263	9.600000e-08	0.000000e+00	0.000000e+00	0.000000e+00	
264	9.608000e-08	0.000000e+00	0.000000e+00	0.000000e+00	
265	9.624000e-08	0.000000e+00	0.000000e+00	0.000000e+00	
266	9.656000e-08	0.000000e+00	0.000000e+00	0.000000e+00	
267	9.700000e-08	0.000000e+00	0.000000e+00	0.000000e+00	
268	9.706400e-08	0.000000e+00	0.000000e+00	0.000000e+00	
269	9.719200e-08	0.000000e+00	0.000000e+00	0.000000e+00	
270	9.744800e-08	0.000000e+00	0.000000e+00	0.000000e+00	
271	9.796000e-08	0.000000e+00	0.000000e+00	0.000000e+00	
272	9.896000e-08	0.000000e+00	0.000000e+00	0.000000e+00	
273	9.996000e-08	0.000000e+00	0.000000e+00	0.000000e+00	
274	1.000000e-07	0.000000e+00	0.000000e+00	0.000000e+00	
275	1.000800e-07	0.000000e+00	0.000000e+00	0.000000e+00	
276	1.002400e-07	0.000000e+00	0.000000e+00	0.000000e+00	
277	1.005600e-07	0.000000e+00	0.000000e+00	0.000000e+00	
278	1.010000e-07	0.000000e+00	0.000000e+00	0.000000e+00	
279	1.010640e-07	0.000000e+00	0.000000e+00	0.000000e+00	
280	1.011920e-07	0.000000e+00	0.000000e+00	0.000000e+00	
281	1.014480e-07	0.000000e+00	0.000000e+00	0.000000e+00	
282	1.019600e-07	0.000000e+00	0.000000e+00	0.000000e+00	
283	1.029600e-07	0.000000e+00	0.000000e+00	0.000000e+00	
284	1.039600e-07	0.000000e+00	0.000000e+00	0.000000e+00	
285	1.049600e-07	0.000000e+00	0.000000e+00	0.000000e+00	
286	1.059600e-07	0.000000e+00	0.000000e+00	0.000000e+00	

Index   time            v3#branch       v4#branch       v5#branch       
--------------------------------------------------------------------------------
287	1.069600e-07	0.000000e+00	0.000000e+00	0.000000e+00	
288	1.079600e-07	0.000000e+00	0.000000e+00	0.000000e+00	
289	1.089600e-07	0.000000e+00	0.000000e+00	0.000000e+00	
290	1.099600e-07	0.000000e+00	0.000000e+00	0.000000e+00	
291	1.109600e-07	0.000000e+00	0.000000e+00	0.000000e+00	
292	1.110000e-07	0.000000e+00	0.000000e+00	0.000000e+00	
293	1.110800e-07	0.000000e+00	0.000000e+00	0.000000e+00	
294	1.112400e-07	0.000000e+00	0.000000e+00	0.000000e+00	
295	1.115600e-07	0.000000e+00	0.000000e+00	0.000000e+00	
296	1.120000e-07	0.000000e+00	0.000000e+00	0.000000e+00	
297	1.120640e-07	0.000000e+00	0.000000e+00	0.000000e+00	
298	1.121920e-07	0.000000e+00	0.000000e+00	0.000000e+00	
299	1.124480e-07	0.000000e+00	0.000000e+00	0.000000e+00	
300	1.129600e-07	0.000000e+00	0.000000e+00	0.000000e+00	
301	1.139600e-07	0.000000e+00	0.000000e+00	0.000000e+00	
302	1.140000e-07	0.000000e+00	0.000000e+00	0.000000e+00	
303	1.140800e-07	0.000000e+00	0.000000e+00	0.000000e+00	
304	1.142400e-07	0.000000e+00	0.000000e+00	0.000000e+00	
305	1.145600e-07	0.000000e+00	0.000000e+00	0.000000e+00	
306	1.150000e-07	0.000000e+00	0.000000e+00	0.000000e+00	
307	1.150640e-07	0.000000e+00	0.000000e+00	0.000000e+00	
308	1.151920e-07	0.000000e+00	0.000000e+00	0.000000e+00	
309	1.154480e-07	0.000000e+00	0.000000e+00	0.000000e+00	
310	1.159600e-07	0.000000e+00	0.000000e+00	0.000000e+00	
311	1.169600e-07	0.000000e+00	0.000000e+00	0.000000e+00	
312	1.179600e-07	0.000000e+00	0.000000e+00	0.000000e+00	
313	1.189600e-07	0.000000e+00	0.000000e+00	0.000000e+00	
314	1.199600e-07	0.000000e+00	0.000000e+00	0.000000e+00	
315	1.200000e-07	0.000000e+00	0.000000e+00	0.000000e+00	
316	1.200800e-07	0.000000e+00	0.000000e+00	0.000000e+00	
317	1.202400e-07	0.000000e+00	0.000000e+00	0.000000e+00	
318	1.205600e-07	0.000000e+00	0.000000e+00	0.000000e+00	
319	1.210000e-07	0.000000e+00	0.000000e+00	0.000000e+00	
320	1.210640e-07	0.000000e+00	0.000000e+00	0.000000e+00	
321	1.211920e-07	0.000000e+00	0.000000e+00	0.000000e+00	
322	1.214480e-07	0.000000e+00	0.000000e+00	0.000000e+00	
323	1.219600e-07	0.000000e+00	0.000000e+00	0.000000e+00	
324	1.222400e-07	0.000000e+00	0.000000e+00	0.000000e+00	
325	1.223400e-07	0.000000e+00	0.000000e+00	0.000000e+00	
326	1.225400e-07	0.000000e+00	0.000000e+00	0.000000e+00	
327	1.229400e-07	0.000000e+00	0.000000e+00	0.000000e+00	
328	1.232400e-07	0.000000e+00	0.000000e+00	0.000000e+00	
329	1.233200e-07	0.000000e+00	0.000000e+00	0.000000e+00	
330	1.234800e-07	0.000000e+00	0.000000e+00	0.000000e+00	
331	1.238000e-07	0.000000e+00	0.000000e+00	0.000000e+00	
332	1.244400e-07	0.000000e+00	0.000000e+00	0.000000e+00	
333	1.254400e-07	0.000000e+00	0.000000e+00	0.000000e+00	
334	1.264400e-07	0.000000e+00	0.000000e+00	0.000000e+00	
335	1.274400e-07	0.000000e+00	0.000000e+00	0.000000e+00	
336	1.284400e-07	0.000000e+00	0.000000e+00	0.000000e+00	
337	1.294400e-07	0.000000e+00	0.000000e+00	0.000000e+00	
338	1.304400e-07	0.000000e+00	0.000000e+00	0.000000e+00	
339	1.310000e-07	0.000000e+00	0.000000e+00	0.000000e+00	
340	1.311000e-07	0.000000e+00	0.000000e+00	0.000000e+00	
341	1.313000e-07	0.000000e+00	0.000000e+00	0.000000e+00	
342	1.317000e-07	0.000000e+00	0.000000e+00	0.000000e+00	
343	1.320000e-07	0.000000e+00	0.000000e+00	0.000000e+00	
344	1.320800e-07	0.000000e+00	0.000000e+00	0.000000e+00	

Index   time            v3#branch       v4#branch       v5#branch       
--------------------------------------------------------------------------------
345	1.322400e-07	0.000000e+00	0.000000e+00	0.000000e+00	
346	1.325600e-07	0.000000e+00	0.000000e+00	0.000000e+00	
347	1.332000e-07	0.000000e+00	0.000000e+00	0.000000e+00	
348	1.342000e-07	0.000000e+00	0.000000e+00	0.000000e+00	
349	1.352000e-07	0.000000e+00	0.000000e+00	0.000000e+00	
350	1.362000e-07	0.000000e+00	0.000000e+00	0.000000e+00	
351	1.372000e-07	0.000000e+00	0.000000e+00	0.000000e+00	
352	1.380000e-07	0.000000e+00	0.000000e+00	0.000000e+00	
353	1.381000e-07	0.000000e+00	0.000000e+00	0.000000e+00	
354	1.383000e-07	0.000000e+00	0.000000e+00	0.000000e+00	
355	1.387000e-07	0.000000e+00	0.000000e+00	0.000000e+00	
356	1.390000e-07	0.000000e+00	0.000000e+00	0.000000e+00	
357	1.390800e-07	0.000000e+00	0.000000e+00	0.000000e+00	
358	1.392400e-07	0.000000e+00	0.000000e+00	0.000000e+00	
359	1.395600e-07	0.000000e+00	0.000000e+00	0.000000e+00	
360	1.400000e-07	0.000000e+00	0.000000e+00	0.000000e+00	
361	1.400640e-07	0.000000e+00	0.000000e+00	0.000000e+00	
362	1.401920e-07	0.000000e+00	0.000000e+00	0.000000e+00	
363	1.404480e-07	0.000000e+00	0.000000e+00	0.000000e+00	
364	1.409600e-07	0.000000e+00	0.000000e+00	0.000000e+00	
365	1.410000e-07	0.000000e+00	0.000000e+00	0.000000e+00	
366	1.410800e-07	0.000000e+00	0.000000e+00	0.000000e+00	
367	1.412400e-07	0.000000e+00	0.000000e+00	0.000000e+00	
368	1.415600e-07	0.000000e+00	0.000000e+00	0.000000e+00	
369	1.422000e-07	0.000000e+00	0.000000e+00	0.000000e+00	
370	1.432000e-07	0.000000e+00	0.000000e+00	0.000000e+00	
371	1.440000e-07	0.000000e+00	0.000000e+00	0.000000e+00	
372	1.441000e-07	0.000000e+00	0.000000e+00	0.000000e+00	
373	1.443000e-07	0.000000e+00	0.000000e+00	0.000000e+00	
374	1.447000e-07	0.000000e+00	0.000000e+00	0.000000e+00	
375	1.450000e-07	0.000000e+00	0.000000e+00	0.000000e+00	
376	1.450800e-07	0.000000e+00	0.000000e+00	0.000000e+00	
377	1.452400e-07	0.000000e+00	0.000000e+00	0.000000e+00	
378	1.455600e-07	0.000000e+00	0.000000e+00	0.000000e+00	
379	1.462000e-07	0.000000e+00	0.000000e+00	0.000000e+00	
380	1.463000e-07	0.000000e+00	0.000000e+00	0.000000e+00	
381	1.464000e-07	0.000000e+00	0.000000e+00	0.000000e+00	
382	1.466000e-07	0.000000e+00	0.000000e+00	0.000000e+00	
383	1.470000e-07	0.000000e+00	0.000000e+00	0.000000e+00	
384	1.473000e-07	0.000000e+00	0.000000e+00	0.000000e+00	
385	1.473800e-07	0.000000e+00	0.000000e+00	0.000000e+00	
386	1.475400e-07	0.000000e+00	0.000000e+00	0.000000e+00	
387	1.478600e-07	0.000000e+00	0.000000e+00	0.000000e+00	
388	1.485000e-07	0.000000e+00	0.000000e+00	0.000000e+00	
389	1.495000e-07	0.000000e+00	0.000000e+00	0.000000e+00	
390	1.505000e-07	0.000000e+00	0.000000e+00	0.000000e+00	
391	1.510000e-07	0.000000e+00	0.000000e+00	0.000000e+00	
392	1.511000e-07	0.000000e+00	0.000000e+00	0.000000e+00	
393	1.513000e-07	0.000000e+00	0.000000e+00	0.000000e+00	
394	1.517000e-07	0.000000e+00	0.000000e+00	0.000000e+00	
395	1.520000e-07	0.000000e+00	0.000000e+00	0.000000e+00	
396	1.520800e-07	0.000000e+00	0.000000e+00	0.000000e+00	
397	1.522400e-07	0.000000e+00	0.000000e+00	0.000000e+00	
398	1.525600e-07	0.000000e+00	0.000000e+00	0.000000e+00	
399	1.532000e-07	0.000000e+00	0.000000e+00	0.000000e+00	
400	1.542000e-07	0.000000e+00	0.000000e+00	0.000000e+00	
401	1.552000e-07	0.000000e+00	0.000000e+00	0.000000e+00	
402	1.562000e-07	0.000000e+00	0.000000e+00	0.000000e+00	

Index   time            v3#branch       v4#branch       v5#branch       
--------------------------------------------------------------------------------
403	1.572000e-07	0.000000e+00	0.000000e+00	0.000000e+00	
404	1.582000e-07	0.000000e+00	0.000000e+00	0.000000e+00	
405	1.592000e-07	0.000000e+00	0.000000e+00	0.000000e+00	
406	1.600000e-07	0.000000e+00	0.000000e+00	0.000000e+00	
407	1.601000e-07	0.000000e+00	0.000000e+00	0.000000e+00	
408	1.603000e-07	0.000000e+00	0.000000e+00	0.000000e+00	
409	1.607000e-07	0.000000e+00	0.000000e+00	0.000000e+00	
410	1.610000e-07	0.000000e+00	0.000000e+00	0.000000e+00	
411	1.610800e-07	0.000000e+00	0.000000e+00	0.000000e+00	
412	1.612400e-07	0.000000e+00	0.000000e+00	0.000000e+00	
413	1.615600e-07	0.000000e+00	0.000000e+00	0.000000e+00	
414	1.620000e-07	0.000000e+00	0.000000e+00	0.000000e+00	
415	1.620640e-07	0.000000e+00	0.000000e+00	0.000000e+00	
416	1.621920e-07	0.000000e+00	0.000000e+00	0.000000e+00	
417	1.624480e-07	0.000000e+00	0.000000e+00	0.000000e+00	
418	1.629600e-07	0.000000e+00	0.000000e+00	0.000000e+00	
419	1.630000e-07	0.000000e+00	0.000000e+00	0.000000e+00	
420	1.630800e-07	0.000000e+00	0.000000e+00	0.000000e+00	
421	1.632400e-07	0.000000e+00	0.000000e+00	0.000000e+00	
422	1.635600e-07	0.000000e+00	0.000000e+00	0.000000e+00	
423	1.642000e-07	0.000000e+00	0.000000e+00	0.000000e+00	
424	1.652000e-07	0.000000e+00	0.000000e+00	0.000000e+00	
425	1.662000e-07	0.000000e+00	0.000000e+00	0.000000e+00	
426	1.672000e-07	0.000000e+00	0.000000e+00	0.000000e+00	
427	1.680000e-07	0.000000e+00	0.000000e+00	0.000000e+00	
428	1.681000e-07	0.000000e+00	0.000000e+00	0.000000e+00	
429	1.683000e-07	0.000000e+00	0.000000e+00	0.000000e+00	
430	1.687000e-07	0.000000e+00	0.000000e+00	0.000000e+00	
431	1.690000e-07	0.000000e+00	0.000000e+00	0.000000e+00	
432	1.690800e-07	0.000000e+00	0.000000e+00	0.000000e+00	
433	1.692400e-07	0.000000e+00	0.000000e+00	0.000000e+00	
434	1.695600e-07	0.000000e+00	0.000000e+00	0.000000e+00	
435	1.702000e-07	0.000000e+00	0.000000e+00	0.000000e+00	
436	1.703000e-07	0.000000e+00	0.000000e+00	0.000000e+00	
437	1.703700e-07	0.000000e+00	0.000000e+00	0.000000e+00	
438	1.705100e-07	0.000000e+00	0.000000e+00	0.000000e+00	
439	1.707900e-07	0.000000e+00	0.000000e+00	0.000000e+00	
440	1.710000e-07	0.000000e+00	0.000000e+00	0.000000e+00	
441	1.710300e-07	0.000000e+00	0.000000e+00	0.000000e+00	
442	1.710900e-07	0.000000e+00	0.000000e+00	0.000000e+00	
443	1.712100e-07	0.000000e+00	0.000000e+00	0.000000e+00	
444	1.713000e-07	0.000000e+00	0.000000e+00	0.000000e+00	
445	1.713240e-07	0.000000e+00	0.000000e+00	0.000000e+00	
446	1.713720e-07	0.000000e+00	0.000000e+00	0.000000e+00	
447	1.714680e-07	0.000000e+00	0.000000e+00	0.000000e+00	
448	1.716600e-07	0.000000e+00	0.000000e+00	0.000000e+00	
449	1.720000e-07	0.000000e+00	0.000000e+00	0.000000e+00	
450	1.720384e-07	0.000000e+00	0.000000e+00	0.000000e+00	
451	1.721152e-07	0.000000e+00	0.000000e+00	0.000000e+00	
452	1.722688e-07	0.000000e+00	0.000000e+00	0.000000e+00	
453	1.725760e-07	0.000000e+00	0.000000e+00	0.000000e+00	
454	1.731904e-07	0.000000e+00	0.000000e+00	0.000000e+00	
455	1.741904e-07	0.000000e+00	0.000000e+00	0.000000e+00	
456	1.751904e-07	0.000000e+00	0.000000e+00	0.000000e+00	
457	1.761904e-07	0.000000e+00	0.000000e+00	0.000000e+00	
458	1.771904e-07	0.000000e+00	0.000000e+00	0.000000e+00	
459	1.781904e-07	0.000000e+00	0.000000e+00	0.000000e+00	
460	1.791904e-07	0.000000e+00	0.000000e+00	0.000000e+00	

Index   time            v3#branch       v4#branch       v5#branch       
--------------------------------------------------------------------------------
461	1.800000e-07	0.000000e+00	0.000000e+00	0.000000e+00	
462	1.801000e-07	0.000000e+00	0.000000e+00	0.000000e+00	
463	1.803000e-07	0.000000e+00	0.000000e+00	0.000000e+00	
464	1.807000e-07	0.000000e+00	0.000000e+00	0.000000e+00	
465	1.810000e-07	0.000000e+00	0.000000e+00	0.000000e+00	
466	1.810800e-07	0.000000e+00	0.000000e+00	0.000000e+00	
467	1.812400e-07	0.000000e+00	0.000000e+00	0.000000e+00	
468	1.815600e-07	0.000000e+00	0.000000e+00	0.000000e+00	
469	1.822000e-07	0.000000e+00	0.000000e+00	0.000000e+00	
470	1.823000e-07	0.000000e+00	0.000000e+00	0.000000e+00	
471	1.824000e-07	0.000000e+00	0.000000e+00	0.000000e+00	
472	1.826000e-07	0.000000e+00	0.000000e+00	0.000000e+00	
473	1.830000e-07	0.000000e+00	0.000000e+00	0.000000e+00	
474	1.833000e-07	0.000000e+00	0.000000e+00	0.000000e+00	
475	1.833800e-07	0.000000e+00	0.000000e+00	0.000000e+00	
476	1.835400e-07	0.000000e+00	0.000000e+00	0.000000e+00	
477	1.838600e-07	0.000000e+00	0.000000e+00	0.000000e+00	
478	1.845000e-07	0.000000e+00	0.000000e+00	0.000000e+00	
479	1.855000e-07	0.000000e+00	0.000000e+00	0.000000e+00	
480	1.860000e-07	0.000000e+00	0.000000e+00	0.000000e+00	
481	1.861000e-07	0.000000e+00	0.000000e+00	0.000000e+00	
482	1.863000e-07	0.000000e+00	0.000000e+00	0.000000e+00	
483	1.867000e-07	0.000000e+00	0.000000e+00	0.000000e+00	
484	1.870000e-07	0.000000e+00	0.000000e+00	0.000000e+00	
485	1.870800e-07	0.000000e+00	0.000000e+00	0.000000e+00	
486	1.872400e-07	0.000000e+00	0.000000e+00	0.000000e+00	
487	1.875600e-07	0.000000e+00	0.000000e+00	0.000000e+00	
488	1.882000e-07	0.000000e+00	0.000000e+00	0.000000e+00	
489	1.892000e-07	0.000000e+00	0.000000e+00	0.000000e+00	
490	1.902000e-07	0.000000e+00	0.000000e+00	0.000000e+00	
491	1.910000e-07	0.000000e+00	0.000000e+00	0.000000e+00	
492	1.911000e-07	0.000000e+00	0.000000e+00	0.000000e+00	
493	1.913000e-07	0.000000e+00	0.000000e+00	0.000000e+00	
494	1.917000e-07	0.000000e+00	0.000000e+00	0.000000e+00	
495	1.920000e-07	0.000000e+00	0.000000e+00	0.000000e+00	
496	1.920800e-07	0.000000e+00	0.000000e+00	0.000000e+00	
497	1.922400e-07	0.000000e+00	0.000000e+00	0.000000e+00	
498	1.925600e-07	0.000000e+00	0.000000e+00	0.000000e+00	
499	1.930000e-07	0.000000e+00	0.000000e+00	0.000000e+00	
500	1.930640e-07	0.000000e+00	0.000000e+00	0.000000e+00	
501	1.931920e-07	0.000000e+00	0.000000e+00	0.000000e+00	
502	1.934480e-07	0.000000e+00	0.000000e+00	0.000000e+00	
503	1.939600e-07	0.000000e+00	0.000000e+00	0.000000e+00	
504	1.949600e-07	0.000000e+00	0.000000e+00	0.000000e+00	
505	1.959600e-07	0.000000e+00	0.000000e+00	0.000000e+00	
506	1.969600e-07	0.000000e+00	0.000000e+00	0.000000e+00	
507	1.979600e-07	0.000000e+00	0.000000e+00	0.000000e+00	
508	1.989600e-07	0.000000e+00	0.000000e+00	0.000000e+00	
509	1.999600e-07	0.000000e+00	0.000000e+00	0.000000e+00	
510	2.000000e-07	0.000000e+00	0.000000e+00	0.000000e+00	

                                kicad schematic
                                Transient Analysis  Sun Jul 05 21:18:26  2026
--------------------------------------------------------------------------------
Index   time            v6#branch       v7#branch       v8#branch       
--------------------------------------------------------------------------------
0	0.000000e+00	0.000000e+00	0.000000e+00	0.000000e+00	
1	1.000000e-11	0.000000e+00	0.000000e+00	0.000000e+00	
2	2.000000e-11	0.000000e+00	0.000000e+00	0.000000e+00	
3	4.000000e-11	0.000000e+00	0.000000e+00	0.000000e+00	
4	8.000000e-11	0.000000e+00	0.000000e+00	0.000000e+00	
5	1.600000e-10	0.000000e+00	0.000000e+00	0.000000e+00	
6	3.200000e-10	0.000000e+00	0.000000e+00	0.000000e+00	
7	6.400000e-10	0.000000e+00	0.000000e+00	0.000000e+00	
8	1.000000e-09	0.000000e+00	0.000000e+00	0.000000e+00	
9	1.064000e-09	0.000000e+00	0.000000e+00	0.000000e+00	
10	1.192000e-09	0.000000e+00	0.000000e+00	0.000000e+00	
11	1.448000e-09	0.000000e+00	0.000000e+00	0.000000e+00	
12	1.960000e-09	0.000000e+00	0.000000e+00	0.000000e+00	
13	2.960000e-09	0.000000e+00	0.000000e+00	0.000000e+00	
14	3.960000e-09	0.000000e+00	0.000000e+00	0.000000e+00	
15	4.960000e-09	0.000000e+00	0.000000e+00	0.000000e+00	
16	5.960000e-09	0.000000e+00	0.000000e+00	0.000000e+00	
17	6.960000e-09	0.000000e+00	0.000000e+00	0.000000e+00	
18	7.960000e-09	0.000000e+00	0.000000e+00	0.000000e+00	
19	8.960000e-09	0.000000e+00	0.000000e+00	0.000000e+00	
20	9.960000e-09	0.000000e+00	0.000000e+00	0.000000e+00	
21	1.000000e-08	0.000000e+00	0.000000e+00	0.000000e+00	
22	1.001000e-08	0.000000e+00	0.000000e+00	0.000000e+00	
23	1.003000e-08	0.000000e+00	0.000000e+00	0.000000e+00	
24	1.007000e-08	0.000000e+00	0.000000e+00	0.000000e+00	
25	1.010000e-08	0.000000e+00	0.000000e+00	0.000000e+00	
26	1.010800e-08	0.000000e+00	0.000000e+00	0.000000e+00	
27	1.012400e-08	0.000000e+00	0.000000e+00	0.000000e+00	
28	1.015600e-08	0.000000e+00	0.000000e+00	0.000000e+00	
29	1.022000e-08	0.000000e+00	0.000000e+00	0.000000e+00	
30	1.034800e-08	0.000000e+00	0.000000e+00	0.000000e+00	
31	1.060400e-08	0.000000e+00	0.000000e+00	0.000000e+00	
32	1.100000e-08	0.000000e+00	0.000000e+00	0.000000e+00	
33	1.105120e-08	0.000000e+00	0.000000e+00	0.000000e+00	
34	1.115360e-08	0.000000e+00	0.000000e+00	0.000000e+00	
35	1.135840e-08	0.000000e+00	0.000000e+00	0.000000e+00	
36	1.176800e-08	0.000000e+00	0.000000e+00	0.000000e+00	
37	1.200000e-08	0.000000e+00	0.000000e+00	0.000000e+00	
38	1.208192e-08	0.000000e+00	0.000000e+00	0.000000e+00	
39	1.224576e-08	0.000000e+00	0.000000e+00	0.000000e+00	
40	1.257344e-08	0.000000e+00	0.000000e+00	0.000000e+00	
41	1.322880e-08	0.000000e+00	0.000000e+00	0.000000e+00	
42	1.422880e-08	0.000000e+00	0.000000e+00	0.000000e+00	
43	1.500000e-08	0.000000e+00	0.000000e+00	0.000000e+00	
44	1.510000e-08	0.000000e+00	0.000000e+00	0.000000e+00	
45	1.530000e-08	0.000000e+00	0.000000e+00	0.000000e+00	
46	1.570000e-08	0.000000e+00	0.000000e+00	0.000000e+00	
47	1.600000e-08	0.000000e+00	0.000000e+00	0.000000e+00	
48	1.608000e-08	0.000000e+00	0.000000e+00	0.000000e+00	
49	1.624000e-08	0.000000e+00	0.000000e+00	0.000000e+00	
50	1.656000e-08	0.000000e+00	0.000000e+00	0.000000e+00	
51	1.720000e-08	0.000000e+00	0.000000e+00	0.000000e+00	
52	1.800000e-08	0.000000e+00	0.000000e+00	0.000000e+00	
53	1.810000e-08	0.000000e+00	0.000000e+00	0.000000e+00	
54	1.830000e-08	0.000000e+00	0.000000e+00	0.000000e+00	

Index   time            v6#branch       v7#branch       v8#branch       
--------------------------------------------------------------------------------
55	1.870000e-08	0.000000e+00	0.000000e+00	0.000000e+00	
56	1.900000e-08	0.000000e+00	0.000000e+00	0.000000e+00	
57	1.908000e-08	0.000000e+00	0.000000e+00	0.000000e+00	
58	1.924000e-08	0.000000e+00	0.000000e+00	0.000000e+00	
59	1.956000e-08	0.000000e+00	0.000000e+00	0.000000e+00	
60	2.000000e-08	0.000000e+00	0.000000e+00	0.000000e+00	
61	2.006400e-08	0.000000e+00	0.000000e+00	0.000000e+00	
62	2.019200e-08	0.000000e+00	0.000000e+00	0.000000e+00	
63	2.044800e-08	0.000000e+00	0.000000e+00	0.000000e+00	
64	2.096000e-08	0.000000e+00	0.000000e+00	0.000000e+00	
65	2.100000e-08	0.000000e+00	0.000000e+00	0.000000e+00	
66	2.108000e-08	0.000000e+00	0.000000e+00	0.000000e+00	
67	2.124000e-08	0.000000e+00	0.000000e+00	0.000000e+00	
68	2.156000e-08	0.000000e+00	0.000000e+00	0.000000e+00	
69	2.220000e-08	0.000000e+00	0.000000e+00	0.000000e+00	
70	2.320000e-08	0.000000e+00	0.000000e+00	0.000000e+00	
71	2.400000e-08	0.000000e+00	0.000000e+00	0.000000e+00	
72	2.410000e-08	0.000000e+00	0.000000e+00	0.000000e+00	
73	2.430000e-08	0.000000e+00	0.000000e+00	0.000000e+00	
74	2.470000e-08	0.000000e+00	0.000000e+00	0.000000e+00	
75	2.500000e-08	0.000000e+00	0.000000e+00	0.000000e+00	
76	2.508000e-08	0.000000e+00	0.000000e+00	0.000000e+00	
77	2.524000e-08	0.000000e+00	0.000000e+00	0.000000e+00	
78	2.556000e-08	0.000000e+00	0.000000e+00	0.000000e+00	
79	2.620000e-08	0.000000e+00	0.000000e+00	0.000000e+00	
80	2.720000e-08	0.000000e+00	0.000000e+00	0.000000e+00	
81	2.820000e-08	0.000000e+00	0.000000e+00	0.000000e+00	
82	2.920000e-08	0.000000e+00	0.000000e+00	0.000000e+00	
83	3.020000e-08	0.000000e+00	0.000000e+00	0.000000e+00	
84	3.100000e-08	0.000000e+00	0.000000e+00	0.000000e+00	
85	3.110000e-08	0.000000e+00	0.000000e+00	0.000000e+00	
86	3.130000e-08	0.000000e+00	0.000000e+00	0.000000e+00	
87	3.170000e-08	0.000000e+00	0.000000e+00	0.000000e+00	
88	3.200000e-08	0.000000e+00	0.000000e+00	0.000000e+00	
89	3.208000e-08	0.000000e+00	0.000000e+00	0.000000e+00	
90	3.224000e-08	0.000000e+00	0.000000e+00	0.000000e+00	
91	3.256000e-08	0.000000e+00	0.000000e+00	0.000000e+00	
92	3.320000e-08	0.000000e+00	0.000000e+00	0.000000e+00	
93	3.420000e-08	0.000000e+00	0.000000e+00	0.000000e+00	
94	3.520000e-08	0.000000e+00	0.000000e+00	0.000000e+00	
95	3.620000e-08	0.000000e+00	0.000000e+00	0.000000e+00	
96	3.720000e-08	0.000000e+00	0.000000e+00	0.000000e+00	
97	3.820000e-08	0.000000e+00	0.000000e+00	0.000000e+00	
98	3.900000e-08	0.000000e+00	0.000000e+00	0.000000e+00	
99	3.910000e-08	0.000000e+00	0.000000e+00	0.000000e+00	
100	3.930000e-08	0.000000e+00	0.000000e+00	0.000000e+00	
101	3.970000e-08	0.000000e+00	0.000000e+00	0.000000e+00	
102	4.000000e-08	0.000000e+00	0.000000e+00	0.000000e+00	
103	4.008000e-08	0.000000e+00	0.000000e+00	0.000000e+00	
104	4.024000e-08	0.000000e+00	0.000000e+00	0.000000e+00	
105	4.056000e-08	0.000000e+00	0.000000e+00	0.000000e+00	
106	4.100000e-08	0.000000e+00	0.000000e+00	0.000000e+00	
107	4.106400e-08	0.000000e+00	0.000000e+00	0.000000e+00	
108	4.119200e-08	0.000000e+00	0.000000e+00	0.000000e+00	
109	4.144800e-08	0.000000e+00	0.000000e+00	0.000000e+00	
110	4.196000e-08	0.000000e+00	0.000000e+00	0.000000e+00	
111	4.200000e-08	0.000000e+00	0.000000e+00	0.000000e+00	
112	4.208000e-08	0.000000e+00	0.000000e+00	0.000000e+00	

Index   time            v6#branch       v7#branch       v8#branch       
--------------------------------------------------------------------------------
113	4.224000e-08	0.000000e+00	0.000000e+00	0.000000e+00	
114	4.225600e-08	0.000000e+00	0.000000e+00	0.000000e+00	
115	4.228800e-08	0.000000e+00	0.000000e+00	0.000000e+00	
116	4.235200e-08	0.000000e+00	0.000000e+00	0.000000e+00	
117	4.248000e-08	0.000000e+00	0.000000e+00	0.000000e+00	
118	4.273600e-08	0.000000e+00	0.000000e+00	0.000000e+00	
119	4.300000e-08	0.000000e+00	0.000000e+00	0.000000e+00	
120	4.302400e-08	0.000000e+00	0.000000e+00	0.000000e+00	
121	4.307200e-08	0.000000e+00	0.000000e+00	0.000000e+00	
122	4.316800e-08	0.000000e+00	0.000000e+00	0.000000e+00	
123	4.324000e-08	0.000000e+00	0.000000e+00	0.000000e+00	
124	4.325920e-08	0.000000e+00	0.000000e+00	0.000000e+00	
125	4.329760e-08	0.000000e+00	0.000000e+00	0.000000e+00	
126	4.337440e-08	0.000000e+00	0.000000e+00	0.000000e+00	
127	4.352800e-08	0.000000e+00	0.000000e+00	0.000000e+00	
128	4.383520e-08	0.000000e+00	0.000000e+00	0.000000e+00	
129	4.444960e-08	0.000000e+00	0.000000e+00	0.000000e+00	
130	4.544960e-08	0.000000e+00	0.000000e+00	0.000000e+00	
131	4.644960e-08	0.000000e+00	0.000000e+00	0.000000e+00	
132	4.744960e-08	0.000000e+00	0.000000e+00	0.000000e+00	
133	4.800000e-08	0.000000e+00	0.000000e+00	0.000000e+00	
134	4.810000e-08	0.000000e+00	0.000000e+00	0.000000e+00	
135	4.830000e-08	0.000000e+00	0.000000e+00	0.000000e+00	
136	4.870000e-08	0.000000e+00	0.000000e+00	0.000000e+00	
137	4.900000e-08	0.000000e+00	0.000000e+00	0.000000e+00	
138	4.908000e-08	0.000000e+00	0.000000e+00	0.000000e+00	
139	4.924000e-08	0.000000e+00	0.000000e+00	0.000000e+00	
140	4.956000e-08	0.000000e+00	0.000000e+00	0.000000e+00	
141	5.020000e-08	0.000000e+00	0.000000e+00	0.000000e+00	
142	5.100000e-08	0.000000e+00	0.000000e+00	0.000000e+00	
143	5.110000e-08	0.000000e+00	0.000000e+00	0.000000e+00	
144	5.130000e-08	0.000000e+00	0.000000e+00	0.000000e+00	
145	5.170000e-08	0.000000e+00	0.000000e+00	0.000000e+00	
146	5.200000e-08	0.000000e+00	0.000000e+00	0.000000e+00	
147	5.208000e-08	0.000000e+00	0.000000e+00	0.000000e+00	
148	5.224000e-08	0.000000e+00	0.000000e+00	0.000000e+00	
149	5.256000e-08	0.000000e+00	0.000000e+00	0.000000e+00	
150	5.320000e-08	0.000000e+00	0.000000e+00	0.000000e+00	
151	5.420000e-08	0.000000e+00	0.000000e+00	0.000000e+00	
152	5.520000e-08	0.000000e+00	0.000000e+00	0.000000e+00	
153	5.620000e-08	0.000000e+00	0.000000e+00	0.000000e+00	
154	5.720000e-08	0.000000e+00	0.000000e+00	0.000000e+00	
155	5.820000e-08	0.000000e+00	0.000000e+00	0.000000e+00	
156	5.900000e-08	0.000000e+00	0.000000e+00	0.000000e+00	
157	5.910000e-08	0.000000e+00	0.000000e+00	0.000000e+00	
158	5.930000e-08	0.000000e+00	0.000000e+00	0.000000e+00	
159	5.970000e-08	0.000000e+00	0.000000e+00	0.000000e+00	
160	6.000000e-08	0.000000e+00	0.000000e+00	0.000000e+00	
161	6.008000e-08	0.000000e+00	0.000000e+00	0.000000e+00	
162	6.024000e-08	0.000000e+00	0.000000e+00	0.000000e+00	
163	6.056000e-08	0.000000e+00	0.000000e+00	0.000000e+00	
164	6.100000e-08	0.000000e+00	0.000000e+00	0.000000e+00	
165	6.106400e-08	0.000000e+00	0.000000e+00	0.000000e+00	
166	6.119200e-08	0.000000e+00	0.000000e+00	0.000000e+00	
167	6.144800e-08	0.000000e+00	0.000000e+00	0.000000e+00	
168	6.196000e-08	0.000000e+00	0.000000e+00	0.000000e+00	
169	6.224000e-08	0.000000e+00	0.000000e+00	0.000000e+00	
170	6.234000e-08	0.000000e+00	0.000000e+00	0.000000e+00	

Index   time            v6#branch       v7#branch       v8#branch       
--------------------------------------------------------------------------------
171	6.254000e-08	0.000000e+00	0.000000e+00	0.000000e+00	
172	6.294000e-08	0.000000e+00	0.000000e+00	0.000000e+00	
173	6.324000e-08	0.000000e+00	0.000000e+00	0.000000e+00	
174	6.332000e-08	0.000000e+00	0.000000e+00	0.000000e+00	
175	6.348000e-08	0.000000e+00	0.000000e+00	0.000000e+00	
176	6.380000e-08	0.000000e+00	0.000000e+00	0.000000e+00	
177	6.444000e-08	0.000000e+00	0.000000e+00	0.000000e+00	
178	6.544000e-08	0.000000e+00	0.000000e+00	0.000000e+00	
179	6.600000e-08	0.000000e+00	0.000000e+00	0.000000e+00	
180	6.610000e-08	0.000000e+00	0.000000e+00	0.000000e+00	
181	6.630000e-08	0.000000e+00	0.000000e+00	0.000000e+00	
182	6.670000e-08	0.000000e+00	0.000000e+00	0.000000e+00	
183	6.700000e-08	0.000000e+00	0.000000e+00	0.000000e+00	
184	6.708000e-08	0.000000e+00	0.000000e+00	0.000000e+00	
185	6.724000e-08	0.000000e+00	0.000000e+00	0.000000e+00	
186	6.756000e-08	0.000000e+00	0.000000e+00	0.000000e+00	
187	6.820000e-08	0.000000e+00	0.000000e+00	0.000000e+00	
188	6.920000e-08	0.000000e+00	0.000000e+00	0.000000e+00	
189	7.020000e-08	0.000000e+00	0.000000e+00	0.000000e+00	
190	7.100000e-08	0.000000e+00	0.000000e+00	0.000000e+00	
191	7.110000e-08	0.000000e+00	0.000000e+00	0.000000e+00	
192	7.130000e-08	0.000000e+00	0.000000e+00	0.000000e+00	
193	7.170000e-08	0.000000e+00	0.000000e+00	0.000000e+00	
194	7.200000e-08	0.000000e+00	0.000000e+00	0.000000e+00	
195	7.208000e-08	0.000000e+00	0.000000e+00	0.000000e+00	
196	7.224000e-08	0.000000e+00	0.000000e+00	0.000000e+00	
197	7.256000e-08	0.000000e+00	0.000000e+00	0.000000e+00	
198	7.300000e-08	0.000000e+00	0.000000e+00	0.000000e+00	
199	7.306400e-08	0.000000e+00	0.000000e+00	0.000000e+00	
200	7.319200e-08	0.000000e+00	0.000000e+00	0.000000e+00	
201	7.344800e-08	0.000000e+00	0.000000e+00	0.000000e+00	
202	7.396000e-08	0.000000e+00	0.000000e+00	0.000000e+00	
203	7.424000e-08	0.000000e+00	0.000000e+00	0.000000e+00	
204	7.434000e-08	0.000000e+00	0.000000e+00	0.000000e+00	
205	7.454000e-08	0.000000e+00	0.000000e+00	0.000000e+00	
206	7.494000e-08	0.000000e+00	0.000000e+00	0.000000e+00	
207	7.524000e-08	0.000000e+00	0.000000e+00	0.000000e+00	
208	7.532000e-08	0.000000e+00	0.000000e+00	0.000000e+00	
209	7.548000e-08	0.000000e+00	0.000000e+00	0.000000e+00	
210	7.580000e-08	0.000000e+00	0.000000e+00	0.000000e+00	
211	7.644000e-08	0.000000e+00	0.000000e+00	0.000000e+00	
212	7.744000e-08	0.000000e+00	0.000000e+00	0.000000e+00	
213	7.844000e-08	0.000000e+00	0.000000e+00	0.000000e+00	
214	7.900000e-08	0.000000e+00	0.000000e+00	0.000000e+00	
215	7.910000e-08	0.000000e+00	0.000000e+00	0.000000e+00	
216	7.930000e-08	0.000000e+00	0.000000e+00	0.000000e+00	
217	7.970000e-08	0.000000e+00	0.000000e+00	0.000000e+00	
218	8.000000e-08	0.000000e+00	0.000000e+00	0.000000e+00	
219	8.008000e-08	0.000000e+00	0.000000e+00	0.000000e+00	
220	8.024000e-08	0.000000e+00	0.000000e+00	0.000000e+00	
221	8.056000e-08	0.000000e+00	0.000000e+00	0.000000e+00	
222	8.100000e-08	0.000000e+00	0.000000e+00	0.000000e+00	
223	8.106400e-08	0.000000e+00	0.000000e+00	0.000000e+00	
224	8.119200e-08	0.000000e+00	0.000000e+00	0.000000e+00	
225	8.144800e-08	0.000000e+00	0.000000e+00	0.000000e+00	
226	8.196000e-08	0.000000e+00	0.000000e+00	0.000000e+00	
227	8.224000e-08	0.000000e+00	0.000000e+00	0.000000e+00	
228	8.234000e-08	0.000000e+00	0.000000e+00	0.000000e+00	

Index   time            v6#branch       v7#branch       v8#branch       
--------------------------------------------------------------------------------
229	8.254000e-08	0.000000e+00	0.000000e+00	0.000000e+00	
230	8.294000e-08	0.000000e+00	0.000000e+00	0.000000e+00	
231	8.324000e-08	0.000000e+00	0.000000e+00	0.000000e+00	
232	8.332000e-08	0.000000e+00	0.000000e+00	0.000000e+00	
233	8.348000e-08	0.000000e+00	0.000000e+00	0.000000e+00	
234	8.380000e-08	0.000000e+00	0.000000e+00	0.000000e+00	
235	8.444000e-08	0.000000e+00	0.000000e+00	0.000000e+00	
236	8.544000e-08	0.000000e+00	0.000000e+00	0.000000e+00	
237	8.600000e-08	0.000000e+00	0.000000e+00	0.000000e+00	
238	8.610000e-08	0.000000e+00	0.000000e+00	0.000000e+00	
239	8.630000e-08	0.000000e+00	0.000000e+00	0.000000e+00	
240	8.670000e-08	0.000000e+00	0.000000e+00	0.000000e+00	
241	8.700000e-08	0.000000e+00	0.000000e+00	0.000000e+00	
242	8.708000e-08	0.000000e+00	0.000000e+00	0.000000e+00	
243	8.724000e-08	0.000000e+00	0.000000e+00	0.000000e+00	
244	8.756000e-08	0.000000e+00	0.000000e+00	0.000000e+00	
245	8.820000e-08	0.000000e+00	0.000000e+00	0.000000e+00	
246	8.920000e-08	0.000000e+00	0.000000e+00	0.000000e+00	
247	9.000000e-08	0.000000e+00	0.000000e+00	0.000000e+00	
248	9.010000e-08	0.000000e+00	0.000000e+00	0.000000e+00	
249	9.030000e-08	0.000000e+00	0.000000e+00	0.000000e+00	
250	9.070000e-08	0.000000e+00	0.000000e+00	0.000000e+00	
251	9.100000e-08	0.000000e+00	0.000000e+00	0.000000e+00	
252	9.108000e-08	0.000000e+00	0.000000e+00	0.000000e+00	
253	9.124000e-08	0.000000e+00	0.000000e+00	0.000000e+00	
254	9.156000e-08	0.000000e+00	0.000000e+00	0.000000e+00	
255	9.200000e-08	0.000000e+00	0.000000e+00	0.000000e+00	
256	9.206400e-08	0.000000e+00	0.000000e+00	0.000000e+00	
257	9.219200e-08	0.000000e+00	0.000000e+00	0.000000e+00	
258	9.244800e-08	0.000000e+00	0.000000e+00	0.000000e+00	
259	9.296000e-08	0.000000e+00	0.000000e+00	0.000000e+00	
260	9.396000e-08	0.000000e+00	0.000000e+00	0.000000e+00	
261	9.496000e-08	0.000000e+00	0.000000e+00	0.000000e+00	
262	9.596000e-08	0.000000e+00	0.000000e+00	0.000000e+00	
263	9.600000e-08	0.000000e+00	0.000000e+00	0.000000e+00	
264	9.608000e-08	0.000000e+00	0.000000e+00	0.000000e+00	
265	9.624000e-08	0.000000e+00	0.000000e+00	0.000000e+00	
266	9.656000e-08	0.000000e+00	0.000000e+00	0.000000e+00	
267	9.700000e-08	0.000000e+00	0.000000e+00	0.000000e+00	
268	9.706400e-08	0.000000e+00	0.000000e+00	0.000000e+00	
269	9.719200e-08	0.000000e+00	0.000000e+00	0.000000e+00	
270	9.744800e-08	0.000000e+00	0.000000e+00	0.000000e+00	
271	9.796000e-08	0.000000e+00	0.000000e+00	0.000000e+00	
272	9.896000e-08	0.000000e+00	0.000000e+00	0.000000e+00	
273	9.996000e-08	0.000000e+00	0.000000e+00	0.000000e+00	
274	1.000000e-07	0.000000e+00	0.000000e+00	0.000000e+00	
275	1.000800e-07	0.000000e+00	0.000000e+00	0.000000e+00	
276	1.002400e-07	0.000000e+00	0.000000e+00	0.000000e+00	
277	1.005600e-07	0.000000e+00	0.000000e+00	0.000000e+00	
278	1.010000e-07	0.000000e+00	0.000000e+00	0.000000e+00	
279	1.010640e-07	0.000000e+00	0.000000e+00	0.000000e+00	
280	1.011920e-07	0.000000e+00	0.000000e+00	0.000000e+00	
281	1.014480e-07	0.000000e+00	0.000000e+00	0.000000e+00	
282	1.019600e-07	0.000000e+00	0.000000e+00	0.000000e+00	
283	1.029600e-07	0.000000e+00	0.000000e+00	0.000000e+00	
284	1.039600e-07	0.000000e+00	0.000000e+00	0.000000e+00	
285	1.049600e-07	0.000000e+00	0.000000e+00	0.000000e+00	
286	1.059600e-07	0.000000e+00	0.000000e+00	0.000000e+00	

Index   time            v6#branch       v7#branch       v8#branch       
--------------------------------------------------------------------------------
287	1.069600e-07	0.000000e+00	0.000000e+00	0.000000e+00	
288	1.079600e-07	0.000000e+00	0.000000e+00	0.000000e+00	
289	1.089600e-07	0.000000e+00	0.000000e+00	0.000000e+00	
290	1.099600e-07	0.000000e+00	0.000000e+00	0.000000e+00	
291	1.109600e-07	0.000000e+00	0.000000e+00	0.000000e+00	
292	1.110000e-07	0.000000e+00	0.000000e+00	0.000000e+00	
293	1.110800e-07	0.000000e+00	0.000000e+00	0.000000e+00	
294	1.112400e-07	0.000000e+00	0.000000e+00	0.000000e+00	
295	1.115600e-07	0.000000e+00	0.000000e+00	0.000000e+00	
296	1.120000e-07	0.000000e+00	0.000000e+00	0.000000e+00	
297	1.120640e-07	0.000000e+00	0.000000e+00	0.000000e+00	
298	1.121920e-07	0.000000e+00	0.000000e+00	0.000000e+00	
299	1.124480e-07	0.000000e+00	0.000000e+00	0.000000e+00	
300	1.129600e-07	0.000000e+00	0.000000e+00	0.000000e+00	
301	1.139600e-07	0.000000e+00	0.000000e+00	0.000000e+00	
302	1.140000e-07	0.000000e+00	0.000000e+00	0.000000e+00	
303	1.140800e-07	0.000000e+00	0.000000e+00	0.000000e+00	
304	1.142400e-07	0.000000e+00	0.000000e+00	0.000000e+00	
305	1.145600e-07	0.000000e+00	0.000000e+00	0.000000e+00	
306	1.150000e-07	0.000000e+00	0.000000e+00	0.000000e+00	
307	1.150640e-07	0.000000e+00	0.000000e+00	0.000000e+00	
308	1.151920e-07	0.000000e+00	0.000000e+00	0.000000e+00	
309	1.154480e-07	0.000000e+00	0.000000e+00	0.000000e+00	
310	1.159600e-07	0.000000e+00	0.000000e+00	0.000000e+00	
311	1.169600e-07	0.000000e+00	0.000000e+00	0.000000e+00	
312	1.179600e-07	0.000000e+00	0.000000e+00	0.000000e+00	
313	1.189600e-07	0.000000e+00	0.000000e+00	0.000000e+00	
314	1.199600e-07	0.000000e+00	0.000000e+00	0.000000e+00	
315	1.200000e-07	0.000000e+00	0.000000e+00	0.000000e+00	
316	1.200800e-07	0.000000e+00	0.000000e+00	0.000000e+00	
317	1.202400e-07	0.000000e+00	0.000000e+00	0.000000e+00	
318	1.205600e-07	0.000000e+00	0.000000e+00	0.000000e+00	
319	1.210000e-07	0.000000e+00	0.000000e+00	0.000000e+00	
320	1.210640e-07	0.000000e+00	0.000000e+00	0.000000e+00	
321	1.211920e-07	0.000000e+00	0.000000e+00	0.000000e+00	
322	1.214480e-07	0.000000e+00	0.000000e+00	0.000000e+00	
323	1.219600e-07	0.000000e+00	0.000000e+00	0.000000e+00	
324	1.222400e-07	0.000000e+00	0.000000e+00	0.000000e+00	
325	1.223400e-07	0.000000e+00	0.000000e+00	0.000000e+00	
326	1.225400e-07	0.000000e+00	0.000000e+00	0.000000e+00	
327	1.229400e-07	0.000000e+00	0.000000e+00	0.000000e+00	
328	1.232400e-07	0.000000e+00	0.000000e+00	0.000000e+00	
329	1.233200e-07	0.000000e+00	0.000000e+00	0.000000e+00	
330	1.234800e-07	0.000000e+00	0.000000e+00	0.000000e+00	
331	1.238000e-07	0.000000e+00	0.000000e+00	0.000000e+00	
332	1.244400e-07	0.000000e+00	0.000000e+00	0.000000e+00	
333	1.254400e-07	0.000000e+00	0.000000e+00	0.000000e+00	
334	1.264400e-07	0.000000e+00	0.000000e+00	0.000000e+00	
335	1.274400e-07	0.000000e+00	0.000000e+00	0.000000e+00	
336	1.284400e-07	0.000000e+00	0.000000e+00	0.000000e+00	
337	1.294400e-07	0.000000e+00	0.000000e+00	0.000000e+00	
338	1.304400e-07	0.000000e+00	0.000000e+00	0.000000e+00	
339	1.310000e-07	0.000000e+00	0.000000e+00	0.000000e+00	
340	1.311000e-07	0.000000e+00	0.000000e+00	0.000000e+00	
341	1.313000e-07	0.000000e+00	0.000000e+00	0.000000e+00	
342	1.317000e-07	0.000000e+00	0.000000e+00	0.000000e+00	
343	1.320000e-07	0.000000e+00	0.000000e+00	0.000000e+00	
344	1.320800e-07	0.000000e+00	0.000000e+00	0.000000e+00	

Index   time            v6#branch       v7#branch       v8#branch       
--------------------------------------------------------------------------------
345	1.322400e-07	0.000000e+00	0.000000e+00	0.000000e+00	
346	1.325600e-07	0.000000e+00	0.000000e+00	0.000000e+00	
347	1.332000e-07	0.000000e+00	0.000000e+00	0.000000e+00	
348	1.342000e-07	0.000000e+00	0.000000e+00	0.000000e+00	
349	1.352000e-07	0.000000e+00	0.000000e+00	0.000000e+00	
350	1.362000e-07	0.000000e+00	0.000000e+00	0.000000e+00	
351	1.372000e-07	0.000000e+00	0.000000e+00	0.000000e+00	
352	1.380000e-07	0.000000e+00	0.000000e+00	0.000000e+00	
353	1.381000e-07	0.000000e+00	0.000000e+00	0.000000e+00	
354	1.383000e-07	0.000000e+00	0.000000e+00	0.000000e+00	
355	1.387000e-07	0.000000e+00	0.000000e+00	0.000000e+00	
356	1.390000e-07	0.000000e+00	0.000000e+00	0.000000e+00	
357	1.390800e-07	0.000000e+00	0.000000e+00	0.000000e+00	
358	1.392400e-07	0.000000e+00	0.000000e+00	0.000000e+00	
359	1.395600e-07	0.000000e+00	0.000000e+00	0.000000e+00	
360	1.400000e-07	0.000000e+00	0.000000e+00	0.000000e+00	
361	1.400640e-07	0.000000e+00	0.000000e+00	0.000000e+00	
362	1.401920e-07	0.000000e+00	0.000000e+00	0.000000e+00	
363	1.404480e-07	0.000000e+00	0.000000e+00	0.000000e+00	
364	1.409600e-07	0.000000e+00	0.000000e+00	0.000000e+00	
365	1.410000e-07	0.000000e+00	0.000000e+00	0.000000e+00	
366	1.410800e-07	0.000000e+00	0.000000e+00	0.000000e+00	
367	1.412400e-07	0.000000e+00	0.000000e+00	0.000000e+00	
368	1.415600e-07	0.000000e+00	0.000000e+00	0.000000e+00	
369	1.422000e-07	0.000000e+00	0.000000e+00	0.000000e+00	
370	1.432000e-07	0.000000e+00	0.000000e+00	0.000000e+00	
371	1.440000e-07	0.000000e+00	0.000000e+00	0.000000e+00	
372	1.441000e-07	0.000000e+00	0.000000e+00	0.000000e+00	
373	1.443000e-07	0.000000e+00	0.000000e+00	0.000000e+00	
374	1.447000e-07	0.000000e+00	0.000000e+00	0.000000e+00	
375	1.450000e-07	0.000000e+00	0.000000e+00	0.000000e+00	
376	1.450800e-07	0.000000e+00	0.000000e+00	0.000000e+00	
377	1.452400e-07	0.000000e+00	0.000000e+00	0.000000e+00	
378	1.455600e-07	0.000000e+00	0.000000e+00	0.000000e+00	
379	1.462000e-07	0.000000e+00	0.000000e+00	0.000000e+00	
380	1.463000e-07	0.000000e+00	0.000000e+00	0.000000e+00	
381	1.464000e-07	0.000000e+00	0.000000e+00	0.000000e+00	
382	1.466000e-07	0.000000e+00	0.000000e+00	0.000000e+00	
383	1.470000e-07	0.000000e+00	0.000000e+00	0.000000e+00	
384	1.473000e-07	0.000000e+00	0.000000e+00	0.000000e+00	
385	1.473800e-07	0.000000e+00	0.000000e+00	0.000000e+00	
386	1.475400e-07	0.000000e+00	0.000000e+00	0.000000e+00	
387	1.478600e-07	0.000000e+00	0.000000e+00	0.000000e+00	
388	1.485000e-07	0.000000e+00	0.000000e+00	0.000000e+00	
389	1.495000e-07	0.000000e+00	0.000000e+00	0.000000e+00	
390	1.505000e-07	0.000000e+00	0.000000e+00	0.000000e+00	
391	1.510000e-07	0.000000e+00	0.000000e+00	0.000000e+00	
392	1.511000e-07	0.000000e+00	0.000000e+00	0.000000e+00	
393	1.513000e-07	0.000000e+00	0.000000e+00	0.000000e+00	
394	1.517000e-07	0.000000e+00	0.000000e+00	0.000000e+00	
395	1.520000e-07	0.000000e+00	0.000000e+00	0.000000e+00	
396	1.520800e-07	0.000000e+00	0.000000e+00	0.000000e+00	
397	1.522400e-07	0.000000e+00	0.000000e+00	0.000000e+00	
398	1.525600e-07	0.000000e+00	0.000000e+00	0.000000e+00	
399	1.532000e-07	0.000000e+00	0.000000e+00	0.000000e+00	
400	1.542000e-07	0.000000e+00	0.000000e+00	0.000000e+00	
401	1.552000e-07	0.000000e+00	0.000000e+00	0.000000e+00	
402	1.562000e-07	0.000000e+00	0.000000e+00	0.000000e+00	

Index   time            v6#branch       v7#branch       v8#branch       
--------------------------------------------------------------------------------
403	1.572000e-07	0.000000e+00	0.000000e+00	0.000000e+00	
404	1.582000e-07	0.000000e+00	0.000000e+00	0.000000e+00	
405	1.592000e-07	0.000000e+00	0.000000e+00	0.000000e+00	
406	1.600000e-07	0.000000e+00	0.000000e+00	0.000000e+00	
407	1.601000e-07	0.000000e+00	0.000000e+00	0.000000e+00	
408	1.603000e-07	0.000000e+00	0.000000e+00	0.000000e+00	
409	1.607000e-07	0.000000e+00	0.000000e+00	0.000000e+00	
410	1.610000e-07	0.000000e+00	0.000000e+00	0.000000e+00	
411	1.610800e-07	0.000000e+00	0.000000e+00	0.000000e+00	
412	1.612400e-07	0.000000e+00	0.000000e+00	0.000000e+00	
413	1.615600e-07	0.000000e+00	0.000000e+00	0.000000e+00	
414	1.620000e-07	0.000000e+00	0.000000e+00	0.000000e+00	
415	1.620640e-07	0.000000e+00	0.000000e+00	0.000000e+00	
416	1.621920e-07	0.000000e+00	0.000000e+00	0.000000e+00	
417	1.624480e-07	0.000000e+00	0.000000e+00	0.000000e+00	
418	1.629600e-07	0.000000e+00	0.000000e+00	0.000000e+00	
419	1.630000e-07	0.000000e+00	0.000000e+00	0.000000e+00	
420	1.630800e-07	0.000000e+00	0.000000e+00	0.000000e+00	
421	1.632400e-07	0.000000e+00	0.000000e+00	0.000000e+00	
422	1.635600e-07	0.000000e+00	0.000000e+00	0.000000e+00	
423	1.642000e-07	0.000000e+00	0.000000e+00	0.000000e+00	
424	1.652000e-07	0.000000e+00	0.000000e+00	0.000000e+00	
425	1.662000e-07	0.000000e+00	0.000000e+00	0.000000e+00	
426	1.672000e-07	0.000000e+00	0.000000e+00	0.000000e+00	
427	1.680000e-07	0.000000e+00	0.000000e+00	0.000000e+00	
428	1.681000e-07	0.000000e+00	0.000000e+00	0.000000e+00	
429	1.683000e-07	0.000000e+00	0.000000e+00	0.000000e+00	
430	1.687000e-07	0.000000e+00	0.000000e+00	0.000000e+00	
431	1.690000e-07	0.000000e+00	0.000000e+00	0.000000e+00	
432	1.690800e-07	0.000000e+00	0.000000e+00	0.000000e+00	
433	1.692400e-07	0.000000e+00	0.000000e+00	0.000000e+00	
434	1.695600e-07	0.000000e+00	0.000000e+00	0.000000e+00	
435	1.702000e-07	0.000000e+00	0.000000e+00	0.000000e+00	
436	1.703000e-07	0.000000e+00	0.000000e+00	0.000000e+00	
437	1.703700e-07	0.000000e+00	0.000000e+00	0.000000e+00	
438	1.705100e-07	0.000000e+00	0.000000e+00	0.000000e+00	
439	1.707900e-07	0.000000e+00	0.000000e+00	0.000000e+00	
440	1.710000e-07	0.000000e+00	0.000000e+00	0.000000e+00	
441	1.710300e-07	0.000000e+00	0.000000e+00	0.000000e+00	
442	1.710900e-07	0.000000e+00	0.000000e+00	0.000000e+00	
443	1.712100e-07	0.000000e+00	0.000000e+00	0.000000e+00	
444	1.713000e-07	0.000000e+00	0.000000e+00	0.000000e+00	
445	1.713240e-07	0.000000e+00	0.000000e+00	0.000000e+00	
446	1.713720e-07	0.000000e+00	0.000000e+00	0.000000e+00	
447	1.714680e-07	0.000000e+00	0.000000e+00	0.000000e+00	
448	1.716600e-07	0.000000e+00	0.000000e+00	0.000000e+00	
449	1.720000e-07	0.000000e+00	0.000000e+00	0.000000e+00	
450	1.720384e-07	0.000000e+00	0.000000e+00	0.000000e+00	
451	1.721152e-07	0.000000e+00	0.000000e+00	0.000000e+00	
452	1.722688e-07	0.000000e+00	0.000000e+00	0.000000e+00	
453	1.725760e-07	0.000000e+00	0.000000e+00	0.000000e+00	
454	1.731904e-07	0.000000e+00	0.000000e+00	0.000000e+00	
455	1.741904e-07	0.000000e+00	0.000000e+00	0.000000e+00	
456	1.751904e-07	0.000000e+00	0.000000e+00	0.000000e+00	
457	1.761904e-07	0.000000e+00	0.000000e+00	0.000000e+00	
458	1.771904e-07	0.000000e+00	0.000000e+00	0.000000e+00	
459	1.781904e-07	0.000000e+00	0.000000e+00	0.000000e+00	
460	1.791904e-07	0.000000e+00	0.000000e+00	0.000000e+00	

Index   time            v6#branch       v7#branch       v8#branch       
--------------------------------------------------------------------------------
461	1.800000e-07	0.000000e+00	0.000000e+00	0.000000e+00	
462	1.801000e-07	0.000000e+00	0.000000e+00	0.000000e+00	
463	1.803000e-07	0.000000e+00	0.000000e+00	0.000000e+00	
464	1.807000e-07	0.000000e+00	0.000000e+00	0.000000e+00	
465	1.810000e-07	0.000000e+00	0.000000e+00	0.000000e+00	
466	1.810800e-07	0.000000e+00	0.000000e+00	0.000000e+00	
467	1.812400e-07	0.000000e+00	0.000000e+00	0.000000e+00	
468	1.815600e-07	0.000000e+00	0.000000e+00	0.000000e+00	
469	1.822000e-07	0.000000e+00	0.000000e+00	0.000000e+00	
470	1.823000e-07	0.000000e+00	0.000000e+00	0.000000e+00	
471	1.824000e-07	0.000000e+00	0.000000e+00	0.000000e+00	
472	1.826000e-07	0.000000e+00	0.000000e+00	0.000000e+00	
473	1.830000e-07	0.000000e+00	0.000000e+00	0.000000e+00	
474	1.833000e-07	0.000000e+00	0.000000e+00	0.000000e+00	
475	1.833800e-07	0.000000e+00	0.000000e+00	0.000000e+00	
476	1.835400e-07	0.000000e+00	0.000000e+00	0.000000e+00	
477	1.838600e-07	0.000000e+00	0.000000e+00	0.000000e+00	
478	1.845000e-07	0.000000e+00	0.000000e+00	0.000000e+00	
479	1.855000e-07	0.000000e+00	0.000000e+00	0.000000e+00	
480	1.860000e-07	0.000000e+00	0.000000e+00	0.000000e+00	
481	1.861000e-07	0.000000e+00	0.000000e+00	0.000000e+00	
482	1.863000e-07	0.000000e+00	0.000000e+00	0.000000e+00	
483	1.867000e-07	0.000000e+00	0.000000e+00	0.000000e+00	
484	1.870000e-07	0.000000e+00	0.000000e+00	0.000000e+00	
485	1.870800e-07	0.000000e+00	0.000000e+00	0.000000e+00	
486	1.872400e-07	0.000000e+00	0.000000e+00	0.000000e+00	
487	1.875600e-07	0.000000e+00	0.000000e+00	0.000000e+00	
488	1.882000e-07	0.000000e+00	0.000000e+00	0.000000e+00	
489	1.892000e-07	0.000000e+00	0.000000e+00	0.000000e+00	
490	1.902000e-07	0.000000e+00	0.000000e+00	0.000000e+00	
491	1.910000e-07	0.000000e+00	0.000000e+00	0.000000e+00	
492	1.911000e-07	0.000000e+00	0.000000e+00	0.000000e+00	
493	1.913000e-07	0.000000e+00	0.000000e+00	0.000000e+00	
494	1.917000e-07	0.000000e+00	0.000000e+00	0.000000e+00	
495	1.920000e-07	0.000000e+00	0.000000e+00	0.000000e+00	
496	1.920800e-07	0.000000e+00	0.000000e+00	0.000000e+00	
497	1.922400e-07	0.000000e+00	0.000000e+00	0.000000e+00	
498	1.925600e-07	0.000000e+00	0.000000e+00	0.000000e+00	
499	1.930000e-07	0.000000e+00	0.000000e+00	0.000000e+00	
500	1.930640e-07	0.000000e+00	0.000000e+00	0.000000e+00	
501	1.931920e-07	0.000000e+00	0.000000e+00	0.000000e+00	
502	1.934480e-07	0.000000e+00	0.000000e+00	0.000000e+00	
503	1.939600e-07	0.000000e+00	0.000000e+00	0.000000e+00	
504	1.949600e-07	0.000000e+00	0.000000e+00	0.000000e+00	
505	1.959600e-07	0.000000e+00	0.000000e+00	0.000000e+00	
506	1.969600e-07	0.000000e+00	0.000000e+00	0.000000e+00	
507	1.979600e-07	0.000000e+00	0.000000e+00	0.000000e+00	
508	1.989600e-07	0.000000e+00	0.000000e+00	0.000000e+00	
509	1.999600e-07	0.000000e+00	0.000000e+00	0.000000e+00	
510	2.000000e-07	0.000000e+00	0.000000e+00	0.000000e+00	

                                kicad schematic
                                Transient Analysis  Sun Jul 05 21:18:26  2026
--------------------------------------------------------------------------------
Index   time            v9#branch       
--------------------------------------------------------------------------------
0	0.000000e+00	0.000000e+00	
1	1.000000e-11	0.000000e+00	
2	2.000000e-11	0.000000e+00	
3	4.000000e-11	0.000000e+00	
4	8.000000e-11	0.000000e+00	
5	1.600000e-10	0.000000e+00	
6	3.200000e-10	0.000000e+00	
7	6.400000e-10	0.000000e+00	
8	1.000000e-09	0.000000e+00	
9	1.064000e-09	0.000000e+00	
10	1.192000e-09	0.000000e+00	
11	1.448000e-09	0.000000e+00	
12	1.960000e-09	0.000000e+00	
13	2.960000e-09	0.000000e+00	
14	3.960000e-09	0.000000e+00	
15	4.960000e-09	0.000000e+00	
16	5.960000e-09	0.000000e+00	
17	6.960000e-09	0.000000e+00	
18	7.960000e-09	0.000000e+00	
19	8.960000e-09	0.000000e+00	
20	9.960000e-09	0.000000e+00	
21	1.000000e-08	0.000000e+00	
22	1.001000e-08	0.000000e+00	
23	1.003000e-08	0.000000e+00	
24	1.007000e-08	0.000000e+00	
25	1.010000e-08	0.000000e+00	
26	1.010800e-08	0.000000e+00	
27	1.012400e-08	0.000000e+00	
28	1.015600e-08	0.000000e+00	
29	1.022000e-08	0.000000e+00	
30	1.034800e-08	0.000000e+00	
31	1.060400e-08	0.000000e+00	
32	1.100000e-08	0.000000e+00	
33	1.105120e-08	0.000000e+00	
34	1.115360e-08	0.000000e+00	
35	1.135840e-08	0.000000e+00	
36	1.176800e-08	0.000000e+00	
37	1.200000e-08	0.000000e+00	
38	1.208192e-08	0.000000e+00	
39	1.224576e-08	0.000000e+00	
40	1.257344e-08	0.000000e+00	
41	1.322880e-08	0.000000e+00	
42	1.422880e-08	0.000000e+00	
43	1.500000e-08	0.000000e+00	
44	1.510000e-08	0.000000e+00	
45	1.530000e-08	0.000000e+00	
46	1.570000e-08	0.000000e+00	
47	1.600000e-08	0.000000e+00	
48	1.608000e-08	0.000000e+00	
49	1.624000e-08	0.000000e+00	
50	1.656000e-08	0.000000e+00	
51	1.720000e-08	0.000000e+00	
52	1.800000e-08	0.000000e+00	
53	1.810000e-08	0.000000e+00	
54	1.830000e-08	0.000000e+00	

Index   time            v9#branch       
--------------------------------------------------------------------------------
55	1.870000e-08	0.000000e+00	
56	1.900000e-08	0.000000e+00	
57	1.908000e-08	0.000000e+00	
58	1.924000e-08	0.000000e+00	
59	1.956000e-08	0.000000e+00	
60	2.000000e-08	0.000000e+00	
61	2.006400e-08	0.000000e+00	
62	2.019200e-08	0.000000e+00	
63	2.044800e-08	0.000000e+00	
64	2.096000e-08	0.000000e+00	
65	2.100000e-08	0.000000e+00	
66	2.108000e-08	0.000000e+00	
67	2.124000e-08	0.000000e+00	
68	2.156000e-08	0.000000e+00	
69	2.220000e-08	0.000000e+00	
70	2.320000e-08	0.000000e+00	
71	2.400000e-08	0.000000e+00	
72	2.410000e-08	0.000000e+00	
73	2.430000e-08	0.000000e+00	
74	2.470000e-08	0.000000e+00	
75	2.500000e-08	0.000000e+00	
76	2.508000e-08	0.000000e+00	
77	2.524000e-08	0.000000e+00	
78	2.556000e-08	0.000000e+00	
79	2.620000e-08	0.000000e+00	
80	2.720000e-08	0.000000e+00	
81	2.820000e-08	0.000000e+00	
82	2.920000e-08	0.000000e+00	
83	3.020000e-08	0.000000e+00	
84	3.100000e-08	0.000000e+00	
85	3.110000e-08	0.000000e+00	
86	3.130000e-08	0.000000e+00	
87	3.170000e-08	0.000000e+00	
88	3.200000e-08	0.000000e+00	
89	3.208000e-08	0.000000e+00	
90	3.224000e-08	0.000000e+00	
91	3.256000e-08	0.000000e+00	
92	3.320000e-08	0.000000e+00	
93	3.420000e-08	0.000000e+00	
94	3.520000e-08	0.000000e+00	
95	3.620000e-08	0.000000e+00	
96	3.720000e-08	0.000000e+00	
97	3.820000e-08	0.000000e+00	
98	3.900000e-08	0.000000e+00	
99	3.910000e-08	0.000000e+00	
100	3.930000e-08	0.000000e+00	
101	3.970000e-08	0.000000e+00	
102	4.000000e-08	0.000000e+00	
103	4.008000e-08	0.000000e+00	
104	4.024000e-08	0.000000e+00	
105	4.056000e-08	0.000000e+00	
106	4.100000e-08	0.000000e+00	
107	4.106400e-08	0.000000e+00	
108	4.119200e-08	0.000000e+00	
109	4.144800e-08	0.000000e+00	
110	4.196000e-08	0.000000e+00	
111	4.200000e-08	0.000000e+00	
112	4.208000e-08	0.000000e+00	

Index   time            v9#branch       
--------------------------------------------------------------------------------
113	4.224000e-08	0.000000e+00	
114	4.225600e-08	0.000000e+00	
115	4.228800e-08	0.000000e+00	
116	4.235200e-08	0.000000e+00	
117	4.248000e-08	0.000000e+00	
118	4.273600e-08	0.000000e+00	
119	4.300000e-08	0.000000e+00	
120	4.302400e-08	0.000000e+00	
121	4.307200e-08	0.000000e+00	
122	4.316800e-08	0.000000e+00	
123	4.324000e-08	0.000000e+00	
124	4.325920e-08	0.000000e+00	
125	4.329760e-08	0.000000e+00	
126	4.337440e-08	0.000000e+00	
127	4.352800e-08	0.000000e+00	
128	4.383520e-08	0.000000e+00	
129	4.444960e-08	0.000000e+00	
130	4.544960e-08	0.000000e+00	
131	4.644960e-08	0.000000e+00	
132	4.744960e-08	0.000000e+00	
133	4.800000e-08	0.000000e+00	
134	4.810000e-08	0.000000e+00	
135	4.830000e-08	0.000000e+00	
136	4.870000e-08	0.000000e+00	
137	4.900000e-08	0.000000e+00	
138	4.908000e-08	0.000000e+00	
139	4.924000e-08	0.000000e+00	
140	4.956000e-08	0.000000e+00	
141	5.020000e-08	0.000000e+00	
142	5.100000e-08	0.000000e+00	
143	5.110000e-08	0.000000e+00	
144	5.130000e-08	0.000000e+00	
145	5.170000e-08	0.000000e+00	
146	5.200000e-08	0.000000e+00	
147	5.208000e-08	0.000000e+00	
148	5.224000e-08	0.000000e+00	
149	5.256000e-08	0.000000e+00	
150	5.320000e-08	0.000000e+00	
151	5.420000e-08	0.000000e+00	
152	5.520000e-08	0.000000e+00	
153	5.620000e-08	0.000000e+00	
154	5.720000e-08	0.000000e+00	
155	5.820000e-08	0.000000e+00	
156	5.900000e-08	0.000000e+00	
157	5.910000e-08	0.000000e+00	
158	5.930000e-08	0.000000e+00	
159	5.970000e-08	0.000000e+00	
160	6.000000e-08	0.000000e+00	
161	6.008000e-08	0.000000e+00	
162	6.024000e-08	0.000000e+00	
163	6.056000e-08	0.000000e+00	
164	6.100000e-08	0.000000e+00	
165	6.106400e-08	0.000000e+00	
166	6.119200e-08	0.000000e+00	
167	6.144800e-08	0.000000e+00	
168	6.196000e-08	0.000000e+00	
169	6.224000e-08	0.000000e+00	
170	6.234000e-08	0.000000e+00	

Index   time            v9#branch       
--------------------------------------------------------------------------------
171	6.254000e-08	0.000000e+00	
172	6.294000e-08	0.000000e+00	
173	6.324000e-08	0.000000e+00	
174	6.332000e-08	0.000000e+00	
175	6.348000e-08	0.000000e+00	
176	6.380000e-08	0.000000e+00	
177	6.444000e-08	0.000000e+00	
178	6.544000e-08	0.000000e+00	
179	6.600000e-08	0.000000e+00	
180	6.610000e-08	0.000000e+00	
181	6.630000e-08	0.000000e+00	
182	6.670000e-08	0.000000e+00	
183	6.700000e-08	0.000000e+00	
184	6.708000e-08	0.000000e+00	
185	6.724000e-08	0.000000e+00	
186	6.756000e-08	0.000000e+00	
187	6.820000e-08	0.000000e+00	
188	6.920000e-08	0.000000e+00	
189	7.020000e-08	0.000000e+00	
190	7.100000e-08	0.000000e+00	
191	7.110000e-08	0.000000e+00	
192	7.130000e-08	0.000000e+00	
193	7.170000e-08	0.000000e+00	
194	7.200000e-08	0.000000e+00	
195	7.208000e-08	0.000000e+00	
196	7.224000e-08	0.000000e+00	
197	7.256000e-08	0.000000e+00	
198	7.300000e-08	0.000000e+00	
199	7.306400e-08	0.000000e+00	
200	7.319200e-08	0.000000e+00	
201	7.344800e-08	0.000000e+00	
202	7.396000e-08	0.000000e+00	
203	7.424000e-08	0.000000e+00	
204	7.434000e-08	0.000000e+00	
205	7.454000e-08	0.000000e+00	
206	7.494000e-08	0.000000e+00	
207	7.524000e-08	0.000000e+00	
208	7.532000e-08	0.000000e+00	
209	7.548000e-08	0.000000e+00	
210	7.580000e-08	0.000000e+00	
211	7.644000e-08	0.000000e+00	
212	7.744000e-08	0.000000e+00	
213	7.844000e-08	0.000000e+00	
214	7.900000e-08	0.000000e+00	
215	7.910000e-08	0.000000e+00	
216	7.930000e-08	0.000000e+00	
217	7.970000e-08	0.000000e+00	
218	8.000000e-08	0.000000e+00	
219	8.008000e-08	0.000000e+00	
220	8.024000e-08	0.000000e+00	
221	8.056000e-08	0.000000e+00	
222	8.100000e-08	0.000000e+00	
223	8.106400e-08	0.000000e+00	
224	8.119200e-08	0.000000e+00	
225	8.144800e-08	0.000000e+00	
226	8.196000e-08	0.000000e+00	
227	8.224000e-08	0.000000e+00	
228	8.234000e-08	0.000000e+00	

Index   time            v9#branch       
--------------------------------------------------------------------------------
229	8.254000e-08	0.000000e+00	
230	8.294000e-08	0.000000e+00	
231	8.324000e-08	0.000000e+00	
232	8.332000e-08	0.000000e+00	
233	8.348000e-08	0.000000e+00	
234	8.380000e-08	0.000000e+00	
235	8.444000e-08	0.000000e+00	
236	8.544000e-08	0.000000e+00	
237	8.600000e-08	0.000000e+00	
238	8.610000e-08	0.000000e+00	
239	8.630000e-08	0.000000e+00	
240	8.670000e-08	0.000000e+00	
241	8.700000e-08	0.000000e+00	
242	8.708000e-08	0.000000e+00	
243	8.724000e-08	0.000000e+00	
244	8.756000e-08	0.000000e+00	
245	8.820000e-08	0.000000e+00	
246	8.920000e-08	0.000000e+00	
247	9.000000e-08	0.000000e+00	
248	9.010000e-08	0.000000e+00	
249	9.030000e-08	0.000000e+00	
250	9.070000e-08	0.000000e+00	
251	9.100000e-08	0.000000e+00	
252	9.108000e-08	0.000000e+00	
253	9.124000e-08	0.000000e+00	
254	9.156000e-08	0.000000e+00	
255	9.200000e-08	0.000000e+00	
256	9.206400e-08	0.000000e+00	
257	9.219200e-08	0.000000e+00	
258	9.244800e-08	0.000000e+00	
259	9.296000e-08	0.000000e+00	
260	9.396000e-08	0.000000e+00	
261	9.496000e-08	0.000000e+00	
262	9.596000e-08	0.000000e+00	
263	9.600000e-08	0.000000e+00	
264	9.608000e-08	0.000000e+00	
265	9.624000e-08	0.000000e+00	
266	9.656000e-08	0.000000e+00	
267	9.700000e-08	0.000000e+00	
268	9.706400e-08	0.000000e+00	
269	9.719200e-08	0.000000e+00	
270	9.744800e-08	0.000000e+00	
271	9.796000e-08	0.000000e+00	
272	9.896000e-08	0.000000e+00	
273	9.996000e-08	0.000000e+00	
274	1.000000e-07	0.000000e+00	
275	1.000800e-07	0.000000e+00	
276	1.002400e-07	0.000000e+00	
277	1.005600e-07	0.000000e+00	
278	1.010000e-07	0.000000e+00	
279	1.010640e-07	0.000000e+00	
280	1.011920e-07	0.000000e+00	
281	1.014480e-07	0.000000e+00	
282	1.019600e-07	0.000000e+00	
283	1.029600e-07	0.000000e+00	
284	1.039600e-07	0.000000e+00	
285	1.049600e-07	0.000000e+00	
286	1.059600e-07	0.000000e+00	

Index   time            v9#branch       
--------------------------------------------------------------------------------
287	1.069600e-07	0.000000e+00	
288	1.079600e-07	0.000000e+00	
289	1.089600e-07	0.000000e+00	
290	1.099600e-07	0.000000e+00	
291	1.109600e-07	0.000000e+00	
292	1.110000e-07	0.000000e+00	
293	1.110800e-07	0.000000e+00	
294	1.112400e-07	0.000000e+00	
295	1.115600e-07	0.000000e+00	
296	1.120000e-07	0.000000e+00	
297	1.120640e-07	0.000000e+00	
298	1.121920e-07	0.000000e+00	
299	1.124480e-07	0.000000e+00	
300	1.129600e-07	0.000000e+00	
301	1.139600e-07	0.000000e+00	
302	1.140000e-07	0.000000e+00	
303	1.140800e-07	0.000000e+00	
304	1.142400e-07	0.000000e+00	
305	1.145600e-07	0.000000e+00	
306	1.150000e-07	0.000000e+00	
307	1.150640e-07	0.000000e+00	
308	1.151920e-07	0.000000e+00	
309	1.154480e-07	0.000000e+00	
310	1.159600e-07	0.000000e+00	
311	1.169600e-07	0.000000e+00	
312	1.179600e-07	0.000000e+00	
313	1.189600e-07	0.000000e+00	
314	1.199600e-07	0.000000e+00	
315	1.200000e-07	0.000000e+00	
316	1.200800e-07	0.000000e+00	
317	1.202400e-07	0.000000e+00	
318	1.205600e-07	0.000000e+00	
319	1.210000e-07	0.000000e+00	
320	1.210640e-07	0.000000e+00	
321	1.211920e-07	0.000000e+00	
322	1.214480e-07	0.000000e+00	
323	1.219600e-07	0.000000e+00	
324	1.222400e-07	0.000000e+00	
325	1.223400e-07	0.000000e+00	
326	1.225400e-07	0.000000e+00	
327	1.229400e-07	0.000000e+00	
328	1.232400e-07	0.000000e+00	
329	1.233200e-07	0.000000e+00	
330	1.234800e-07	0.000000e+00	
331	1.238000e-07	0.000000e+00	
332	1.244400e-07	0.000000e+00	
333	1.254400e-07	0.000000e+00	
334	1.264400e-07	0.000000e+00	
335	1.274400e-07	0.000000e+00	
336	1.284400e-07	0.000000e+00	
337	1.294400e-07	0.000000e+00	
338	1.304400e-07	0.000000e+00	
339	1.310000e-07	0.000000e+00	
340	1.311000e-07	0.000000e+00	
341	1.313000e-07	0.000000e+00	
342	1.317000e-07	0.000000e+00	
343	1.320000e-07	0.000000e+00	
344	1.320800e-07	0.000000e+00	

Index   time            v9#branch       
--------------------------------------------------------------------------------
345	1.322400e-07	0.000000e+00	
346	1.325600e-07	0.000000e+00	
347	1.332000e-07	0.000000e+00	
348	1.342000e-07	0.000000e+00	
349	1.352000e-07	0.000000e+00	
350	1.362000e-07	0.000000e+00	
351	1.372000e-07	0.000000e+00	
352	1.380000e-07	0.000000e+00	
353	1.381000e-07	0.000000e+00	
354	1.383000e-07	0.000000e+00	
355	1.387000e-07	0.000000e+00	
356	1.390000e-07	0.000000e+00	
357	1.390800e-07	0.000000e+00	
358	1.392400e-07	0.000000e+00	
359	1.395600e-07	0.000000e+00	
360	1.400000e-07	0.000000e+00	
361	1.400640e-07	0.000000e+00	
362	1.401920e-07	0.000000e+00	
363	1.404480e-07	0.000000e+00	
364	1.409600e-07	0.000000e+00	
365	1.410000e-07	0.000000e+00	
366	1.410800e-07	0.000000e+00	
367	1.412400e-07	0.000000e+00	
368	1.415600e-07	0.000000e+00	
369	1.422000e-07	0.000000e+00	
370	1.432000e-07	0.000000e+00	
371	1.440000e-07	0.000000e+00	
372	1.441000e-07	0.000000e+00	
373	1.443000e-07	0.000000e+00	
374	1.447000e-07	0.000000e+00	
375	1.450000e-07	0.000000e+00	
376	1.450800e-07	0.000000e+00	
377	1.452400e-07	0.000000e+00	
378	1.455600e-07	0.000000e+00	
379	1.462000e-07	0.000000e+00	
380	1.463000e-07	0.000000e+00	
381	1.464000e-07	0.000000e+00	
382	1.466000e-07	0.000000e+00	
383	1.470000e-07	0.000000e+00	
384	1.473000e-07	0.000000e+00	
385	1.473800e-07	0.000000e+00	
386	1.475400e-07	0.000000e+00	
387	1.478600e-07	0.000000e+00	
388	1.485000e-07	0.000000e+00	
389	1.495000e-07	0.000000e+00	
390	1.505000e-07	0.000000e+00	
391	1.510000e-07	0.000000e+00	
392	1.511000e-07	0.000000e+00	
393	1.513000e-07	0.000000e+00	
394	1.517000e-07	0.000000e+00	
395	1.520000e-07	0.000000e+00	
396	1.520800e-07	0.000000e+00	
397	1.522400e-07	0.000000e+00	
398	1.525600e-07	0.000000e+00	
399	1.532000e-07	0.000000e+00	
400	1.542000e-07	0.000000e+00	
401	1.552000e-07	0.000000e+00	
402	1.562000e-07	0.000000e+00	

Index   time            v9#branch       
--------------------------------------------------------------------------------
403	1.572000e-07	0.000000e+00	
404	1.582000e-07	0.000000e+00	
405	1.592000e-07	0.000000e+00	
406	1.600000e-07	0.000000e+00	
407	1.601000e-07	0.000000e+00	
408	1.603000e-07	0.000000e+00	
409	1.607000e-07	0.000000e+00	
410	1.610000e-07	0.000000e+00	
411	1.610800e-07	0.000000e+00	
412	1.612400e-07	0.000000e+00	
413	1.615600e-07	0.000000e+00	
414	1.620000e-07	0.000000e+00	
415	1.620640e-07	0.000000e+00	
416	1.621920e-07	0.000000e+00	
417	1.624480e-07	0.000000e+00	
418	1.629600e-07	0.000000e+00	
419	1.630000e-07	0.000000e+00	
420	1.630800e-07	0.000000e+00	
421	1.632400e-07	0.000000e+00	
422	1.635600e-07	0.000000e+00	
423	1.642000e-07	0.000000e+00	
424	1.652000e-07	0.000000e+00	
425	1.662000e-07	0.000000e+00	
426	1.672000e-07	0.000000e+00	
427	1.680000e-07	0.000000e+00	
428	1.681000e-07	0.000000e+00	
429	1.683000e-07	0.000000e+00	
430	1.687000e-07	0.000000e+00	
431	1.690000e-07	0.000000e+00	
432	1.690800e-07	0.000000e+00	
433	1.692400e-07	0.000000e+00	
434	1.695600e-07	0.000000e+00	
435	1.702000e-07	0.000000e+00	
436	1.703000e-07	0.000000e+00	
437	1.703700e-07	0.000000e+00	
438	1.705100e-07	0.000000e+00	
439	1.707900e-07	0.000000e+00	
440	1.710000e-07	0.000000e+00	
441	1.710300e-07	0.000000e+00	
442	1.710900e-07	0.000000e+00	
443	1.712100e-07	0.000000e+00	
444	1.713000e-07	0.000000e+00	
445	1.713240e-07	0.000000e+00	
446	1.713720e-07	0.000000e+00	
447	1.714680e-07	0.000000e+00	
448	1.716600e-07	0.000000e+00	
449	1.720000e-07	0.000000e+00	
450	1.720384e-07	0.000000e+00	
451	1.721152e-07	0.000000e+00	
452	1.722688e-07	0.000000e+00	
453	1.725760e-07	0.000000e+00	
454	1.731904e-07	0.000000e+00	
455	1.741904e-07	0.000000e+00	
456	1.751904e-07	0.000000e+00	
457	1.761904e-07	0.000000e+00	
458	1.771904e-07	0.000000e+00	
459	1.781904e-07	0.000000e+00	
460	1.791904e-07	0.000000e+00	

Index   time            v9#branch       
--------------------------------------------------------------------------------
461	1.800000e-07	0.000000e+00	
462	1.801000e-07	0.000000e+00	
463	1.803000e-07	0.000000e+00	
464	1.807000e-07	0.000000e+00	
465	1.810000e-07	0.000000e+00	
466	1.810800e-07	0.000000e+00	
467	1.812400e-07	0.000000e+00	
468	1.815600e-07	0.000000e+00	
469	1.822000e-07	0.000000e+00	
470	1.823000e-07	0.000000e+00	
471	1.824000e-07	0.000000e+00	
472	1.826000e-07	0.000000e+00	
473	1.830000e-07	0.000000e+00	
474	1.833000e-07	0.000000e+00	
475	1.833800e-07	0.000000e+00	
476	1.835400e-07	0.000000e+00	
477	1.838600e-07	0.000000e+00	
478	1.845000e-07	0.000000e+00	
479	1.855000e-07	0.000000e+00	
480	1.860000e-07	0.000000e+00	
481	1.861000e-07	0.000000e+00	
482	1.863000e-07	0.000000e+00	
483	1.867000e-07	0.000000e+00	
484	1.870000e-07	0.000000e+00	
485	1.870800e-07	0.000000e+00	
486	1.872400e-07	0.000000e+00	
487	1.875600e-07	0.000000e+00	
488	1.882000e-07	0.000000e+00	
489	1.892000e-07	0.000000e+00	
490	1.902000e-07	0.000000e+00	
491	1.910000e-07	0.000000e+00	
492	1.911000e-07	0.000000e+00	
493	1.913000e-07	0.000000e+00	
494	1.917000e-07	0.000000e+00	
495	1.920000e-07	0.000000e+00	
496	1.920800e-07	0.000000e+00	
497	1.922400e-07	0.000000e+00	
498	1.925600e-07	0.000000e+00	
499	1.930000e-07	0.000000e+00	
500	1.930640e-07	0.000000e+00	
501	1.931920e-07	0.000000e+00	
502	1.934480e-07	0.000000e+00	
503	1.939600e-07	0.000000e+00	
504	1.949600e-07	0.000000e+00	
505	1.959600e-07	0.000000e+00	
506	1.969600e-07	0.000000e+00	
507	1.979600e-07	0.000000e+00	
508	1.989600e-07	0.000000e+00	
509	1.999600e-07	0.000000e+00	
510	2.000000e-07	0.000000e+00	
