                                kicad schematic
                                Transient Analysis  Sun Jul 05 13:03:51  2026
--------------------------------------------------------------------------------
Index   time            a4#branch_1_0   a4#branch_1_1   a4#branch_1_2   
--------------------------------------------------------------------------------
0	0.000000e+00	0.000000e+00	0.000000e+00	0.000000e+00	
1	1.000000e-11	0.000000e+00	0.000000e+00	0.000000e+00	
2	2.000000e-11	0.000000e+00	0.000000e+00	0.000000e+00	
3	4.000000e-11	0.000000e+00	0.000000e+00	0.000000e+00	
4	8.000000e-11	0.000000e+00	0.000000e+00	0.000000e+00	
5	1.600000e-10	0.000000e+00	0.000000e+00	0.000000e+00	
6	3.200000e-10	0.000000e+00	0.000000e+00	0.000000e+00	
7	6.400000e-10	0.000000e+00	0.000000e+00	0.000000e+00	
8	1.000000e-09	0.000000e+00	0.000000e+00	0.000000e+00	
9	1.064000e-09	0.000000e+00	0.000000e+00	0.000000e+00	
10	1.192000e-09	0.000000e+00	0.000000e+00	0.000000e+00	
11	1.448000e-09	0.000000e+00	0.000000e+00	0.000000e+00	
12	1.960000e-09	0.000000e+00	0.000000e+00	0.000000e+00	
13	2.984000e-09	0.000000e+00	0.000000e+00	0.000000e+00	
14	4.984000e-09	0.000000e+00	0.000000e+00	0.000000e+00	
15	5.000000e-09	0.000000e+00	0.000000e+00	0.000000e+00	
16	5.032000e-09	0.000000e+00	0.000000e+00	0.000000e+00	
17	5.096000e-09	0.000000e+00	0.000000e+00	0.000000e+00	
18	5.224000e-09	0.000000e+00	0.000000e+00	0.000000e+00	
19	5.480000e-09	0.000000e+00	0.000000e+00	0.000000e+00	
20	5.992000e-09	0.000000e+00	0.000000e+00	0.000000e+00	
21	6.000000e-09	0.000000e+00	0.000000e+00	0.000000e+00	
22	6.016000e-09	0.000000e+00	0.000000e+00	0.000000e+00	
23	6.048000e-09	0.000000e+00	0.000000e+00	0.000000e+00	
24	6.112000e-09	0.000000e+00	0.000000e+00	0.000000e+00	
25	6.240000e-09	0.000000e+00	0.000000e+00	0.000000e+00	
26	6.496000e-09	0.000000e+00	0.000000e+00	0.000000e+00	
27	7.008000e-09	0.000000e+00	0.000000e+00	0.000000e+00	
28	8.032000e-09	0.000000e+00	0.000000e+00	0.000000e+00	
29	1.000000e-08	0.000000e+00	0.000000e+00	0.000000e+00	
30	1.010000e-08	0.000000e+00	0.000000e+00	0.000000e+00	
31	1.030000e-08	0.000000e+00	0.000000e+00	0.000000e+00	
32	1.070000e-08	0.000000e+00	0.000000e+00	0.000000e+00	
33	1.100000e-08	0.000000e+00	0.000000e+00	0.000000e+00	
34	1.108000e-08	0.000000e+00	0.000000e+00	0.000000e+00	
35	1.124000e-08	0.000000e+00	0.000000e+00	0.000000e+00	
36	1.156000e-08	0.000000e+00	0.000000e+00	0.000000e+00	
37	1.220000e-08	0.000000e+00	0.000000e+00	0.000000e+00	
38	1.230000e-08	0.000000e+00	0.000000e+00	0.000000e+00	
39	1.240000e-08	0.000000e+00	0.000000e+00	0.000000e+00	
40	1.260000e-08	0.000000e+00	0.000000e+00	0.000000e+00	
41	1.300000e-08	0.000000e+00	0.000000e+00	0.000000e+00	
42	1.330000e-08	0.000000e+00	0.000000e+00	0.000000e+00	
43	1.338000e-08	0.000000e+00	0.000000e+00	0.000000e+00	
44	1.354000e-08	0.000000e+00	0.000000e+00	0.000000e+00	
45	1.386000e-08	0.000000e+00	0.000000e+00	0.000000e+00	
46	1.450000e-08	0.000000e+00	0.000000e+00	0.000000e+00	
47	1.500000e-08	0.000000e+00	0.000000e+00	0.000000e+00	
48	1.510000e-08	0.000000e+00	0.000000e+00	0.000000e+00	
49	1.530000e-08	0.000000e+00	0.000000e+00	0.000000e+00	
50	1.570000e-08	0.000000e+00	0.000000e+00	0.000000e+00	
51	1.600000e-08	0.000000e+00	0.000000e+00	0.000000e+00	
52	1.608000e-08	0.000000e+00	0.000000e+00	0.000000e+00	
53	1.624000e-08	0.000000e+00	0.000000e+00	0.000000e+00	
54	1.656000e-08	0.000000e+00	0.000000e+00	0.000000e+00	

Index   time            a4#branch_1_0   a4#branch_1_1   a4#branch_1_2   
--------------------------------------------------------------------------------
55	1.720000e-08	0.000000e+00	0.000000e+00	0.000000e+00	
56	1.848000e-08	0.000000e+00	0.000000e+00	0.000000e+00	
57	2.000000e-08	0.000000e+00	0.000000e+00	0.000000e+00	
58	2.010000e-08	0.000000e+00	0.000000e+00	0.000000e+00	
59	2.030000e-08	0.000000e+00	0.000000e+00	0.000000e+00	
60	2.070000e-08	0.000000e+00	0.000000e+00	0.000000e+00	
61	2.100000e-08	0.000000e+00	0.000000e+00	0.000000e+00	
62	2.108000e-08	0.000000e+00	0.000000e+00	0.000000e+00	
63	2.124000e-08	0.000000e+00	0.000000e+00	0.000000e+00	
64	2.156000e-08	0.000000e+00	0.000000e+00	0.000000e+00	
65	2.220000e-08	0.000000e+00	0.000000e+00	0.000000e+00	
66	2.230000e-08	0.000000e+00	0.000000e+00	0.000000e+00	
67	2.240000e-08	0.000000e+00	0.000000e+00	0.000000e+00	
68	2.260000e-08	0.000000e+00	0.000000e+00	0.000000e+00	
69	2.300000e-08	0.000000e+00	0.000000e+00	0.000000e+00	
70	2.330000e-08	0.000000e+00	0.000000e+00	0.000000e+00	
71	2.338000e-08	0.000000e+00	0.000000e+00	0.000000e+00	
72	2.354000e-08	0.000000e+00	0.000000e+00	0.000000e+00	
73	2.386000e-08	0.000000e+00	0.000000e+00	0.000000e+00	
74	2.450000e-08	0.000000e+00	0.000000e+00	0.000000e+00	
75	2.500000e-08	0.000000e+00	0.000000e+00	0.000000e+00	
76	2.510000e-08	0.000000e+00	0.000000e+00	0.000000e+00	
77	2.530000e-08	0.000000e+00	0.000000e+00	0.000000e+00	
78	2.570000e-08	0.000000e+00	0.000000e+00	0.000000e+00	
79	2.600000e-08	0.000000e+00	0.000000e+00	0.000000e+00	
80	2.608000e-08	0.000000e+00	0.000000e+00	0.000000e+00	
81	2.624000e-08	0.000000e+00	0.000000e+00	0.000000e+00	
82	2.656000e-08	0.000000e+00	0.000000e+00	0.000000e+00	
83	2.720000e-08	0.000000e+00	0.000000e+00	0.000000e+00	
84	2.848000e-08	0.000000e+00	0.000000e+00	0.000000e+00	
85	3.000000e-08	0.000000e+00	0.000000e+00	0.000000e+00	
86	3.010000e-08	0.000000e+00	0.000000e+00	0.000000e+00	
87	3.030000e-08	0.000000e+00	0.000000e+00	0.000000e+00	
88	3.070000e-08	0.000000e+00	0.000000e+00	0.000000e+00	
89	3.100000e-08	0.000000e+00	0.000000e+00	0.000000e+00	
90	3.108000e-08	0.000000e+00	0.000000e+00	0.000000e+00	
91	3.124000e-08	0.000000e+00	0.000000e+00	0.000000e+00	
92	3.156000e-08	0.000000e+00	0.000000e+00	0.000000e+00	
93	3.220000e-08	0.000000e+00	0.000000e+00	0.000000e+00	
94	3.348000e-08	0.000000e+00	0.000000e+00	0.000000e+00	
95	3.500000e-08	0.000000e+00	0.000000e+00	0.000000e+00	
96	3.510000e-08	0.000000e+00	0.000000e+00	0.000000e+00	
97	3.530000e-08	0.000000e+00	0.000000e+00	0.000000e+00	
98	3.570000e-08	0.000000e+00	0.000000e+00	0.000000e+00	
99	3.600000e-08	0.000000e+00	0.000000e+00	0.000000e+00	
100	3.608000e-08	0.000000e+00	0.000000e+00	0.000000e+00	
101	3.624000e-08	0.000000e+00	0.000000e+00	0.000000e+00	
102	3.656000e-08	0.000000e+00	0.000000e+00	0.000000e+00	
103	3.720000e-08	0.000000e+00	0.000000e+00	0.000000e+00	
104	3.848000e-08	0.000000e+00	0.000000e+00	0.000000e+00	
105	4.000000e-08	0.000000e+00	0.000000e+00	0.000000e+00	
106	4.010000e-08	0.000000e+00	0.000000e+00	0.000000e+00	
107	4.030000e-08	0.000000e+00	0.000000e+00	0.000000e+00	
108	4.070000e-08	0.000000e+00	0.000000e+00	0.000000e+00	
109	4.100000e-08	0.000000e+00	0.000000e+00	0.000000e+00	
110	4.108000e-08	0.000000e+00	0.000000e+00	0.000000e+00	
111	4.124000e-08	0.000000e+00	0.000000e+00	0.000000e+00	
112	4.156000e-08	0.000000e+00	0.000000e+00	0.000000e+00	

Index   time            a4#branch_1_0   a4#branch_1_1   a4#branch_1_2   
--------------------------------------------------------------------------------
113	4.220000e-08	0.000000e+00	0.000000e+00	0.000000e+00	
114	4.230000e-08	0.000000e+00	0.000000e+00	0.000000e+00	
115	4.240000e-08	0.000000e+00	0.000000e+00	0.000000e+00	
116	4.260000e-08	0.000000e+00	0.000000e+00	0.000000e+00	
117	4.300000e-08	0.000000e+00	0.000000e+00	0.000000e+00	
118	4.330000e-08	0.000000e+00	0.000000e+00	0.000000e+00	
119	4.338000e-08	0.000000e+00	0.000000e+00	0.000000e+00	
120	4.354000e-08	0.000000e+00	0.000000e+00	0.000000e+00	
121	4.386000e-08	0.000000e+00	0.000000e+00	0.000000e+00	
122	4.450000e-08	0.000000e+00	0.000000e+00	0.000000e+00	
123	4.500000e-08	0.000000e+00	0.000000e+00	0.000000e+00	
124	4.510000e-08	0.000000e+00	0.000000e+00	0.000000e+00	
125	4.530000e-08	0.000000e+00	0.000000e+00	0.000000e+00	
126	4.570000e-08	0.000000e+00	0.000000e+00	0.000000e+00	
127	4.600000e-08	0.000000e+00	0.000000e+00	0.000000e+00	
128	4.608000e-08	0.000000e+00	0.000000e+00	0.000000e+00	
129	4.624000e-08	0.000000e+00	0.000000e+00	0.000000e+00	
130	4.656000e-08	0.000000e+00	0.000000e+00	0.000000e+00	
131	4.720000e-08	0.000000e+00	0.000000e+00	0.000000e+00	
132	4.848000e-08	0.000000e+00	0.000000e+00	0.000000e+00	
133	5.000000e-08	0.000000e+00	0.000000e+00	0.000000e+00	
134	5.010000e-08	0.000000e+00	0.000000e+00	0.000000e+00	
135	5.030000e-08	0.000000e+00	0.000000e+00	0.000000e+00	
136	5.070000e-08	0.000000e+00	0.000000e+00	0.000000e+00	
137	5.100000e-08	0.000000e+00	0.000000e+00	0.000000e+00	
138	5.108000e-08	0.000000e+00	0.000000e+00	0.000000e+00	
139	5.124000e-08	0.000000e+00	0.000000e+00	0.000000e+00	
140	5.156000e-08	0.000000e+00	0.000000e+00	0.000000e+00	
141	5.220000e-08	0.000000e+00	0.000000e+00	0.000000e+00	
142	5.230000e-08	0.000000e+00	0.000000e+00	0.000000e+00	
143	5.240000e-08	0.000000e+00	0.000000e+00	0.000000e+00	
144	5.260000e-08	0.000000e+00	0.000000e+00	0.000000e+00	
145	5.300000e-08	0.000000e+00	0.000000e+00	0.000000e+00	
146	5.330000e-08	0.000000e+00	0.000000e+00	0.000000e+00	
147	5.338000e-08	0.000000e+00	0.000000e+00	0.000000e+00	
148	5.354000e-08	0.000000e+00	0.000000e+00	0.000000e+00	
149	5.386000e-08	0.000000e+00	0.000000e+00	0.000000e+00	
150	5.450000e-08	0.000000e+00	0.000000e+00	0.000000e+00	
151	5.500000e-08	0.000000e+00	0.000000e+00	0.000000e+00	
152	5.510000e-08	0.000000e+00	0.000000e+00	0.000000e+00	
153	5.530000e-08	0.000000e+00	0.000000e+00	0.000000e+00	
154	5.570000e-08	0.000000e+00	0.000000e+00	0.000000e+00	
155	5.600000e-08	0.000000e+00	0.000000e+00	0.000000e+00	
156	5.608000e-08	0.000000e+00	0.000000e+00	0.000000e+00	
157	5.624000e-08	0.000000e+00	0.000000e+00	0.000000e+00	
158	5.656000e-08	0.000000e+00	0.000000e+00	0.000000e+00	
159	5.720000e-08	0.000000e+00	0.000000e+00	0.000000e+00	
160	5.848000e-08	0.000000e+00	0.000000e+00	0.000000e+00	
161	6.000000e-08	0.000000e+00	0.000000e+00	0.000000e+00	
162	6.010000e-08	0.000000e+00	0.000000e+00	0.000000e+00	
163	6.030000e-08	0.000000e+00	0.000000e+00	0.000000e+00	
164	6.070000e-08	0.000000e+00	0.000000e+00	0.000000e+00	
165	6.100000e-08	0.000000e+00	0.000000e+00	0.000000e+00	
166	6.108000e-08	0.000000e+00	0.000000e+00	0.000000e+00	
167	6.124000e-08	0.000000e+00	0.000000e+00	0.000000e+00	
168	6.156000e-08	0.000000e+00	0.000000e+00	0.000000e+00	
169	6.220000e-08	0.000000e+00	0.000000e+00	0.000000e+00	
170	6.230000e-08	0.000000e+00	0.000000e+00	0.000000e+00	

Index   time            a4#branch_1_0   a4#branch_1_1   a4#branch_1_2   
--------------------------------------------------------------------------------
171	6.240000e-08	0.000000e+00	0.000000e+00	0.000000e+00	
172	6.260000e-08	0.000000e+00	0.000000e+00	0.000000e+00	
173	6.300000e-08	0.000000e+00	0.000000e+00	0.000000e+00	
174	6.330000e-08	0.000000e+00	0.000000e+00	0.000000e+00	
175	6.338000e-08	0.000000e+00	0.000000e+00	0.000000e+00	
176	6.354000e-08	0.000000e+00	0.000000e+00	0.000000e+00	
177	6.386000e-08	0.000000e+00	0.000000e+00	0.000000e+00	
178	6.450000e-08	0.000000e+00	0.000000e+00	0.000000e+00	
179	6.500000e-08	0.000000e+00	0.000000e+00	0.000000e+00	
180	6.510000e-08	0.000000e+00	0.000000e+00	0.000000e+00	
181	6.530000e-08	0.000000e+00	0.000000e+00	0.000000e+00	
182	6.570000e-08	0.000000e+00	0.000000e+00	0.000000e+00	
183	6.600000e-08	0.000000e+00	0.000000e+00	0.000000e+00	
184	6.608000e-08	0.000000e+00	0.000000e+00	0.000000e+00	
185	6.624000e-08	0.000000e+00	0.000000e+00	0.000000e+00	
186	6.656000e-08	0.000000e+00	0.000000e+00	0.000000e+00	
187	6.720000e-08	0.000000e+00	0.000000e+00	0.000000e+00	
188	6.848000e-08	0.000000e+00	0.000000e+00	0.000000e+00	
189	7.000000e-08	0.000000e+00	0.000000e+00	0.000000e+00	
190	7.010000e-08	0.000000e+00	0.000000e+00	0.000000e+00	
191	7.030000e-08	0.000000e+00	0.000000e+00	0.000000e+00	
192	7.070000e-08	0.000000e+00	0.000000e+00	0.000000e+00	
193	7.100000e-08	0.000000e+00	0.000000e+00	0.000000e+00	
194	7.108000e-08	0.000000e+00	0.000000e+00	0.000000e+00	
195	7.124000e-08	0.000000e+00	0.000000e+00	0.000000e+00	
196	7.156000e-08	0.000000e+00	0.000000e+00	0.000000e+00	
197	7.220000e-08	0.000000e+00	0.000000e+00	0.000000e+00	
198	7.348000e-08	0.000000e+00	0.000000e+00	0.000000e+00	
199	7.500000e-08	0.000000e+00	0.000000e+00	0.000000e+00	
200	7.510000e-08	0.000000e+00	0.000000e+00	0.000000e+00	
201	7.530000e-08	0.000000e+00	0.000000e+00	0.000000e+00	
202	7.570000e-08	0.000000e+00	0.000000e+00	0.000000e+00	
203	7.600000e-08	0.000000e+00	0.000000e+00	0.000000e+00	
204	7.608000e-08	0.000000e+00	0.000000e+00	0.000000e+00	
205	7.624000e-08	0.000000e+00	0.000000e+00	0.000000e+00	
206	7.656000e-08	0.000000e+00	0.000000e+00	0.000000e+00	
207	7.720000e-08	0.000000e+00	0.000000e+00	0.000000e+00	
208	7.848000e-08	0.000000e+00	0.000000e+00	0.000000e+00	
209	8.000000e-08	0.000000e+00	0.000000e+00	0.000000e+00	
210	8.010000e-08	0.000000e+00	0.000000e+00	0.000000e+00	
211	8.030000e-08	0.000000e+00	0.000000e+00	0.000000e+00	
212	8.070000e-08	0.000000e+00	0.000000e+00	0.000000e+00	
213	8.100000e-08	0.000000e+00	0.000000e+00	0.000000e+00	
214	8.108000e-08	0.000000e+00	0.000000e+00	0.000000e+00	
215	8.124000e-08	0.000000e+00	0.000000e+00	0.000000e+00	
216	8.156000e-08	0.000000e+00	0.000000e+00	0.000000e+00	
217	8.220000e-08	0.000000e+00	0.000000e+00	0.000000e+00	
218	8.230000e-08	0.000000e+00	0.000000e+00	0.000000e+00	
219	8.240000e-08	0.000000e+00	0.000000e+00	0.000000e+00	
220	8.260000e-08	0.000000e+00	0.000000e+00	0.000000e+00	
221	8.300000e-08	0.000000e+00	0.000000e+00	0.000000e+00	
222	8.330000e-08	0.000000e+00	0.000000e+00	0.000000e+00	
223	8.338000e-08	0.000000e+00	0.000000e+00	0.000000e+00	
224	8.354000e-08	0.000000e+00	0.000000e+00	0.000000e+00	
225	8.386000e-08	0.000000e+00	0.000000e+00	0.000000e+00	
226	8.450000e-08	0.000000e+00	0.000000e+00	0.000000e+00	
227	8.500000e-08	0.000000e+00	0.000000e+00	0.000000e+00	
228	8.510000e-08	0.000000e+00	0.000000e+00	0.000000e+00	

Index   time            a4#branch_1_0   a4#branch_1_1   a4#branch_1_2   
--------------------------------------------------------------------------------
229	8.530000e-08	0.000000e+00	0.000000e+00	0.000000e+00	
230	8.570000e-08	0.000000e+00	0.000000e+00	0.000000e+00	
231	8.600000e-08	0.000000e+00	0.000000e+00	0.000000e+00	
232	8.608000e-08	0.000000e+00	0.000000e+00	0.000000e+00	
233	8.624000e-08	0.000000e+00	0.000000e+00	0.000000e+00	
234	8.656000e-08	0.000000e+00	0.000000e+00	0.000000e+00	
235	8.720000e-08	0.000000e+00	0.000000e+00	0.000000e+00	
236	8.848000e-08	0.000000e+00	0.000000e+00	0.000000e+00	
237	9.000000e-08	0.000000e+00	0.000000e+00	0.000000e+00	
238	9.010000e-08	0.000000e+00	0.000000e+00	0.000000e+00	
239	9.030000e-08	0.000000e+00	0.000000e+00	0.000000e+00	
240	9.070000e-08	0.000000e+00	0.000000e+00	0.000000e+00	
241	9.100000e-08	0.000000e+00	0.000000e+00	0.000000e+00	
242	9.108000e-08	0.000000e+00	0.000000e+00	0.000000e+00	
243	9.124000e-08	0.000000e+00	0.000000e+00	0.000000e+00	
244	9.156000e-08	0.000000e+00	0.000000e+00	0.000000e+00	
245	9.220000e-08	0.000000e+00	0.000000e+00	0.000000e+00	
246	9.230000e-08	0.000000e+00	0.000000e+00	0.000000e+00	
247	9.240000e-08	0.000000e+00	0.000000e+00	0.000000e+00	
248	9.260000e-08	0.000000e+00	0.000000e+00	0.000000e+00	
249	9.300000e-08	0.000000e+00	0.000000e+00	0.000000e+00	
250	9.330000e-08	0.000000e+00	0.000000e+00	0.000000e+00	
251	9.338000e-08	0.000000e+00	0.000000e+00	0.000000e+00	
252	9.354000e-08	0.000000e+00	0.000000e+00	0.000000e+00	
253	9.386000e-08	0.000000e+00	0.000000e+00	0.000000e+00	
254	9.450000e-08	0.000000e+00	0.000000e+00	0.000000e+00	
255	9.500000e-08	0.000000e+00	0.000000e+00	0.000000e+00	
256	9.510000e-08	0.000000e+00	0.000000e+00	0.000000e+00	
257	9.530000e-08	0.000000e+00	0.000000e+00	0.000000e+00	
258	9.570000e-08	0.000000e+00	0.000000e+00	0.000000e+00	
259	9.600000e-08	0.000000e+00	0.000000e+00	0.000000e+00	
260	9.608000e-08	0.000000e+00	0.000000e+00	0.000000e+00	
261	9.624000e-08	0.000000e+00	0.000000e+00	0.000000e+00	
262	9.656000e-08	0.000000e+00	0.000000e+00	0.000000e+00	
263	9.720000e-08	0.000000e+00	0.000000e+00	0.000000e+00	
264	9.848000e-08	0.000000e+00	0.000000e+00	0.000000e+00	
265	1.000000e-07	0.000000e+00	0.000000e+00	0.000000e+00	

                                kicad schematic
                                Transient Analysis  Sun Jul 05 13:03:51  2026
--------------------------------------------------------------------------------
Index   time            a4#branch_1_3   a4#branch_1_4   a4#branch_1_5   
--------------------------------------------------------------------------------
0	0.000000e+00	0.000000e+00	0.000000e+00	0.000000e+00	
1	1.000000e-11	0.000000e+00	0.000000e+00	0.000000e+00	
2	2.000000e-11	0.000000e+00	0.000000e+00	0.000000e+00	
3	4.000000e-11	0.000000e+00	0.000000e+00	0.000000e+00	
4	8.000000e-11	0.000000e+00	0.000000e+00	0.000000e+00	
5	1.600000e-10	0.000000e+00	0.000000e+00	0.000000e+00	
6	3.200000e-10	0.000000e+00	0.000000e+00	0.000000e+00	
7	6.400000e-10	0.000000e+00	0.000000e+00	0.000000e+00	
8	1.000000e-09	0.000000e+00	0.000000e+00	0.000000e+00	
9	1.064000e-09	0.000000e+00	0.000000e+00	0.000000e+00	
10	1.192000e-09	0.000000e+00	0.000000e+00	0.000000e+00	
11	1.448000e-09	0.000000e+00	0.000000e+00	0.000000e+00	
12	1.960000e-09	0.000000e+00	0.000000e+00	0.000000e+00	
13	2.984000e-09	0.000000e+00	0.000000e+00	0.000000e+00	
14	4.984000e-09	0.000000e+00	0.000000e+00	0.000000e+00	
15	5.000000e-09	0.000000e+00	0.000000e+00	0.000000e+00	
16	5.032000e-09	0.000000e+00	0.000000e+00	0.000000e+00	
17	5.096000e-09	0.000000e+00	0.000000e+00	0.000000e+00	
18	5.224000e-09	0.000000e+00	0.000000e+00	0.000000e+00	
19	5.480000e-09	0.000000e+00	0.000000e+00	0.000000e+00	
20	5.992000e-09	0.000000e+00	0.000000e+00	0.000000e+00	
21	6.000000e-09	0.000000e+00	0.000000e+00	0.000000e+00	
22	6.016000e-09	0.000000e+00	0.000000e+00	0.000000e+00	
23	6.048000e-09	0.000000e+00	0.000000e+00	0.000000e+00	
24	6.112000e-09	0.000000e+00	0.000000e+00	0.000000e+00	
25	6.240000e-09	0.000000e+00	0.000000e+00	0.000000e+00	
26	6.496000e-09	0.000000e+00	0.000000e+00	0.000000e+00	
27	7.008000e-09	0.000000e+00	0.000000e+00	0.000000e+00	
28	8.032000e-09	0.000000e+00	0.000000e+00	0.000000e+00	
29	1.000000e-08	0.000000e+00	0.000000e+00	0.000000e+00	
30	1.010000e-08	0.000000e+00	0.000000e+00	0.000000e+00	
31	1.030000e-08	0.000000e+00	0.000000e+00	0.000000e+00	
32	1.070000e-08	0.000000e+00	0.000000e+00	0.000000e+00	
33	1.100000e-08	0.000000e+00	0.000000e+00	0.000000e+00	
34	1.108000e-08	0.000000e+00	0.000000e+00	0.000000e+00	
35	1.124000e-08	0.000000e+00	0.000000e+00	0.000000e+00	
36	1.156000e-08	0.000000e+00	0.000000e+00	0.000000e+00	
37	1.220000e-08	0.000000e+00	0.000000e+00	0.000000e+00	
38	1.230000e-08	0.000000e+00	0.000000e+00	0.000000e+00	
39	1.240000e-08	0.000000e+00	0.000000e+00	0.000000e+00	
40	1.260000e-08	0.000000e+00	0.000000e+00	0.000000e+00	
41	1.300000e-08	0.000000e+00	0.000000e+00	0.000000e+00	
42	1.330000e-08	0.000000e+00	0.000000e+00	0.000000e+00	
43	1.338000e-08	0.000000e+00	0.000000e+00	0.000000e+00	
44	1.354000e-08	0.000000e+00	0.000000e+00	0.000000e+00	
45	1.386000e-08	0.000000e+00	0.000000e+00	0.000000e+00	
46	1.450000e-08	0.000000e+00	0.000000e+00	0.000000e+00	
47	1.500000e-08	0.000000e+00	0.000000e+00	0.000000e+00	
48	1.510000e-08	0.000000e+00	0.000000e+00	0.000000e+00	
49	1.530000e-08	0.000000e+00	0.000000e+00	0.000000e+00	
50	1.570000e-08	0.000000e+00	0.000000e+00	0.000000e+00	
51	1.600000e-08	0.000000e+00	0.000000e+00	0.000000e+00	
52	1.608000e-08	0.000000e+00	0.000000e+00	0.000000e+00	
53	1.624000e-08	0.000000e+00	0.000000e+00	0.000000e+00	
54	1.656000e-08	0.000000e+00	0.000000e+00	0.000000e+00	

Index   time            a4#branch_1_3   a4#branch_1_4   a4#branch_1_5   
--------------------------------------------------------------------------------
55	1.720000e-08	0.000000e+00	0.000000e+00	0.000000e+00	
56	1.848000e-08	0.000000e+00	0.000000e+00	0.000000e+00	
57	2.000000e-08	0.000000e+00	0.000000e+00	0.000000e+00	
58	2.010000e-08	0.000000e+00	0.000000e+00	0.000000e+00	
59	2.030000e-08	0.000000e+00	0.000000e+00	0.000000e+00	
60	2.070000e-08	0.000000e+00	0.000000e+00	0.000000e+00	
61	2.100000e-08	0.000000e+00	0.000000e+00	0.000000e+00	
62	2.108000e-08	0.000000e+00	0.000000e+00	0.000000e+00	
63	2.124000e-08	0.000000e+00	0.000000e+00	0.000000e+00	
64	2.156000e-08	0.000000e+00	0.000000e+00	0.000000e+00	
65	2.220000e-08	0.000000e+00	0.000000e+00	0.000000e+00	
66	2.230000e-08	0.000000e+00	0.000000e+00	0.000000e+00	
67	2.240000e-08	0.000000e+00	0.000000e+00	0.000000e+00	
68	2.260000e-08	0.000000e+00	0.000000e+00	0.000000e+00	
69	2.300000e-08	0.000000e+00	0.000000e+00	0.000000e+00	
70	2.330000e-08	0.000000e+00	0.000000e+00	0.000000e+00	
71	2.338000e-08	0.000000e+00	0.000000e+00	0.000000e+00	
72	2.354000e-08	0.000000e+00	0.000000e+00	0.000000e+00	
73	2.386000e-08	0.000000e+00	0.000000e+00	0.000000e+00	
74	2.450000e-08	0.000000e+00	0.000000e+00	0.000000e+00	
75	2.500000e-08	0.000000e+00	0.000000e+00	0.000000e+00	
76	2.510000e-08	0.000000e+00	0.000000e+00	0.000000e+00	
77	2.530000e-08	0.000000e+00	0.000000e+00	0.000000e+00	
78	2.570000e-08	0.000000e+00	0.000000e+00	0.000000e+00	
79	2.600000e-08	0.000000e+00	0.000000e+00	0.000000e+00	
80	2.608000e-08	0.000000e+00	0.000000e+00	0.000000e+00	
81	2.624000e-08	0.000000e+00	0.000000e+00	0.000000e+00	
82	2.656000e-08	0.000000e+00	0.000000e+00	0.000000e+00	
83	2.720000e-08	0.000000e+00	0.000000e+00	0.000000e+00	
84	2.848000e-08	0.000000e+00	0.000000e+00	0.000000e+00	
85	3.000000e-08	0.000000e+00	0.000000e+00	0.000000e+00	
86	3.010000e-08	0.000000e+00	0.000000e+00	0.000000e+00	
87	3.030000e-08	0.000000e+00	0.000000e+00	0.000000e+00	
88	3.070000e-08	0.000000e+00	0.000000e+00	0.000000e+00	
89	3.100000e-08	0.000000e+00	0.000000e+00	0.000000e+00	
90	3.108000e-08	0.000000e+00	0.000000e+00	0.000000e+00	
91	3.124000e-08	0.000000e+00	0.000000e+00	0.000000e+00	
92	3.156000e-08	0.000000e+00	0.000000e+00	0.000000e+00	
93	3.220000e-08	0.000000e+00	0.000000e+00	0.000000e+00	
94	3.348000e-08	0.000000e+00	0.000000e+00	0.000000e+00	
95	3.500000e-08	0.000000e+00	0.000000e+00	0.000000e+00	
96	3.510000e-08	0.000000e+00	0.000000e+00	0.000000e+00	
97	3.530000e-08	0.000000e+00	0.000000e+00	0.000000e+00	
98	3.570000e-08	0.000000e+00	0.000000e+00	0.000000e+00	
99	3.600000e-08	0.000000e+00	0.000000e+00	0.000000e+00	
100	3.608000e-08	0.000000e+00	0.000000e+00	0.000000e+00	
101	3.624000e-08	0.000000e+00	0.000000e+00	0.000000e+00	
102	3.656000e-08	0.000000e+00	0.000000e+00	0.000000e+00	
103	3.720000e-08	0.000000e+00	0.000000e+00	0.000000e+00	
104	3.848000e-08	0.000000e+00	0.000000e+00	0.000000e+00	
105	4.000000e-08	0.000000e+00	0.000000e+00	0.000000e+00	
106	4.010000e-08	0.000000e+00	0.000000e+00	0.000000e+00	
107	4.030000e-08	0.000000e+00	0.000000e+00	0.000000e+00	
108	4.070000e-08	0.000000e+00	0.000000e+00	0.000000e+00	
109	4.100000e-08	0.000000e+00	0.000000e+00	0.000000e+00	
110	4.108000e-08	0.000000e+00	0.000000e+00	0.000000e+00	
111	4.124000e-08	0.000000e+00	0.000000e+00	0.000000e+00	
112	4.156000e-08	0.000000e+00	0.000000e+00	0.000000e+00	

Index   time            a4#branch_1_3   a4#branch_1_4   a4#branch_1_5   
--------------------------------------------------------------------------------
113	4.220000e-08	0.000000e+00	0.000000e+00	0.000000e+00	
114	4.230000e-08	0.000000e+00	0.000000e+00	0.000000e+00	
115	4.240000e-08	0.000000e+00	0.000000e+00	0.000000e+00	
116	4.260000e-08	0.000000e+00	0.000000e+00	0.000000e+00	
117	4.300000e-08	0.000000e+00	0.000000e+00	0.000000e+00	
118	4.330000e-08	0.000000e+00	0.000000e+00	0.000000e+00	
119	4.338000e-08	0.000000e+00	0.000000e+00	0.000000e+00	
120	4.354000e-08	0.000000e+00	0.000000e+00	0.000000e+00	
121	4.386000e-08	0.000000e+00	0.000000e+00	0.000000e+00	
122	4.450000e-08	0.000000e+00	0.000000e+00	0.000000e+00	
123	4.500000e-08	0.000000e+00	0.000000e+00	0.000000e+00	
124	4.510000e-08	0.000000e+00	0.000000e+00	0.000000e+00	
125	4.530000e-08	0.000000e+00	0.000000e+00	0.000000e+00	
126	4.570000e-08	0.000000e+00	0.000000e+00	0.000000e+00	
127	4.600000e-08	0.000000e+00	0.000000e+00	0.000000e+00	
128	4.608000e-08	0.000000e+00	0.000000e+00	0.000000e+00	
129	4.624000e-08	0.000000e+00	0.000000e+00	0.000000e+00	
130	4.656000e-08	0.000000e+00	0.000000e+00	0.000000e+00	
131	4.720000e-08	0.000000e+00	0.000000e+00	0.000000e+00	
132	4.848000e-08	0.000000e+00	0.000000e+00	0.000000e+00	
133	5.000000e-08	0.000000e+00	0.000000e+00	0.000000e+00	
134	5.010000e-08	0.000000e+00	0.000000e+00	0.000000e+00	
135	5.030000e-08	0.000000e+00	0.000000e+00	0.000000e+00	
136	5.070000e-08	0.000000e+00	0.000000e+00	0.000000e+00	
137	5.100000e-08	0.000000e+00	0.000000e+00	0.000000e+00	
138	5.108000e-08	0.000000e+00	0.000000e+00	0.000000e+00	
139	5.124000e-08	0.000000e+00	0.000000e+00	0.000000e+00	
140	5.156000e-08	0.000000e+00	0.000000e+00	0.000000e+00	
141	5.220000e-08	0.000000e+00	0.000000e+00	0.000000e+00	
142	5.230000e-08	0.000000e+00	0.000000e+00	0.000000e+00	
143	5.240000e-08	0.000000e+00	0.000000e+00	0.000000e+00	
144	5.260000e-08	0.000000e+00	0.000000e+00	0.000000e+00	
145	5.300000e-08	0.000000e+00	0.000000e+00	0.000000e+00	
146	5.330000e-08	0.000000e+00	0.000000e+00	0.000000e+00	
147	5.338000e-08	0.000000e+00	0.000000e+00	0.000000e+00	
148	5.354000e-08	0.000000e+00	0.000000e+00	0.000000e+00	
149	5.386000e-08	0.000000e+00	0.000000e+00	0.000000e+00	
150	5.450000e-08	0.000000e+00	0.000000e+00	0.000000e+00	
151	5.500000e-08	0.000000e+00	0.000000e+00	0.000000e+00	
152	5.510000e-08	0.000000e+00	0.000000e+00	0.000000e+00	
153	5.530000e-08	0.000000e+00	0.000000e+00	0.000000e+00	
154	5.570000e-08	0.000000e+00	0.000000e+00	0.000000e+00	
155	5.600000e-08	0.000000e+00	0.000000e+00	0.000000e+00	
156	5.608000e-08	0.000000e+00	0.000000e+00	0.000000e+00	
157	5.624000e-08	0.000000e+00	0.000000e+00	0.000000e+00	
158	5.656000e-08	0.000000e+00	0.000000e+00	0.000000e+00	
159	5.720000e-08	0.000000e+00	0.000000e+00	0.000000e+00	
160	5.848000e-08	0.000000e+00	0.000000e+00	0.000000e+00	
161	6.000000e-08	0.000000e+00	0.000000e+00	0.000000e+00	
162	6.010000e-08	0.000000e+00	0.000000e+00	0.000000e+00	
163	6.030000e-08	0.000000e+00	0.000000e+00	0.000000e+00	
164	6.070000e-08	0.000000e+00	0.000000e+00	0.000000e+00	
165	6.100000e-08	0.000000e+00	0.000000e+00	0.000000e+00	
166	6.108000e-08	0.000000e+00	0.000000e+00	0.000000e+00	
167	6.124000e-08	0.000000e+00	0.000000e+00	0.000000e+00	
168	6.156000e-08	0.000000e+00	0.000000e+00	0.000000e+00	
169	6.220000e-08	0.000000e+00	0.000000e+00	0.000000e+00	
170	6.230000e-08	0.000000e+00	0.000000e+00	0.000000e+00	

Index   time            a4#branch_1_3   a4#branch_1_4   a4#branch_1_5   
--------------------------------------------------------------------------------
171	6.240000e-08	0.000000e+00	0.000000e+00	0.000000e+00	
172	6.260000e-08	0.000000e+00	0.000000e+00	0.000000e+00	
173	6.300000e-08	0.000000e+00	0.000000e+00	0.000000e+00	
174	6.330000e-08	0.000000e+00	0.000000e+00	0.000000e+00	
175	6.338000e-08	0.000000e+00	0.000000e+00	0.000000e+00	
176	6.354000e-08	0.000000e+00	0.000000e+00	0.000000e+00	
177	6.386000e-08	0.000000e+00	0.000000e+00	0.000000e+00	
178	6.450000e-08	0.000000e+00	0.000000e+00	0.000000e+00	
179	6.500000e-08	0.000000e+00	0.000000e+00	0.000000e+00	
180	6.510000e-08	0.000000e+00	0.000000e+00	0.000000e+00	
181	6.530000e-08	0.000000e+00	0.000000e+00	0.000000e+00	
182	6.570000e-08	0.000000e+00	0.000000e+00	0.000000e+00	
183	6.600000e-08	0.000000e+00	0.000000e+00	0.000000e+00	
184	6.608000e-08	0.000000e+00	0.000000e+00	0.000000e+00	
185	6.624000e-08	0.000000e+00	0.000000e+00	0.000000e+00	
186	6.656000e-08	0.000000e+00	0.000000e+00	0.000000e+00	
187	6.720000e-08	0.000000e+00	0.000000e+00	0.000000e+00	
188	6.848000e-08	0.000000e+00	0.000000e+00	0.000000e+00	
189	7.000000e-08	0.000000e+00	0.000000e+00	0.000000e+00	
190	7.010000e-08	0.000000e+00	0.000000e+00	0.000000e+00	
191	7.030000e-08	0.000000e+00	0.000000e+00	0.000000e+00	
192	7.070000e-08	0.000000e+00	0.000000e+00	0.000000e+00	
193	7.100000e-08	0.000000e+00	0.000000e+00	0.000000e+00	
194	7.108000e-08	0.000000e+00	0.000000e+00	0.000000e+00	
195	7.124000e-08	0.000000e+00	0.000000e+00	0.000000e+00	
196	7.156000e-08	0.000000e+00	0.000000e+00	0.000000e+00	
197	7.220000e-08	0.000000e+00	0.000000e+00	0.000000e+00	
198	7.348000e-08	0.000000e+00	0.000000e+00	0.000000e+00	
199	7.500000e-08	0.000000e+00	0.000000e+00	0.000000e+00	
200	7.510000e-08	0.000000e+00	0.000000e+00	0.000000e+00	
201	7.530000e-08	0.000000e+00	0.000000e+00	0.000000e+00	
202	7.570000e-08	0.000000e+00	0.000000e+00	0.000000e+00	
203	7.600000e-08	0.000000e+00	0.000000e+00	0.000000e+00	
204	7.608000e-08	0.000000e+00	0.000000e+00	0.000000e+00	
205	7.624000e-08	0.000000e+00	0.000000e+00	0.000000e+00	
206	7.656000e-08	0.000000e+00	0.000000e+00	0.000000e+00	
207	7.720000e-08	0.000000e+00	0.000000e+00	0.000000e+00	
208	7.848000e-08	0.000000e+00	0.000000e+00	0.000000e+00	
209	8.000000e-08	0.000000e+00	0.000000e+00	0.000000e+00	
210	8.010000e-08	0.000000e+00	0.000000e+00	0.000000e+00	
211	8.030000e-08	0.000000e+00	0.000000e+00	0.000000e+00	
212	8.070000e-08	0.000000e+00	0.000000e+00	0.000000e+00	
213	8.100000e-08	0.000000e+00	0.000000e+00	0.000000e+00	
214	8.108000e-08	0.000000e+00	0.000000e+00	0.000000e+00	
215	8.124000e-08	0.000000e+00	0.000000e+00	0.000000e+00	
216	8.156000e-08	0.000000e+00	0.000000e+00	0.000000e+00	
217	8.220000e-08	0.000000e+00	0.000000e+00	0.000000e+00	
218	8.230000e-08	0.000000e+00	0.000000e+00	0.000000e+00	
219	8.240000e-08	0.000000e+00	0.000000e+00	0.000000e+00	
220	8.260000e-08	0.000000e+00	0.000000e+00	0.000000e+00	
221	8.300000e-08	0.000000e+00	0.000000e+00	0.000000e+00	
222	8.330000e-08	0.000000e+00	0.000000e+00	0.000000e+00	
223	8.338000e-08	0.000000e+00	0.000000e+00	0.000000e+00	
224	8.354000e-08	0.000000e+00	0.000000e+00	0.000000e+00	
225	8.386000e-08	0.000000e+00	0.000000e+00	0.000000e+00	
226	8.450000e-08	0.000000e+00	0.000000e+00	0.000000e+00	
227	8.500000e-08	0.000000e+00	0.000000e+00	0.000000e+00	
228	8.510000e-08	0.000000e+00	0.000000e+00	0.000000e+00	

Index   time            a4#branch_1_3   a4#branch_1_4   a4#branch_1_5   
--------------------------------------------------------------------------------
229	8.530000e-08	0.000000e+00	0.000000e+00	0.000000e+00	
230	8.570000e-08	0.000000e+00	0.000000e+00	0.000000e+00	
231	8.600000e-08	0.000000e+00	0.000000e+00	0.000000e+00	
232	8.608000e-08	0.000000e+00	0.000000e+00	0.000000e+00	
233	8.624000e-08	0.000000e+00	0.000000e+00	0.000000e+00	
234	8.656000e-08	0.000000e+00	0.000000e+00	0.000000e+00	
235	8.720000e-08	0.000000e+00	0.000000e+00	0.000000e+00	
236	8.848000e-08	0.000000e+00	0.000000e+00	0.000000e+00	
237	9.000000e-08	0.000000e+00	0.000000e+00	0.000000e+00	
238	9.010000e-08	0.000000e+00	0.000000e+00	0.000000e+00	
239	9.030000e-08	0.000000e+00	0.000000e+00	0.000000e+00	
240	9.070000e-08	0.000000e+00	0.000000e+00	0.000000e+00	
241	9.100000e-08	0.000000e+00	0.000000e+00	0.000000e+00	
242	9.108000e-08	0.000000e+00	0.000000e+00	0.000000e+00	
243	9.124000e-08	0.000000e+00	0.000000e+00	0.000000e+00	
244	9.156000e-08	0.000000e+00	0.000000e+00	0.000000e+00	
245	9.220000e-08	0.000000e+00	0.000000e+00	0.000000e+00	
246	9.230000e-08	0.000000e+00	0.000000e+00	0.000000e+00	
247	9.240000e-08	0.000000e+00	0.000000e+00	0.000000e+00	
248	9.260000e-08	0.000000e+00	0.000000e+00	0.000000e+00	
249	9.300000e-08	0.000000e+00	0.000000e+00	0.000000e+00	
250	9.330000e-08	0.000000e+00	0.000000e+00	0.000000e+00	
251	9.338000e-08	0.000000e+00	0.000000e+00	0.000000e+00	
252	9.354000e-08	0.000000e+00	0.000000e+00	0.000000e+00	
253	9.386000e-08	0.000000e+00	0.000000e+00	0.000000e+00	
254	9.450000e-08	0.000000e+00	0.000000e+00	0.000000e+00	
255	9.500000e-08	0.000000e+00	0.000000e+00	0.000000e+00	
256	9.510000e-08	0.000000e+00	0.000000e+00	0.000000e+00	
257	9.530000e-08	0.000000e+00	0.000000e+00	0.000000e+00	
258	9.570000e-08	0.000000e+00	0.000000e+00	0.000000e+00	
259	9.600000e-08	0.000000e+00	0.000000e+00	0.000000e+00	
260	9.608000e-08	0.000000e+00	0.000000e+00	0.000000e+00	
261	9.624000e-08	0.000000e+00	0.000000e+00	0.000000e+00	
262	9.656000e-08	0.000000e+00	0.000000e+00	0.000000e+00	
263	9.720000e-08	0.000000e+00	0.000000e+00	0.000000e+00	
264	9.848000e-08	0.000000e+00	0.000000e+00	0.000000e+00	
265	1.000000e-07	0.000000e+00	0.000000e+00	0.000000e+00	

                                kicad schematic
                                Transient Analysis  Sun Jul 05 13:03:51  2026
--------------------------------------------------------------------------------
Index   time            a4#branch_1_6   a4#branch_1_7   a5#branch_1_0   
--------------------------------------------------------------------------------
0	0.000000e+00	0.000000e+00	0.000000e+00	0.000000e+00	
1	1.000000e-11	0.000000e+00	0.000000e+00	0.000000e+00	
2	2.000000e-11	0.000000e+00	0.000000e+00	0.000000e+00	
3	4.000000e-11	0.000000e+00	0.000000e+00	0.000000e+00	
4	8.000000e-11	0.000000e+00	0.000000e+00	0.000000e+00	
5	1.600000e-10	0.000000e+00	0.000000e+00	0.000000e+00	
6	3.200000e-10	0.000000e+00	0.000000e+00	0.000000e+00	
7	6.400000e-10	0.000000e+00	0.000000e+00	0.000000e+00	
8	1.000000e-09	0.000000e+00	0.000000e+00	0.000000e+00	
9	1.064000e-09	0.000000e+00	0.000000e+00	0.000000e+00	
10	1.192000e-09	0.000000e+00	0.000000e+00	0.000000e+00	
11	1.448000e-09	0.000000e+00	0.000000e+00	0.000000e+00	
12	1.960000e-09	0.000000e+00	0.000000e+00	0.000000e+00	
13	2.984000e-09	0.000000e+00	0.000000e+00	0.000000e+00	
14	4.984000e-09	0.000000e+00	0.000000e+00	0.000000e+00	
15	5.000000e-09	0.000000e+00	0.000000e+00	0.000000e+00	
16	5.032000e-09	0.000000e+00	0.000000e+00	0.000000e+00	
17	5.096000e-09	0.000000e+00	0.000000e+00	0.000000e+00	
18	5.224000e-09	0.000000e+00	0.000000e+00	0.000000e+00	
19	5.480000e-09	0.000000e+00	0.000000e+00	0.000000e+00	
20	5.992000e-09	0.000000e+00	0.000000e+00	0.000000e+00	
21	6.000000e-09	0.000000e+00	0.000000e+00	0.000000e+00	
22	6.016000e-09	0.000000e+00	0.000000e+00	0.000000e+00	
23	6.048000e-09	0.000000e+00	0.000000e+00	0.000000e+00	
24	6.112000e-09	0.000000e+00	0.000000e+00	0.000000e+00	
25	6.240000e-09	0.000000e+00	0.000000e+00	0.000000e+00	
26	6.496000e-09	0.000000e+00	0.000000e+00	0.000000e+00	
27	7.008000e-09	0.000000e+00	0.000000e+00	0.000000e+00	
28	8.032000e-09	0.000000e+00	0.000000e+00	0.000000e+00	
29	1.000000e-08	0.000000e+00	0.000000e+00	0.000000e+00	
30	1.010000e-08	0.000000e+00	0.000000e+00	0.000000e+00	
31	1.030000e-08	0.000000e+00	0.000000e+00	0.000000e+00	
32	1.070000e-08	0.000000e+00	0.000000e+00	0.000000e+00	
33	1.100000e-08	0.000000e+00	0.000000e+00	0.000000e+00	
34	1.108000e-08	0.000000e+00	0.000000e+00	0.000000e+00	
35	1.124000e-08	0.000000e+00	0.000000e+00	0.000000e+00	
36	1.156000e-08	0.000000e+00	0.000000e+00	0.000000e+00	
37	1.220000e-08	0.000000e+00	0.000000e+00	0.000000e+00	
38	1.230000e-08	0.000000e+00	0.000000e+00	0.000000e+00	
39	1.240000e-08	0.000000e+00	0.000000e+00	0.000000e+00	
40	1.260000e-08	0.000000e+00	0.000000e+00	0.000000e+00	
41	1.300000e-08	0.000000e+00	0.000000e+00	0.000000e+00	
42	1.330000e-08	0.000000e+00	0.000000e+00	0.000000e+00	
43	1.338000e-08	0.000000e+00	0.000000e+00	0.000000e+00	
44	1.354000e-08	0.000000e+00	0.000000e+00	0.000000e+00	
45	1.386000e-08	0.000000e+00	0.000000e+00	0.000000e+00	
46	1.450000e-08	0.000000e+00	0.000000e+00	0.000000e+00	
47	1.500000e-08	0.000000e+00	0.000000e+00	0.000000e+00	
48	1.510000e-08	0.000000e+00	0.000000e+00	0.000000e+00	
49	1.530000e-08	0.000000e+00	0.000000e+00	0.000000e+00	
50	1.570000e-08	0.000000e+00	0.000000e+00	0.000000e+00	
51	1.600000e-08	0.000000e+00	0.000000e+00	0.000000e+00	
52	1.608000e-08	0.000000e+00	0.000000e+00	0.000000e+00	
53	1.624000e-08	0.000000e+00	0.000000e+00	0.000000e+00	
54	1.656000e-08	0.000000e+00	0.000000e+00	0.000000e+00	

Index   time            a4#branch_1_6   a4#branch_1_7   a5#branch_1_0   
--------------------------------------------------------------------------------
55	1.720000e-08	0.000000e+00	0.000000e+00	0.000000e+00	
56	1.848000e-08	0.000000e+00	0.000000e+00	0.000000e+00	
57	2.000000e-08	0.000000e+00	0.000000e+00	0.000000e+00	
58	2.010000e-08	0.000000e+00	0.000000e+00	0.000000e+00	
59	2.030000e-08	0.000000e+00	0.000000e+00	0.000000e+00	
60	2.070000e-08	0.000000e+00	0.000000e+00	0.000000e+00	
61	2.100000e-08	0.000000e+00	0.000000e+00	0.000000e+00	
62	2.108000e-08	0.000000e+00	0.000000e+00	0.000000e+00	
63	2.124000e-08	0.000000e+00	0.000000e+00	0.000000e+00	
64	2.156000e-08	0.000000e+00	0.000000e+00	0.000000e+00	
65	2.220000e-08	0.000000e+00	0.000000e+00	0.000000e+00	
66	2.230000e-08	0.000000e+00	0.000000e+00	0.000000e+00	
67	2.240000e-08	0.000000e+00	0.000000e+00	0.000000e+00	
68	2.260000e-08	0.000000e+00	0.000000e+00	0.000000e+00	
69	2.300000e-08	0.000000e+00	0.000000e+00	0.000000e+00	
70	2.330000e-08	0.000000e+00	0.000000e+00	0.000000e+00	
71	2.338000e-08	0.000000e+00	0.000000e+00	0.000000e+00	
72	2.354000e-08	0.000000e+00	0.000000e+00	0.000000e+00	
73	2.386000e-08	0.000000e+00	0.000000e+00	0.000000e+00	
74	2.450000e-08	0.000000e+00	0.000000e+00	0.000000e+00	
75	2.500000e-08	0.000000e+00	0.000000e+00	0.000000e+00	
76	2.510000e-08	0.000000e+00	0.000000e+00	0.000000e+00	
77	2.530000e-08	0.000000e+00	0.000000e+00	0.000000e+00	
78	2.570000e-08	0.000000e+00	0.000000e+00	0.000000e+00	
79	2.600000e-08	0.000000e+00	0.000000e+00	0.000000e+00	
80	2.608000e-08	0.000000e+00	0.000000e+00	0.000000e+00	
81	2.624000e-08	0.000000e+00	0.000000e+00	0.000000e+00	
82	2.656000e-08	0.000000e+00	0.000000e+00	0.000000e+00	
83	2.720000e-08	0.000000e+00	0.000000e+00	0.000000e+00	
84	2.848000e-08	0.000000e+00	0.000000e+00	0.000000e+00	
85	3.000000e-08	0.000000e+00	0.000000e+00	0.000000e+00	
86	3.010000e-08	0.000000e+00	0.000000e+00	0.000000e+00	
87	3.030000e-08	0.000000e+00	0.000000e+00	0.000000e+00	
88	3.070000e-08	0.000000e+00	0.000000e+00	0.000000e+00	
89	3.100000e-08	0.000000e+00	0.000000e+00	0.000000e+00	
90	3.108000e-08	0.000000e+00	0.000000e+00	0.000000e+00	
91	3.124000e-08	0.000000e+00	0.000000e+00	0.000000e+00	
92	3.156000e-08	0.000000e+00	0.000000e+00	0.000000e+00	
93	3.220000e-08	0.000000e+00	0.000000e+00	0.000000e+00	
94	3.348000e-08	0.000000e+00	0.000000e+00	0.000000e+00	
95	3.500000e-08	0.000000e+00	0.000000e+00	0.000000e+00	
96	3.510000e-08	0.000000e+00	0.000000e+00	0.000000e+00	
97	3.530000e-08	0.000000e+00	0.000000e+00	0.000000e+00	
98	3.570000e-08	0.000000e+00	0.000000e+00	0.000000e+00	
99	3.600000e-08	0.000000e+00	0.000000e+00	0.000000e+00	
100	3.608000e-08	0.000000e+00	0.000000e+00	0.000000e+00	
101	3.624000e-08	0.000000e+00	0.000000e+00	0.000000e+00	
102	3.656000e-08	0.000000e+00	0.000000e+00	0.000000e+00	
103	3.720000e-08	0.000000e+00	0.000000e+00	0.000000e+00	
104	3.848000e-08	0.000000e+00	0.000000e+00	0.000000e+00	
105	4.000000e-08	0.000000e+00	0.000000e+00	0.000000e+00	
106	4.010000e-08	0.000000e+00	0.000000e+00	0.000000e+00	
107	4.030000e-08	0.000000e+00	0.000000e+00	0.000000e+00	
108	4.070000e-08	0.000000e+00	0.000000e+00	0.000000e+00	
109	4.100000e-08	0.000000e+00	0.000000e+00	0.000000e+00	
110	4.108000e-08	0.000000e+00	0.000000e+00	0.000000e+00	
111	4.124000e-08	0.000000e+00	0.000000e+00	0.000000e+00	
112	4.156000e-08	0.000000e+00	0.000000e+00	0.000000e+00	

Index   time            a4#branch_1_6   a4#branch_1_7   a5#branch_1_0   
--------------------------------------------------------------------------------
113	4.220000e-08	0.000000e+00	0.000000e+00	0.000000e+00	
114	4.230000e-08	0.000000e+00	0.000000e+00	0.000000e+00	
115	4.240000e-08	0.000000e+00	0.000000e+00	0.000000e+00	
116	4.260000e-08	0.000000e+00	0.000000e+00	0.000000e+00	
117	4.300000e-08	0.000000e+00	0.000000e+00	0.000000e+00	
118	4.330000e-08	0.000000e+00	0.000000e+00	0.000000e+00	
119	4.338000e-08	0.000000e+00	0.000000e+00	0.000000e+00	
120	4.354000e-08	0.000000e+00	0.000000e+00	0.000000e+00	
121	4.386000e-08	0.000000e+00	0.000000e+00	0.000000e+00	
122	4.450000e-08	0.000000e+00	0.000000e+00	0.000000e+00	
123	4.500000e-08	0.000000e+00	0.000000e+00	0.000000e+00	
124	4.510000e-08	0.000000e+00	0.000000e+00	0.000000e+00	
125	4.530000e-08	0.000000e+00	0.000000e+00	0.000000e+00	
126	4.570000e-08	0.000000e+00	0.000000e+00	0.000000e+00	
127	4.600000e-08	0.000000e+00	0.000000e+00	0.000000e+00	
128	4.608000e-08	0.000000e+00	0.000000e+00	0.000000e+00	
129	4.624000e-08	0.000000e+00	0.000000e+00	0.000000e+00	
130	4.656000e-08	0.000000e+00	0.000000e+00	0.000000e+00	
131	4.720000e-08	0.000000e+00	0.000000e+00	0.000000e+00	
132	4.848000e-08	0.000000e+00	0.000000e+00	0.000000e+00	
133	5.000000e-08	0.000000e+00	0.000000e+00	0.000000e+00	
134	5.010000e-08	0.000000e+00	0.000000e+00	0.000000e+00	
135	5.030000e-08	0.000000e+00	0.000000e+00	0.000000e+00	
136	5.070000e-08	0.000000e+00	0.000000e+00	0.000000e+00	
137	5.100000e-08	0.000000e+00	0.000000e+00	0.000000e+00	
138	5.108000e-08	0.000000e+00	0.000000e+00	0.000000e+00	
139	5.124000e-08	0.000000e+00	0.000000e+00	0.000000e+00	
140	5.156000e-08	0.000000e+00	0.000000e+00	0.000000e+00	
141	5.220000e-08	0.000000e+00	0.000000e+00	0.000000e+00	
142	5.230000e-08	0.000000e+00	0.000000e+00	0.000000e+00	
143	5.240000e-08	0.000000e+00	0.000000e+00	0.000000e+00	
144	5.260000e-08	0.000000e+00	0.000000e+00	0.000000e+00	
145	5.300000e-08	0.000000e+00	0.000000e+00	0.000000e+00	
146	5.330000e-08	0.000000e+00	0.000000e+00	0.000000e+00	
147	5.338000e-08	0.000000e+00	0.000000e+00	0.000000e+00	
148	5.354000e-08	0.000000e+00	0.000000e+00	0.000000e+00	
149	5.386000e-08	0.000000e+00	0.000000e+00	0.000000e+00	
150	5.450000e-08	0.000000e+00	0.000000e+00	0.000000e+00	
151	5.500000e-08	0.000000e+00	0.000000e+00	0.000000e+00	
152	5.510000e-08	0.000000e+00	0.000000e+00	0.000000e+00	
153	5.530000e-08	0.000000e+00	0.000000e+00	0.000000e+00	
154	5.570000e-08	0.000000e+00	0.000000e+00	0.000000e+00	
155	5.600000e-08	0.000000e+00	0.000000e+00	0.000000e+00	
156	5.608000e-08	0.000000e+00	0.000000e+00	0.000000e+00	
157	5.624000e-08	0.000000e+00	0.000000e+00	0.000000e+00	
158	5.656000e-08	0.000000e+00	0.000000e+00	0.000000e+00	
159	5.720000e-08	0.000000e+00	0.000000e+00	0.000000e+00	
160	5.848000e-08	0.000000e+00	0.000000e+00	0.000000e+00	
161	6.000000e-08	0.000000e+00	0.000000e+00	0.000000e+00	
162	6.010000e-08	0.000000e+00	0.000000e+00	0.000000e+00	
163	6.030000e-08	0.000000e+00	0.000000e+00	0.000000e+00	
164	6.070000e-08	0.000000e+00	0.000000e+00	0.000000e+00	
165	6.100000e-08	0.000000e+00	0.000000e+00	0.000000e+00	
166	6.108000e-08	0.000000e+00	0.000000e+00	0.000000e+00	
167	6.124000e-08	0.000000e+00	0.000000e+00	0.000000e+00	
168	6.156000e-08	0.000000e+00	0.000000e+00	0.000000e+00	
169	6.220000e-08	0.000000e+00	0.000000e+00	0.000000e+00	
170	6.230000e-08	0.000000e+00	0.000000e+00	0.000000e+00	

Index   time            a4#branch_1_6   a4#branch_1_7   a5#branch_1_0   
--------------------------------------------------------------------------------
171	6.240000e-08	0.000000e+00	0.000000e+00	0.000000e+00	
172	6.260000e-08	0.000000e+00	0.000000e+00	0.000000e+00	
173	6.300000e-08	0.000000e+00	0.000000e+00	0.000000e+00	
174	6.330000e-08	0.000000e+00	0.000000e+00	0.000000e+00	
175	6.338000e-08	0.000000e+00	0.000000e+00	0.000000e+00	
176	6.354000e-08	0.000000e+00	0.000000e+00	0.000000e+00	
177	6.386000e-08	0.000000e+00	0.000000e+00	0.000000e+00	
178	6.450000e-08	0.000000e+00	0.000000e+00	0.000000e+00	
179	6.500000e-08	0.000000e+00	0.000000e+00	0.000000e+00	
180	6.510000e-08	0.000000e+00	0.000000e+00	0.000000e+00	
181	6.530000e-08	0.000000e+00	0.000000e+00	0.000000e+00	
182	6.570000e-08	0.000000e+00	0.000000e+00	0.000000e+00	
183	6.600000e-08	0.000000e+00	0.000000e+00	0.000000e+00	
184	6.608000e-08	0.000000e+00	0.000000e+00	0.000000e+00	
185	6.624000e-08	0.000000e+00	0.000000e+00	0.000000e+00	
186	6.656000e-08	0.000000e+00	0.000000e+00	0.000000e+00	
187	6.720000e-08	0.000000e+00	0.000000e+00	0.000000e+00	
188	6.848000e-08	0.000000e+00	0.000000e+00	0.000000e+00	
189	7.000000e-08	0.000000e+00	0.000000e+00	0.000000e+00	
190	7.010000e-08	0.000000e+00	0.000000e+00	0.000000e+00	
191	7.030000e-08	0.000000e+00	0.000000e+00	0.000000e+00	
192	7.070000e-08	0.000000e+00	0.000000e+00	0.000000e+00	
193	7.100000e-08	0.000000e+00	0.000000e+00	0.000000e+00	
194	7.108000e-08	0.000000e+00	0.000000e+00	0.000000e+00	
195	7.124000e-08	0.000000e+00	0.000000e+00	0.000000e+00	
196	7.156000e-08	0.000000e+00	0.000000e+00	0.000000e+00	
197	7.220000e-08	0.000000e+00	0.000000e+00	0.000000e+00	
198	7.348000e-08	0.000000e+00	0.000000e+00	0.000000e+00	
199	7.500000e-08	0.000000e+00	0.000000e+00	0.000000e+00	
200	7.510000e-08	0.000000e+00	0.000000e+00	0.000000e+00	
201	7.530000e-08	0.000000e+00	0.000000e+00	0.000000e+00	
202	7.570000e-08	0.000000e+00	0.000000e+00	0.000000e+00	
203	7.600000e-08	0.000000e+00	0.000000e+00	0.000000e+00	
204	7.608000e-08	0.000000e+00	0.000000e+00	0.000000e+00	
205	7.624000e-08	0.000000e+00	0.000000e+00	0.000000e+00	
206	7.656000e-08	0.000000e+00	0.000000e+00	0.000000e+00	
207	7.720000e-08	0.000000e+00	0.000000e+00	0.000000e+00	
208	7.848000e-08	0.000000e+00	0.000000e+00	0.000000e+00	
209	8.000000e-08	0.000000e+00	0.000000e+00	0.000000e+00	
210	8.010000e-08	0.000000e+00	0.000000e+00	0.000000e+00	
211	8.030000e-08	0.000000e+00	0.000000e+00	0.000000e+00	
212	8.070000e-08	0.000000e+00	0.000000e+00	0.000000e+00	
213	8.100000e-08	0.000000e+00	0.000000e+00	0.000000e+00	
214	8.108000e-08	0.000000e+00	0.000000e+00	0.000000e+00	
215	8.124000e-08	0.000000e+00	0.000000e+00	0.000000e+00	
216	8.156000e-08	0.000000e+00	0.000000e+00	0.000000e+00	
217	8.220000e-08	0.000000e+00	0.000000e+00	0.000000e+00	
218	8.230000e-08	0.000000e+00	0.000000e+00	0.000000e+00	
219	8.240000e-08	0.000000e+00	0.000000e+00	0.000000e+00	
220	8.260000e-08	0.000000e+00	0.000000e+00	0.000000e+00	
221	8.300000e-08	0.000000e+00	0.000000e+00	0.000000e+00	
222	8.330000e-08	0.000000e+00	0.000000e+00	0.000000e+00	
223	8.338000e-08	0.000000e+00	0.000000e+00	0.000000e+00	
224	8.354000e-08	0.000000e+00	0.000000e+00	0.000000e+00	
225	8.386000e-08	0.000000e+00	0.000000e+00	0.000000e+00	
226	8.450000e-08	0.000000e+00	0.000000e+00	0.000000e+00	
227	8.500000e-08	0.000000e+00	0.000000e+00	0.000000e+00	
228	8.510000e-08	0.000000e+00	0.000000e+00	0.000000e+00	

Index   time            a4#branch_1_6   a4#branch_1_7   a5#branch_1_0   
--------------------------------------------------------------------------------
229	8.530000e-08	0.000000e+00	0.000000e+00	0.000000e+00	
230	8.570000e-08	0.000000e+00	0.000000e+00	0.000000e+00	
231	8.600000e-08	0.000000e+00	0.000000e+00	0.000000e+00	
232	8.608000e-08	0.000000e+00	0.000000e+00	0.000000e+00	
233	8.624000e-08	0.000000e+00	0.000000e+00	0.000000e+00	
234	8.656000e-08	0.000000e+00	0.000000e+00	0.000000e+00	
235	8.720000e-08	0.000000e+00	0.000000e+00	0.000000e+00	
236	8.848000e-08	0.000000e+00	0.000000e+00	0.000000e+00	
237	9.000000e-08	0.000000e+00	0.000000e+00	0.000000e+00	
238	9.010000e-08	0.000000e+00	0.000000e+00	0.000000e+00	
239	9.030000e-08	0.000000e+00	0.000000e+00	0.000000e+00	
240	9.070000e-08	0.000000e+00	0.000000e+00	0.000000e+00	
241	9.100000e-08	0.000000e+00	0.000000e+00	0.000000e+00	
242	9.108000e-08	0.000000e+00	0.000000e+00	0.000000e+00	
243	9.124000e-08	0.000000e+00	0.000000e+00	0.000000e+00	
244	9.156000e-08	0.000000e+00	0.000000e+00	0.000000e+00	
245	9.220000e-08	0.000000e+00	0.000000e+00	0.000000e+00	
246	9.230000e-08	0.000000e+00	0.000000e+00	0.000000e+00	
247	9.240000e-08	0.000000e+00	0.000000e+00	0.000000e+00	
248	9.260000e-08	0.000000e+00	0.000000e+00	0.000000e+00	
249	9.300000e-08	0.000000e+00	0.000000e+00	0.000000e+00	
250	9.330000e-08	0.000000e+00	0.000000e+00	0.000000e+00	
251	9.338000e-08	0.000000e+00	0.000000e+00	0.000000e+00	
252	9.354000e-08	0.000000e+00	0.000000e+00	0.000000e+00	
253	9.386000e-08	0.000000e+00	0.000000e+00	0.000000e+00	
254	9.450000e-08	0.000000e+00	0.000000e+00	0.000000e+00	
255	9.500000e-08	0.000000e+00	0.000000e+00	0.000000e+00	
256	9.510000e-08	0.000000e+00	0.000000e+00	0.000000e+00	
257	9.530000e-08	0.000000e+00	0.000000e+00	0.000000e+00	
258	9.570000e-08	0.000000e+00	0.000000e+00	0.000000e+00	
259	9.600000e-08	0.000000e+00	0.000000e+00	0.000000e+00	
260	9.608000e-08	0.000000e+00	0.000000e+00	0.000000e+00	
261	9.624000e-08	0.000000e+00	0.000000e+00	0.000000e+00	
262	9.656000e-08	0.000000e+00	0.000000e+00	0.000000e+00	
263	9.720000e-08	0.000000e+00	0.000000e+00	0.000000e+00	
264	9.848000e-08	0.000000e+00	0.000000e+00	0.000000e+00	
265	1.000000e-07	0.000000e+00	0.000000e+00	0.000000e+00	

                                kicad schematic
                                Transient Analysis  Sun Jul 05 13:03:51  2026
--------------------------------------------------------------------------------
Index   time            a5#branch_1_1   a5#branch_1_2   a5#branch_1_3   
--------------------------------------------------------------------------------
0	0.000000e+00	0.000000e+00	0.000000e+00	0.000000e+00	
1	1.000000e-11	0.000000e+00	0.000000e+00	0.000000e+00	
2	2.000000e-11	0.000000e+00	0.000000e+00	0.000000e+00	
3	4.000000e-11	0.000000e+00	0.000000e+00	0.000000e+00	
4	8.000000e-11	0.000000e+00	0.000000e+00	0.000000e+00	
5	1.600000e-10	0.000000e+00	0.000000e+00	0.000000e+00	
6	3.200000e-10	0.000000e+00	0.000000e+00	0.000000e+00	
7	6.400000e-10	0.000000e+00	0.000000e+00	0.000000e+00	
8	1.000000e-09	0.000000e+00	0.000000e+00	0.000000e+00	
9	1.064000e-09	0.000000e+00	0.000000e+00	0.000000e+00	
10	1.192000e-09	0.000000e+00	0.000000e+00	0.000000e+00	
11	1.448000e-09	0.000000e+00	0.000000e+00	0.000000e+00	
12	1.960000e-09	0.000000e+00	0.000000e+00	0.000000e+00	
13	2.984000e-09	0.000000e+00	0.000000e+00	0.000000e+00	
14	4.984000e-09	0.000000e+00	0.000000e+00	0.000000e+00	
15	5.000000e-09	0.000000e+00	0.000000e+00	0.000000e+00	
16	5.032000e-09	0.000000e+00	0.000000e+00	0.000000e+00	
17	5.096000e-09	0.000000e+00	0.000000e+00	0.000000e+00	
18	5.224000e-09	0.000000e+00	0.000000e+00	0.000000e+00	
19	5.480000e-09	0.000000e+00	0.000000e+00	0.000000e+00	
20	5.992000e-09	0.000000e+00	0.000000e+00	0.000000e+00	
21	6.000000e-09	0.000000e+00	0.000000e+00	0.000000e+00	
22	6.016000e-09	0.000000e+00	0.000000e+00	0.000000e+00	
23	6.048000e-09	0.000000e+00	0.000000e+00	0.000000e+00	
24	6.112000e-09	0.000000e+00	0.000000e+00	0.000000e+00	
25	6.240000e-09	0.000000e+00	0.000000e+00	0.000000e+00	
26	6.496000e-09	0.000000e+00	0.000000e+00	0.000000e+00	
27	7.008000e-09	0.000000e+00	0.000000e+00	0.000000e+00	
28	8.032000e-09	0.000000e+00	0.000000e+00	0.000000e+00	
29	1.000000e-08	0.000000e+00	0.000000e+00	0.000000e+00	
30	1.010000e-08	0.000000e+00	0.000000e+00	0.000000e+00	
31	1.030000e-08	0.000000e+00	0.000000e+00	0.000000e+00	
32	1.070000e-08	0.000000e+00	0.000000e+00	0.000000e+00	
33	1.100000e-08	0.000000e+00	0.000000e+00	0.000000e+00	
34	1.108000e-08	0.000000e+00	0.000000e+00	0.000000e+00	
35	1.124000e-08	0.000000e+00	0.000000e+00	0.000000e+00	
36	1.156000e-08	0.000000e+00	0.000000e+00	0.000000e+00	
37	1.220000e-08	0.000000e+00	0.000000e+00	0.000000e+00	
38	1.230000e-08	0.000000e+00	0.000000e+00	0.000000e+00	
39	1.240000e-08	0.000000e+00	0.000000e+00	0.000000e+00	
40	1.260000e-08	0.000000e+00	0.000000e+00	0.000000e+00	
41	1.300000e-08	0.000000e+00	0.000000e+00	0.000000e+00	
42	1.330000e-08	0.000000e+00	0.000000e+00	0.000000e+00	
43	1.338000e-08	0.000000e+00	0.000000e+00	0.000000e+00	
44	1.354000e-08	0.000000e+00	0.000000e+00	0.000000e+00	
45	1.386000e-08	0.000000e+00	0.000000e+00	0.000000e+00	
46	1.450000e-08	0.000000e+00	0.000000e+00	0.000000e+00	
47	1.500000e-08	0.000000e+00	0.000000e+00	0.000000e+00	
48	1.510000e-08	0.000000e+00	0.000000e+00	0.000000e+00	
49	1.530000e-08	0.000000e+00	0.000000e+00	0.000000e+00	
50	1.570000e-08	0.000000e+00	0.000000e+00	0.000000e+00	
51	1.600000e-08	0.000000e+00	0.000000e+00	0.000000e+00	
52	1.608000e-08	0.000000e+00	0.000000e+00	0.000000e+00	
53	1.624000e-08	0.000000e+00	0.000000e+00	0.000000e+00	
54	1.656000e-08	0.000000e+00	0.000000e+00	0.000000e+00	

Index   time            a5#branch_1_1   a5#branch_1_2   a5#branch_1_3   
--------------------------------------------------------------------------------
55	1.720000e-08	0.000000e+00	0.000000e+00	0.000000e+00	
56	1.848000e-08	0.000000e+00	0.000000e+00	0.000000e+00	
57	2.000000e-08	0.000000e+00	0.000000e+00	0.000000e+00	
58	2.010000e-08	0.000000e+00	0.000000e+00	0.000000e+00	
59	2.030000e-08	0.000000e+00	0.000000e+00	0.000000e+00	
60	2.070000e-08	0.000000e+00	0.000000e+00	0.000000e+00	
61	2.100000e-08	0.000000e+00	0.000000e+00	0.000000e+00	
62	2.108000e-08	0.000000e+00	0.000000e+00	0.000000e+00	
63	2.124000e-08	0.000000e+00	0.000000e+00	0.000000e+00	
64	2.156000e-08	0.000000e+00	0.000000e+00	0.000000e+00	
65	2.220000e-08	0.000000e+00	0.000000e+00	0.000000e+00	
66	2.230000e-08	0.000000e+00	0.000000e+00	0.000000e+00	
67	2.240000e-08	0.000000e+00	0.000000e+00	0.000000e+00	
68	2.260000e-08	0.000000e+00	0.000000e+00	0.000000e+00	
69	2.300000e-08	0.000000e+00	0.000000e+00	0.000000e+00	
70	2.330000e-08	0.000000e+00	0.000000e+00	0.000000e+00	
71	2.338000e-08	0.000000e+00	0.000000e+00	0.000000e+00	
72	2.354000e-08	0.000000e+00	0.000000e+00	0.000000e+00	
73	2.386000e-08	0.000000e+00	0.000000e+00	0.000000e+00	
74	2.450000e-08	0.000000e+00	0.000000e+00	0.000000e+00	
75	2.500000e-08	0.000000e+00	0.000000e+00	0.000000e+00	
76	2.510000e-08	0.000000e+00	0.000000e+00	0.000000e+00	
77	2.530000e-08	0.000000e+00	0.000000e+00	0.000000e+00	
78	2.570000e-08	0.000000e+00	0.000000e+00	0.000000e+00	
79	2.600000e-08	0.000000e+00	0.000000e+00	0.000000e+00	
80	2.608000e-08	0.000000e+00	0.000000e+00	0.000000e+00	
81	2.624000e-08	0.000000e+00	0.000000e+00	0.000000e+00	
82	2.656000e-08	0.000000e+00	0.000000e+00	0.000000e+00	
83	2.720000e-08	0.000000e+00	0.000000e+00	0.000000e+00	
84	2.848000e-08	0.000000e+00	0.000000e+00	0.000000e+00	
85	3.000000e-08	0.000000e+00	0.000000e+00	0.000000e+00	
86	3.010000e-08	0.000000e+00	0.000000e+00	0.000000e+00	
87	3.030000e-08	0.000000e+00	0.000000e+00	0.000000e+00	
88	3.070000e-08	0.000000e+00	0.000000e+00	0.000000e+00	
89	3.100000e-08	0.000000e+00	0.000000e+00	0.000000e+00	
90	3.108000e-08	0.000000e+00	0.000000e+00	0.000000e+00	
91	3.124000e-08	0.000000e+00	0.000000e+00	0.000000e+00	
92	3.156000e-08	0.000000e+00	0.000000e+00	0.000000e+00	
93	3.220000e-08	0.000000e+00	0.000000e+00	0.000000e+00	
94	3.348000e-08	0.000000e+00	0.000000e+00	0.000000e+00	
95	3.500000e-08	0.000000e+00	0.000000e+00	0.000000e+00	
96	3.510000e-08	0.000000e+00	0.000000e+00	0.000000e+00	
97	3.530000e-08	0.000000e+00	0.000000e+00	0.000000e+00	
98	3.570000e-08	0.000000e+00	0.000000e+00	0.000000e+00	
99	3.600000e-08	0.000000e+00	0.000000e+00	0.000000e+00	
100	3.608000e-08	0.000000e+00	0.000000e+00	0.000000e+00	
101	3.624000e-08	0.000000e+00	0.000000e+00	0.000000e+00	
102	3.656000e-08	0.000000e+00	0.000000e+00	0.000000e+00	
103	3.720000e-08	0.000000e+00	0.000000e+00	0.000000e+00	
104	3.848000e-08	0.000000e+00	0.000000e+00	0.000000e+00	
105	4.000000e-08	0.000000e+00	0.000000e+00	0.000000e+00	
106	4.010000e-08	0.000000e+00	0.000000e+00	0.000000e+00	
107	4.030000e-08	0.000000e+00	0.000000e+00	0.000000e+00	
108	4.070000e-08	0.000000e+00	0.000000e+00	0.000000e+00	
109	4.100000e-08	0.000000e+00	0.000000e+00	0.000000e+00	
110	4.108000e-08	0.000000e+00	0.000000e+00	0.000000e+00	
111	4.124000e-08	0.000000e+00	0.000000e+00	0.000000e+00	
112	4.156000e-08	0.000000e+00	0.000000e+00	0.000000e+00	

Index   time            a5#branch_1_1   a5#branch_1_2   a5#branch_1_3   
--------------------------------------------------------------------------------
113	4.220000e-08	0.000000e+00	0.000000e+00	0.000000e+00	
114	4.230000e-08	0.000000e+00	0.000000e+00	0.000000e+00	
115	4.240000e-08	0.000000e+00	0.000000e+00	0.000000e+00	
116	4.260000e-08	0.000000e+00	0.000000e+00	0.000000e+00	
117	4.300000e-08	0.000000e+00	0.000000e+00	0.000000e+00	
118	4.330000e-08	0.000000e+00	0.000000e+00	0.000000e+00	
119	4.338000e-08	0.000000e+00	0.000000e+00	0.000000e+00	
120	4.354000e-08	0.000000e+00	0.000000e+00	0.000000e+00	
121	4.386000e-08	0.000000e+00	0.000000e+00	0.000000e+00	
122	4.450000e-08	0.000000e+00	0.000000e+00	0.000000e+00	
123	4.500000e-08	0.000000e+00	0.000000e+00	0.000000e+00	
124	4.510000e-08	0.000000e+00	0.000000e+00	0.000000e+00	
125	4.530000e-08	0.000000e+00	0.000000e+00	0.000000e+00	
126	4.570000e-08	0.000000e+00	0.000000e+00	0.000000e+00	
127	4.600000e-08	0.000000e+00	0.000000e+00	0.000000e+00	
128	4.608000e-08	0.000000e+00	0.000000e+00	0.000000e+00	
129	4.624000e-08	0.000000e+00	0.000000e+00	0.000000e+00	
130	4.656000e-08	0.000000e+00	0.000000e+00	0.000000e+00	
131	4.720000e-08	0.000000e+00	0.000000e+00	0.000000e+00	
132	4.848000e-08	0.000000e+00	0.000000e+00	0.000000e+00	
133	5.000000e-08	0.000000e+00	0.000000e+00	0.000000e+00	
134	5.010000e-08	0.000000e+00	0.000000e+00	0.000000e+00	
135	5.030000e-08	0.000000e+00	0.000000e+00	0.000000e+00	
136	5.070000e-08	0.000000e+00	0.000000e+00	0.000000e+00	
137	5.100000e-08	0.000000e+00	0.000000e+00	0.000000e+00	
138	5.108000e-08	0.000000e+00	0.000000e+00	0.000000e+00	
139	5.124000e-08	0.000000e+00	0.000000e+00	0.000000e+00	
140	5.156000e-08	0.000000e+00	0.000000e+00	0.000000e+00	
141	5.220000e-08	0.000000e+00	0.000000e+00	0.000000e+00	
142	5.230000e-08	0.000000e+00	0.000000e+00	0.000000e+00	
143	5.240000e-08	0.000000e+00	0.000000e+00	0.000000e+00	
144	5.260000e-08	0.000000e+00	0.000000e+00	0.000000e+00	
145	5.300000e-08	0.000000e+00	0.000000e+00	0.000000e+00	
146	5.330000e-08	0.000000e+00	0.000000e+00	0.000000e+00	
147	5.338000e-08	0.000000e+00	0.000000e+00	0.000000e+00	
148	5.354000e-08	0.000000e+00	0.000000e+00	0.000000e+00	
149	5.386000e-08	0.000000e+00	0.000000e+00	0.000000e+00	
150	5.450000e-08	0.000000e+00	0.000000e+00	0.000000e+00	
151	5.500000e-08	0.000000e+00	0.000000e+00	0.000000e+00	
152	5.510000e-08	0.000000e+00	0.000000e+00	0.000000e+00	
153	5.530000e-08	0.000000e+00	0.000000e+00	0.000000e+00	
154	5.570000e-08	0.000000e+00	0.000000e+00	0.000000e+00	
155	5.600000e-08	0.000000e+00	0.000000e+00	0.000000e+00	
156	5.608000e-08	0.000000e+00	0.000000e+00	0.000000e+00	
157	5.624000e-08	0.000000e+00	0.000000e+00	0.000000e+00	
158	5.656000e-08	0.000000e+00	0.000000e+00	0.000000e+00	
159	5.720000e-08	0.000000e+00	0.000000e+00	0.000000e+00	
160	5.848000e-08	0.000000e+00	0.000000e+00	0.000000e+00	
161	6.000000e-08	0.000000e+00	0.000000e+00	0.000000e+00	
162	6.010000e-08	0.000000e+00	0.000000e+00	0.000000e+00	
163	6.030000e-08	0.000000e+00	0.000000e+00	0.000000e+00	
164	6.070000e-08	0.000000e+00	0.000000e+00	0.000000e+00	
165	6.100000e-08	0.000000e+00	0.000000e+00	0.000000e+00	
166	6.108000e-08	0.000000e+00	0.000000e+00	0.000000e+00	
167	6.124000e-08	0.000000e+00	0.000000e+00	0.000000e+00	
168	6.156000e-08	0.000000e+00	0.000000e+00	0.000000e+00	
169	6.220000e-08	0.000000e+00	0.000000e+00	0.000000e+00	
170	6.230000e-08	0.000000e+00	0.000000e+00	0.000000e+00	

Index   time            a5#branch_1_1   a5#branch_1_2   a5#branch_1_3   
--------------------------------------------------------------------------------
171	6.240000e-08	0.000000e+00	0.000000e+00	0.000000e+00	
172	6.260000e-08	0.000000e+00	0.000000e+00	0.000000e+00	
173	6.300000e-08	0.000000e+00	0.000000e+00	0.000000e+00	
174	6.330000e-08	0.000000e+00	0.000000e+00	0.000000e+00	
175	6.338000e-08	0.000000e+00	0.000000e+00	0.000000e+00	
176	6.354000e-08	0.000000e+00	0.000000e+00	0.000000e+00	
177	6.386000e-08	0.000000e+00	0.000000e+00	0.000000e+00	
178	6.450000e-08	0.000000e+00	0.000000e+00	0.000000e+00	
179	6.500000e-08	0.000000e+00	0.000000e+00	0.000000e+00	
180	6.510000e-08	0.000000e+00	0.000000e+00	0.000000e+00	
181	6.530000e-08	0.000000e+00	0.000000e+00	0.000000e+00	
182	6.570000e-08	0.000000e+00	0.000000e+00	0.000000e+00	
183	6.600000e-08	0.000000e+00	0.000000e+00	0.000000e+00	
184	6.608000e-08	0.000000e+00	0.000000e+00	0.000000e+00	
185	6.624000e-08	0.000000e+00	0.000000e+00	0.000000e+00	
186	6.656000e-08	0.000000e+00	0.000000e+00	0.000000e+00	
187	6.720000e-08	0.000000e+00	0.000000e+00	0.000000e+00	
188	6.848000e-08	0.000000e+00	0.000000e+00	0.000000e+00	
189	7.000000e-08	0.000000e+00	0.000000e+00	0.000000e+00	
190	7.010000e-08	0.000000e+00	0.000000e+00	0.000000e+00	
191	7.030000e-08	0.000000e+00	0.000000e+00	0.000000e+00	
192	7.070000e-08	0.000000e+00	0.000000e+00	0.000000e+00	
193	7.100000e-08	0.000000e+00	0.000000e+00	0.000000e+00	
194	7.108000e-08	0.000000e+00	0.000000e+00	0.000000e+00	
195	7.124000e-08	0.000000e+00	0.000000e+00	0.000000e+00	
196	7.156000e-08	0.000000e+00	0.000000e+00	0.000000e+00	
197	7.220000e-08	0.000000e+00	0.000000e+00	0.000000e+00	
198	7.348000e-08	0.000000e+00	0.000000e+00	0.000000e+00	
199	7.500000e-08	0.000000e+00	0.000000e+00	0.000000e+00	
200	7.510000e-08	0.000000e+00	0.000000e+00	0.000000e+00	
201	7.530000e-08	0.000000e+00	0.000000e+00	0.000000e+00	
202	7.570000e-08	0.000000e+00	0.000000e+00	0.000000e+00	
203	7.600000e-08	0.000000e+00	0.000000e+00	0.000000e+00	
204	7.608000e-08	0.000000e+00	0.000000e+00	0.000000e+00	
205	7.624000e-08	0.000000e+00	0.000000e+00	0.000000e+00	
206	7.656000e-08	0.000000e+00	0.000000e+00	0.000000e+00	
207	7.720000e-08	0.000000e+00	0.000000e+00	0.000000e+00	
208	7.848000e-08	0.000000e+00	0.000000e+00	0.000000e+00	
209	8.000000e-08	0.000000e+00	0.000000e+00	0.000000e+00	
210	8.010000e-08	0.000000e+00	0.000000e+00	0.000000e+00	
211	8.030000e-08	0.000000e+00	0.000000e+00	0.000000e+00	
212	8.070000e-08	0.000000e+00	0.000000e+00	0.000000e+00	
213	8.100000e-08	0.000000e+00	0.000000e+00	0.000000e+00	
214	8.108000e-08	0.000000e+00	0.000000e+00	0.000000e+00	
215	8.124000e-08	0.000000e+00	0.000000e+00	0.000000e+00	
216	8.156000e-08	0.000000e+00	0.000000e+00	0.000000e+00	
217	8.220000e-08	0.000000e+00	0.000000e+00	0.000000e+00	
218	8.230000e-08	0.000000e+00	0.000000e+00	0.000000e+00	
219	8.240000e-08	0.000000e+00	0.000000e+00	0.000000e+00	
220	8.260000e-08	0.000000e+00	0.000000e+00	0.000000e+00	
221	8.300000e-08	0.000000e+00	0.000000e+00	0.000000e+00	
222	8.330000e-08	0.000000e+00	0.000000e+00	0.000000e+00	
223	8.338000e-08	0.000000e+00	0.000000e+00	0.000000e+00	
224	8.354000e-08	0.000000e+00	0.000000e+00	0.000000e+00	
225	8.386000e-08	0.000000e+00	0.000000e+00	0.000000e+00	
226	8.450000e-08	0.000000e+00	0.000000e+00	0.000000e+00	
227	8.500000e-08	0.000000e+00	0.000000e+00	0.000000e+00	
228	8.510000e-08	0.000000e+00	0.000000e+00	0.000000e+00	

Index   time            a5#branch_1_1   a5#branch_1_2   a5#branch_1_3   
--------------------------------------------------------------------------------
229	8.530000e-08	0.000000e+00	0.000000e+00	0.000000e+00	
230	8.570000e-08	0.000000e+00	0.000000e+00	0.000000e+00	
231	8.600000e-08	0.000000e+00	0.000000e+00	0.000000e+00	
232	8.608000e-08	0.000000e+00	0.000000e+00	0.000000e+00	
233	8.624000e-08	0.000000e+00	0.000000e+00	0.000000e+00	
234	8.656000e-08	0.000000e+00	0.000000e+00	0.000000e+00	
235	8.720000e-08	0.000000e+00	0.000000e+00	0.000000e+00	
236	8.848000e-08	0.000000e+00	0.000000e+00	0.000000e+00	
237	9.000000e-08	0.000000e+00	0.000000e+00	0.000000e+00	
238	9.010000e-08	0.000000e+00	0.000000e+00	0.000000e+00	
239	9.030000e-08	0.000000e+00	0.000000e+00	0.000000e+00	
240	9.070000e-08	0.000000e+00	0.000000e+00	0.000000e+00	
241	9.100000e-08	0.000000e+00	0.000000e+00	0.000000e+00	
242	9.108000e-08	0.000000e+00	0.000000e+00	0.000000e+00	
243	9.124000e-08	0.000000e+00	0.000000e+00	0.000000e+00	
244	9.156000e-08	0.000000e+00	0.000000e+00	0.000000e+00	
245	9.220000e-08	0.000000e+00	0.000000e+00	0.000000e+00	
246	9.230000e-08	0.000000e+00	0.000000e+00	0.000000e+00	
247	9.240000e-08	0.000000e+00	0.000000e+00	0.000000e+00	
248	9.260000e-08	0.000000e+00	0.000000e+00	0.000000e+00	
249	9.300000e-08	0.000000e+00	0.000000e+00	0.000000e+00	
250	9.330000e-08	0.000000e+00	0.000000e+00	0.000000e+00	
251	9.338000e-08	0.000000e+00	0.000000e+00	0.000000e+00	
252	9.354000e-08	0.000000e+00	0.000000e+00	0.000000e+00	
253	9.386000e-08	0.000000e+00	0.000000e+00	0.000000e+00	
254	9.450000e-08	0.000000e+00	0.000000e+00	0.000000e+00	
255	9.500000e-08	0.000000e+00	0.000000e+00	0.000000e+00	
256	9.510000e-08	0.000000e+00	0.000000e+00	0.000000e+00	
257	9.530000e-08	0.000000e+00	0.000000e+00	0.000000e+00	
258	9.570000e-08	0.000000e+00	0.000000e+00	0.000000e+00	
259	9.600000e-08	0.000000e+00	0.000000e+00	0.000000e+00	
260	9.608000e-08	0.000000e+00	0.000000e+00	0.000000e+00	
261	9.624000e-08	0.000000e+00	0.000000e+00	0.000000e+00	
262	9.656000e-08	0.000000e+00	0.000000e+00	0.000000e+00	
263	9.720000e-08	0.000000e+00	0.000000e+00	0.000000e+00	
264	9.848000e-08	0.000000e+00	0.000000e+00	0.000000e+00	
265	1.000000e-07	0.000000e+00	0.000000e+00	0.000000e+00	

                                kicad schematic
                                Transient Analysis  Sun Jul 05 13:03:51  2026
--------------------------------------------------------------------------------
Index   time            a5#branch_1_4   v1#branch       v2#branch       
--------------------------------------------------------------------------------
0	0.000000e+00	0.000000e+00	0.000000e+00	0.000000e+00	
1	1.000000e-11	0.000000e+00	0.000000e+00	0.000000e+00	
2	2.000000e-11	0.000000e+00	0.000000e+00	0.000000e+00	
3	4.000000e-11	0.000000e+00	0.000000e+00	0.000000e+00	
4	8.000000e-11	0.000000e+00	0.000000e+00	0.000000e+00	
5	1.600000e-10	0.000000e+00	0.000000e+00	0.000000e+00	
6	3.200000e-10	0.000000e+00	0.000000e+00	0.000000e+00	
7	6.400000e-10	0.000000e+00	0.000000e+00	0.000000e+00	
8	1.000000e-09	0.000000e+00	0.000000e+00	0.000000e+00	
9	1.064000e-09	0.000000e+00	0.000000e+00	0.000000e+00	
10	1.192000e-09	0.000000e+00	0.000000e+00	0.000000e+00	
11	1.448000e-09	0.000000e+00	0.000000e+00	0.000000e+00	
12	1.960000e-09	0.000000e+00	0.000000e+00	0.000000e+00	
13	2.984000e-09	0.000000e+00	0.000000e+00	0.000000e+00	
14	4.984000e-09	0.000000e+00	0.000000e+00	0.000000e+00	
15	5.000000e-09	0.000000e+00	0.000000e+00	0.000000e+00	
16	5.032000e-09	0.000000e+00	0.000000e+00	0.000000e+00	
17	5.096000e-09	0.000000e+00	0.000000e+00	0.000000e+00	
18	5.224000e-09	0.000000e+00	0.000000e+00	0.000000e+00	
19	5.480000e-09	0.000000e+00	0.000000e+00	0.000000e+00	
20	5.992000e-09	0.000000e+00	0.000000e+00	0.000000e+00	
21	6.000000e-09	0.000000e+00	0.000000e+00	0.000000e+00	
22	6.016000e-09	0.000000e+00	0.000000e+00	0.000000e+00	
23	6.048000e-09	0.000000e+00	0.000000e+00	0.000000e+00	
24	6.112000e-09	0.000000e+00	0.000000e+00	0.000000e+00	
25	6.240000e-09	0.000000e+00	0.000000e+00	0.000000e+00	
26	6.496000e-09	0.000000e+00	0.000000e+00	0.000000e+00	
27	7.008000e-09	0.000000e+00	0.000000e+00	0.000000e+00	
28	8.032000e-09	0.000000e+00	0.000000e+00	0.000000e+00	
29	1.000000e-08	0.000000e+00	0.000000e+00	0.000000e+00	
30	1.010000e-08	0.000000e+00	0.000000e+00	0.000000e+00	
31	1.030000e-08	0.000000e+00	0.000000e+00	0.000000e+00	
32	1.070000e-08	0.000000e+00	0.000000e+00	0.000000e+00	
33	1.100000e-08	0.000000e+00	0.000000e+00	0.000000e+00	
34	1.108000e-08	0.000000e+00	0.000000e+00	0.000000e+00	
35	1.124000e-08	0.000000e+00	0.000000e+00	0.000000e+00	
36	1.156000e-08	0.000000e+00	0.000000e+00	0.000000e+00	
37	1.220000e-08	0.000000e+00	0.000000e+00	0.000000e+00	
38	1.230000e-08	0.000000e+00	0.000000e+00	0.000000e+00	
39	1.240000e-08	0.000000e+00	0.000000e+00	0.000000e+00	
40	1.260000e-08	0.000000e+00	0.000000e+00	0.000000e+00	
41	1.300000e-08	0.000000e+00	0.000000e+00	0.000000e+00	
42	1.330000e-08	0.000000e+00	0.000000e+00	0.000000e+00	
43	1.338000e-08	0.000000e+00	0.000000e+00	0.000000e+00	
44	1.354000e-08	0.000000e+00	0.000000e+00	0.000000e+00	
45	1.386000e-08	0.000000e+00	0.000000e+00	0.000000e+00	
46	1.450000e-08	0.000000e+00	0.000000e+00	0.000000e+00	
47	1.500000e-08	0.000000e+00	0.000000e+00	0.000000e+00	
48	1.510000e-08	0.000000e+00	0.000000e+00	0.000000e+00	
49	1.530000e-08	0.000000e+00	0.000000e+00	0.000000e+00	
50	1.570000e-08	0.000000e+00	0.000000e+00	0.000000e+00	
51	1.600000e-08	0.000000e+00	0.000000e+00	0.000000e+00	
52	1.608000e-08	0.000000e+00	0.000000e+00	0.000000e+00	
53	1.624000e-08	0.000000e+00	0.000000e+00	0.000000e+00	
54	1.656000e-08	0.000000e+00	0.000000e+00	0.000000e+00	

Index   time            a5#branch_1_4   v1#branch       v2#branch       
--------------------------------------------------------------------------------
55	1.720000e-08	0.000000e+00	0.000000e+00	0.000000e+00	
56	1.848000e-08	0.000000e+00	0.000000e+00	0.000000e+00	
57	2.000000e-08	0.000000e+00	0.000000e+00	0.000000e+00	
58	2.010000e-08	0.000000e+00	0.000000e+00	0.000000e+00	
59	2.030000e-08	0.000000e+00	0.000000e+00	0.000000e+00	
60	2.070000e-08	0.000000e+00	0.000000e+00	0.000000e+00	
61	2.100000e-08	0.000000e+00	0.000000e+00	0.000000e+00	
62	2.108000e-08	0.000000e+00	0.000000e+00	0.000000e+00	
63	2.124000e-08	0.000000e+00	0.000000e+00	0.000000e+00	
64	2.156000e-08	0.000000e+00	0.000000e+00	0.000000e+00	
65	2.220000e-08	0.000000e+00	0.000000e+00	0.000000e+00	
66	2.230000e-08	0.000000e+00	0.000000e+00	0.000000e+00	
67	2.240000e-08	0.000000e+00	0.000000e+00	0.000000e+00	
68	2.260000e-08	0.000000e+00	0.000000e+00	0.000000e+00	
69	2.300000e-08	0.000000e+00	0.000000e+00	0.000000e+00	
70	2.330000e-08	0.000000e+00	0.000000e+00	0.000000e+00	
71	2.338000e-08	0.000000e+00	0.000000e+00	0.000000e+00	
72	2.354000e-08	0.000000e+00	0.000000e+00	0.000000e+00	
73	2.386000e-08	0.000000e+00	0.000000e+00	0.000000e+00	
74	2.450000e-08	0.000000e+00	0.000000e+00	0.000000e+00	
75	2.500000e-08	0.000000e+00	0.000000e+00	0.000000e+00	
76	2.510000e-08	0.000000e+00	0.000000e+00	0.000000e+00	
77	2.530000e-08	0.000000e+00	0.000000e+00	0.000000e+00	
78	2.570000e-08	0.000000e+00	0.000000e+00	0.000000e+00	
79	2.600000e-08	0.000000e+00	0.000000e+00	0.000000e+00	
80	2.608000e-08	0.000000e+00	0.000000e+00	0.000000e+00	
81	2.624000e-08	0.000000e+00	0.000000e+00	0.000000e+00	
82	2.656000e-08	0.000000e+00	0.000000e+00	0.000000e+00	
83	2.720000e-08	0.000000e+00	0.000000e+00	0.000000e+00	
84	2.848000e-08	0.000000e+00	0.000000e+00	0.000000e+00	
85	3.000000e-08	0.000000e+00	0.000000e+00	0.000000e+00	
86	3.010000e-08	0.000000e+00	0.000000e+00	0.000000e+00	
87	3.030000e-08	0.000000e+00	0.000000e+00	0.000000e+00	
88	3.070000e-08	0.000000e+00	0.000000e+00	0.000000e+00	
89	3.100000e-08	0.000000e+00	0.000000e+00	0.000000e+00	
90	3.108000e-08	0.000000e+00	0.000000e+00	0.000000e+00	
91	3.124000e-08	0.000000e+00	0.000000e+00	0.000000e+00	
92	3.156000e-08	0.000000e+00	0.000000e+00	0.000000e+00	
93	3.220000e-08	0.000000e+00	0.000000e+00	0.000000e+00	
94	3.348000e-08	0.000000e+00	0.000000e+00	0.000000e+00	
95	3.500000e-08	0.000000e+00	0.000000e+00	0.000000e+00	
96	3.510000e-08	0.000000e+00	0.000000e+00	0.000000e+00	
97	3.530000e-08	0.000000e+00	0.000000e+00	0.000000e+00	
98	3.570000e-08	0.000000e+00	0.000000e+00	0.000000e+00	
99	3.600000e-08	0.000000e+00	0.000000e+00	0.000000e+00	
100	3.608000e-08	0.000000e+00	0.000000e+00	0.000000e+00	
101	3.624000e-08	0.000000e+00	0.000000e+00	0.000000e+00	
102	3.656000e-08	0.000000e+00	0.000000e+00	0.000000e+00	
103	3.720000e-08	0.000000e+00	0.000000e+00	0.000000e+00	
104	3.848000e-08	0.000000e+00	0.000000e+00	0.000000e+00	
105	4.000000e-08	0.000000e+00	0.000000e+00	0.000000e+00	
106	4.010000e-08	0.000000e+00	0.000000e+00	0.000000e+00	
107	4.030000e-08	0.000000e+00	0.000000e+00	0.000000e+00	
108	4.070000e-08	0.000000e+00	0.000000e+00	0.000000e+00	
109	4.100000e-08	0.000000e+00	0.000000e+00	0.000000e+00	
110	4.108000e-08	0.000000e+00	0.000000e+00	0.000000e+00	
111	4.124000e-08	0.000000e+00	0.000000e+00	0.000000e+00	
112	4.156000e-08	0.000000e+00	0.000000e+00	0.000000e+00	

Index   time            a5#branch_1_4   v1#branch       v2#branch       
--------------------------------------------------------------------------------
113	4.220000e-08	0.000000e+00	0.000000e+00	0.000000e+00	
114	4.230000e-08	0.000000e+00	0.000000e+00	0.000000e+00	
115	4.240000e-08	0.000000e+00	0.000000e+00	0.000000e+00	
116	4.260000e-08	0.000000e+00	0.000000e+00	0.000000e+00	
117	4.300000e-08	0.000000e+00	0.000000e+00	0.000000e+00	
118	4.330000e-08	0.000000e+00	0.000000e+00	0.000000e+00	
119	4.338000e-08	0.000000e+00	0.000000e+00	0.000000e+00	
120	4.354000e-08	0.000000e+00	0.000000e+00	0.000000e+00	
121	4.386000e-08	0.000000e+00	0.000000e+00	0.000000e+00	
122	4.450000e-08	0.000000e+00	0.000000e+00	0.000000e+00	
123	4.500000e-08	0.000000e+00	0.000000e+00	0.000000e+00	
124	4.510000e-08	0.000000e+00	0.000000e+00	0.000000e+00	
125	4.530000e-08	0.000000e+00	0.000000e+00	0.000000e+00	
126	4.570000e-08	0.000000e+00	0.000000e+00	0.000000e+00	
127	4.600000e-08	0.000000e+00	0.000000e+00	0.000000e+00	
128	4.608000e-08	0.000000e+00	0.000000e+00	0.000000e+00	
129	4.624000e-08	0.000000e+00	0.000000e+00	0.000000e+00	
130	4.656000e-08	0.000000e+00	0.000000e+00	0.000000e+00	
131	4.720000e-08	0.000000e+00	0.000000e+00	0.000000e+00	
132	4.848000e-08	0.000000e+00	0.000000e+00	0.000000e+00	
133	5.000000e-08	0.000000e+00	0.000000e+00	0.000000e+00	
134	5.010000e-08	0.000000e+00	0.000000e+00	0.000000e+00	
135	5.030000e-08	0.000000e+00	0.000000e+00	0.000000e+00	
136	5.070000e-08	0.000000e+00	0.000000e+00	0.000000e+00	
137	5.100000e-08	0.000000e+00	0.000000e+00	0.000000e+00	
138	5.108000e-08	0.000000e+00	0.000000e+00	0.000000e+00	
139	5.124000e-08	0.000000e+00	0.000000e+00	0.000000e+00	
140	5.156000e-08	0.000000e+00	0.000000e+00	0.000000e+00	
141	5.220000e-08	0.000000e+00	0.000000e+00	0.000000e+00	
142	5.230000e-08	0.000000e+00	0.000000e+00	0.000000e+00	
143	5.240000e-08	0.000000e+00	0.000000e+00	0.000000e+00	
144	5.260000e-08	0.000000e+00	0.000000e+00	0.000000e+00	
145	5.300000e-08	0.000000e+00	0.000000e+00	0.000000e+00	
146	5.330000e-08	0.000000e+00	0.000000e+00	0.000000e+00	
147	5.338000e-08	0.000000e+00	0.000000e+00	0.000000e+00	
148	5.354000e-08	0.000000e+00	0.000000e+00	0.000000e+00	
149	5.386000e-08	0.000000e+00	0.000000e+00	0.000000e+00	
150	5.450000e-08	0.000000e+00	0.000000e+00	0.000000e+00	
151	5.500000e-08	0.000000e+00	0.000000e+00	0.000000e+00	
152	5.510000e-08	0.000000e+00	0.000000e+00	0.000000e+00	
153	5.530000e-08	0.000000e+00	0.000000e+00	0.000000e+00	
154	5.570000e-08	0.000000e+00	0.000000e+00	0.000000e+00	
155	5.600000e-08	0.000000e+00	0.000000e+00	0.000000e+00	
156	5.608000e-08	0.000000e+00	0.000000e+00	0.000000e+00	
157	5.624000e-08	0.000000e+00	0.000000e+00	0.000000e+00	
158	5.656000e-08	0.000000e+00	0.000000e+00	0.000000e+00	
159	5.720000e-08	0.000000e+00	0.000000e+00	0.000000e+00	
160	5.848000e-08	0.000000e+00	0.000000e+00	0.000000e+00	
161	6.000000e-08	0.000000e+00	0.000000e+00	0.000000e+00	
162	6.010000e-08	0.000000e+00	0.000000e+00	0.000000e+00	
163	6.030000e-08	0.000000e+00	0.000000e+00	0.000000e+00	
164	6.070000e-08	0.000000e+00	0.000000e+00	0.000000e+00	
165	6.100000e-08	0.000000e+00	0.000000e+00	0.000000e+00	
166	6.108000e-08	0.000000e+00	0.000000e+00	0.000000e+00	
167	6.124000e-08	0.000000e+00	0.000000e+00	0.000000e+00	
168	6.156000e-08	0.000000e+00	0.000000e+00	0.000000e+00	
169	6.220000e-08	0.000000e+00	0.000000e+00	0.000000e+00	
170	6.230000e-08	0.000000e+00	0.000000e+00	0.000000e+00	

Index   time            a5#branch_1_4   v1#branch       v2#branch       
--------------------------------------------------------------------------------
171	6.240000e-08	0.000000e+00	0.000000e+00	0.000000e+00	
172	6.260000e-08	0.000000e+00	0.000000e+00	0.000000e+00	
173	6.300000e-08	0.000000e+00	0.000000e+00	0.000000e+00	
174	6.330000e-08	0.000000e+00	0.000000e+00	0.000000e+00	
175	6.338000e-08	0.000000e+00	0.000000e+00	0.000000e+00	
176	6.354000e-08	0.000000e+00	0.000000e+00	0.000000e+00	
177	6.386000e-08	0.000000e+00	0.000000e+00	0.000000e+00	
178	6.450000e-08	0.000000e+00	0.000000e+00	0.000000e+00	
179	6.500000e-08	0.000000e+00	0.000000e+00	0.000000e+00	
180	6.510000e-08	0.000000e+00	0.000000e+00	0.000000e+00	
181	6.530000e-08	0.000000e+00	0.000000e+00	0.000000e+00	
182	6.570000e-08	0.000000e+00	0.000000e+00	0.000000e+00	
183	6.600000e-08	0.000000e+00	0.000000e+00	0.000000e+00	
184	6.608000e-08	0.000000e+00	0.000000e+00	0.000000e+00	
185	6.624000e-08	0.000000e+00	0.000000e+00	0.000000e+00	
186	6.656000e-08	0.000000e+00	0.000000e+00	0.000000e+00	
187	6.720000e-08	0.000000e+00	0.000000e+00	0.000000e+00	
188	6.848000e-08	0.000000e+00	0.000000e+00	0.000000e+00	
189	7.000000e-08	0.000000e+00	0.000000e+00	0.000000e+00	
190	7.010000e-08	0.000000e+00	0.000000e+00	0.000000e+00	
191	7.030000e-08	0.000000e+00	0.000000e+00	0.000000e+00	
192	7.070000e-08	0.000000e+00	0.000000e+00	0.000000e+00	
193	7.100000e-08	0.000000e+00	0.000000e+00	0.000000e+00	
194	7.108000e-08	0.000000e+00	0.000000e+00	0.000000e+00	
195	7.124000e-08	0.000000e+00	0.000000e+00	0.000000e+00	
196	7.156000e-08	0.000000e+00	0.000000e+00	0.000000e+00	
197	7.220000e-08	0.000000e+00	0.000000e+00	0.000000e+00	
198	7.348000e-08	0.000000e+00	0.000000e+00	0.000000e+00	
199	7.500000e-08	0.000000e+00	0.000000e+00	0.000000e+00	
200	7.510000e-08	0.000000e+00	0.000000e+00	0.000000e+00	
201	7.530000e-08	0.000000e+00	0.000000e+00	0.000000e+00	
202	7.570000e-08	0.000000e+00	0.000000e+00	0.000000e+00	
203	7.600000e-08	0.000000e+00	0.000000e+00	0.000000e+00	
204	7.608000e-08	0.000000e+00	0.000000e+00	0.000000e+00	
205	7.624000e-08	0.000000e+00	0.000000e+00	0.000000e+00	
206	7.656000e-08	0.000000e+00	0.000000e+00	0.000000e+00	
207	7.720000e-08	0.000000e+00	0.000000e+00	0.000000e+00	
208	7.848000e-08	0.000000e+00	0.000000e+00	0.000000e+00	
209	8.000000e-08	0.000000e+00	0.000000e+00	0.000000e+00	
210	8.010000e-08	0.000000e+00	0.000000e+00	0.000000e+00	
211	8.030000e-08	0.000000e+00	0.000000e+00	0.000000e+00	
212	8.070000e-08	0.000000e+00	0.000000e+00	0.000000e+00	
213	8.100000e-08	0.000000e+00	0.000000e+00	0.000000e+00	
214	8.108000e-08	0.000000e+00	0.000000e+00	0.000000e+00	
215	8.124000e-08	0.000000e+00	0.000000e+00	0.000000e+00	
216	8.156000e-08	0.000000e+00	0.000000e+00	0.000000e+00	
217	8.220000e-08	0.000000e+00	0.000000e+00	0.000000e+00	
218	8.230000e-08	0.000000e+00	0.000000e+00	0.000000e+00	
219	8.240000e-08	0.000000e+00	0.000000e+00	0.000000e+00	
220	8.260000e-08	0.000000e+00	0.000000e+00	0.000000e+00	
221	8.300000e-08	0.000000e+00	0.000000e+00	0.000000e+00	
222	8.330000e-08	0.000000e+00	0.000000e+00	0.000000e+00	
223	8.338000e-08	0.000000e+00	0.000000e+00	0.000000e+00	
224	8.354000e-08	0.000000e+00	0.000000e+00	0.000000e+00	
225	8.386000e-08	0.000000e+00	0.000000e+00	0.000000e+00	
226	8.450000e-08	0.000000e+00	0.000000e+00	0.000000e+00	
227	8.500000e-08	0.000000e+00	0.000000e+00	0.000000e+00	
228	8.510000e-08	0.000000e+00	0.000000e+00	0.000000e+00	

Index   time            a5#branch_1_4   v1#branch       v2#branch       
--------------------------------------------------------------------------------
229	8.530000e-08	0.000000e+00	0.000000e+00	0.000000e+00	
230	8.570000e-08	0.000000e+00	0.000000e+00	0.000000e+00	
231	8.600000e-08	0.000000e+00	0.000000e+00	0.000000e+00	
232	8.608000e-08	0.000000e+00	0.000000e+00	0.000000e+00	
233	8.624000e-08	0.000000e+00	0.000000e+00	0.000000e+00	
234	8.656000e-08	0.000000e+00	0.000000e+00	0.000000e+00	
235	8.720000e-08	0.000000e+00	0.000000e+00	0.000000e+00	
236	8.848000e-08	0.000000e+00	0.000000e+00	0.000000e+00	
237	9.000000e-08	0.000000e+00	0.000000e+00	0.000000e+00	
238	9.010000e-08	0.000000e+00	0.000000e+00	0.000000e+00	
239	9.030000e-08	0.000000e+00	0.000000e+00	0.000000e+00	
240	9.070000e-08	0.000000e+00	0.000000e+00	0.000000e+00	
241	9.100000e-08	0.000000e+00	0.000000e+00	0.000000e+00	
242	9.108000e-08	0.000000e+00	0.000000e+00	0.000000e+00	
243	9.124000e-08	0.000000e+00	0.000000e+00	0.000000e+00	
244	9.156000e-08	0.000000e+00	0.000000e+00	0.000000e+00	
245	9.220000e-08	0.000000e+00	0.000000e+00	0.000000e+00	
246	9.230000e-08	0.000000e+00	0.000000e+00	0.000000e+00	
247	9.240000e-08	0.000000e+00	0.000000e+00	0.000000e+00	
248	9.260000e-08	0.000000e+00	0.000000e+00	0.000000e+00	
249	9.300000e-08	0.000000e+00	0.000000e+00	0.000000e+00	
250	9.330000e-08	0.000000e+00	0.000000e+00	0.000000e+00	
251	9.338000e-08	0.000000e+00	0.000000e+00	0.000000e+00	
252	9.354000e-08	0.000000e+00	0.000000e+00	0.000000e+00	
253	9.386000e-08	0.000000e+00	0.000000e+00	0.000000e+00	
254	9.450000e-08	0.000000e+00	0.000000e+00	0.000000e+00	
255	9.500000e-08	0.000000e+00	0.000000e+00	0.000000e+00	
256	9.510000e-08	0.000000e+00	0.000000e+00	0.000000e+00	
257	9.530000e-08	0.000000e+00	0.000000e+00	0.000000e+00	
258	9.570000e-08	0.000000e+00	0.000000e+00	0.000000e+00	
259	9.600000e-08	0.000000e+00	0.000000e+00	0.000000e+00	
260	9.608000e-08	0.000000e+00	0.000000e+00	0.000000e+00	
261	9.624000e-08	0.000000e+00	0.000000e+00	0.000000e+00	
262	9.656000e-08	0.000000e+00	0.000000e+00	0.000000e+00	
263	9.720000e-08	0.000000e+00	0.000000e+00	0.000000e+00	
264	9.848000e-08	0.000000e+00	0.000000e+00	0.000000e+00	
265	1.000000e-07	0.000000e+00	0.000000e+00	0.000000e+00	

                                kicad schematic
                                Transient Analysis  Sun Jul 05 13:03:51  2026
--------------------------------------------------------------------------------
Index   time            v3#branch       v4#branch       v5#branch       
--------------------------------------------------------------------------------
0	0.000000e+00	0.000000e+00	0.000000e+00	0.000000e+00	
1	1.000000e-11	0.000000e+00	0.000000e+00	0.000000e+00	
2	2.000000e-11	0.000000e+00	0.000000e+00	0.000000e+00	
3	4.000000e-11	0.000000e+00	0.000000e+00	0.000000e+00	
4	8.000000e-11	0.000000e+00	0.000000e+00	0.000000e+00	
5	1.600000e-10	0.000000e+00	0.000000e+00	0.000000e+00	
6	3.200000e-10	0.000000e+00	0.000000e+00	0.000000e+00	
7	6.400000e-10	0.000000e+00	0.000000e+00	0.000000e+00	
8	1.000000e-09	0.000000e+00	0.000000e+00	0.000000e+00	
9	1.064000e-09	0.000000e+00	0.000000e+00	0.000000e+00	
10	1.192000e-09	0.000000e+00	0.000000e+00	0.000000e+00	
11	1.448000e-09	0.000000e+00	0.000000e+00	0.000000e+00	
12	1.960000e-09	0.000000e+00	0.000000e+00	0.000000e+00	
13	2.984000e-09	0.000000e+00	0.000000e+00	0.000000e+00	
14	4.984000e-09	0.000000e+00	0.000000e+00	0.000000e+00	
15	5.000000e-09	0.000000e+00	0.000000e+00	0.000000e+00	
16	5.032000e-09	0.000000e+00	0.000000e+00	0.000000e+00	
17	5.096000e-09	0.000000e+00	0.000000e+00	0.000000e+00	
18	5.224000e-09	0.000000e+00	0.000000e+00	0.000000e+00	
19	5.480000e-09	0.000000e+00	0.000000e+00	0.000000e+00	
20	5.992000e-09	0.000000e+00	0.000000e+00	0.000000e+00	
21	6.000000e-09	0.000000e+00	0.000000e+00	0.000000e+00	
22	6.016000e-09	0.000000e+00	0.000000e+00	0.000000e+00	
23	6.048000e-09	0.000000e+00	0.000000e+00	0.000000e+00	
24	6.112000e-09	0.000000e+00	0.000000e+00	0.000000e+00	
25	6.240000e-09	0.000000e+00	0.000000e+00	0.000000e+00	
26	6.496000e-09	0.000000e+00	0.000000e+00	0.000000e+00	
27	7.008000e-09	0.000000e+00	0.000000e+00	0.000000e+00	
28	8.032000e-09	0.000000e+00	0.000000e+00	0.000000e+00	
29	1.000000e-08	0.000000e+00	0.000000e+00	0.000000e+00	
30	1.010000e-08	0.000000e+00	0.000000e+00	0.000000e+00	
31	1.030000e-08	0.000000e+00	0.000000e+00	0.000000e+00	
32	1.070000e-08	0.000000e+00	0.000000e+00	0.000000e+00	
33	1.100000e-08	0.000000e+00	0.000000e+00	0.000000e+00	
34	1.108000e-08	0.000000e+00	0.000000e+00	0.000000e+00	
35	1.124000e-08	0.000000e+00	0.000000e+00	0.000000e+00	
36	1.156000e-08	0.000000e+00	0.000000e+00	0.000000e+00	
37	1.220000e-08	0.000000e+00	0.000000e+00	0.000000e+00	
38	1.230000e-08	0.000000e+00	0.000000e+00	0.000000e+00	
39	1.240000e-08	0.000000e+00	0.000000e+00	0.000000e+00	
40	1.260000e-08	0.000000e+00	0.000000e+00	0.000000e+00	
41	1.300000e-08	0.000000e+00	0.000000e+00	0.000000e+00	
42	1.330000e-08	0.000000e+00	0.000000e+00	0.000000e+00	
43	1.338000e-08	0.000000e+00	0.000000e+00	0.000000e+00	
44	1.354000e-08	0.000000e+00	0.000000e+00	0.000000e+00	
45	1.386000e-08	0.000000e+00	0.000000e+00	0.000000e+00	
46	1.450000e-08	0.000000e+00	0.000000e+00	0.000000e+00	
47	1.500000e-08	0.000000e+00	0.000000e+00	0.000000e+00	
48	1.510000e-08	0.000000e+00	0.000000e+00	0.000000e+00	
49	1.530000e-08	0.000000e+00	0.000000e+00	0.000000e+00	
50	1.570000e-08	0.000000e+00	0.000000e+00	0.000000e+00	
51	1.600000e-08	0.000000e+00	0.000000e+00	0.000000e+00	
52	1.608000e-08	0.000000e+00	0.000000e+00	0.000000e+00	
53	1.624000e-08	0.000000e+00	0.000000e+00	0.000000e+00	
54	1.656000e-08	0.000000e+00	0.000000e+00	0.000000e+00	

Index   time            v3#branch       v4#branch       v5#branch       
--------------------------------------------------------------------------------
55	1.720000e-08	0.000000e+00	0.000000e+00	0.000000e+00	
56	1.848000e-08	0.000000e+00	0.000000e+00	0.000000e+00	
57	2.000000e-08	0.000000e+00	0.000000e+00	0.000000e+00	
58	2.010000e-08	0.000000e+00	0.000000e+00	0.000000e+00	
59	2.030000e-08	0.000000e+00	0.000000e+00	0.000000e+00	
60	2.070000e-08	0.000000e+00	0.000000e+00	0.000000e+00	
61	2.100000e-08	0.000000e+00	0.000000e+00	0.000000e+00	
62	2.108000e-08	0.000000e+00	0.000000e+00	0.000000e+00	
63	2.124000e-08	0.000000e+00	0.000000e+00	0.000000e+00	
64	2.156000e-08	0.000000e+00	0.000000e+00	0.000000e+00	
65	2.220000e-08	0.000000e+00	0.000000e+00	0.000000e+00	
66	2.230000e-08	0.000000e+00	0.000000e+00	0.000000e+00	
67	2.240000e-08	0.000000e+00	0.000000e+00	0.000000e+00	
68	2.260000e-08	0.000000e+00	0.000000e+00	0.000000e+00	
69	2.300000e-08	0.000000e+00	0.000000e+00	0.000000e+00	
70	2.330000e-08	0.000000e+00	0.000000e+00	0.000000e+00	
71	2.338000e-08	0.000000e+00	0.000000e+00	0.000000e+00	
72	2.354000e-08	0.000000e+00	0.000000e+00	0.000000e+00	
73	2.386000e-08	0.000000e+00	0.000000e+00	0.000000e+00	
74	2.450000e-08	0.000000e+00	0.000000e+00	0.000000e+00	
75	2.500000e-08	0.000000e+00	0.000000e+00	0.000000e+00	
76	2.510000e-08	0.000000e+00	0.000000e+00	0.000000e+00	
77	2.530000e-08	0.000000e+00	0.000000e+00	0.000000e+00	
78	2.570000e-08	0.000000e+00	0.000000e+00	0.000000e+00	
79	2.600000e-08	0.000000e+00	0.000000e+00	0.000000e+00	
80	2.608000e-08	0.000000e+00	0.000000e+00	0.000000e+00	
81	2.624000e-08	0.000000e+00	0.000000e+00	0.000000e+00	
82	2.656000e-08	0.000000e+00	0.000000e+00	0.000000e+00	
83	2.720000e-08	0.000000e+00	0.000000e+00	0.000000e+00	
84	2.848000e-08	0.000000e+00	0.000000e+00	0.000000e+00	
85	3.000000e-08	0.000000e+00	0.000000e+00	0.000000e+00	
86	3.010000e-08	0.000000e+00	0.000000e+00	0.000000e+00	
87	3.030000e-08	0.000000e+00	0.000000e+00	0.000000e+00	
88	3.070000e-08	0.000000e+00	0.000000e+00	0.000000e+00	
89	3.100000e-08	0.000000e+00	0.000000e+00	0.000000e+00	
90	3.108000e-08	0.000000e+00	0.000000e+00	0.000000e+00	
91	3.124000e-08	0.000000e+00	0.000000e+00	0.000000e+00	
92	3.156000e-08	0.000000e+00	0.000000e+00	0.000000e+00	
93	3.220000e-08	0.000000e+00	0.000000e+00	0.000000e+00	
94	3.348000e-08	0.000000e+00	0.000000e+00	0.000000e+00	
95	3.500000e-08	0.000000e+00	0.000000e+00	0.000000e+00	
96	3.510000e-08	0.000000e+00	0.000000e+00	0.000000e+00	
97	3.530000e-08	0.000000e+00	0.000000e+00	0.000000e+00	
98	3.570000e-08	0.000000e+00	0.000000e+00	0.000000e+00	
99	3.600000e-08	0.000000e+00	0.000000e+00	0.000000e+00	
100	3.608000e-08	0.000000e+00	0.000000e+00	0.000000e+00	
101	3.624000e-08	0.000000e+00	0.000000e+00	0.000000e+00	
102	3.656000e-08	0.000000e+00	0.000000e+00	0.000000e+00	
103	3.720000e-08	0.000000e+00	0.000000e+00	0.000000e+00	
104	3.848000e-08	0.000000e+00	0.000000e+00	0.000000e+00	
105	4.000000e-08	0.000000e+00	0.000000e+00	0.000000e+00	
106	4.010000e-08	0.000000e+00	0.000000e+00	0.000000e+00	
107	4.030000e-08	0.000000e+00	0.000000e+00	0.000000e+00	
108	4.070000e-08	0.000000e+00	0.000000e+00	0.000000e+00	
109	4.100000e-08	0.000000e+00	0.000000e+00	0.000000e+00	
110	4.108000e-08	0.000000e+00	0.000000e+00	0.000000e+00	
111	4.124000e-08	0.000000e+00	0.000000e+00	0.000000e+00	
112	4.156000e-08	0.000000e+00	0.000000e+00	0.000000e+00	

Index   time            v3#branch       v4#branch       v5#branch       
--------------------------------------------------------------------------------
113	4.220000e-08	0.000000e+00	0.000000e+00	0.000000e+00	
114	4.230000e-08	0.000000e+00	0.000000e+00	0.000000e+00	
115	4.240000e-08	0.000000e+00	0.000000e+00	0.000000e+00	
116	4.260000e-08	0.000000e+00	0.000000e+00	0.000000e+00	
117	4.300000e-08	0.000000e+00	0.000000e+00	0.000000e+00	
118	4.330000e-08	0.000000e+00	0.000000e+00	0.000000e+00	
119	4.338000e-08	0.000000e+00	0.000000e+00	0.000000e+00	
120	4.354000e-08	0.000000e+00	0.000000e+00	0.000000e+00	
121	4.386000e-08	0.000000e+00	0.000000e+00	0.000000e+00	
122	4.450000e-08	0.000000e+00	0.000000e+00	0.000000e+00	
123	4.500000e-08	0.000000e+00	0.000000e+00	0.000000e+00	
124	4.510000e-08	0.000000e+00	0.000000e+00	0.000000e+00	
125	4.530000e-08	0.000000e+00	0.000000e+00	0.000000e+00	
126	4.570000e-08	0.000000e+00	0.000000e+00	0.000000e+00	
127	4.600000e-08	0.000000e+00	0.000000e+00	0.000000e+00	
128	4.608000e-08	0.000000e+00	0.000000e+00	0.000000e+00	
129	4.624000e-08	0.000000e+00	0.000000e+00	0.000000e+00	
130	4.656000e-08	0.000000e+00	0.000000e+00	0.000000e+00	
131	4.720000e-08	0.000000e+00	0.000000e+00	0.000000e+00	
132	4.848000e-08	0.000000e+00	0.000000e+00	0.000000e+00	
133	5.000000e-08	0.000000e+00	0.000000e+00	0.000000e+00	
134	5.010000e-08	0.000000e+00	0.000000e+00	0.000000e+00	
135	5.030000e-08	0.000000e+00	0.000000e+00	0.000000e+00	
136	5.070000e-08	0.000000e+00	0.000000e+00	0.000000e+00	
137	5.100000e-08	0.000000e+00	0.000000e+00	0.000000e+00	
138	5.108000e-08	0.000000e+00	0.000000e+00	0.000000e+00	
139	5.124000e-08	0.000000e+00	0.000000e+00	0.000000e+00	
140	5.156000e-08	0.000000e+00	0.000000e+00	0.000000e+00	
141	5.220000e-08	0.000000e+00	0.000000e+00	0.000000e+00	
142	5.230000e-08	0.000000e+00	0.000000e+00	0.000000e+00	
143	5.240000e-08	0.000000e+00	0.000000e+00	0.000000e+00	
144	5.260000e-08	0.000000e+00	0.000000e+00	0.000000e+00	
145	5.300000e-08	0.000000e+00	0.000000e+00	0.000000e+00	
146	5.330000e-08	0.000000e+00	0.000000e+00	0.000000e+00	
147	5.338000e-08	0.000000e+00	0.000000e+00	0.000000e+00	
148	5.354000e-08	0.000000e+00	0.000000e+00	0.000000e+00	
149	5.386000e-08	0.000000e+00	0.000000e+00	0.000000e+00	
150	5.450000e-08	0.000000e+00	0.000000e+00	0.000000e+00	
151	5.500000e-08	0.000000e+00	0.000000e+00	0.000000e+00	
152	5.510000e-08	0.000000e+00	0.000000e+00	0.000000e+00	
153	5.530000e-08	0.000000e+00	0.000000e+00	0.000000e+00	
154	5.570000e-08	0.000000e+00	0.000000e+00	0.000000e+00	
155	5.600000e-08	0.000000e+00	0.000000e+00	0.000000e+00	
156	5.608000e-08	0.000000e+00	0.000000e+00	0.000000e+00	
157	5.624000e-08	0.000000e+00	0.000000e+00	0.000000e+00	
158	5.656000e-08	0.000000e+00	0.000000e+00	0.000000e+00	
159	5.720000e-08	0.000000e+00	0.000000e+00	0.000000e+00	
160	5.848000e-08	0.000000e+00	0.000000e+00	0.000000e+00	
161	6.000000e-08	0.000000e+00	0.000000e+00	0.000000e+00	
162	6.010000e-08	0.000000e+00	0.000000e+00	0.000000e+00	
163	6.030000e-08	0.000000e+00	0.000000e+00	0.000000e+00	
164	6.070000e-08	0.000000e+00	0.000000e+00	0.000000e+00	
165	6.100000e-08	0.000000e+00	0.000000e+00	0.000000e+00	
166	6.108000e-08	0.000000e+00	0.000000e+00	0.000000e+00	
167	6.124000e-08	0.000000e+00	0.000000e+00	0.000000e+00	
168	6.156000e-08	0.000000e+00	0.000000e+00	0.000000e+00	
169	6.220000e-08	0.000000e+00	0.000000e+00	0.000000e+00	
170	6.230000e-08	0.000000e+00	0.000000e+00	0.000000e+00	

Index   time            v3#branch       v4#branch       v5#branch       
--------------------------------------------------------------------------------
171	6.240000e-08	0.000000e+00	0.000000e+00	0.000000e+00	
172	6.260000e-08	0.000000e+00	0.000000e+00	0.000000e+00	
173	6.300000e-08	0.000000e+00	0.000000e+00	0.000000e+00	
174	6.330000e-08	0.000000e+00	0.000000e+00	0.000000e+00	
175	6.338000e-08	0.000000e+00	0.000000e+00	0.000000e+00	
176	6.354000e-08	0.000000e+00	0.000000e+00	0.000000e+00	
177	6.386000e-08	0.000000e+00	0.000000e+00	0.000000e+00	
178	6.450000e-08	0.000000e+00	0.000000e+00	0.000000e+00	
179	6.500000e-08	0.000000e+00	0.000000e+00	0.000000e+00	
180	6.510000e-08	0.000000e+00	0.000000e+00	0.000000e+00	
181	6.530000e-08	0.000000e+00	0.000000e+00	0.000000e+00	
182	6.570000e-08	0.000000e+00	0.000000e+00	0.000000e+00	
183	6.600000e-08	0.000000e+00	0.000000e+00	0.000000e+00	
184	6.608000e-08	0.000000e+00	0.000000e+00	0.000000e+00	
185	6.624000e-08	0.000000e+00	0.000000e+00	0.000000e+00	
186	6.656000e-08	0.000000e+00	0.000000e+00	0.000000e+00	
187	6.720000e-08	0.000000e+00	0.000000e+00	0.000000e+00	
188	6.848000e-08	0.000000e+00	0.000000e+00	0.000000e+00	
189	7.000000e-08	0.000000e+00	0.000000e+00	0.000000e+00	
190	7.010000e-08	0.000000e+00	0.000000e+00	0.000000e+00	
191	7.030000e-08	0.000000e+00	0.000000e+00	0.000000e+00	
192	7.070000e-08	0.000000e+00	0.000000e+00	0.000000e+00	
193	7.100000e-08	0.000000e+00	0.000000e+00	0.000000e+00	
194	7.108000e-08	0.000000e+00	0.000000e+00	0.000000e+00	
195	7.124000e-08	0.000000e+00	0.000000e+00	0.000000e+00	
196	7.156000e-08	0.000000e+00	0.000000e+00	0.000000e+00	
197	7.220000e-08	0.000000e+00	0.000000e+00	0.000000e+00	
198	7.348000e-08	0.000000e+00	0.000000e+00	0.000000e+00	
199	7.500000e-08	0.000000e+00	0.000000e+00	0.000000e+00	
200	7.510000e-08	0.000000e+00	0.000000e+00	0.000000e+00	
201	7.530000e-08	0.000000e+00	0.000000e+00	0.000000e+00	
202	7.570000e-08	0.000000e+00	0.000000e+00	0.000000e+00	
203	7.600000e-08	0.000000e+00	0.000000e+00	0.000000e+00	
204	7.608000e-08	0.000000e+00	0.000000e+00	0.000000e+00	
205	7.624000e-08	0.000000e+00	0.000000e+00	0.000000e+00	
206	7.656000e-08	0.000000e+00	0.000000e+00	0.000000e+00	
207	7.720000e-08	0.000000e+00	0.000000e+00	0.000000e+00	
208	7.848000e-08	0.000000e+00	0.000000e+00	0.000000e+00	
209	8.000000e-08	0.000000e+00	0.000000e+00	0.000000e+00	
210	8.010000e-08	0.000000e+00	0.000000e+00	0.000000e+00	
211	8.030000e-08	0.000000e+00	0.000000e+00	0.000000e+00	
212	8.070000e-08	0.000000e+00	0.000000e+00	0.000000e+00	
213	8.100000e-08	0.000000e+00	0.000000e+00	0.000000e+00	
214	8.108000e-08	0.000000e+00	0.000000e+00	0.000000e+00	
215	8.124000e-08	0.000000e+00	0.000000e+00	0.000000e+00	
216	8.156000e-08	0.000000e+00	0.000000e+00	0.000000e+00	
217	8.220000e-08	0.000000e+00	0.000000e+00	0.000000e+00	
218	8.230000e-08	0.000000e+00	0.000000e+00	0.000000e+00	
219	8.240000e-08	0.000000e+00	0.000000e+00	0.000000e+00	
220	8.260000e-08	0.000000e+00	0.000000e+00	0.000000e+00	
221	8.300000e-08	0.000000e+00	0.000000e+00	0.000000e+00	
222	8.330000e-08	0.000000e+00	0.000000e+00	0.000000e+00	
223	8.338000e-08	0.000000e+00	0.000000e+00	0.000000e+00	
224	8.354000e-08	0.000000e+00	0.000000e+00	0.000000e+00	
225	8.386000e-08	0.000000e+00	0.000000e+00	0.000000e+00	
226	8.450000e-08	0.000000e+00	0.000000e+00	0.000000e+00	
227	8.500000e-08	0.000000e+00	0.000000e+00	0.000000e+00	
228	8.510000e-08	0.000000e+00	0.000000e+00	0.000000e+00	

Index   time            v3#branch       v4#branch       v5#branch       
--------------------------------------------------------------------------------
229	8.530000e-08	0.000000e+00	0.000000e+00	0.000000e+00	
230	8.570000e-08	0.000000e+00	0.000000e+00	0.000000e+00	
231	8.600000e-08	0.000000e+00	0.000000e+00	0.000000e+00	
232	8.608000e-08	0.000000e+00	0.000000e+00	0.000000e+00	
233	8.624000e-08	0.000000e+00	0.000000e+00	0.000000e+00	
234	8.656000e-08	0.000000e+00	0.000000e+00	0.000000e+00	
235	8.720000e-08	0.000000e+00	0.000000e+00	0.000000e+00	
236	8.848000e-08	0.000000e+00	0.000000e+00	0.000000e+00	
237	9.000000e-08	0.000000e+00	0.000000e+00	0.000000e+00	
238	9.010000e-08	0.000000e+00	0.000000e+00	0.000000e+00	
239	9.030000e-08	0.000000e+00	0.000000e+00	0.000000e+00	
240	9.070000e-08	0.000000e+00	0.000000e+00	0.000000e+00	
241	9.100000e-08	0.000000e+00	0.000000e+00	0.000000e+00	
242	9.108000e-08	0.000000e+00	0.000000e+00	0.000000e+00	
243	9.124000e-08	0.000000e+00	0.000000e+00	0.000000e+00	
244	9.156000e-08	0.000000e+00	0.000000e+00	0.000000e+00	
245	9.220000e-08	0.000000e+00	0.000000e+00	0.000000e+00	
246	9.230000e-08	0.000000e+00	0.000000e+00	0.000000e+00	
247	9.240000e-08	0.000000e+00	0.000000e+00	0.000000e+00	
248	9.260000e-08	0.000000e+00	0.000000e+00	0.000000e+00	
249	9.300000e-08	0.000000e+00	0.000000e+00	0.000000e+00	
250	9.330000e-08	0.000000e+00	0.000000e+00	0.000000e+00	
251	9.338000e-08	0.000000e+00	0.000000e+00	0.000000e+00	
252	9.354000e-08	0.000000e+00	0.000000e+00	0.000000e+00	
253	9.386000e-08	0.000000e+00	0.000000e+00	0.000000e+00	
254	9.450000e-08	0.000000e+00	0.000000e+00	0.000000e+00	
255	9.500000e-08	0.000000e+00	0.000000e+00	0.000000e+00	
256	9.510000e-08	0.000000e+00	0.000000e+00	0.000000e+00	
257	9.530000e-08	0.000000e+00	0.000000e+00	0.000000e+00	
258	9.570000e-08	0.000000e+00	0.000000e+00	0.000000e+00	
259	9.600000e-08	0.000000e+00	0.000000e+00	0.000000e+00	
260	9.608000e-08	0.000000e+00	0.000000e+00	0.000000e+00	
261	9.624000e-08	0.000000e+00	0.000000e+00	0.000000e+00	
262	9.656000e-08	0.000000e+00	0.000000e+00	0.000000e+00	
263	9.720000e-08	0.000000e+00	0.000000e+00	0.000000e+00	
264	9.848000e-08	0.000000e+00	0.000000e+00	0.000000e+00	
265	1.000000e-07	0.000000e+00	0.000000e+00	0.000000e+00	

                                kicad schematic
                                Transient Analysis  Sun Jul 05 13:03:51  2026
--------------------------------------------------------------------------------
Index   time            v6#branch       v7#branch       v8#branch       
--------------------------------------------------------------------------------
0	0.000000e+00	0.000000e+00	0.000000e+00	0.000000e+00	
1	1.000000e-11	0.000000e+00	0.000000e+00	0.000000e+00	
2	2.000000e-11	0.000000e+00	0.000000e+00	0.000000e+00	
3	4.000000e-11	0.000000e+00	0.000000e+00	0.000000e+00	
4	8.000000e-11	0.000000e+00	0.000000e+00	0.000000e+00	
5	1.600000e-10	0.000000e+00	0.000000e+00	0.000000e+00	
6	3.200000e-10	0.000000e+00	0.000000e+00	0.000000e+00	
7	6.400000e-10	0.000000e+00	0.000000e+00	0.000000e+00	
8	1.000000e-09	0.000000e+00	0.000000e+00	0.000000e+00	
9	1.064000e-09	0.000000e+00	0.000000e+00	0.000000e+00	
10	1.192000e-09	0.000000e+00	0.000000e+00	0.000000e+00	
11	1.448000e-09	0.000000e+00	0.000000e+00	0.000000e+00	
12	1.960000e-09	0.000000e+00	0.000000e+00	0.000000e+00	
13	2.984000e-09	0.000000e+00	0.000000e+00	0.000000e+00	
14	4.984000e-09	0.000000e+00	0.000000e+00	0.000000e+00	
15	5.000000e-09	0.000000e+00	0.000000e+00	0.000000e+00	
16	5.032000e-09	0.000000e+00	0.000000e+00	0.000000e+00	
17	5.096000e-09	0.000000e+00	0.000000e+00	0.000000e+00	
18	5.224000e-09	0.000000e+00	0.000000e+00	0.000000e+00	
19	5.480000e-09	0.000000e+00	0.000000e+00	0.000000e+00	
20	5.992000e-09	0.000000e+00	0.000000e+00	0.000000e+00	
21	6.000000e-09	0.000000e+00	0.000000e+00	0.000000e+00	
22	6.016000e-09	0.000000e+00	0.000000e+00	0.000000e+00	
23	6.048000e-09	0.000000e+00	0.000000e+00	0.000000e+00	
24	6.112000e-09	0.000000e+00	0.000000e+00	0.000000e+00	
25	6.240000e-09	0.000000e+00	0.000000e+00	0.000000e+00	
26	6.496000e-09	0.000000e+00	0.000000e+00	0.000000e+00	
27	7.008000e-09	0.000000e+00	0.000000e+00	0.000000e+00	
28	8.032000e-09	0.000000e+00	0.000000e+00	0.000000e+00	
29	1.000000e-08	0.000000e+00	0.000000e+00	0.000000e+00	
30	1.010000e-08	0.000000e+00	0.000000e+00	0.000000e+00	
31	1.030000e-08	0.000000e+00	0.000000e+00	0.000000e+00	
32	1.070000e-08	0.000000e+00	0.000000e+00	0.000000e+00	
33	1.100000e-08	0.000000e+00	0.000000e+00	0.000000e+00	
34	1.108000e-08	0.000000e+00	0.000000e+00	0.000000e+00	
35	1.124000e-08	0.000000e+00	0.000000e+00	0.000000e+00	
36	1.156000e-08	0.000000e+00	0.000000e+00	0.000000e+00	
37	1.220000e-08	0.000000e+00	0.000000e+00	0.000000e+00	
38	1.230000e-08	0.000000e+00	0.000000e+00	0.000000e+00	
39	1.240000e-08	0.000000e+00	0.000000e+00	0.000000e+00	
40	1.260000e-08	0.000000e+00	0.000000e+00	0.000000e+00	
41	1.300000e-08	0.000000e+00	0.000000e+00	0.000000e+00	
42	1.330000e-08	0.000000e+00	0.000000e+00	0.000000e+00	
43	1.338000e-08	0.000000e+00	0.000000e+00	0.000000e+00	
44	1.354000e-08	0.000000e+00	0.000000e+00	0.000000e+00	
45	1.386000e-08	0.000000e+00	0.000000e+00	0.000000e+00	
46	1.450000e-08	0.000000e+00	0.000000e+00	0.000000e+00	
47	1.500000e-08	0.000000e+00	0.000000e+00	0.000000e+00	
48	1.510000e-08	0.000000e+00	0.000000e+00	0.000000e+00	
49	1.530000e-08	0.000000e+00	0.000000e+00	0.000000e+00	
50	1.570000e-08	0.000000e+00	0.000000e+00	0.000000e+00	
51	1.600000e-08	0.000000e+00	0.000000e+00	0.000000e+00	
52	1.608000e-08	0.000000e+00	0.000000e+00	0.000000e+00	
53	1.624000e-08	0.000000e+00	0.000000e+00	0.000000e+00	
54	1.656000e-08	0.000000e+00	0.000000e+00	0.000000e+00	

Index   time            v6#branch       v7#branch       v8#branch       
--------------------------------------------------------------------------------
55	1.720000e-08	0.000000e+00	0.000000e+00	0.000000e+00	
56	1.848000e-08	0.000000e+00	0.000000e+00	0.000000e+00	
57	2.000000e-08	0.000000e+00	0.000000e+00	0.000000e+00	
58	2.010000e-08	0.000000e+00	0.000000e+00	0.000000e+00	
59	2.030000e-08	0.000000e+00	0.000000e+00	0.000000e+00	
60	2.070000e-08	0.000000e+00	0.000000e+00	0.000000e+00	
61	2.100000e-08	0.000000e+00	0.000000e+00	0.000000e+00	
62	2.108000e-08	0.000000e+00	0.000000e+00	0.000000e+00	
63	2.124000e-08	0.000000e+00	0.000000e+00	0.000000e+00	
64	2.156000e-08	0.000000e+00	0.000000e+00	0.000000e+00	
65	2.220000e-08	0.000000e+00	0.000000e+00	0.000000e+00	
66	2.230000e-08	0.000000e+00	0.000000e+00	0.000000e+00	
67	2.240000e-08	0.000000e+00	0.000000e+00	0.000000e+00	
68	2.260000e-08	0.000000e+00	0.000000e+00	0.000000e+00	
69	2.300000e-08	0.000000e+00	0.000000e+00	0.000000e+00	
70	2.330000e-08	0.000000e+00	0.000000e+00	0.000000e+00	
71	2.338000e-08	0.000000e+00	0.000000e+00	0.000000e+00	
72	2.354000e-08	0.000000e+00	0.000000e+00	0.000000e+00	
73	2.386000e-08	0.000000e+00	0.000000e+00	0.000000e+00	
74	2.450000e-08	0.000000e+00	0.000000e+00	0.000000e+00	
75	2.500000e-08	0.000000e+00	0.000000e+00	0.000000e+00	
76	2.510000e-08	0.000000e+00	0.000000e+00	0.000000e+00	
77	2.530000e-08	0.000000e+00	0.000000e+00	0.000000e+00	
78	2.570000e-08	0.000000e+00	0.000000e+00	0.000000e+00	
79	2.600000e-08	0.000000e+00	0.000000e+00	0.000000e+00	
80	2.608000e-08	0.000000e+00	0.000000e+00	0.000000e+00	
81	2.624000e-08	0.000000e+00	0.000000e+00	0.000000e+00	
82	2.656000e-08	0.000000e+00	0.000000e+00	0.000000e+00	
83	2.720000e-08	0.000000e+00	0.000000e+00	0.000000e+00	
84	2.848000e-08	0.000000e+00	0.000000e+00	0.000000e+00	
85	3.000000e-08	0.000000e+00	0.000000e+00	0.000000e+00	
86	3.010000e-08	0.000000e+00	0.000000e+00	0.000000e+00	
87	3.030000e-08	0.000000e+00	0.000000e+00	0.000000e+00	
88	3.070000e-08	0.000000e+00	0.000000e+00	0.000000e+00	
89	3.100000e-08	0.000000e+00	0.000000e+00	0.000000e+00	
90	3.108000e-08	0.000000e+00	0.000000e+00	0.000000e+00	
91	3.124000e-08	0.000000e+00	0.000000e+00	0.000000e+00	
92	3.156000e-08	0.000000e+00	0.000000e+00	0.000000e+00	
93	3.220000e-08	0.000000e+00	0.000000e+00	0.000000e+00	
94	3.348000e-08	0.000000e+00	0.000000e+00	0.000000e+00	
95	3.500000e-08	0.000000e+00	0.000000e+00	0.000000e+00	
96	3.510000e-08	0.000000e+00	0.000000e+00	0.000000e+00	
97	3.530000e-08	0.000000e+00	0.000000e+00	0.000000e+00	
98	3.570000e-08	0.000000e+00	0.000000e+00	0.000000e+00	
99	3.600000e-08	0.000000e+00	0.000000e+00	0.000000e+00	
100	3.608000e-08	0.000000e+00	0.000000e+00	0.000000e+00	
101	3.624000e-08	0.000000e+00	0.000000e+00	0.000000e+00	
102	3.656000e-08	0.000000e+00	0.000000e+00	0.000000e+00	
103	3.720000e-08	0.000000e+00	0.000000e+00	0.000000e+00	
104	3.848000e-08	0.000000e+00	0.000000e+00	0.000000e+00	
105	4.000000e-08	0.000000e+00	0.000000e+00	0.000000e+00	
106	4.010000e-08	0.000000e+00	0.000000e+00	0.000000e+00	
107	4.030000e-08	0.000000e+00	0.000000e+00	0.000000e+00	
108	4.070000e-08	0.000000e+00	0.000000e+00	0.000000e+00	
109	4.100000e-08	0.000000e+00	0.000000e+00	0.000000e+00	
110	4.108000e-08	0.000000e+00	0.000000e+00	0.000000e+00	
111	4.124000e-08	0.000000e+00	0.000000e+00	0.000000e+00	
112	4.156000e-08	0.000000e+00	0.000000e+00	0.000000e+00	

Index   time            v6#branch       v7#branch       v8#branch       
--------------------------------------------------------------------------------
113	4.220000e-08	0.000000e+00	0.000000e+00	0.000000e+00	
114	4.230000e-08	0.000000e+00	0.000000e+00	0.000000e+00	
115	4.240000e-08	0.000000e+00	0.000000e+00	0.000000e+00	
116	4.260000e-08	0.000000e+00	0.000000e+00	0.000000e+00	
117	4.300000e-08	0.000000e+00	0.000000e+00	0.000000e+00	
118	4.330000e-08	0.000000e+00	0.000000e+00	0.000000e+00	
119	4.338000e-08	0.000000e+00	0.000000e+00	0.000000e+00	
120	4.354000e-08	0.000000e+00	0.000000e+00	0.000000e+00	
121	4.386000e-08	0.000000e+00	0.000000e+00	0.000000e+00	
122	4.450000e-08	0.000000e+00	0.000000e+00	0.000000e+00	
123	4.500000e-08	0.000000e+00	0.000000e+00	0.000000e+00	
124	4.510000e-08	0.000000e+00	0.000000e+00	0.000000e+00	
125	4.530000e-08	0.000000e+00	0.000000e+00	0.000000e+00	
126	4.570000e-08	0.000000e+00	0.000000e+00	0.000000e+00	
127	4.600000e-08	0.000000e+00	0.000000e+00	0.000000e+00	
128	4.608000e-08	0.000000e+00	0.000000e+00	0.000000e+00	
129	4.624000e-08	0.000000e+00	0.000000e+00	0.000000e+00	
130	4.656000e-08	0.000000e+00	0.000000e+00	0.000000e+00	
131	4.720000e-08	0.000000e+00	0.000000e+00	0.000000e+00	
132	4.848000e-08	0.000000e+00	0.000000e+00	0.000000e+00	
133	5.000000e-08	0.000000e+00	0.000000e+00	0.000000e+00	
134	5.010000e-08	0.000000e+00	0.000000e+00	0.000000e+00	
135	5.030000e-08	0.000000e+00	0.000000e+00	0.000000e+00	
136	5.070000e-08	0.000000e+00	0.000000e+00	0.000000e+00	
137	5.100000e-08	0.000000e+00	0.000000e+00	0.000000e+00	
138	5.108000e-08	0.000000e+00	0.000000e+00	0.000000e+00	
139	5.124000e-08	0.000000e+00	0.000000e+00	0.000000e+00	
140	5.156000e-08	0.000000e+00	0.000000e+00	0.000000e+00	
141	5.220000e-08	0.000000e+00	0.000000e+00	0.000000e+00	
142	5.230000e-08	0.000000e+00	0.000000e+00	0.000000e+00	
143	5.240000e-08	0.000000e+00	0.000000e+00	0.000000e+00	
144	5.260000e-08	0.000000e+00	0.000000e+00	0.000000e+00	
145	5.300000e-08	0.000000e+00	0.000000e+00	0.000000e+00	
146	5.330000e-08	0.000000e+00	0.000000e+00	0.000000e+00	
147	5.338000e-08	0.000000e+00	0.000000e+00	0.000000e+00	
148	5.354000e-08	0.000000e+00	0.000000e+00	0.000000e+00	
149	5.386000e-08	0.000000e+00	0.000000e+00	0.000000e+00	
150	5.450000e-08	0.000000e+00	0.000000e+00	0.000000e+00	
151	5.500000e-08	0.000000e+00	0.000000e+00	0.000000e+00	
152	5.510000e-08	0.000000e+00	0.000000e+00	0.000000e+00	
153	5.530000e-08	0.000000e+00	0.000000e+00	0.000000e+00	
154	5.570000e-08	0.000000e+00	0.000000e+00	0.000000e+00	
155	5.600000e-08	0.000000e+00	0.000000e+00	0.000000e+00	
156	5.608000e-08	0.000000e+00	0.000000e+00	0.000000e+00	
157	5.624000e-08	0.000000e+00	0.000000e+00	0.000000e+00	
158	5.656000e-08	0.000000e+00	0.000000e+00	0.000000e+00	
159	5.720000e-08	0.000000e+00	0.000000e+00	0.000000e+00	
160	5.848000e-08	0.000000e+00	0.000000e+00	0.000000e+00	
161	6.000000e-08	0.000000e+00	0.000000e+00	0.000000e+00	
162	6.010000e-08	0.000000e+00	0.000000e+00	0.000000e+00	
163	6.030000e-08	0.000000e+00	0.000000e+00	0.000000e+00	
164	6.070000e-08	0.000000e+00	0.000000e+00	0.000000e+00	
165	6.100000e-08	0.000000e+00	0.000000e+00	0.000000e+00	
166	6.108000e-08	0.000000e+00	0.000000e+00	0.000000e+00	
167	6.124000e-08	0.000000e+00	0.000000e+00	0.000000e+00	
168	6.156000e-08	0.000000e+00	0.000000e+00	0.000000e+00	
169	6.220000e-08	0.000000e+00	0.000000e+00	0.000000e+00	
170	6.230000e-08	0.000000e+00	0.000000e+00	0.000000e+00	

Index   time            v6#branch       v7#branch       v8#branch       
--------------------------------------------------------------------------------
171	6.240000e-08	0.000000e+00	0.000000e+00	0.000000e+00	
172	6.260000e-08	0.000000e+00	0.000000e+00	0.000000e+00	
173	6.300000e-08	0.000000e+00	0.000000e+00	0.000000e+00	
174	6.330000e-08	0.000000e+00	0.000000e+00	0.000000e+00	
175	6.338000e-08	0.000000e+00	0.000000e+00	0.000000e+00	
176	6.354000e-08	0.000000e+00	0.000000e+00	0.000000e+00	
177	6.386000e-08	0.000000e+00	0.000000e+00	0.000000e+00	
178	6.450000e-08	0.000000e+00	0.000000e+00	0.000000e+00	
179	6.500000e-08	0.000000e+00	0.000000e+00	0.000000e+00	
180	6.510000e-08	0.000000e+00	0.000000e+00	0.000000e+00	
181	6.530000e-08	0.000000e+00	0.000000e+00	0.000000e+00	
182	6.570000e-08	0.000000e+00	0.000000e+00	0.000000e+00	
183	6.600000e-08	0.000000e+00	0.000000e+00	0.000000e+00	
184	6.608000e-08	0.000000e+00	0.000000e+00	0.000000e+00	
185	6.624000e-08	0.000000e+00	0.000000e+00	0.000000e+00	
186	6.656000e-08	0.000000e+00	0.000000e+00	0.000000e+00	
187	6.720000e-08	0.000000e+00	0.000000e+00	0.000000e+00	
188	6.848000e-08	0.000000e+00	0.000000e+00	0.000000e+00	
189	7.000000e-08	0.000000e+00	0.000000e+00	0.000000e+00	
190	7.010000e-08	0.000000e+00	0.000000e+00	0.000000e+00	
191	7.030000e-08	0.000000e+00	0.000000e+00	0.000000e+00	
192	7.070000e-08	0.000000e+00	0.000000e+00	0.000000e+00	
193	7.100000e-08	0.000000e+00	0.000000e+00	0.000000e+00	
194	7.108000e-08	0.000000e+00	0.000000e+00	0.000000e+00	
195	7.124000e-08	0.000000e+00	0.000000e+00	0.000000e+00	
196	7.156000e-08	0.000000e+00	0.000000e+00	0.000000e+00	
197	7.220000e-08	0.000000e+00	0.000000e+00	0.000000e+00	
198	7.348000e-08	0.000000e+00	0.000000e+00	0.000000e+00	
199	7.500000e-08	0.000000e+00	0.000000e+00	0.000000e+00	
200	7.510000e-08	0.000000e+00	0.000000e+00	0.000000e+00	
201	7.530000e-08	0.000000e+00	0.000000e+00	0.000000e+00	
202	7.570000e-08	0.000000e+00	0.000000e+00	0.000000e+00	
203	7.600000e-08	0.000000e+00	0.000000e+00	0.000000e+00	
204	7.608000e-08	0.000000e+00	0.000000e+00	0.000000e+00	
205	7.624000e-08	0.000000e+00	0.000000e+00	0.000000e+00	
206	7.656000e-08	0.000000e+00	0.000000e+00	0.000000e+00	
207	7.720000e-08	0.000000e+00	0.000000e+00	0.000000e+00	
208	7.848000e-08	0.000000e+00	0.000000e+00	0.000000e+00	
209	8.000000e-08	0.000000e+00	0.000000e+00	0.000000e+00	
210	8.010000e-08	0.000000e+00	0.000000e+00	0.000000e+00	
211	8.030000e-08	0.000000e+00	0.000000e+00	0.000000e+00	
212	8.070000e-08	0.000000e+00	0.000000e+00	0.000000e+00	
213	8.100000e-08	0.000000e+00	0.000000e+00	0.000000e+00	
214	8.108000e-08	0.000000e+00	0.000000e+00	0.000000e+00	
215	8.124000e-08	0.000000e+00	0.000000e+00	0.000000e+00	
216	8.156000e-08	0.000000e+00	0.000000e+00	0.000000e+00	
217	8.220000e-08	0.000000e+00	0.000000e+00	0.000000e+00	
218	8.230000e-08	0.000000e+00	0.000000e+00	0.000000e+00	
219	8.240000e-08	0.000000e+00	0.000000e+00	0.000000e+00	
220	8.260000e-08	0.000000e+00	0.000000e+00	0.000000e+00	
221	8.300000e-08	0.000000e+00	0.000000e+00	0.000000e+00	
222	8.330000e-08	0.000000e+00	0.000000e+00	0.000000e+00	
223	8.338000e-08	0.000000e+00	0.000000e+00	0.000000e+00	
224	8.354000e-08	0.000000e+00	0.000000e+00	0.000000e+00	
225	8.386000e-08	0.000000e+00	0.000000e+00	0.000000e+00	
226	8.450000e-08	0.000000e+00	0.000000e+00	0.000000e+00	
227	8.500000e-08	0.000000e+00	0.000000e+00	0.000000e+00	
228	8.510000e-08	0.000000e+00	0.000000e+00	0.000000e+00	

Index   time            v6#branch       v7#branch       v8#branch       
--------------------------------------------------------------------------------
229	8.530000e-08	0.000000e+00	0.000000e+00	0.000000e+00	
230	8.570000e-08	0.000000e+00	0.000000e+00	0.000000e+00	
231	8.600000e-08	0.000000e+00	0.000000e+00	0.000000e+00	
232	8.608000e-08	0.000000e+00	0.000000e+00	0.000000e+00	
233	8.624000e-08	0.000000e+00	0.000000e+00	0.000000e+00	
234	8.656000e-08	0.000000e+00	0.000000e+00	0.000000e+00	
235	8.720000e-08	0.000000e+00	0.000000e+00	0.000000e+00	
236	8.848000e-08	0.000000e+00	0.000000e+00	0.000000e+00	
237	9.000000e-08	0.000000e+00	0.000000e+00	0.000000e+00	
238	9.010000e-08	0.000000e+00	0.000000e+00	0.000000e+00	
239	9.030000e-08	0.000000e+00	0.000000e+00	0.000000e+00	
240	9.070000e-08	0.000000e+00	0.000000e+00	0.000000e+00	
241	9.100000e-08	0.000000e+00	0.000000e+00	0.000000e+00	
242	9.108000e-08	0.000000e+00	0.000000e+00	0.000000e+00	
243	9.124000e-08	0.000000e+00	0.000000e+00	0.000000e+00	
244	9.156000e-08	0.000000e+00	0.000000e+00	0.000000e+00	
245	9.220000e-08	0.000000e+00	0.000000e+00	0.000000e+00	
246	9.230000e-08	0.000000e+00	0.000000e+00	0.000000e+00	
247	9.240000e-08	0.000000e+00	0.000000e+00	0.000000e+00	
248	9.260000e-08	0.000000e+00	0.000000e+00	0.000000e+00	
249	9.300000e-08	0.000000e+00	0.000000e+00	0.000000e+00	
250	9.330000e-08	0.000000e+00	0.000000e+00	0.000000e+00	
251	9.338000e-08	0.000000e+00	0.000000e+00	0.000000e+00	
252	9.354000e-08	0.000000e+00	0.000000e+00	0.000000e+00	
253	9.386000e-08	0.000000e+00	0.000000e+00	0.000000e+00	
254	9.450000e-08	0.000000e+00	0.000000e+00	0.000000e+00	
255	9.500000e-08	0.000000e+00	0.000000e+00	0.000000e+00	
256	9.510000e-08	0.000000e+00	0.000000e+00	0.000000e+00	
257	9.530000e-08	0.000000e+00	0.000000e+00	0.000000e+00	
258	9.570000e-08	0.000000e+00	0.000000e+00	0.000000e+00	
259	9.600000e-08	0.000000e+00	0.000000e+00	0.000000e+00	
260	9.608000e-08	0.000000e+00	0.000000e+00	0.000000e+00	
261	9.624000e-08	0.000000e+00	0.000000e+00	0.000000e+00	
262	9.656000e-08	0.000000e+00	0.000000e+00	0.000000e+00	
263	9.720000e-08	0.000000e+00	0.000000e+00	0.000000e+00	
264	9.848000e-08	0.000000e+00	0.000000e+00	0.000000e+00	
265	1.000000e-07	0.000000e+00	0.000000e+00	0.000000e+00	

                                kicad schematic
                                Transient Analysis  Sun Jul 05 13:03:51  2026
--------------------------------------------------------------------------------
Index   time            v9#branch       
--------------------------------------------------------------------------------
0	0.000000e+00	0.000000e+00	
1	1.000000e-11	0.000000e+00	
2	2.000000e-11	0.000000e+00	
3	4.000000e-11	0.000000e+00	
4	8.000000e-11	0.000000e+00	
5	1.600000e-10	0.000000e+00	
6	3.200000e-10	0.000000e+00	
7	6.400000e-10	0.000000e+00	
8	1.000000e-09	0.000000e+00	
9	1.064000e-09	0.000000e+00	
10	1.192000e-09	0.000000e+00	
11	1.448000e-09	0.000000e+00	
12	1.960000e-09	0.000000e+00	
13	2.984000e-09	0.000000e+00	
14	4.984000e-09	0.000000e+00	
15	5.000000e-09	0.000000e+00	
16	5.032000e-09	0.000000e+00	
17	5.096000e-09	0.000000e+00	
18	5.224000e-09	0.000000e+00	
19	5.480000e-09	0.000000e+00	
20	5.992000e-09	0.000000e+00	
21	6.000000e-09	0.000000e+00	
22	6.016000e-09	0.000000e+00	
23	6.048000e-09	0.000000e+00	
24	6.112000e-09	0.000000e+00	
25	6.240000e-09	0.000000e+00	
26	6.496000e-09	0.000000e+00	
27	7.008000e-09	0.000000e+00	
28	8.032000e-09	0.000000e+00	
29	1.000000e-08	0.000000e+00	
30	1.010000e-08	0.000000e+00	
31	1.030000e-08	0.000000e+00	
32	1.070000e-08	0.000000e+00	
33	1.100000e-08	0.000000e+00	
34	1.108000e-08	0.000000e+00	
35	1.124000e-08	0.000000e+00	
36	1.156000e-08	0.000000e+00	
37	1.220000e-08	0.000000e+00	
38	1.230000e-08	0.000000e+00	
39	1.240000e-08	0.000000e+00	
40	1.260000e-08	0.000000e+00	
41	1.300000e-08	0.000000e+00	
42	1.330000e-08	0.000000e+00	
43	1.338000e-08	0.000000e+00	
44	1.354000e-08	0.000000e+00	
45	1.386000e-08	0.000000e+00	
46	1.450000e-08	0.000000e+00	
47	1.500000e-08	0.000000e+00	
48	1.510000e-08	0.000000e+00	
49	1.530000e-08	0.000000e+00	
50	1.570000e-08	0.000000e+00	
51	1.600000e-08	0.000000e+00	
52	1.608000e-08	0.000000e+00	
53	1.624000e-08	0.000000e+00	
54	1.656000e-08	0.000000e+00	

Index   time            v9#branch       
--------------------------------------------------------------------------------
55	1.720000e-08	0.000000e+00	
56	1.848000e-08	0.000000e+00	
57	2.000000e-08	0.000000e+00	
58	2.010000e-08	0.000000e+00	
59	2.030000e-08	0.000000e+00	
60	2.070000e-08	0.000000e+00	
61	2.100000e-08	0.000000e+00	
62	2.108000e-08	0.000000e+00	
63	2.124000e-08	0.000000e+00	
64	2.156000e-08	0.000000e+00	
65	2.220000e-08	0.000000e+00	
66	2.230000e-08	0.000000e+00	
67	2.240000e-08	0.000000e+00	
68	2.260000e-08	0.000000e+00	
69	2.300000e-08	0.000000e+00	
70	2.330000e-08	0.000000e+00	
71	2.338000e-08	0.000000e+00	
72	2.354000e-08	0.000000e+00	
73	2.386000e-08	0.000000e+00	
74	2.450000e-08	0.000000e+00	
75	2.500000e-08	0.000000e+00	
76	2.510000e-08	0.000000e+00	
77	2.530000e-08	0.000000e+00	
78	2.570000e-08	0.000000e+00	
79	2.600000e-08	0.000000e+00	
80	2.608000e-08	0.000000e+00	
81	2.624000e-08	0.000000e+00	
82	2.656000e-08	0.000000e+00	
83	2.720000e-08	0.000000e+00	
84	2.848000e-08	0.000000e+00	
85	3.000000e-08	0.000000e+00	
86	3.010000e-08	0.000000e+00	
87	3.030000e-08	0.000000e+00	
88	3.070000e-08	0.000000e+00	
89	3.100000e-08	0.000000e+00	
90	3.108000e-08	0.000000e+00	
91	3.124000e-08	0.000000e+00	
92	3.156000e-08	0.000000e+00	
93	3.220000e-08	0.000000e+00	
94	3.348000e-08	0.000000e+00	
95	3.500000e-08	0.000000e+00	
96	3.510000e-08	0.000000e+00	
97	3.530000e-08	0.000000e+00	
98	3.570000e-08	0.000000e+00	
99	3.600000e-08	0.000000e+00	
100	3.608000e-08	0.000000e+00	
101	3.624000e-08	0.000000e+00	
102	3.656000e-08	0.000000e+00	
103	3.720000e-08	0.000000e+00	
104	3.848000e-08	0.000000e+00	
105	4.000000e-08	0.000000e+00	
106	4.010000e-08	0.000000e+00	
107	4.030000e-08	0.000000e+00	
108	4.070000e-08	0.000000e+00	
109	4.100000e-08	0.000000e+00	
110	4.108000e-08	0.000000e+00	
111	4.124000e-08	0.000000e+00	
112	4.156000e-08	0.000000e+00	

Index   time            v9#branch       
--------------------------------------------------------------------------------
113	4.220000e-08	0.000000e+00	
114	4.230000e-08	0.000000e+00	
115	4.240000e-08	0.000000e+00	
116	4.260000e-08	0.000000e+00	
117	4.300000e-08	0.000000e+00	
118	4.330000e-08	0.000000e+00	
119	4.338000e-08	0.000000e+00	
120	4.354000e-08	0.000000e+00	
121	4.386000e-08	0.000000e+00	
122	4.450000e-08	0.000000e+00	
123	4.500000e-08	0.000000e+00	
124	4.510000e-08	0.000000e+00	
125	4.530000e-08	0.000000e+00	
126	4.570000e-08	0.000000e+00	
127	4.600000e-08	0.000000e+00	
128	4.608000e-08	0.000000e+00	
129	4.624000e-08	0.000000e+00	
130	4.656000e-08	0.000000e+00	
131	4.720000e-08	0.000000e+00	
132	4.848000e-08	0.000000e+00	
133	5.000000e-08	0.000000e+00	
134	5.010000e-08	0.000000e+00	
135	5.030000e-08	0.000000e+00	
136	5.070000e-08	0.000000e+00	
137	5.100000e-08	0.000000e+00	
138	5.108000e-08	0.000000e+00	
139	5.124000e-08	0.000000e+00	
140	5.156000e-08	0.000000e+00	
141	5.220000e-08	0.000000e+00	
142	5.230000e-08	0.000000e+00	
143	5.240000e-08	0.000000e+00	
144	5.260000e-08	0.000000e+00	
145	5.300000e-08	0.000000e+00	
146	5.330000e-08	0.000000e+00	
147	5.338000e-08	0.000000e+00	
148	5.354000e-08	0.000000e+00	
149	5.386000e-08	0.000000e+00	
150	5.450000e-08	0.000000e+00	
151	5.500000e-08	0.000000e+00	
152	5.510000e-08	0.000000e+00	
153	5.530000e-08	0.000000e+00	
154	5.570000e-08	0.000000e+00	
155	5.600000e-08	0.000000e+00	
156	5.608000e-08	0.000000e+00	
157	5.624000e-08	0.000000e+00	
158	5.656000e-08	0.000000e+00	
159	5.720000e-08	0.000000e+00	
160	5.848000e-08	0.000000e+00	
161	6.000000e-08	0.000000e+00	
162	6.010000e-08	0.000000e+00	
163	6.030000e-08	0.000000e+00	
164	6.070000e-08	0.000000e+00	
165	6.100000e-08	0.000000e+00	
166	6.108000e-08	0.000000e+00	
167	6.124000e-08	0.000000e+00	
168	6.156000e-08	0.000000e+00	
169	6.220000e-08	0.000000e+00	
170	6.230000e-08	0.000000e+00	

Index   time            v9#branch       
--------------------------------------------------------------------------------
171	6.240000e-08	0.000000e+00	
172	6.260000e-08	0.000000e+00	
173	6.300000e-08	0.000000e+00	
174	6.330000e-08	0.000000e+00	
175	6.338000e-08	0.000000e+00	
176	6.354000e-08	0.000000e+00	
177	6.386000e-08	0.000000e+00	
178	6.450000e-08	0.000000e+00	
179	6.500000e-08	0.000000e+00	
180	6.510000e-08	0.000000e+00	
181	6.530000e-08	0.000000e+00	
182	6.570000e-08	0.000000e+00	
183	6.600000e-08	0.000000e+00	
184	6.608000e-08	0.000000e+00	
185	6.624000e-08	0.000000e+00	
186	6.656000e-08	0.000000e+00	
187	6.720000e-08	0.000000e+00	
188	6.848000e-08	0.000000e+00	
189	7.000000e-08	0.000000e+00	
190	7.010000e-08	0.000000e+00	
191	7.030000e-08	0.000000e+00	
192	7.070000e-08	0.000000e+00	
193	7.100000e-08	0.000000e+00	
194	7.108000e-08	0.000000e+00	
195	7.124000e-08	0.000000e+00	
196	7.156000e-08	0.000000e+00	
197	7.220000e-08	0.000000e+00	
198	7.348000e-08	0.000000e+00	
199	7.500000e-08	0.000000e+00	
200	7.510000e-08	0.000000e+00	
201	7.530000e-08	0.000000e+00	
202	7.570000e-08	0.000000e+00	
203	7.600000e-08	0.000000e+00	
204	7.608000e-08	0.000000e+00	
205	7.624000e-08	0.000000e+00	
206	7.656000e-08	0.000000e+00	
207	7.720000e-08	0.000000e+00	
208	7.848000e-08	0.000000e+00	
209	8.000000e-08	0.000000e+00	
210	8.010000e-08	0.000000e+00	
211	8.030000e-08	0.000000e+00	
212	8.070000e-08	0.000000e+00	
213	8.100000e-08	0.000000e+00	
214	8.108000e-08	0.000000e+00	
215	8.124000e-08	0.000000e+00	
216	8.156000e-08	0.000000e+00	
217	8.220000e-08	0.000000e+00	
218	8.230000e-08	0.000000e+00	
219	8.240000e-08	0.000000e+00	
220	8.260000e-08	0.000000e+00	
221	8.300000e-08	0.000000e+00	
222	8.330000e-08	0.000000e+00	
223	8.338000e-08	0.000000e+00	
224	8.354000e-08	0.000000e+00	
225	8.386000e-08	0.000000e+00	
226	8.450000e-08	0.000000e+00	
227	8.500000e-08	0.000000e+00	
228	8.510000e-08	0.000000e+00	

Index   time            v9#branch       
--------------------------------------------------------------------------------
229	8.530000e-08	0.000000e+00	
230	8.570000e-08	0.000000e+00	
231	8.600000e-08	0.000000e+00	
232	8.608000e-08	0.000000e+00	
233	8.624000e-08	0.000000e+00	
234	8.656000e-08	0.000000e+00	
235	8.720000e-08	0.000000e+00	
236	8.848000e-08	0.000000e+00	
237	9.000000e-08	0.000000e+00	
238	9.010000e-08	0.000000e+00	
239	9.030000e-08	0.000000e+00	
240	9.070000e-08	0.000000e+00	
241	9.100000e-08	0.000000e+00	
242	9.108000e-08	0.000000e+00	
243	9.124000e-08	0.000000e+00	
244	9.156000e-08	0.000000e+00	
245	9.220000e-08	0.000000e+00	
246	9.230000e-08	0.000000e+00	
247	9.240000e-08	0.000000e+00	
248	9.260000e-08	0.000000e+00	
249	9.300000e-08	0.000000e+00	
250	9.330000e-08	0.000000e+00	
251	9.338000e-08	0.000000e+00	
252	9.354000e-08	0.000000e+00	
253	9.386000e-08	0.000000e+00	
254	9.450000e-08	0.000000e+00	
255	9.500000e-08	0.000000e+00	
256	9.510000e-08	0.000000e+00	
257	9.530000e-08	0.000000e+00	
258	9.570000e-08	0.000000e+00	
259	9.600000e-08	0.000000e+00	
260	9.608000e-08	0.000000e+00	
261	9.624000e-08	0.000000e+00	
262	9.656000e-08	0.000000e+00	
263	9.720000e-08	0.000000e+00	
264	9.848000e-08	0.000000e+00	
265	1.000000e-07	0.000000e+00	
