                                kicad schematic
                                Transient Analysis  Thu Jul 09 16:12:22  2026
--------------------------------------------------------------------------------
Index   time            a1#branch_1_0   a1#branch_1_1   a1#branch_1_2   
--------------------------------------------------------------------------------
0	0.000000e+00	0.000000e+00	0.000000e+00	0.000000e+00	
1	1.000000e-12	0.000000e+00	0.000000e+00	0.000000e+00	
2	2.000000e-12	0.000000e+00	0.000000e+00	0.000000e+00	
3	4.000000e-12	0.000000e+00	0.000000e+00	0.000000e+00	
4	8.000000e-12	0.000000e+00	0.000000e+00	0.000000e+00	
5	1.600000e-11	0.000000e+00	0.000000e+00	0.000000e+00	
6	3.200000e-11	0.000000e+00	0.000000e+00	0.000000e+00	
7	6.400000e-11	0.000000e+00	0.000000e+00	0.000000e+00	
8	1.000000e-10	0.000000e+00	0.000000e+00	0.000000e+00	
9	1.064000e-10	0.000000e+00	0.000000e+00	0.000000e+00	
10	1.192000e-10	0.000000e+00	0.000000e+00	0.000000e+00	
11	1.448000e-10	0.000000e+00	0.000000e+00	0.000000e+00	
12	1.960000e-10	0.000000e+00	0.000000e+00	0.000000e+00	
13	2.984000e-10	0.000000e+00	0.000000e+00	0.000000e+00	
14	5.032000e-10	0.000000e+00	0.000000e+00	0.000000e+00	
15	9.128000e-10	0.000000e+00	0.000000e+00	0.000000e+00	
16	1.732000e-09	0.000000e+00	0.000000e+00	0.000000e+00	
17	3.370400e-09	0.000000e+00	0.000000e+00	0.000000e+00	
18	4.900000e-09	0.000000e+00	0.000000e+00	0.000000e+00	
19	4.910000e-09	0.000000e+00	0.000000e+00	0.000000e+00	
20	4.930000e-09	0.000000e+00	0.000000e+00	0.000000e+00	
21	4.970000e-09	0.000000e+00	0.000000e+00	0.000000e+00	
22	5.000000e-09	0.000000e+00	0.000000e+00	0.000000e+00	
23	5.008000e-09	0.000000e+00	0.000000e+00	0.000000e+00	
24	5.024000e-09	0.000000e+00	0.000000e+00	0.000000e+00	
25	5.056000e-09	0.000000e+00	0.000000e+00	0.000000e+00	
26	5.120000e-09	0.000000e+00	0.000000e+00	0.000000e+00	
27	5.248000e-09	0.000000e+00	0.000000e+00	0.000000e+00	
28	5.504000e-09	0.000000e+00	0.000000e+00	0.000000e+00	
29	6.016000e-09	0.000000e+00	0.000000e+00	0.000000e+00	
30	7.040000e-09	0.000000e+00	0.000000e+00	0.000000e+00	
31	9.088000e-09	0.000000e+00	0.000000e+00	0.000000e+00	
32	1.000000e-08	0.000000e+00	0.000000e+00	0.000000e+00	
33	1.001000e-08	0.000000e+00	0.000000e+00	0.000000e+00	
34	1.003000e-08	0.000000e+00	0.000000e+00	0.000000e+00	
35	1.007000e-08	0.000000e+00	0.000000e+00	0.000000e+00	
36	1.010000e-08	0.000000e+00	0.000000e+00	0.000000e+00	
37	1.010800e-08	0.000000e+00	0.000000e+00	0.000000e+00	
38	1.012400e-08	0.000000e+00	0.000000e+00	0.000000e+00	
39	1.015600e-08	0.000000e+00	0.000000e+00	0.000000e+00	
40	1.022000e-08	0.000000e+00	0.000000e+00	0.000000e+00	
41	1.034800e-08	0.000000e+00	0.000000e+00	0.000000e+00	
42	1.060400e-08	0.000000e+00	0.000000e+00	0.000000e+00	
43	1.111600e-08	0.000000e+00	0.000000e+00	0.000000e+00	
44	1.214000e-08	0.000000e+00	0.000000e+00	0.000000e+00	
45	1.418800e-08	0.000000e+00	0.000000e+00	0.000000e+00	
46	1.490000e-08	0.000000e+00	0.000000e+00	0.000000e+00	
47	1.491000e-08	0.000000e+00	0.000000e+00	0.000000e+00	
48	1.493000e-08	0.000000e+00	0.000000e+00	0.000000e+00	
49	1.497000e-08	0.000000e+00	0.000000e+00	0.000000e+00	
50	1.500000e-08	0.000000e+00	0.000000e+00	0.000000e+00	
51	1.500800e-08	0.000000e+00	0.000000e+00	0.000000e+00	
52	1.502400e-08	0.000000e+00	0.000000e+00	0.000000e+00	
53	1.505600e-08	0.000000e+00	0.000000e+00	0.000000e+00	
54	1.512000e-08	0.000000e+00	0.000000e+00	0.000000e+00	

Index   time            a1#branch_1_0   a1#branch_1_1   a1#branch_1_2   
--------------------------------------------------------------------------------
55	1.524800e-08	0.000000e+00	0.000000e+00	0.000000e+00	
56	1.550400e-08	0.000000e+00	0.000000e+00	0.000000e+00	
57	1.601600e-08	0.000000e+00	0.000000e+00	0.000000e+00	
58	1.704000e-08	0.000000e+00	0.000000e+00	0.000000e+00	
59	1.908800e-08	0.000000e+00	0.000000e+00	0.000000e+00	
60	2.000000e-08	0.000000e+00	0.000000e+00	0.000000e+00	
61	2.001000e-08	0.000000e+00	0.000000e+00	0.000000e+00	
62	2.003000e-08	0.000000e+00	0.000000e+00	0.000000e+00	
63	2.007000e-08	0.000000e+00	0.000000e+00	0.000000e+00	
64	2.010000e-08	0.000000e+00	0.000000e+00	0.000000e+00	
65	2.010800e-08	0.000000e+00	0.000000e+00	0.000000e+00	
66	2.012400e-08	0.000000e+00	0.000000e+00	0.000000e+00	
67	2.015600e-08	0.000000e+00	0.000000e+00	0.000000e+00	
68	2.022000e-08	0.000000e+00	0.000000e+00	0.000000e+00	
69	2.034800e-08	0.000000e+00	0.000000e+00	0.000000e+00	
70	2.060400e-08	0.000000e+00	0.000000e+00	0.000000e+00	
71	2.111600e-08	0.000000e+00	0.000000e+00	0.000000e+00	
72	2.214000e-08	0.000000e+00	0.000000e+00	0.000000e+00	
73	2.418800e-08	0.000000e+00	0.000000e+00	0.000000e+00	
74	2.490000e-08	0.000000e+00	0.000000e+00	0.000000e+00	
75	2.491000e-08	0.000000e+00	0.000000e+00	0.000000e+00	
76	2.493000e-08	0.000000e+00	0.000000e+00	0.000000e+00	
77	2.497000e-08	0.000000e+00	0.000000e+00	0.000000e+00	
78	2.500000e-08	0.000000e+00	0.000000e+00	0.000000e+00	
79	2.500800e-08	0.000000e+00	0.000000e+00	0.000000e+00	
80	2.502400e-08	0.000000e+00	0.000000e+00	0.000000e+00	
81	2.505600e-08	0.000000e+00	0.000000e+00	0.000000e+00	
82	2.512000e-08	0.000000e+00	0.000000e+00	0.000000e+00	
83	2.524800e-08	0.000000e+00	0.000000e+00	0.000000e+00	
84	2.550400e-08	0.000000e+00	0.000000e+00	0.000000e+00	
85	2.601600e-08	0.000000e+00	0.000000e+00	0.000000e+00	
86	2.704000e-08	0.000000e+00	0.000000e+00	0.000000e+00	
87	2.908800e-08	0.000000e+00	0.000000e+00	0.000000e+00	
88	3.000000e-08	0.000000e+00	0.000000e+00	0.000000e+00	
89	3.001000e-08	0.000000e+00	0.000000e+00	0.000000e+00	
90	3.003000e-08	0.000000e+00	0.000000e+00	0.000000e+00	
91	3.007000e-08	0.000000e+00	0.000000e+00	0.000000e+00	
92	3.010000e-08	0.000000e+00	0.000000e+00	0.000000e+00	
93	3.010800e-08	0.000000e+00	0.000000e+00	0.000000e+00	
94	3.012400e-08	0.000000e+00	0.000000e+00	0.000000e+00	
95	3.015600e-08	0.000000e+00	0.000000e+00	0.000000e+00	
96	3.022000e-08	0.000000e+00	0.000000e+00	0.000000e+00	
97	3.034800e-08	0.000000e+00	0.000000e+00	0.000000e+00	
98	3.060400e-08	0.000000e+00	0.000000e+00	0.000000e+00	
99	3.111600e-08	0.000000e+00	0.000000e+00	0.000000e+00	
100	3.214000e-08	0.000000e+00	0.000000e+00	0.000000e+00	
101	3.418800e-08	0.000000e+00	0.000000e+00	0.000000e+00	
102	3.490000e-08	0.000000e+00	0.000000e+00	0.000000e+00	
103	3.491000e-08	0.000000e+00	0.000000e+00	0.000000e+00	
104	3.493000e-08	0.000000e+00	0.000000e+00	0.000000e+00	
105	3.497000e-08	0.000000e+00	0.000000e+00	0.000000e+00	
106	3.500000e-08	0.000000e+00	0.000000e+00	0.000000e+00	
107	3.500800e-08	0.000000e+00	0.000000e+00	0.000000e+00	
108	3.502400e-08	0.000000e+00	0.000000e+00	0.000000e+00	
109	3.505600e-08	0.000000e+00	0.000000e+00	0.000000e+00	
110	3.512000e-08	0.000000e+00	0.000000e+00	0.000000e+00	
111	3.524800e-08	0.000000e+00	0.000000e+00	0.000000e+00	
112	3.550400e-08	0.000000e+00	0.000000e+00	0.000000e+00	

Index   time            a1#branch_1_0   a1#branch_1_1   a1#branch_1_2   
--------------------------------------------------------------------------------
113	3.601600e-08	0.000000e+00	0.000000e+00	0.000000e+00	
114	3.704000e-08	0.000000e+00	0.000000e+00	0.000000e+00	
115	3.908800e-08	0.000000e+00	0.000000e+00	0.000000e+00	
116	4.000000e-08	0.000000e+00	0.000000e+00	0.000000e+00	
117	4.001000e-08	0.000000e+00	0.000000e+00	0.000000e+00	
118	4.003000e-08	0.000000e+00	0.000000e+00	0.000000e+00	
119	4.007000e-08	0.000000e+00	0.000000e+00	0.000000e+00	
120	4.010000e-08	0.000000e+00	0.000000e+00	0.000000e+00	
121	4.010800e-08	0.000000e+00	0.000000e+00	0.000000e+00	
122	4.012400e-08	0.000000e+00	0.000000e+00	0.000000e+00	
123	4.015600e-08	0.000000e+00	0.000000e+00	0.000000e+00	
124	4.022000e-08	0.000000e+00	0.000000e+00	0.000000e+00	
125	4.034800e-08	0.000000e+00	0.000000e+00	0.000000e+00	
126	4.060400e-08	0.000000e+00	0.000000e+00	0.000000e+00	
127	4.111600e-08	0.000000e+00	0.000000e+00	0.000000e+00	
128	4.214000e-08	0.000000e+00	0.000000e+00	0.000000e+00	
129	4.418800e-08	0.000000e+00	0.000000e+00	0.000000e+00	
130	4.490000e-08	0.000000e+00	0.000000e+00	0.000000e+00	
131	4.491000e-08	0.000000e+00	0.000000e+00	0.000000e+00	
132	4.493000e-08	0.000000e+00	0.000000e+00	0.000000e+00	
133	4.497000e-08	0.000000e+00	0.000000e+00	0.000000e+00	
134	4.500000e-08	0.000000e+00	0.000000e+00	0.000000e+00	
135	4.500800e-08	0.000000e+00	0.000000e+00	0.000000e+00	
136	4.502400e-08	0.000000e+00	0.000000e+00	0.000000e+00	
137	4.505600e-08	0.000000e+00	0.000000e+00	0.000000e+00	
138	4.512000e-08	0.000000e+00	0.000000e+00	0.000000e+00	
139	4.524800e-08	0.000000e+00	0.000000e+00	0.000000e+00	
140	4.550400e-08	0.000000e+00	0.000000e+00	0.000000e+00	
141	4.601600e-08	0.000000e+00	0.000000e+00	0.000000e+00	
142	4.704000e-08	0.000000e+00	0.000000e+00	0.000000e+00	
143	4.908800e-08	0.000000e+00	0.000000e+00	0.000000e+00	
144	5.000000e-08	0.000000e+00	0.000000e+00	0.000000e+00	
145	5.001000e-08	0.000000e+00	0.000000e+00	0.000000e+00	
146	5.003000e-08	0.000000e+00	0.000000e+00	0.000000e+00	
147	5.007000e-08	0.000000e+00	0.000000e+00	0.000000e+00	
148	5.010000e-08	0.000000e+00	0.000000e+00	0.000000e+00	
149	5.010800e-08	0.000000e+00	0.000000e+00	0.000000e+00	
150	5.012400e-08	0.000000e+00	0.000000e+00	0.000000e+00	
151	5.015600e-08	0.000000e+00	0.000000e+00	0.000000e+00	
152	5.022000e-08	0.000000e+00	0.000000e+00	0.000000e+00	
153	5.034800e-08	0.000000e+00	0.000000e+00	0.000000e+00	
154	5.060400e-08	0.000000e+00	0.000000e+00	0.000000e+00	
155	5.111600e-08	0.000000e+00	0.000000e+00	0.000000e+00	
156	5.214000e-08	0.000000e+00	0.000000e+00	0.000000e+00	
157	5.418800e-08	0.000000e+00	0.000000e+00	0.000000e+00	
158	5.490000e-08	0.000000e+00	0.000000e+00	0.000000e+00	
159	5.491000e-08	0.000000e+00	0.000000e+00	0.000000e+00	
160	5.493000e-08	0.000000e+00	0.000000e+00	0.000000e+00	
161	5.497000e-08	0.000000e+00	0.000000e+00	0.000000e+00	
162	5.500000e-08	0.000000e+00	0.000000e+00	0.000000e+00	
163	5.500800e-08	0.000000e+00	0.000000e+00	0.000000e+00	
164	5.502400e-08	0.000000e+00	0.000000e+00	0.000000e+00	
165	5.505600e-08	0.000000e+00	0.000000e+00	0.000000e+00	
166	5.512000e-08	0.000000e+00	0.000000e+00	0.000000e+00	
167	5.524800e-08	0.000000e+00	0.000000e+00	0.000000e+00	
168	5.550400e-08	0.000000e+00	0.000000e+00	0.000000e+00	
169	5.601600e-08	0.000000e+00	0.000000e+00	0.000000e+00	
170	5.704000e-08	0.000000e+00	0.000000e+00	0.000000e+00	

Index   time            a1#branch_1_0   a1#branch_1_1   a1#branch_1_2   
--------------------------------------------------------------------------------
171	5.908800e-08	0.000000e+00	0.000000e+00	0.000000e+00	
172	6.000000e-08	0.000000e+00	0.000000e+00	0.000000e+00	
173	6.001000e-08	0.000000e+00	0.000000e+00	0.000000e+00	
174	6.003000e-08	0.000000e+00	0.000000e+00	0.000000e+00	
175	6.007000e-08	0.000000e+00	0.000000e+00	0.000000e+00	
176	6.010000e-08	0.000000e+00	0.000000e+00	0.000000e+00	
177	6.010800e-08	0.000000e+00	0.000000e+00	0.000000e+00	
178	6.012400e-08	0.000000e+00	0.000000e+00	0.000000e+00	
179	6.015600e-08	0.000000e+00	0.000000e+00	0.000000e+00	
180	6.022000e-08	0.000000e+00	0.000000e+00	0.000000e+00	
181	6.034800e-08	0.000000e+00	0.000000e+00	0.000000e+00	
182	6.060400e-08	0.000000e+00	0.000000e+00	0.000000e+00	
183	6.111600e-08	0.000000e+00	0.000000e+00	0.000000e+00	
184	6.214000e-08	0.000000e+00	0.000000e+00	0.000000e+00	
185	6.418800e-08	0.000000e+00	0.000000e+00	0.000000e+00	
186	6.490000e-08	0.000000e+00	0.000000e+00	0.000000e+00	
187	6.491000e-08	0.000000e+00	0.000000e+00	0.000000e+00	
188	6.493000e-08	0.000000e+00	0.000000e+00	0.000000e+00	
189	6.497000e-08	0.000000e+00	0.000000e+00	0.000000e+00	
190	6.500000e-08	0.000000e+00	0.000000e+00	0.000000e+00	
191	6.500800e-08	0.000000e+00	0.000000e+00	0.000000e+00	
192	6.502400e-08	0.000000e+00	0.000000e+00	0.000000e+00	
193	6.505600e-08	0.000000e+00	0.000000e+00	0.000000e+00	
194	6.512000e-08	0.000000e+00	0.000000e+00	0.000000e+00	
195	6.524800e-08	0.000000e+00	0.000000e+00	0.000000e+00	
196	6.550400e-08	0.000000e+00	0.000000e+00	0.000000e+00	
197	6.601600e-08	0.000000e+00	0.000000e+00	0.000000e+00	
198	6.704000e-08	0.000000e+00	0.000000e+00	0.000000e+00	
199	6.908800e-08	0.000000e+00	0.000000e+00	0.000000e+00	
200	7.000000e-08	0.000000e+00	0.000000e+00	0.000000e+00	
201	7.001000e-08	0.000000e+00	0.000000e+00	0.000000e+00	
202	7.003000e-08	0.000000e+00	0.000000e+00	0.000000e+00	
203	7.007000e-08	0.000000e+00	0.000000e+00	0.000000e+00	
204	7.010000e-08	0.000000e+00	0.000000e+00	0.000000e+00	
205	7.010800e-08	0.000000e+00	0.000000e+00	0.000000e+00	
206	7.012400e-08	0.000000e+00	0.000000e+00	0.000000e+00	
207	7.015600e-08	0.000000e+00	0.000000e+00	0.000000e+00	
208	7.022000e-08	0.000000e+00	0.000000e+00	0.000000e+00	
209	7.034800e-08	0.000000e+00	0.000000e+00	0.000000e+00	
210	7.060400e-08	0.000000e+00	0.000000e+00	0.000000e+00	
211	7.111600e-08	0.000000e+00	0.000000e+00	0.000000e+00	
212	7.214000e-08	0.000000e+00	0.000000e+00	0.000000e+00	
213	7.418800e-08	0.000000e+00	0.000000e+00	0.000000e+00	
214	7.490000e-08	0.000000e+00	0.000000e+00	0.000000e+00	
215	7.491000e-08	0.000000e+00	0.000000e+00	0.000000e+00	
216	7.493000e-08	0.000000e+00	0.000000e+00	0.000000e+00	
217	7.497000e-08	0.000000e+00	0.000000e+00	0.000000e+00	
218	7.500000e-08	0.000000e+00	0.000000e+00	0.000000e+00	
219	7.500800e-08	0.000000e+00	0.000000e+00	0.000000e+00	
220	7.502400e-08	0.000000e+00	0.000000e+00	0.000000e+00	
221	7.505600e-08	0.000000e+00	0.000000e+00	0.000000e+00	
222	7.512000e-08	0.000000e+00	0.000000e+00	0.000000e+00	
223	7.524800e-08	0.000000e+00	0.000000e+00	0.000000e+00	
224	7.550400e-08	0.000000e+00	0.000000e+00	0.000000e+00	
225	7.601600e-08	0.000000e+00	0.000000e+00	0.000000e+00	
226	7.704000e-08	0.000000e+00	0.000000e+00	0.000000e+00	
227	7.908800e-08	0.000000e+00	0.000000e+00	0.000000e+00	
228	8.000000e-08	0.000000e+00	0.000000e+00	0.000000e+00	

Index   time            a1#branch_1_0   a1#branch_1_1   a1#branch_1_2   
--------------------------------------------------------------------------------
229	8.001000e-08	0.000000e+00	0.000000e+00	0.000000e+00	
230	8.003000e-08	0.000000e+00	0.000000e+00	0.000000e+00	
231	8.007000e-08	0.000000e+00	0.000000e+00	0.000000e+00	
232	8.010000e-08	0.000000e+00	0.000000e+00	0.000000e+00	
233	8.010800e-08	0.000000e+00	0.000000e+00	0.000000e+00	
234	8.012400e-08	0.000000e+00	0.000000e+00	0.000000e+00	
235	8.015600e-08	0.000000e+00	0.000000e+00	0.000000e+00	
236	8.022000e-08	0.000000e+00	0.000000e+00	0.000000e+00	
237	8.034800e-08	0.000000e+00	0.000000e+00	0.000000e+00	
238	8.060400e-08	0.000000e+00	0.000000e+00	0.000000e+00	
239	8.111600e-08	0.000000e+00	0.000000e+00	0.000000e+00	
240	8.214000e-08	0.000000e+00	0.000000e+00	0.000000e+00	
241	8.418800e-08	0.000000e+00	0.000000e+00	0.000000e+00	
242	8.490000e-08	0.000000e+00	0.000000e+00	0.000000e+00	
243	8.491000e-08	0.000000e+00	0.000000e+00	0.000000e+00	
244	8.493000e-08	0.000000e+00	0.000000e+00	0.000000e+00	
245	8.497000e-08	0.000000e+00	0.000000e+00	0.000000e+00	
246	8.500000e-08	0.000000e+00	0.000000e+00	0.000000e+00	
247	8.500800e-08	0.000000e+00	0.000000e+00	0.000000e+00	
248	8.502400e-08	0.000000e+00	0.000000e+00	0.000000e+00	
249	8.505600e-08	0.000000e+00	0.000000e+00	0.000000e+00	
250	8.512000e-08	0.000000e+00	0.000000e+00	0.000000e+00	
251	8.524800e-08	0.000000e+00	0.000000e+00	0.000000e+00	
252	8.550400e-08	0.000000e+00	0.000000e+00	0.000000e+00	
253	8.601600e-08	0.000000e+00	0.000000e+00	0.000000e+00	
254	8.704000e-08	0.000000e+00	0.000000e+00	0.000000e+00	
255	8.908800e-08	0.000000e+00	0.000000e+00	0.000000e+00	
256	9.000000e-08	0.000000e+00	0.000000e+00	0.000000e+00	
257	9.001000e-08	0.000000e+00	0.000000e+00	0.000000e+00	
258	9.003000e-08	0.000000e+00	0.000000e+00	0.000000e+00	
259	9.007000e-08	0.000000e+00	0.000000e+00	0.000000e+00	
260	9.010000e-08	0.000000e+00	0.000000e+00	0.000000e+00	
261	9.010800e-08	0.000000e+00	0.000000e+00	0.000000e+00	
262	9.012400e-08	0.000000e+00	0.000000e+00	0.000000e+00	
263	9.015600e-08	0.000000e+00	0.000000e+00	0.000000e+00	
264	9.022000e-08	0.000000e+00	0.000000e+00	0.000000e+00	
265	9.034800e-08	0.000000e+00	0.000000e+00	0.000000e+00	
266	9.060400e-08	0.000000e+00	0.000000e+00	0.000000e+00	
267	9.111600e-08	0.000000e+00	0.000000e+00	0.000000e+00	
268	9.214000e-08	0.000000e+00	0.000000e+00	0.000000e+00	
269	9.418800e-08	0.000000e+00	0.000000e+00	0.000000e+00	
270	9.490000e-08	0.000000e+00	0.000000e+00	0.000000e+00	
271	9.491000e-08	0.000000e+00	0.000000e+00	0.000000e+00	
272	9.493000e-08	0.000000e+00	0.000000e+00	0.000000e+00	
273	9.497000e-08	0.000000e+00	0.000000e+00	0.000000e+00	
274	9.500000e-08	0.000000e+00	0.000000e+00	0.000000e+00	
275	9.500800e-08	0.000000e+00	0.000000e+00	0.000000e+00	
276	9.502400e-08	0.000000e+00	0.000000e+00	0.000000e+00	
277	9.505600e-08	0.000000e+00	0.000000e+00	0.000000e+00	
278	9.512000e-08	0.000000e+00	0.000000e+00	0.000000e+00	
279	9.524800e-08	0.000000e+00	0.000000e+00	0.000000e+00	
280	9.550400e-08	0.000000e+00	0.000000e+00	0.000000e+00	
281	9.601600e-08	0.000000e+00	0.000000e+00	0.000000e+00	
282	9.704000e-08	0.000000e+00	0.000000e+00	0.000000e+00	
283	9.908800e-08	0.000000e+00	0.000000e+00	0.000000e+00	
284	1.000000e-07	0.000000e+00	0.000000e+00	0.000000e+00	
285	1.000100e-07	0.000000e+00	0.000000e+00	0.000000e+00	
286	1.000300e-07	0.000000e+00	0.000000e+00	0.000000e+00	

Index   time            a1#branch_1_0   a1#branch_1_1   a1#branch_1_2   
--------------------------------------------------------------------------------
287	1.000700e-07	0.000000e+00	0.000000e+00	0.000000e+00	
288	1.001000e-07	0.000000e+00	0.000000e+00	0.000000e+00	
289	1.001080e-07	0.000000e+00	0.000000e+00	0.000000e+00	
290	1.001240e-07	0.000000e+00	0.000000e+00	0.000000e+00	
291	1.001560e-07	0.000000e+00	0.000000e+00	0.000000e+00	
292	1.002200e-07	0.000000e+00	0.000000e+00	0.000000e+00	
293	1.003480e-07	0.000000e+00	0.000000e+00	0.000000e+00	
294	1.006040e-07	0.000000e+00	0.000000e+00	0.000000e+00	
295	1.011160e-07	0.000000e+00	0.000000e+00	0.000000e+00	
296	1.021400e-07	0.000000e+00	0.000000e+00	0.000000e+00	
297	1.041880e-07	0.000000e+00	0.000000e+00	0.000000e+00	
298	1.049000e-07	0.000000e+00	0.000000e+00	0.000000e+00	
299	1.049100e-07	0.000000e+00	0.000000e+00	0.000000e+00	
300	1.049300e-07	0.000000e+00	0.000000e+00	0.000000e+00	
301	1.049700e-07	0.000000e+00	0.000000e+00	0.000000e+00	
302	1.050000e-07	0.000000e+00	0.000000e+00	0.000000e+00	
303	1.050080e-07	0.000000e+00	0.000000e+00	0.000000e+00	
304	1.050240e-07	0.000000e+00	0.000000e+00	0.000000e+00	
305	1.050560e-07	0.000000e+00	0.000000e+00	0.000000e+00	
306	1.051200e-07	0.000000e+00	0.000000e+00	0.000000e+00	
307	1.052480e-07	0.000000e+00	0.000000e+00	0.000000e+00	
308	1.055040e-07	0.000000e+00	0.000000e+00	0.000000e+00	
309	1.060160e-07	0.000000e+00	0.000000e+00	0.000000e+00	
310	1.070400e-07	0.000000e+00	0.000000e+00	0.000000e+00	
311	1.090880e-07	0.000000e+00	0.000000e+00	0.000000e+00	
312	1.100000e-07	0.000000e+00	0.000000e+00	0.000000e+00	
313	1.100100e-07	0.000000e+00	0.000000e+00	0.000000e+00	
314	1.100300e-07	0.000000e+00	0.000000e+00	0.000000e+00	
315	1.100700e-07	0.000000e+00	0.000000e+00	0.000000e+00	
316	1.101000e-07	0.000000e+00	0.000000e+00	0.000000e+00	
317	1.101080e-07	0.000000e+00	0.000000e+00	0.000000e+00	
318	1.101240e-07	0.000000e+00	0.000000e+00	0.000000e+00	
319	1.101560e-07	0.000000e+00	0.000000e+00	0.000000e+00	
320	1.102200e-07	0.000000e+00	0.000000e+00	0.000000e+00	
321	1.103480e-07	0.000000e+00	0.000000e+00	0.000000e+00	
322	1.106040e-07	0.000000e+00	0.000000e+00	0.000000e+00	
323	1.111160e-07	0.000000e+00	0.000000e+00	0.000000e+00	
324	1.121400e-07	0.000000e+00	0.000000e+00	0.000000e+00	
325	1.141880e-07	0.000000e+00	0.000000e+00	0.000000e+00	
326	1.149000e-07	0.000000e+00	0.000000e+00	0.000000e+00	
327	1.149100e-07	0.000000e+00	0.000000e+00	0.000000e+00	
328	1.149300e-07	0.000000e+00	0.000000e+00	0.000000e+00	
329	1.149700e-07	0.000000e+00	0.000000e+00	0.000000e+00	
330	1.150000e-07	0.000000e+00	0.000000e+00	0.000000e+00	
331	1.150080e-07	0.000000e+00	0.000000e+00	0.000000e+00	
332	1.150240e-07	0.000000e+00	0.000000e+00	0.000000e+00	
333	1.150560e-07	0.000000e+00	0.000000e+00	0.000000e+00	
334	1.151200e-07	0.000000e+00	0.000000e+00	0.000000e+00	
335	1.152480e-07	0.000000e+00	0.000000e+00	0.000000e+00	
336	1.155040e-07	0.000000e+00	0.000000e+00	0.000000e+00	
337	1.160160e-07	0.000000e+00	0.000000e+00	0.000000e+00	
338	1.170400e-07	0.000000e+00	0.000000e+00	0.000000e+00	
339	1.190880e-07	0.000000e+00	0.000000e+00	0.000000e+00	
340	1.200000e-07	0.000000e+00	0.000000e+00	0.000000e+00	
341	1.200100e-07	0.000000e+00	0.000000e+00	0.000000e+00	
342	1.200300e-07	0.000000e+00	0.000000e+00	0.000000e+00	
343	1.200700e-07	0.000000e+00	0.000000e+00	0.000000e+00	
344	1.201000e-07	0.000000e+00	0.000000e+00	0.000000e+00	

Index   time            a1#branch_1_0   a1#branch_1_1   a1#branch_1_2   
--------------------------------------------------------------------------------
345	1.201080e-07	0.000000e+00	0.000000e+00	0.000000e+00	
346	1.201240e-07	0.000000e+00	0.000000e+00	0.000000e+00	
347	1.201560e-07	0.000000e+00	0.000000e+00	0.000000e+00	
348	1.202200e-07	0.000000e+00	0.000000e+00	0.000000e+00	
349	1.203480e-07	0.000000e+00	0.000000e+00	0.000000e+00	
350	1.206040e-07	0.000000e+00	0.000000e+00	0.000000e+00	
351	1.211160e-07	0.000000e+00	0.000000e+00	0.000000e+00	
352	1.221400e-07	0.000000e+00	0.000000e+00	0.000000e+00	
353	1.241880e-07	0.000000e+00	0.000000e+00	0.000000e+00	
354	1.249000e-07	0.000000e+00	0.000000e+00	0.000000e+00	
355	1.249100e-07	0.000000e+00	0.000000e+00	0.000000e+00	
356	1.249300e-07	0.000000e+00	0.000000e+00	0.000000e+00	
357	1.249700e-07	0.000000e+00	0.000000e+00	0.000000e+00	
358	1.250000e-07	0.000000e+00	0.000000e+00	0.000000e+00	
359	1.250080e-07	0.000000e+00	0.000000e+00	0.000000e+00	
360	1.250240e-07	0.000000e+00	0.000000e+00	0.000000e+00	
361	1.250560e-07	0.000000e+00	0.000000e+00	0.000000e+00	
362	1.251200e-07	0.000000e+00	0.000000e+00	0.000000e+00	
363	1.252480e-07	0.000000e+00	0.000000e+00	0.000000e+00	
364	1.255040e-07	0.000000e+00	0.000000e+00	0.000000e+00	
365	1.260160e-07	0.000000e+00	0.000000e+00	0.000000e+00	
366	1.270400e-07	0.000000e+00	0.000000e+00	0.000000e+00	
367	1.290880e-07	0.000000e+00	0.000000e+00	0.000000e+00	
368	1.300000e-07	0.000000e+00	0.000000e+00	0.000000e+00	
369	1.300100e-07	0.000000e+00	0.000000e+00	0.000000e+00	
370	1.300300e-07	0.000000e+00	0.000000e+00	0.000000e+00	
371	1.300700e-07	0.000000e+00	0.000000e+00	0.000000e+00	
372	1.301000e-07	0.000000e+00	0.000000e+00	0.000000e+00	
373	1.301080e-07	0.000000e+00	0.000000e+00	0.000000e+00	
374	1.301240e-07	0.000000e+00	0.000000e+00	0.000000e+00	
375	1.301560e-07	0.000000e+00	0.000000e+00	0.000000e+00	
376	1.302200e-07	0.000000e+00	0.000000e+00	0.000000e+00	
377	1.303480e-07	0.000000e+00	0.000000e+00	0.000000e+00	
378	1.306040e-07	0.000000e+00	0.000000e+00	0.000000e+00	
379	1.311160e-07	0.000000e+00	0.000000e+00	0.000000e+00	
380	1.321400e-07	0.000000e+00	0.000000e+00	0.000000e+00	
381	1.341880e-07	0.000000e+00	0.000000e+00	0.000000e+00	
382	1.349000e-07	0.000000e+00	0.000000e+00	0.000000e+00	
383	1.349100e-07	0.000000e+00	0.000000e+00	0.000000e+00	
384	1.349300e-07	0.000000e+00	0.000000e+00	0.000000e+00	
385	1.349700e-07	0.000000e+00	0.000000e+00	0.000000e+00	
386	1.350000e-07	0.000000e+00	0.000000e+00	0.000000e+00	
387	1.350080e-07	0.000000e+00	0.000000e+00	0.000000e+00	
388	1.350240e-07	0.000000e+00	0.000000e+00	0.000000e+00	
389	1.350560e-07	0.000000e+00	0.000000e+00	0.000000e+00	
390	1.351200e-07	0.000000e+00	0.000000e+00	0.000000e+00	
391	1.352480e-07	0.000000e+00	0.000000e+00	0.000000e+00	
392	1.355040e-07	0.000000e+00	0.000000e+00	0.000000e+00	
393	1.360160e-07	0.000000e+00	0.000000e+00	0.000000e+00	
394	1.370400e-07	0.000000e+00	0.000000e+00	0.000000e+00	
395	1.390880e-07	0.000000e+00	0.000000e+00	0.000000e+00	
396	1.400000e-07	0.000000e+00	0.000000e+00	0.000000e+00	
397	1.400100e-07	0.000000e+00	0.000000e+00	0.000000e+00	
398	1.400300e-07	0.000000e+00	0.000000e+00	0.000000e+00	
399	1.400700e-07	0.000000e+00	0.000000e+00	0.000000e+00	
400	1.401000e-07	0.000000e+00	0.000000e+00	0.000000e+00	
401	1.401080e-07	0.000000e+00	0.000000e+00	0.000000e+00	
402	1.401240e-07	0.000000e+00	0.000000e+00	0.000000e+00	

Index   time            a1#branch_1_0   a1#branch_1_1   a1#branch_1_2   
--------------------------------------------------------------------------------
403	1.401560e-07	0.000000e+00	0.000000e+00	0.000000e+00	
404	1.402200e-07	0.000000e+00	0.000000e+00	0.000000e+00	
405	1.403480e-07	0.000000e+00	0.000000e+00	0.000000e+00	
406	1.406040e-07	0.000000e+00	0.000000e+00	0.000000e+00	
407	1.411160e-07	0.000000e+00	0.000000e+00	0.000000e+00	
408	1.421400e-07	0.000000e+00	0.000000e+00	0.000000e+00	
409	1.441880e-07	0.000000e+00	0.000000e+00	0.000000e+00	
410	1.449000e-07	0.000000e+00	0.000000e+00	0.000000e+00	
411	1.449100e-07	0.000000e+00	0.000000e+00	0.000000e+00	
412	1.449300e-07	0.000000e+00	0.000000e+00	0.000000e+00	
413	1.449700e-07	0.000000e+00	0.000000e+00	0.000000e+00	
414	1.450000e-07	0.000000e+00	0.000000e+00	0.000000e+00	
415	1.450080e-07	0.000000e+00	0.000000e+00	0.000000e+00	
416	1.450240e-07	0.000000e+00	0.000000e+00	0.000000e+00	
417	1.450560e-07	0.000000e+00	0.000000e+00	0.000000e+00	
418	1.451200e-07	0.000000e+00	0.000000e+00	0.000000e+00	
419	1.452480e-07	0.000000e+00	0.000000e+00	0.000000e+00	
420	1.455040e-07	0.000000e+00	0.000000e+00	0.000000e+00	
421	1.460160e-07	0.000000e+00	0.000000e+00	0.000000e+00	
422	1.470400e-07	0.000000e+00	0.000000e+00	0.000000e+00	
423	1.490880e-07	0.000000e+00	0.000000e+00	0.000000e+00	
424	1.500000e-07	0.000000e+00	0.000000e+00	0.000000e+00	
425	1.500100e-07	0.000000e+00	0.000000e+00	0.000000e+00	
426	1.500300e-07	0.000000e+00	0.000000e+00	0.000000e+00	
427	1.500700e-07	0.000000e+00	0.000000e+00	0.000000e+00	
428	1.501000e-07	0.000000e+00	0.000000e+00	0.000000e+00	
429	1.501080e-07	0.000000e+00	0.000000e+00	0.000000e+00	
430	1.501240e-07	0.000000e+00	0.000000e+00	0.000000e+00	
431	1.501560e-07	0.000000e+00	0.000000e+00	0.000000e+00	
432	1.502200e-07	0.000000e+00	0.000000e+00	0.000000e+00	
433	1.503480e-07	0.000000e+00	0.000000e+00	0.000000e+00	
434	1.506040e-07	0.000000e+00	0.000000e+00	0.000000e+00	
435	1.511160e-07	0.000000e+00	0.000000e+00	0.000000e+00	
436	1.521400e-07	0.000000e+00	0.000000e+00	0.000000e+00	
437	1.541880e-07	0.000000e+00	0.000000e+00	0.000000e+00	
438	1.549000e-07	0.000000e+00	0.000000e+00	0.000000e+00	
439	1.549100e-07	0.000000e+00	0.000000e+00	0.000000e+00	
440	1.549300e-07	0.000000e+00	0.000000e+00	0.000000e+00	
441	1.549700e-07	0.000000e+00	0.000000e+00	0.000000e+00	
442	1.550000e-07	0.000000e+00	0.000000e+00	0.000000e+00	
443	1.550080e-07	0.000000e+00	0.000000e+00	0.000000e+00	
444	1.550240e-07	0.000000e+00	0.000000e+00	0.000000e+00	
445	1.550560e-07	0.000000e+00	0.000000e+00	0.000000e+00	
446	1.551200e-07	0.000000e+00	0.000000e+00	0.000000e+00	
447	1.552480e-07	0.000000e+00	0.000000e+00	0.000000e+00	
448	1.555040e-07	0.000000e+00	0.000000e+00	0.000000e+00	
449	1.560160e-07	0.000000e+00	0.000000e+00	0.000000e+00	
450	1.570400e-07	0.000000e+00	0.000000e+00	0.000000e+00	
451	1.590880e-07	0.000000e+00	0.000000e+00	0.000000e+00	
452	1.600000e-07	0.000000e+00	0.000000e+00	0.000000e+00	
453	1.600100e-07	0.000000e+00	0.000000e+00	0.000000e+00	
454	1.600300e-07	0.000000e+00	0.000000e+00	0.000000e+00	
455	1.600700e-07	0.000000e+00	0.000000e+00	0.000000e+00	
456	1.601000e-07	0.000000e+00	0.000000e+00	0.000000e+00	
457	1.601080e-07	0.000000e+00	0.000000e+00	0.000000e+00	
458	1.601240e-07	0.000000e+00	0.000000e+00	0.000000e+00	
459	1.601560e-07	0.000000e+00	0.000000e+00	0.000000e+00	
460	1.602200e-07	0.000000e+00	0.000000e+00	0.000000e+00	

Index   time            a1#branch_1_0   a1#branch_1_1   a1#branch_1_2   
--------------------------------------------------------------------------------
461	1.603480e-07	0.000000e+00	0.000000e+00	0.000000e+00	
462	1.606040e-07	0.000000e+00	0.000000e+00	0.000000e+00	
463	1.611160e-07	0.000000e+00	0.000000e+00	0.000000e+00	
464	1.621400e-07	0.000000e+00	0.000000e+00	0.000000e+00	
465	1.641880e-07	0.000000e+00	0.000000e+00	0.000000e+00	
466	1.649000e-07	0.000000e+00	0.000000e+00	0.000000e+00	
467	1.649100e-07	0.000000e+00	0.000000e+00	0.000000e+00	
468	1.649300e-07	0.000000e+00	0.000000e+00	0.000000e+00	
469	1.649700e-07	0.000000e+00	0.000000e+00	0.000000e+00	
470	1.650000e-07	0.000000e+00	0.000000e+00	0.000000e+00	
471	1.650080e-07	0.000000e+00	0.000000e+00	0.000000e+00	
472	1.650240e-07	0.000000e+00	0.000000e+00	0.000000e+00	
473	1.650560e-07	0.000000e+00	0.000000e+00	0.000000e+00	
474	1.651200e-07	0.000000e+00	0.000000e+00	0.000000e+00	
475	1.652480e-07	0.000000e+00	0.000000e+00	0.000000e+00	
476	1.655040e-07	0.000000e+00	0.000000e+00	0.000000e+00	
477	1.660160e-07	0.000000e+00	0.000000e+00	0.000000e+00	
478	1.670400e-07	0.000000e+00	0.000000e+00	0.000000e+00	
479	1.690880e-07	0.000000e+00	0.000000e+00	0.000000e+00	
480	1.700000e-07	0.000000e+00	0.000000e+00	0.000000e+00	
481	1.700100e-07	0.000000e+00	0.000000e+00	0.000000e+00	
482	1.700300e-07	0.000000e+00	0.000000e+00	0.000000e+00	
483	1.700700e-07	0.000000e+00	0.000000e+00	0.000000e+00	
484	1.701000e-07	0.000000e+00	0.000000e+00	0.000000e+00	
485	1.701080e-07	0.000000e+00	0.000000e+00	0.000000e+00	
486	1.701240e-07	0.000000e+00	0.000000e+00	0.000000e+00	
487	1.701560e-07	0.000000e+00	0.000000e+00	0.000000e+00	
488	1.702200e-07	0.000000e+00	0.000000e+00	0.000000e+00	
489	1.703480e-07	0.000000e+00	0.000000e+00	0.000000e+00	
490	1.706040e-07	0.000000e+00	0.000000e+00	0.000000e+00	
491	1.711160e-07	0.000000e+00	0.000000e+00	0.000000e+00	
492	1.721400e-07	0.000000e+00	0.000000e+00	0.000000e+00	
493	1.741880e-07	0.000000e+00	0.000000e+00	0.000000e+00	
494	1.749000e-07	0.000000e+00	0.000000e+00	0.000000e+00	
495	1.749100e-07	0.000000e+00	0.000000e+00	0.000000e+00	
496	1.749300e-07	0.000000e+00	0.000000e+00	0.000000e+00	
497	1.749700e-07	0.000000e+00	0.000000e+00	0.000000e+00	
498	1.750000e-07	0.000000e+00	0.000000e+00	0.000000e+00	
499	1.750080e-07	0.000000e+00	0.000000e+00	0.000000e+00	
500	1.750240e-07	0.000000e+00	0.000000e+00	0.000000e+00	
501	1.750560e-07	0.000000e+00	0.000000e+00	0.000000e+00	
502	1.751200e-07	0.000000e+00	0.000000e+00	0.000000e+00	
503	1.752480e-07	0.000000e+00	0.000000e+00	0.000000e+00	
504	1.755040e-07	0.000000e+00	0.000000e+00	0.000000e+00	
505	1.760160e-07	0.000000e+00	0.000000e+00	0.000000e+00	
506	1.770400e-07	0.000000e+00	0.000000e+00	0.000000e+00	
507	1.790880e-07	0.000000e+00	0.000000e+00	0.000000e+00	
508	1.800000e-07	0.000000e+00	0.000000e+00	0.000000e+00	
509	1.800100e-07	0.000000e+00	0.000000e+00	0.000000e+00	
510	1.800300e-07	0.000000e+00	0.000000e+00	0.000000e+00	
511	1.800700e-07	0.000000e+00	0.000000e+00	0.000000e+00	
512	1.801000e-07	0.000000e+00	0.000000e+00	0.000000e+00	
513	1.801080e-07	0.000000e+00	0.000000e+00	0.000000e+00	
514	1.801240e-07	0.000000e+00	0.000000e+00	0.000000e+00	
515	1.801560e-07	0.000000e+00	0.000000e+00	0.000000e+00	
516	1.802200e-07	0.000000e+00	0.000000e+00	0.000000e+00	
517	1.803480e-07	0.000000e+00	0.000000e+00	0.000000e+00	
518	1.806040e-07	0.000000e+00	0.000000e+00	0.000000e+00	

Index   time            a1#branch_1_0   a1#branch_1_1   a1#branch_1_2   
--------------------------------------------------------------------------------
519	1.811160e-07	0.000000e+00	0.000000e+00	0.000000e+00	
520	1.821400e-07	0.000000e+00	0.000000e+00	0.000000e+00	
521	1.841880e-07	0.000000e+00	0.000000e+00	0.000000e+00	
522	1.849000e-07	0.000000e+00	0.000000e+00	0.000000e+00	
523	1.849100e-07	0.000000e+00	0.000000e+00	0.000000e+00	
524	1.849300e-07	0.000000e+00	0.000000e+00	0.000000e+00	
525	1.849700e-07	0.000000e+00	0.000000e+00	0.000000e+00	
526	1.850000e-07	0.000000e+00	0.000000e+00	0.000000e+00	
527	1.850080e-07	0.000000e+00	0.000000e+00	0.000000e+00	
528	1.850240e-07	0.000000e+00	0.000000e+00	0.000000e+00	
529	1.850560e-07	0.000000e+00	0.000000e+00	0.000000e+00	
530	1.851200e-07	0.000000e+00	0.000000e+00	0.000000e+00	
531	1.852480e-07	0.000000e+00	0.000000e+00	0.000000e+00	
532	1.855040e-07	0.000000e+00	0.000000e+00	0.000000e+00	
533	1.860160e-07	0.000000e+00	0.000000e+00	0.000000e+00	
534	1.870400e-07	0.000000e+00	0.000000e+00	0.000000e+00	
535	1.890880e-07	0.000000e+00	0.000000e+00	0.000000e+00	
536	1.900000e-07	0.000000e+00	0.000000e+00	0.000000e+00	
537	1.900100e-07	0.000000e+00	0.000000e+00	0.000000e+00	
538	1.900300e-07	0.000000e+00	0.000000e+00	0.000000e+00	
539	1.900700e-07	0.000000e+00	0.000000e+00	0.000000e+00	
540	1.901000e-07	0.000000e+00	0.000000e+00	0.000000e+00	
541	1.901080e-07	0.000000e+00	0.000000e+00	0.000000e+00	
542	1.901240e-07	0.000000e+00	0.000000e+00	0.000000e+00	
543	1.901560e-07	0.000000e+00	0.000000e+00	0.000000e+00	
544	1.902200e-07	0.000000e+00	0.000000e+00	0.000000e+00	
545	1.903480e-07	0.000000e+00	0.000000e+00	0.000000e+00	
546	1.906040e-07	0.000000e+00	0.000000e+00	0.000000e+00	
547	1.911160e-07	0.000000e+00	0.000000e+00	0.000000e+00	
548	1.921400e-07	0.000000e+00	0.000000e+00	0.000000e+00	
549	1.941880e-07	0.000000e+00	0.000000e+00	0.000000e+00	
550	1.949000e-07	0.000000e+00	0.000000e+00	0.000000e+00	
551	1.949100e-07	0.000000e+00	0.000000e+00	0.000000e+00	
552	1.949300e-07	0.000000e+00	0.000000e+00	0.000000e+00	
553	1.949700e-07	0.000000e+00	0.000000e+00	0.000000e+00	
554	1.950000e-07	0.000000e+00	0.000000e+00	0.000000e+00	
555	1.950080e-07	0.000000e+00	0.000000e+00	0.000000e+00	
556	1.950240e-07	0.000000e+00	0.000000e+00	0.000000e+00	
557	1.950560e-07	0.000000e+00	0.000000e+00	0.000000e+00	
558	1.951200e-07	0.000000e+00	0.000000e+00	0.000000e+00	
559	1.952480e-07	0.000000e+00	0.000000e+00	0.000000e+00	
560	1.955040e-07	0.000000e+00	0.000000e+00	0.000000e+00	
561	1.960160e-07	0.000000e+00	0.000000e+00	0.000000e+00	
562	1.970400e-07	0.000000e+00	0.000000e+00	0.000000e+00	
563	1.990880e-07	0.000000e+00	0.000000e+00	0.000000e+00	
564	2.000000e-07	0.000000e+00	0.000000e+00	0.000000e+00	
565	2.000100e-07	0.000000e+00	0.000000e+00	0.000000e+00	
566	2.000300e-07	0.000000e+00	0.000000e+00	0.000000e+00	
567	2.000700e-07	0.000000e+00	0.000000e+00	0.000000e+00	
568	2.001000e-07	0.000000e+00	0.000000e+00	0.000000e+00	
569	2.001080e-07	0.000000e+00	0.000000e+00	0.000000e+00	
570	2.001240e-07	0.000000e+00	0.000000e+00	0.000000e+00	
571	2.001560e-07	0.000000e+00	0.000000e+00	0.000000e+00	
572	2.002200e-07	0.000000e+00	0.000000e+00	0.000000e+00	
573	2.003480e-07	0.000000e+00	0.000000e+00	0.000000e+00	
574	2.006040e-07	0.000000e+00	0.000000e+00	0.000000e+00	
575	2.011160e-07	0.000000e+00	0.000000e+00	0.000000e+00	
576	2.021400e-07	0.000000e+00	0.000000e+00	0.000000e+00	

Index   time            a1#branch_1_0   a1#branch_1_1   a1#branch_1_2   
--------------------------------------------------------------------------------
577	2.041880e-07	0.000000e+00	0.000000e+00	0.000000e+00	
578	2.049000e-07	0.000000e+00	0.000000e+00	0.000000e+00	
579	2.049100e-07	0.000000e+00	0.000000e+00	0.000000e+00	
580	2.049300e-07	0.000000e+00	0.000000e+00	0.000000e+00	
581	2.049700e-07	0.000000e+00	0.000000e+00	0.000000e+00	
582	2.050000e-07	0.000000e+00	0.000000e+00	0.000000e+00	
583	2.050080e-07	0.000000e+00	0.000000e+00	0.000000e+00	
584	2.050240e-07	0.000000e+00	0.000000e+00	0.000000e+00	
585	2.050560e-07	0.000000e+00	0.000000e+00	0.000000e+00	
586	2.051200e-07	0.000000e+00	0.000000e+00	0.000000e+00	
587	2.052480e-07	0.000000e+00	0.000000e+00	0.000000e+00	
588	2.055040e-07	0.000000e+00	0.000000e+00	0.000000e+00	
589	2.060160e-07	0.000000e+00	0.000000e+00	0.000000e+00	
590	2.070400e-07	0.000000e+00	0.000000e+00	0.000000e+00	
591	2.090880e-07	0.000000e+00	0.000000e+00	0.000000e+00	
592	2.100000e-07	0.000000e+00	0.000000e+00	0.000000e+00	
593	2.100100e-07	0.000000e+00	0.000000e+00	0.000000e+00	
594	2.100300e-07	0.000000e+00	0.000000e+00	0.000000e+00	
595	2.100700e-07	0.000000e+00	0.000000e+00	0.000000e+00	
596	2.101000e-07	0.000000e+00	0.000000e+00	0.000000e+00	
597	2.101080e-07	0.000000e+00	0.000000e+00	0.000000e+00	
598	2.101240e-07	0.000000e+00	0.000000e+00	0.000000e+00	
599	2.101560e-07	0.000000e+00	0.000000e+00	0.000000e+00	
600	2.102200e-07	0.000000e+00	0.000000e+00	0.000000e+00	
601	2.103480e-07	0.000000e+00	0.000000e+00	0.000000e+00	
602	2.106040e-07	0.000000e+00	0.000000e+00	0.000000e+00	
603	2.111160e-07	0.000000e+00	0.000000e+00	0.000000e+00	
604	2.121400e-07	0.000000e+00	0.000000e+00	0.000000e+00	
605	2.141880e-07	0.000000e+00	0.000000e+00	0.000000e+00	
606	2.149000e-07	0.000000e+00	0.000000e+00	0.000000e+00	
607	2.149100e-07	0.000000e+00	0.000000e+00	0.000000e+00	
608	2.149300e-07	0.000000e+00	0.000000e+00	0.000000e+00	
609	2.149700e-07	0.000000e+00	0.000000e+00	0.000000e+00	
610	2.150000e-07	0.000000e+00	0.000000e+00	0.000000e+00	
611	2.150080e-07	0.000000e+00	0.000000e+00	0.000000e+00	
612	2.150240e-07	0.000000e+00	0.000000e+00	0.000000e+00	
613	2.150560e-07	0.000000e+00	0.000000e+00	0.000000e+00	
614	2.151200e-07	0.000000e+00	0.000000e+00	0.000000e+00	
615	2.152480e-07	0.000000e+00	0.000000e+00	0.000000e+00	
616	2.155040e-07	0.000000e+00	0.000000e+00	0.000000e+00	
617	2.160160e-07	0.000000e+00	0.000000e+00	0.000000e+00	
618	2.170400e-07	0.000000e+00	0.000000e+00	0.000000e+00	
619	2.190880e-07	0.000000e+00	0.000000e+00	0.000000e+00	
620	2.200000e-07	0.000000e+00	0.000000e+00	0.000000e+00	
621	2.200100e-07	0.000000e+00	0.000000e+00	0.000000e+00	
622	2.200300e-07	0.000000e+00	0.000000e+00	0.000000e+00	
623	2.200700e-07	0.000000e+00	0.000000e+00	0.000000e+00	
624	2.201000e-07	0.000000e+00	0.000000e+00	0.000000e+00	
625	2.201080e-07	0.000000e+00	0.000000e+00	0.000000e+00	
626	2.201240e-07	0.000000e+00	0.000000e+00	0.000000e+00	
627	2.201560e-07	0.000000e+00	0.000000e+00	0.000000e+00	
628	2.202200e-07	0.000000e+00	0.000000e+00	0.000000e+00	
629	2.203480e-07	0.000000e+00	0.000000e+00	0.000000e+00	
630	2.206040e-07	0.000000e+00	0.000000e+00	0.000000e+00	
631	2.211160e-07	0.000000e+00	0.000000e+00	0.000000e+00	
632	2.221400e-07	0.000000e+00	0.000000e+00	0.000000e+00	
633	2.241880e-07	0.000000e+00	0.000000e+00	0.000000e+00	
634	2.249000e-07	0.000000e+00	0.000000e+00	0.000000e+00	

Index   time            a1#branch_1_0   a1#branch_1_1   a1#branch_1_2   
--------------------------------------------------------------------------------
635	2.249100e-07	0.000000e+00	0.000000e+00	0.000000e+00	
636	2.249300e-07	0.000000e+00	0.000000e+00	0.000000e+00	
637	2.249700e-07	0.000000e+00	0.000000e+00	0.000000e+00	
638	2.250000e-07	0.000000e+00	0.000000e+00	0.000000e+00	
639	2.250080e-07	0.000000e+00	0.000000e+00	0.000000e+00	
640	2.250240e-07	0.000000e+00	0.000000e+00	0.000000e+00	
641	2.250560e-07	0.000000e+00	0.000000e+00	0.000000e+00	
642	2.251200e-07	0.000000e+00	0.000000e+00	0.000000e+00	
643	2.252480e-07	0.000000e+00	0.000000e+00	0.000000e+00	
644	2.255040e-07	0.000000e+00	0.000000e+00	0.000000e+00	
645	2.260160e-07	0.000000e+00	0.000000e+00	0.000000e+00	
646	2.270400e-07	0.000000e+00	0.000000e+00	0.000000e+00	
647	2.290880e-07	0.000000e+00	0.000000e+00	0.000000e+00	
648	2.300000e-07	0.000000e+00	0.000000e+00	0.000000e+00	
649	2.300100e-07	0.000000e+00	0.000000e+00	0.000000e+00	
650	2.300300e-07	0.000000e+00	0.000000e+00	0.000000e+00	
651	2.300700e-07	0.000000e+00	0.000000e+00	0.000000e+00	
652	2.301000e-07	0.000000e+00	0.000000e+00	0.000000e+00	
653	2.301080e-07	0.000000e+00	0.000000e+00	0.000000e+00	
654	2.301240e-07	0.000000e+00	0.000000e+00	0.000000e+00	
655	2.301560e-07	0.000000e+00	0.000000e+00	0.000000e+00	
656	2.302200e-07	0.000000e+00	0.000000e+00	0.000000e+00	
657	2.303480e-07	0.000000e+00	0.000000e+00	0.000000e+00	
658	2.306040e-07	0.000000e+00	0.000000e+00	0.000000e+00	
659	2.311160e-07	0.000000e+00	0.000000e+00	0.000000e+00	
660	2.321400e-07	0.000000e+00	0.000000e+00	0.000000e+00	
661	2.341880e-07	0.000000e+00	0.000000e+00	0.000000e+00	
662	2.349000e-07	0.000000e+00	0.000000e+00	0.000000e+00	
663	2.349100e-07	0.000000e+00	0.000000e+00	0.000000e+00	
664	2.349300e-07	0.000000e+00	0.000000e+00	0.000000e+00	
665	2.349700e-07	0.000000e+00	0.000000e+00	0.000000e+00	
666	2.350000e-07	0.000000e+00	0.000000e+00	0.000000e+00	
667	2.350080e-07	0.000000e+00	0.000000e+00	0.000000e+00	
668	2.350240e-07	0.000000e+00	0.000000e+00	0.000000e+00	
669	2.350560e-07	0.000000e+00	0.000000e+00	0.000000e+00	
670	2.351200e-07	0.000000e+00	0.000000e+00	0.000000e+00	
671	2.352480e-07	0.000000e+00	0.000000e+00	0.000000e+00	
672	2.355040e-07	0.000000e+00	0.000000e+00	0.000000e+00	
673	2.360160e-07	0.000000e+00	0.000000e+00	0.000000e+00	
674	2.370400e-07	0.000000e+00	0.000000e+00	0.000000e+00	
675	2.390880e-07	0.000000e+00	0.000000e+00	0.000000e+00	
676	2.400000e-07	0.000000e+00	0.000000e+00	0.000000e+00	
677	2.400100e-07	0.000000e+00	0.000000e+00	0.000000e+00	
678	2.400300e-07	0.000000e+00	0.000000e+00	0.000000e+00	
679	2.400700e-07	0.000000e+00	0.000000e+00	0.000000e+00	
680	2.401000e-07	0.000000e+00	0.000000e+00	0.000000e+00	
681	2.401080e-07	0.000000e+00	0.000000e+00	0.000000e+00	
682	2.401240e-07	0.000000e+00	0.000000e+00	0.000000e+00	
683	2.401560e-07	0.000000e+00	0.000000e+00	0.000000e+00	
684	2.402200e-07	0.000000e+00	0.000000e+00	0.000000e+00	
685	2.403480e-07	0.000000e+00	0.000000e+00	0.000000e+00	
686	2.406040e-07	0.000000e+00	0.000000e+00	0.000000e+00	
687	2.411160e-07	0.000000e+00	0.000000e+00	0.000000e+00	
688	2.421400e-07	0.000000e+00	0.000000e+00	0.000000e+00	
689	2.441880e-07	0.000000e+00	0.000000e+00	0.000000e+00	
690	2.449000e-07	0.000000e+00	0.000000e+00	0.000000e+00	
691	2.449100e-07	0.000000e+00	0.000000e+00	0.000000e+00	
692	2.449300e-07	0.000000e+00	0.000000e+00	0.000000e+00	

Index   time            a1#branch_1_0   a1#branch_1_1   a1#branch_1_2   
--------------------------------------------------------------------------------
693	2.449700e-07	0.000000e+00	0.000000e+00	0.000000e+00	
694	2.450000e-07	0.000000e+00	0.000000e+00	0.000000e+00	
695	2.450080e-07	0.000000e+00	0.000000e+00	0.000000e+00	
696	2.450240e-07	0.000000e+00	0.000000e+00	0.000000e+00	
697	2.450560e-07	0.000000e+00	0.000000e+00	0.000000e+00	
698	2.451200e-07	0.000000e+00	0.000000e+00	0.000000e+00	
699	2.452480e-07	0.000000e+00	0.000000e+00	0.000000e+00	
700	2.455040e-07	0.000000e+00	0.000000e+00	0.000000e+00	
701	2.460160e-07	0.000000e+00	0.000000e+00	0.000000e+00	
702	2.470400e-07	0.000000e+00	0.000000e+00	0.000000e+00	
703	2.490880e-07	0.000000e+00	0.000000e+00	0.000000e+00	
704	2.500000e-07	0.000000e+00	0.000000e+00	0.000000e+00	
705	2.500100e-07	0.000000e+00	0.000000e+00	0.000000e+00	
706	2.500300e-07	0.000000e+00	0.000000e+00	0.000000e+00	
707	2.500700e-07	0.000000e+00	0.000000e+00	0.000000e+00	
708	2.501000e-07	0.000000e+00	0.000000e+00	0.000000e+00	
709	2.501080e-07	0.000000e+00	0.000000e+00	0.000000e+00	
710	2.501240e-07	0.000000e+00	0.000000e+00	0.000000e+00	
711	2.501560e-07	0.000000e+00	0.000000e+00	0.000000e+00	
712	2.502200e-07	0.000000e+00	0.000000e+00	0.000000e+00	
713	2.502300e-07	0.000000e+00	0.000000e+00	0.000000e+00	
714	2.502400e-07	0.000000e+00	0.000000e+00	0.000000e+00	
715	2.502600e-07	0.000000e+00	0.000000e+00	0.000000e+00	
716	2.503000e-07	0.000000e+00	0.000000e+00	0.000000e+00	
717	2.503300e-07	0.000000e+00	0.000000e+00	0.000000e+00	
718	2.503380e-07	0.000000e+00	0.000000e+00	0.000000e+00	
719	2.503540e-07	0.000000e+00	0.000000e+00	0.000000e+00	
720	2.503860e-07	0.000000e+00	0.000000e+00	0.000000e+00	
721	2.504500e-07	0.000000e+00	0.000000e+00	0.000000e+00	
722	2.505780e-07	0.000000e+00	0.000000e+00	0.000000e+00	
723	2.508340e-07	0.000000e+00	0.000000e+00	0.000000e+00	
724	2.513460e-07	0.000000e+00	0.000000e+00	0.000000e+00	
725	2.523700e-07	0.000000e+00	0.000000e+00	0.000000e+00	
726	2.544180e-07	0.000000e+00	0.000000e+00	0.000000e+00	
727	2.549000e-07	0.000000e+00	0.000000e+00	0.000000e+00	
728	2.549100e-07	0.000000e+00	0.000000e+00	0.000000e+00	
729	2.549300e-07	0.000000e+00	0.000000e+00	0.000000e+00	
730	2.549700e-07	0.000000e+00	0.000000e+00	0.000000e+00	
731	2.550000e-07	0.000000e+00	0.000000e+00	0.000000e+00	
732	2.550080e-07	0.000000e+00	0.000000e+00	0.000000e+00	
733	2.550240e-07	0.000000e+00	0.000000e+00	0.000000e+00	
734	2.550560e-07	0.000000e+00	0.000000e+00	0.000000e+00	
735	2.551200e-07	0.000000e+00	0.000000e+00	0.000000e+00	
736	2.552480e-07	0.000000e+00	0.000000e+00	0.000000e+00	
737	2.555040e-07	0.000000e+00	0.000000e+00	0.000000e+00	
738	2.560160e-07	0.000000e+00	0.000000e+00	0.000000e+00	
739	2.570400e-07	0.000000e+00	0.000000e+00	0.000000e+00	
740	2.590880e-07	0.000000e+00	0.000000e+00	0.000000e+00	
741	2.600000e-07	0.000000e+00	0.000000e+00	0.000000e+00	
742	2.600100e-07	0.000000e+00	0.000000e+00	0.000000e+00	
743	2.600300e-07	0.000000e+00	0.000000e+00	0.000000e+00	
744	2.600700e-07	0.000000e+00	0.000000e+00	0.000000e+00	
745	2.601000e-07	0.000000e+00	0.000000e+00	0.000000e+00	
746	2.601080e-07	0.000000e+00	0.000000e+00	0.000000e+00	
747	2.601240e-07	0.000000e+00	0.000000e+00	0.000000e+00	
748	2.601560e-07	0.000000e+00	0.000000e+00	0.000000e+00	
749	2.602200e-07	0.000000e+00	0.000000e+00	0.000000e+00	
750	2.602300e-07	0.000000e+00	0.000000e+00	0.000000e+00	

Index   time            a1#branch_1_0   a1#branch_1_1   a1#branch_1_2   
--------------------------------------------------------------------------------
751	2.602400e-07	0.000000e+00	0.000000e+00	0.000000e+00	
752	2.602600e-07	0.000000e+00	0.000000e+00	0.000000e+00	
753	2.603000e-07	0.000000e+00	0.000000e+00	0.000000e+00	
754	2.603300e-07	0.000000e+00	0.000000e+00	0.000000e+00	
755	2.603380e-07	0.000000e+00	0.000000e+00	0.000000e+00	
756	2.603540e-07	0.000000e+00	0.000000e+00	0.000000e+00	
757	2.603860e-07	0.000000e+00	0.000000e+00	0.000000e+00	
758	2.604500e-07	0.000000e+00	0.000000e+00	0.000000e+00	
759	2.605780e-07	0.000000e+00	0.000000e+00	0.000000e+00	
760	2.608340e-07	0.000000e+00	0.000000e+00	0.000000e+00	
761	2.613460e-07	0.000000e+00	0.000000e+00	0.000000e+00	
762	2.623700e-07	0.000000e+00	0.000000e+00	0.000000e+00	
763	2.644180e-07	0.000000e+00	0.000000e+00	0.000000e+00	
764	2.649000e-07	0.000000e+00	0.000000e+00	0.000000e+00	
765	2.649100e-07	0.000000e+00	0.000000e+00	0.000000e+00	
766	2.649300e-07	0.000000e+00	0.000000e+00	0.000000e+00	
767	2.649700e-07	0.000000e+00	0.000000e+00	0.000000e+00	
768	2.650000e-07	0.000000e+00	0.000000e+00	0.000000e+00	
769	2.650080e-07	0.000000e+00	0.000000e+00	0.000000e+00	
770	2.650240e-07	0.000000e+00	0.000000e+00	0.000000e+00	
771	2.650560e-07	0.000000e+00	0.000000e+00	0.000000e+00	
772	2.651200e-07	0.000000e+00	0.000000e+00	0.000000e+00	
773	2.652480e-07	0.000000e+00	0.000000e+00	0.000000e+00	
774	2.655040e-07	0.000000e+00	0.000000e+00	0.000000e+00	
775	2.660160e-07	0.000000e+00	0.000000e+00	0.000000e+00	
776	2.670400e-07	0.000000e+00	0.000000e+00	0.000000e+00	
777	2.690880e-07	0.000000e+00	0.000000e+00	0.000000e+00	
778	2.700000e-07	0.000000e+00	0.000000e+00	0.000000e+00	
779	2.700100e-07	0.000000e+00	0.000000e+00	0.000000e+00	
780	2.700300e-07	0.000000e+00	0.000000e+00	0.000000e+00	
781	2.700700e-07	0.000000e+00	0.000000e+00	0.000000e+00	
782	2.701000e-07	0.000000e+00	0.000000e+00	0.000000e+00	
783	2.701080e-07	0.000000e+00	0.000000e+00	0.000000e+00	
784	2.701240e-07	0.000000e+00	0.000000e+00	0.000000e+00	
785	2.701560e-07	0.000000e+00	0.000000e+00	0.000000e+00	
786	2.702200e-07	0.000000e+00	0.000000e+00	0.000000e+00	
787	2.703480e-07	0.000000e+00	0.000000e+00	0.000000e+00	
788	2.706040e-07	0.000000e+00	0.000000e+00	0.000000e+00	
789	2.711160e-07	0.000000e+00	0.000000e+00	0.000000e+00	
790	2.721400e-07	0.000000e+00	0.000000e+00	0.000000e+00	
791	2.741880e-07	0.000000e+00	0.000000e+00	0.000000e+00	
792	2.749000e-07	0.000000e+00	0.000000e+00	0.000000e+00	
793	2.749100e-07	0.000000e+00	0.000000e+00	0.000000e+00	
794	2.749300e-07	0.000000e+00	0.000000e+00	0.000000e+00	
795	2.749700e-07	0.000000e+00	0.000000e+00	0.000000e+00	
796	2.750000e-07	0.000000e+00	0.000000e+00	0.000000e+00	
797	2.750080e-07	0.000000e+00	0.000000e+00	0.000000e+00	
798	2.750240e-07	0.000000e+00	0.000000e+00	0.000000e+00	
799	2.750560e-07	0.000000e+00	0.000000e+00	0.000000e+00	
800	2.751200e-07	0.000000e+00	0.000000e+00	0.000000e+00	
801	2.752480e-07	0.000000e+00	0.000000e+00	0.000000e+00	
802	2.755040e-07	0.000000e+00	0.000000e+00	0.000000e+00	
803	2.760160e-07	0.000000e+00	0.000000e+00	0.000000e+00	
804	2.770400e-07	0.000000e+00	0.000000e+00	0.000000e+00	
805	2.790880e-07	0.000000e+00	0.000000e+00	0.000000e+00	
806	2.800000e-07	0.000000e+00	0.000000e+00	0.000000e+00	
807	2.800100e-07	0.000000e+00	0.000000e+00	0.000000e+00	
808	2.800300e-07	0.000000e+00	0.000000e+00	0.000000e+00	

Index   time            a1#branch_1_0   a1#branch_1_1   a1#branch_1_2   
--------------------------------------------------------------------------------
809	2.800700e-07	0.000000e+00	0.000000e+00	0.000000e+00	
810	2.801000e-07	0.000000e+00	0.000000e+00	0.000000e+00	
811	2.801080e-07	0.000000e+00	0.000000e+00	0.000000e+00	
812	2.801240e-07	0.000000e+00	0.000000e+00	0.000000e+00	
813	2.801560e-07	0.000000e+00	0.000000e+00	0.000000e+00	
814	2.802200e-07	0.000000e+00	0.000000e+00	0.000000e+00	
815	2.803480e-07	0.000000e+00	0.000000e+00	0.000000e+00	
816	2.806040e-07	0.000000e+00	0.000000e+00	0.000000e+00	
817	2.811160e-07	0.000000e+00	0.000000e+00	0.000000e+00	
818	2.821400e-07	0.000000e+00	0.000000e+00	0.000000e+00	
819	2.841880e-07	0.000000e+00	0.000000e+00	0.000000e+00	
820	2.849000e-07	0.000000e+00	0.000000e+00	0.000000e+00	
821	2.849100e-07	0.000000e+00	0.000000e+00	0.000000e+00	
822	2.849300e-07	0.000000e+00	0.000000e+00	0.000000e+00	
823	2.849700e-07	0.000000e+00	0.000000e+00	0.000000e+00	
824	2.850000e-07	0.000000e+00	0.000000e+00	0.000000e+00	
825	2.850080e-07	0.000000e+00	0.000000e+00	0.000000e+00	
826	2.850240e-07	0.000000e+00	0.000000e+00	0.000000e+00	
827	2.850560e-07	0.000000e+00	0.000000e+00	0.000000e+00	
828	2.851200e-07	0.000000e+00	0.000000e+00	0.000000e+00	
829	2.852480e-07	0.000000e+00	0.000000e+00	0.000000e+00	
830	2.855040e-07	0.000000e+00	0.000000e+00	0.000000e+00	
831	2.860160e-07	0.000000e+00	0.000000e+00	0.000000e+00	
832	2.870400e-07	0.000000e+00	0.000000e+00	0.000000e+00	
833	2.890880e-07	0.000000e+00	0.000000e+00	0.000000e+00	
834	2.900000e-07	0.000000e+00	0.000000e+00	0.000000e+00	
835	2.900100e-07	0.000000e+00	0.000000e+00	0.000000e+00	
836	2.900300e-07	0.000000e+00	0.000000e+00	0.000000e+00	
837	2.900700e-07	0.000000e+00	0.000000e+00	0.000000e+00	
838	2.901000e-07	0.000000e+00	0.000000e+00	0.000000e+00	
839	2.901080e-07	0.000000e+00	0.000000e+00	0.000000e+00	
840	2.901240e-07	0.000000e+00	0.000000e+00	0.000000e+00	
841	2.901560e-07	0.000000e+00	0.000000e+00	0.000000e+00	
842	2.902200e-07	0.000000e+00	0.000000e+00	0.000000e+00	
843	2.903480e-07	0.000000e+00	0.000000e+00	0.000000e+00	
844	2.906040e-07	0.000000e+00	0.000000e+00	0.000000e+00	
845	2.911160e-07	0.000000e+00	0.000000e+00	0.000000e+00	
846	2.921400e-07	0.000000e+00	0.000000e+00	0.000000e+00	
847	2.941880e-07	0.000000e+00	0.000000e+00	0.000000e+00	
848	2.949000e-07	0.000000e+00	0.000000e+00	0.000000e+00	
849	2.949100e-07	0.000000e+00	0.000000e+00	0.000000e+00	
850	2.949300e-07	0.000000e+00	0.000000e+00	0.000000e+00	
851	2.949700e-07	0.000000e+00	0.000000e+00	0.000000e+00	
852	2.950000e-07	0.000000e+00	0.000000e+00	0.000000e+00	
853	2.950080e-07	0.000000e+00	0.000000e+00	0.000000e+00	
854	2.950240e-07	0.000000e+00	0.000000e+00	0.000000e+00	
855	2.950560e-07	0.000000e+00	0.000000e+00	0.000000e+00	
856	2.951200e-07	0.000000e+00	0.000000e+00	0.000000e+00	
857	2.952480e-07	0.000000e+00	0.000000e+00	0.000000e+00	
858	2.955040e-07	0.000000e+00	0.000000e+00	0.000000e+00	
859	2.960160e-07	0.000000e+00	0.000000e+00	0.000000e+00	
860	2.970400e-07	0.000000e+00	0.000000e+00	0.000000e+00	
861	2.990880e-07	0.000000e+00	0.000000e+00	0.000000e+00	
862	3.000000e-07	0.000000e+00	0.000000e+00	0.000000e+00	
863	3.000100e-07	0.000000e+00	0.000000e+00	0.000000e+00	
864	3.000300e-07	0.000000e+00	0.000000e+00	0.000000e+00	
865	3.000700e-07	0.000000e+00	0.000000e+00	0.000000e+00	
866	3.001000e-07	0.000000e+00	0.000000e+00	0.000000e+00	

Index   time            a1#branch_1_0   a1#branch_1_1   a1#branch_1_2   
--------------------------------------------------------------------------------
867	3.001080e-07	0.000000e+00	0.000000e+00	0.000000e+00	
868	3.001240e-07	0.000000e+00	0.000000e+00	0.000000e+00	
869	3.001560e-07	0.000000e+00	0.000000e+00	0.000000e+00	
870	3.002200e-07	0.000000e+00	0.000000e+00	0.000000e+00	
871	3.003480e-07	0.000000e+00	0.000000e+00	0.000000e+00	
872	3.006040e-07	0.000000e+00	0.000000e+00	0.000000e+00	
873	3.011160e-07	0.000000e+00	0.000000e+00	0.000000e+00	
874	3.021400e-07	0.000000e+00	0.000000e+00	0.000000e+00	
875	3.041880e-07	0.000000e+00	0.000000e+00	0.000000e+00	
876	3.049000e-07	0.000000e+00	0.000000e+00	0.000000e+00	
877	3.049100e-07	0.000000e+00	0.000000e+00	0.000000e+00	
878	3.049300e-07	0.000000e+00	0.000000e+00	0.000000e+00	
879	3.049700e-07	0.000000e+00	0.000000e+00	0.000000e+00	
880	3.050000e-07	0.000000e+00	0.000000e+00	0.000000e+00	
881	3.050080e-07	0.000000e+00	0.000000e+00	0.000000e+00	
882	3.050240e-07	0.000000e+00	0.000000e+00	0.000000e+00	
883	3.050560e-07	0.000000e+00	0.000000e+00	0.000000e+00	
884	3.051200e-07	0.000000e+00	0.000000e+00	0.000000e+00	
885	3.052480e-07	0.000000e+00	0.000000e+00	0.000000e+00	
886	3.055040e-07	0.000000e+00	0.000000e+00	0.000000e+00	
887	3.060160e-07	0.000000e+00	0.000000e+00	0.000000e+00	
888	3.070400e-07	0.000000e+00	0.000000e+00	0.000000e+00	
889	3.090880e-07	0.000000e+00	0.000000e+00	0.000000e+00	
890	3.100000e-07	0.000000e+00	0.000000e+00	0.000000e+00	
891	3.100100e-07	0.000000e+00	0.000000e+00	0.000000e+00	
892	3.100300e-07	0.000000e+00	0.000000e+00	0.000000e+00	
893	3.100700e-07	0.000000e+00	0.000000e+00	0.000000e+00	
894	3.101000e-07	0.000000e+00	0.000000e+00	0.000000e+00	
895	3.101080e-07	0.000000e+00	0.000000e+00	0.000000e+00	
896	3.101240e-07	0.000000e+00	0.000000e+00	0.000000e+00	
897	3.101560e-07	0.000000e+00	0.000000e+00	0.000000e+00	
898	3.102200e-07	0.000000e+00	0.000000e+00	0.000000e+00	
899	3.103480e-07	0.000000e+00	0.000000e+00	0.000000e+00	
900	3.106040e-07	0.000000e+00	0.000000e+00	0.000000e+00	
901	3.111160e-07	0.000000e+00	0.000000e+00	0.000000e+00	
902	3.121400e-07	0.000000e+00	0.000000e+00	0.000000e+00	
903	3.141880e-07	0.000000e+00	0.000000e+00	0.000000e+00	
904	3.149000e-07	0.000000e+00	0.000000e+00	0.000000e+00	
905	3.149100e-07	0.000000e+00	0.000000e+00	0.000000e+00	
906	3.149300e-07	0.000000e+00	0.000000e+00	0.000000e+00	
907	3.149700e-07	0.000000e+00	0.000000e+00	0.000000e+00	
908	3.150000e-07	0.000000e+00	0.000000e+00	0.000000e+00	
909	3.150080e-07	0.000000e+00	0.000000e+00	0.000000e+00	
910	3.150240e-07	0.000000e+00	0.000000e+00	0.000000e+00	
911	3.150560e-07	0.000000e+00	0.000000e+00	0.000000e+00	
912	3.151200e-07	0.000000e+00	0.000000e+00	0.000000e+00	
913	3.152480e-07	0.000000e+00	0.000000e+00	0.000000e+00	
914	3.155040e-07	0.000000e+00	0.000000e+00	0.000000e+00	
915	3.160160e-07	0.000000e+00	0.000000e+00	0.000000e+00	
916	3.170400e-07	0.000000e+00	0.000000e+00	0.000000e+00	
917	3.190880e-07	0.000000e+00	0.000000e+00	0.000000e+00	
918	3.200000e-07	0.000000e+00	0.000000e+00	0.000000e+00	
919	3.200100e-07	0.000000e+00	0.000000e+00	0.000000e+00	
920	3.200300e-07	0.000000e+00	0.000000e+00	0.000000e+00	
921	3.200700e-07	0.000000e+00	0.000000e+00	0.000000e+00	
922	3.201000e-07	0.000000e+00	0.000000e+00	0.000000e+00	
923	3.201080e-07	0.000000e+00	0.000000e+00	0.000000e+00	
924	3.201240e-07	0.000000e+00	0.000000e+00	0.000000e+00	

Index   time            a1#branch_1_0   a1#branch_1_1   a1#branch_1_2   
--------------------------------------------------------------------------------
925	3.201560e-07	0.000000e+00	0.000000e+00	0.000000e+00	
926	3.202200e-07	0.000000e+00	0.000000e+00	0.000000e+00	
927	3.203480e-07	0.000000e+00	0.000000e+00	0.000000e+00	
928	3.206040e-07	0.000000e+00	0.000000e+00	0.000000e+00	
929	3.211160e-07	0.000000e+00	0.000000e+00	0.000000e+00	
930	3.221400e-07	0.000000e+00	0.000000e+00	0.000000e+00	
931	3.241880e-07	0.000000e+00	0.000000e+00	0.000000e+00	
932	3.249000e-07	0.000000e+00	0.000000e+00	0.000000e+00	
933	3.249100e-07	0.000000e+00	0.000000e+00	0.000000e+00	
934	3.249300e-07	0.000000e+00	0.000000e+00	0.000000e+00	
935	3.249700e-07	0.000000e+00	0.000000e+00	0.000000e+00	
936	3.250000e-07	0.000000e+00	0.000000e+00	0.000000e+00	
937	3.250080e-07	0.000000e+00	0.000000e+00	0.000000e+00	
938	3.250240e-07	0.000000e+00	0.000000e+00	0.000000e+00	
939	3.250560e-07	0.000000e+00	0.000000e+00	0.000000e+00	
940	3.251200e-07	0.000000e+00	0.000000e+00	0.000000e+00	
941	3.252480e-07	0.000000e+00	0.000000e+00	0.000000e+00	
942	3.255040e-07	0.000000e+00	0.000000e+00	0.000000e+00	
943	3.260160e-07	0.000000e+00	0.000000e+00	0.000000e+00	
944	3.270400e-07	0.000000e+00	0.000000e+00	0.000000e+00	
945	3.290880e-07	0.000000e+00	0.000000e+00	0.000000e+00	
946	3.300000e-07	0.000000e+00	0.000000e+00	0.000000e+00	
947	3.300100e-07	0.000000e+00	0.000000e+00	0.000000e+00	
948	3.300300e-07	0.000000e+00	0.000000e+00	0.000000e+00	
949	3.300700e-07	0.000000e+00	0.000000e+00	0.000000e+00	
950	3.301000e-07	0.000000e+00	0.000000e+00	0.000000e+00	
951	3.301080e-07	0.000000e+00	0.000000e+00	0.000000e+00	
952	3.301240e-07	0.000000e+00	0.000000e+00	0.000000e+00	
953	3.301560e-07	0.000000e+00	0.000000e+00	0.000000e+00	
954	3.302200e-07	0.000000e+00	0.000000e+00	0.000000e+00	
955	3.303480e-07	0.000000e+00	0.000000e+00	0.000000e+00	
956	3.306040e-07	0.000000e+00	0.000000e+00	0.000000e+00	
957	3.311160e-07	0.000000e+00	0.000000e+00	0.000000e+00	
958	3.321400e-07	0.000000e+00	0.000000e+00	0.000000e+00	
959	3.341880e-07	0.000000e+00	0.000000e+00	0.000000e+00	
960	3.349000e-07	0.000000e+00	0.000000e+00	0.000000e+00	
961	3.349100e-07	0.000000e+00	0.000000e+00	0.000000e+00	
962	3.349300e-07	0.000000e+00	0.000000e+00	0.000000e+00	
963	3.349700e-07	0.000000e+00	0.000000e+00	0.000000e+00	
964	3.350000e-07	0.000000e+00	0.000000e+00	0.000000e+00	
965	3.350080e-07	0.000000e+00	0.000000e+00	0.000000e+00	
966	3.350240e-07	0.000000e+00	0.000000e+00	0.000000e+00	
967	3.350560e-07	0.000000e+00	0.000000e+00	0.000000e+00	
968	3.351200e-07	0.000000e+00	0.000000e+00	0.000000e+00	
969	3.352480e-07	0.000000e+00	0.000000e+00	0.000000e+00	
970	3.355040e-07	0.000000e+00	0.000000e+00	0.000000e+00	
971	3.360160e-07	0.000000e+00	0.000000e+00	0.000000e+00	
972	3.370400e-07	0.000000e+00	0.000000e+00	0.000000e+00	
973	3.390880e-07	0.000000e+00	0.000000e+00	0.000000e+00	
974	3.400000e-07	0.000000e+00	0.000000e+00	0.000000e+00	
975	3.400100e-07	0.000000e+00	0.000000e+00	0.000000e+00	
976	3.400300e-07	0.000000e+00	0.000000e+00	0.000000e+00	
977	3.400700e-07	0.000000e+00	0.000000e+00	0.000000e+00	
978	3.401000e-07	0.000000e+00	0.000000e+00	0.000000e+00	
979	3.401080e-07	0.000000e+00	0.000000e+00	0.000000e+00	
980	3.401240e-07	0.000000e+00	0.000000e+00	0.000000e+00	
981	3.401560e-07	0.000000e+00	0.000000e+00	0.000000e+00	
982	3.402200e-07	0.000000e+00	0.000000e+00	0.000000e+00	

Index   time            a1#branch_1_0   a1#branch_1_1   a1#branch_1_2   
--------------------------------------------------------------------------------
983	3.403480e-07	0.000000e+00	0.000000e+00	0.000000e+00	
984	3.406040e-07	0.000000e+00	0.000000e+00	0.000000e+00	
985	3.411160e-07	0.000000e+00	0.000000e+00	0.000000e+00	
986	3.421400e-07	0.000000e+00	0.000000e+00	0.000000e+00	
987	3.441880e-07	0.000000e+00	0.000000e+00	0.000000e+00	
988	3.449000e-07	0.000000e+00	0.000000e+00	0.000000e+00	
989	3.449100e-07	0.000000e+00	0.000000e+00	0.000000e+00	
990	3.449300e-07	0.000000e+00	0.000000e+00	0.000000e+00	
991	3.449700e-07	0.000000e+00	0.000000e+00	0.000000e+00	
992	3.450000e-07	0.000000e+00	0.000000e+00	0.000000e+00	
993	3.450080e-07	0.000000e+00	0.000000e+00	0.000000e+00	
994	3.450240e-07	0.000000e+00	0.000000e+00	0.000000e+00	
995	3.450560e-07	0.000000e+00	0.000000e+00	0.000000e+00	
996	3.451200e-07	0.000000e+00	0.000000e+00	0.000000e+00	
997	3.452480e-07	0.000000e+00	0.000000e+00	0.000000e+00	
998	3.455040e-07	0.000000e+00	0.000000e+00	0.000000e+00	
999	3.460160e-07	0.000000e+00	0.000000e+00	0.000000e+00	
1000	3.470400e-07	0.000000e+00	0.000000e+00	0.000000e+00	
1001	3.490880e-07	0.000000e+00	0.000000e+00	0.000000e+00	
1002	3.500000e-07	0.000000e+00	0.000000e+00	0.000000e+00	
1003	3.500100e-07	0.000000e+00	0.000000e+00	0.000000e+00	
1004	3.500300e-07	0.000000e+00	0.000000e+00	0.000000e+00	
1005	3.500700e-07	0.000000e+00	0.000000e+00	0.000000e+00	
1006	3.501000e-07	0.000000e+00	0.000000e+00	0.000000e+00	
1007	3.501080e-07	0.000000e+00	0.000000e+00	0.000000e+00	
1008	3.501240e-07	0.000000e+00	0.000000e+00	0.000000e+00	
1009	3.501560e-07	0.000000e+00	0.000000e+00	0.000000e+00	
1010	3.502200e-07	0.000000e+00	0.000000e+00	0.000000e+00	
1011	3.503480e-07	0.000000e+00	0.000000e+00	0.000000e+00	
1012	3.506040e-07	0.000000e+00	0.000000e+00	0.000000e+00	
1013	3.511160e-07	0.000000e+00	0.000000e+00	0.000000e+00	
1014	3.521400e-07	0.000000e+00	0.000000e+00	0.000000e+00	
1015	3.541880e-07	0.000000e+00	0.000000e+00	0.000000e+00	
1016	3.549000e-07	0.000000e+00	0.000000e+00	0.000000e+00	
1017	3.549100e-07	0.000000e+00	0.000000e+00	0.000000e+00	
1018	3.549300e-07	0.000000e+00	0.000000e+00	0.000000e+00	
1019	3.549700e-07	0.000000e+00	0.000000e+00	0.000000e+00	
1020	3.550000e-07	0.000000e+00	0.000000e+00	0.000000e+00	
1021	3.550080e-07	0.000000e+00	0.000000e+00	0.000000e+00	
1022	3.550240e-07	0.000000e+00	0.000000e+00	0.000000e+00	
1023	3.550560e-07	0.000000e+00	0.000000e+00	0.000000e+00	
1024	3.551200e-07	0.000000e+00	0.000000e+00	0.000000e+00	
1025	3.552480e-07	0.000000e+00	0.000000e+00	0.000000e+00	
1026	3.555040e-07	0.000000e+00	0.000000e+00	0.000000e+00	
1027	3.560160e-07	0.000000e+00	0.000000e+00	0.000000e+00	
1028	3.570400e-07	0.000000e+00	0.000000e+00	0.000000e+00	
1029	3.590880e-07	0.000000e+00	0.000000e+00	0.000000e+00	
1030	3.600000e-07	0.000000e+00	0.000000e+00	0.000000e+00	
1031	3.600100e-07	0.000000e+00	0.000000e+00	0.000000e+00	
1032	3.600300e-07	0.000000e+00	0.000000e+00	0.000000e+00	
1033	3.600700e-07	0.000000e+00	0.000000e+00	0.000000e+00	
1034	3.601000e-07	0.000000e+00	0.000000e+00	0.000000e+00	
1035	3.601080e-07	0.000000e+00	0.000000e+00	0.000000e+00	
1036	3.601240e-07	0.000000e+00	0.000000e+00	0.000000e+00	
1037	3.601560e-07	0.000000e+00	0.000000e+00	0.000000e+00	
1038	3.602200e-07	0.000000e+00	0.000000e+00	0.000000e+00	
1039	3.603480e-07	0.000000e+00	0.000000e+00	0.000000e+00	
1040	3.606040e-07	0.000000e+00	0.000000e+00	0.000000e+00	

Index   time            a1#branch_1_0   a1#branch_1_1   a1#branch_1_2   
--------------------------------------------------------------------------------
1041	3.611160e-07	0.000000e+00	0.000000e+00	0.000000e+00	
1042	3.621400e-07	0.000000e+00	0.000000e+00	0.000000e+00	
1043	3.641880e-07	0.000000e+00	0.000000e+00	0.000000e+00	
1044	3.649000e-07	0.000000e+00	0.000000e+00	0.000000e+00	
1045	3.649100e-07	0.000000e+00	0.000000e+00	0.000000e+00	
1046	3.649300e-07	0.000000e+00	0.000000e+00	0.000000e+00	
1047	3.649700e-07	0.000000e+00	0.000000e+00	0.000000e+00	
1048	3.650000e-07	0.000000e+00	0.000000e+00	0.000000e+00	
1049	3.650080e-07	0.000000e+00	0.000000e+00	0.000000e+00	
1050	3.650240e-07	0.000000e+00	0.000000e+00	0.000000e+00	
1051	3.650560e-07	0.000000e+00	0.000000e+00	0.000000e+00	
1052	3.651200e-07	0.000000e+00	0.000000e+00	0.000000e+00	
1053	3.652480e-07	0.000000e+00	0.000000e+00	0.000000e+00	
1054	3.655040e-07	0.000000e+00	0.000000e+00	0.000000e+00	
1055	3.660160e-07	0.000000e+00	0.000000e+00	0.000000e+00	
1056	3.670400e-07	0.000000e+00	0.000000e+00	0.000000e+00	
1057	3.690880e-07	0.000000e+00	0.000000e+00	0.000000e+00	
1058	3.700000e-07	0.000000e+00	0.000000e+00	0.000000e+00	
1059	3.700100e-07	0.000000e+00	0.000000e+00	0.000000e+00	
1060	3.700300e-07	0.000000e+00	0.000000e+00	0.000000e+00	
1061	3.700700e-07	0.000000e+00	0.000000e+00	0.000000e+00	
1062	3.701000e-07	0.000000e+00	0.000000e+00	0.000000e+00	
1063	3.701080e-07	0.000000e+00	0.000000e+00	0.000000e+00	
1064	3.701240e-07	0.000000e+00	0.000000e+00	0.000000e+00	
1065	3.701560e-07	0.000000e+00	0.000000e+00	0.000000e+00	
1066	3.702200e-07	0.000000e+00	0.000000e+00	0.000000e+00	
1067	3.703480e-07	0.000000e+00	0.000000e+00	0.000000e+00	
1068	3.706040e-07	0.000000e+00	0.000000e+00	0.000000e+00	
1069	3.711160e-07	0.000000e+00	0.000000e+00	0.000000e+00	
1070	3.721400e-07	0.000000e+00	0.000000e+00	0.000000e+00	
1071	3.741880e-07	0.000000e+00	0.000000e+00	0.000000e+00	
1072	3.749000e-07	0.000000e+00	0.000000e+00	0.000000e+00	
1073	3.749100e-07	0.000000e+00	0.000000e+00	0.000000e+00	
1074	3.749300e-07	0.000000e+00	0.000000e+00	0.000000e+00	
1075	3.749700e-07	0.000000e+00	0.000000e+00	0.000000e+00	
1076	3.750000e-07	0.000000e+00	0.000000e+00	0.000000e+00	
1077	3.750080e-07	0.000000e+00	0.000000e+00	0.000000e+00	
1078	3.750240e-07	0.000000e+00	0.000000e+00	0.000000e+00	
1079	3.750560e-07	0.000000e+00	0.000000e+00	0.000000e+00	
1080	3.751200e-07	0.000000e+00	0.000000e+00	0.000000e+00	
1081	3.752480e-07	0.000000e+00	0.000000e+00	0.000000e+00	
1082	3.755040e-07	0.000000e+00	0.000000e+00	0.000000e+00	
1083	3.760160e-07	0.000000e+00	0.000000e+00	0.000000e+00	
1084	3.770400e-07	0.000000e+00	0.000000e+00	0.000000e+00	
1085	3.790880e-07	0.000000e+00	0.000000e+00	0.000000e+00	
1086	3.800000e-07	0.000000e+00	0.000000e+00	0.000000e+00	
1087	3.800100e-07	0.000000e+00	0.000000e+00	0.000000e+00	
1088	3.800300e-07	0.000000e+00	0.000000e+00	0.000000e+00	
1089	3.800700e-07	0.000000e+00	0.000000e+00	0.000000e+00	
1090	3.801000e-07	0.000000e+00	0.000000e+00	0.000000e+00	
1091	3.801080e-07	0.000000e+00	0.000000e+00	0.000000e+00	
1092	3.801240e-07	0.000000e+00	0.000000e+00	0.000000e+00	
1093	3.801560e-07	0.000000e+00	0.000000e+00	0.000000e+00	
1094	3.802200e-07	0.000000e+00	0.000000e+00	0.000000e+00	
1095	3.803480e-07	0.000000e+00	0.000000e+00	0.000000e+00	
1096	3.806040e-07	0.000000e+00	0.000000e+00	0.000000e+00	
1097	3.811160e-07	0.000000e+00	0.000000e+00	0.000000e+00	
1098	3.821400e-07	0.000000e+00	0.000000e+00	0.000000e+00	

Index   time            a1#branch_1_0   a1#branch_1_1   a1#branch_1_2   
--------------------------------------------------------------------------------
1099	3.841880e-07	0.000000e+00	0.000000e+00	0.000000e+00	
1100	3.849000e-07	0.000000e+00	0.000000e+00	0.000000e+00	
1101	3.849100e-07	0.000000e+00	0.000000e+00	0.000000e+00	
1102	3.849300e-07	0.000000e+00	0.000000e+00	0.000000e+00	
1103	3.849700e-07	0.000000e+00	0.000000e+00	0.000000e+00	
1104	3.850000e-07	0.000000e+00	0.000000e+00	0.000000e+00	
1105	3.850080e-07	0.000000e+00	0.000000e+00	0.000000e+00	
1106	3.850240e-07	0.000000e+00	0.000000e+00	0.000000e+00	
1107	3.850560e-07	0.000000e+00	0.000000e+00	0.000000e+00	
1108	3.851200e-07	0.000000e+00	0.000000e+00	0.000000e+00	
1109	3.852480e-07	0.000000e+00	0.000000e+00	0.000000e+00	
1110	3.855040e-07	0.000000e+00	0.000000e+00	0.000000e+00	
1111	3.860160e-07	0.000000e+00	0.000000e+00	0.000000e+00	
1112	3.870400e-07	0.000000e+00	0.000000e+00	0.000000e+00	
1113	3.890880e-07	0.000000e+00	0.000000e+00	0.000000e+00	
1114	3.900000e-07	0.000000e+00	0.000000e+00	0.000000e+00	
1115	3.900100e-07	0.000000e+00	0.000000e+00	0.000000e+00	
1116	3.900300e-07	0.000000e+00	0.000000e+00	0.000000e+00	
1117	3.900700e-07	0.000000e+00	0.000000e+00	0.000000e+00	
1118	3.901000e-07	0.000000e+00	0.000000e+00	0.000000e+00	
1119	3.901080e-07	0.000000e+00	0.000000e+00	0.000000e+00	
1120	3.901240e-07	0.000000e+00	0.000000e+00	0.000000e+00	
1121	3.901560e-07	0.000000e+00	0.000000e+00	0.000000e+00	
1122	3.902200e-07	0.000000e+00	0.000000e+00	0.000000e+00	
1123	3.903480e-07	0.000000e+00	0.000000e+00	0.000000e+00	
1124	3.906040e-07	0.000000e+00	0.000000e+00	0.000000e+00	
1125	3.911160e-07	0.000000e+00	0.000000e+00	0.000000e+00	
1126	3.921400e-07	0.000000e+00	0.000000e+00	0.000000e+00	
1127	3.941880e-07	0.000000e+00	0.000000e+00	0.000000e+00	
1128	3.949000e-07	0.000000e+00	0.000000e+00	0.000000e+00	
1129	3.949100e-07	0.000000e+00	0.000000e+00	0.000000e+00	
1130	3.949300e-07	0.000000e+00	0.000000e+00	0.000000e+00	
1131	3.949700e-07	0.000000e+00	0.000000e+00	0.000000e+00	
1132	3.950000e-07	0.000000e+00	0.000000e+00	0.000000e+00	
1133	3.950080e-07	0.000000e+00	0.000000e+00	0.000000e+00	
1134	3.950240e-07	0.000000e+00	0.000000e+00	0.000000e+00	
1135	3.950560e-07	0.000000e+00	0.000000e+00	0.000000e+00	
1136	3.951200e-07	0.000000e+00	0.000000e+00	0.000000e+00	
1137	3.952480e-07	0.000000e+00	0.000000e+00	0.000000e+00	
1138	3.955040e-07	0.000000e+00	0.000000e+00	0.000000e+00	
1139	3.960160e-07	0.000000e+00	0.000000e+00	0.000000e+00	
1140	3.970400e-07	0.000000e+00	0.000000e+00	0.000000e+00	
1141	3.990880e-07	0.000000e+00	0.000000e+00	0.000000e+00	
1142	4.000000e-07	0.000000e+00	0.000000e+00	0.000000e+00	
1143	4.000100e-07	0.000000e+00	0.000000e+00	0.000000e+00	
1144	4.000300e-07	0.000000e+00	0.000000e+00	0.000000e+00	
1145	4.000700e-07	0.000000e+00	0.000000e+00	0.000000e+00	
1146	4.001000e-07	0.000000e+00	0.000000e+00	0.000000e+00	
1147	4.001080e-07	0.000000e+00	0.000000e+00	0.000000e+00	
1148	4.001240e-07	0.000000e+00	0.000000e+00	0.000000e+00	
1149	4.001560e-07	0.000000e+00	0.000000e+00	0.000000e+00	
1150	4.002200e-07	0.000000e+00	0.000000e+00	0.000000e+00	
1151	4.003480e-07	0.000000e+00	0.000000e+00	0.000000e+00	
1152	4.006040e-07	0.000000e+00	0.000000e+00	0.000000e+00	
1153	4.011160e-07	0.000000e+00	0.000000e+00	0.000000e+00	
1154	4.021400e-07	0.000000e+00	0.000000e+00	0.000000e+00	
1155	4.041880e-07	0.000000e+00	0.000000e+00	0.000000e+00	
1156	4.049000e-07	0.000000e+00	0.000000e+00	0.000000e+00	

Index   time            a1#branch_1_0   a1#branch_1_1   a1#branch_1_2   
--------------------------------------------------------------------------------
1157	4.049100e-07	0.000000e+00	0.000000e+00	0.000000e+00	
1158	4.049300e-07	0.000000e+00	0.000000e+00	0.000000e+00	
1159	4.049700e-07	0.000000e+00	0.000000e+00	0.000000e+00	
1160	4.050000e-07	0.000000e+00	0.000000e+00	0.000000e+00	
1161	4.050080e-07	0.000000e+00	0.000000e+00	0.000000e+00	
1162	4.050240e-07	0.000000e+00	0.000000e+00	0.000000e+00	
1163	4.050560e-07	0.000000e+00	0.000000e+00	0.000000e+00	
1164	4.051200e-07	0.000000e+00	0.000000e+00	0.000000e+00	
1165	4.052480e-07	0.000000e+00	0.000000e+00	0.000000e+00	
1166	4.055040e-07	0.000000e+00	0.000000e+00	0.000000e+00	
1167	4.060160e-07	0.000000e+00	0.000000e+00	0.000000e+00	
1168	4.070400e-07	0.000000e+00	0.000000e+00	0.000000e+00	
1169	4.090880e-07	0.000000e+00	0.000000e+00	0.000000e+00	
1170	4.100000e-07	0.000000e+00	0.000000e+00	0.000000e+00	
1171	4.100100e-07	0.000000e+00	0.000000e+00	0.000000e+00	
1172	4.100300e-07	0.000000e+00	0.000000e+00	0.000000e+00	
1173	4.100700e-07	0.000000e+00	0.000000e+00	0.000000e+00	
1174	4.101000e-07	0.000000e+00	0.000000e+00	0.000000e+00	
1175	4.101080e-07	0.000000e+00	0.000000e+00	0.000000e+00	
1176	4.101240e-07	0.000000e+00	0.000000e+00	0.000000e+00	
1177	4.101560e-07	0.000000e+00	0.000000e+00	0.000000e+00	
1178	4.102200e-07	0.000000e+00	0.000000e+00	0.000000e+00	
1179	4.103480e-07	0.000000e+00	0.000000e+00	0.000000e+00	
1180	4.106040e-07	0.000000e+00	0.000000e+00	0.000000e+00	
1181	4.111160e-07	0.000000e+00	0.000000e+00	0.000000e+00	
1182	4.121400e-07	0.000000e+00	0.000000e+00	0.000000e+00	
1183	4.141880e-07	0.000000e+00	0.000000e+00	0.000000e+00	
1184	4.149000e-07	0.000000e+00	0.000000e+00	0.000000e+00	
1185	4.149100e-07	0.000000e+00	0.000000e+00	0.000000e+00	
1186	4.149300e-07	0.000000e+00	0.000000e+00	0.000000e+00	
1187	4.149700e-07	0.000000e+00	0.000000e+00	0.000000e+00	
1188	4.150000e-07	0.000000e+00	0.000000e+00	0.000000e+00	
1189	4.150080e-07	0.000000e+00	0.000000e+00	0.000000e+00	
1190	4.150240e-07	0.000000e+00	0.000000e+00	0.000000e+00	
1191	4.150560e-07	0.000000e+00	0.000000e+00	0.000000e+00	
1192	4.151200e-07	0.000000e+00	0.000000e+00	0.000000e+00	
1193	4.152480e-07	0.000000e+00	0.000000e+00	0.000000e+00	
1194	4.155040e-07	0.000000e+00	0.000000e+00	0.000000e+00	
1195	4.160160e-07	0.000000e+00	0.000000e+00	0.000000e+00	
1196	4.170400e-07	0.000000e+00	0.000000e+00	0.000000e+00	
1197	4.190880e-07	0.000000e+00	0.000000e+00	0.000000e+00	
1198	4.200000e-07	0.000000e+00	0.000000e+00	0.000000e+00	
1199	4.200100e-07	0.000000e+00	0.000000e+00	0.000000e+00	
1200	4.200300e-07	0.000000e+00	0.000000e+00	0.000000e+00	
1201	4.200700e-07	0.000000e+00	0.000000e+00	0.000000e+00	
1202	4.201000e-07	0.000000e+00	0.000000e+00	0.000000e+00	
1203	4.201080e-07	0.000000e+00	0.000000e+00	0.000000e+00	
1204	4.201240e-07	0.000000e+00	0.000000e+00	0.000000e+00	
1205	4.201560e-07	0.000000e+00	0.000000e+00	0.000000e+00	
1206	4.202200e-07	0.000000e+00	0.000000e+00	0.000000e+00	
1207	4.203480e-07	0.000000e+00	0.000000e+00	0.000000e+00	
1208	4.206040e-07	0.000000e+00	0.000000e+00	0.000000e+00	
1209	4.211160e-07	0.000000e+00	0.000000e+00	0.000000e+00	
1210	4.221400e-07	0.000000e+00	0.000000e+00	0.000000e+00	
1211	4.241880e-07	0.000000e+00	0.000000e+00	0.000000e+00	
1212	4.249000e-07	0.000000e+00	0.000000e+00	0.000000e+00	
1213	4.249100e-07	0.000000e+00	0.000000e+00	0.000000e+00	
1214	4.249300e-07	0.000000e+00	0.000000e+00	0.000000e+00	

Index   time            a1#branch_1_0   a1#branch_1_1   a1#branch_1_2   
--------------------------------------------------------------------------------
1215	4.249700e-07	0.000000e+00	0.000000e+00	0.000000e+00	
1216	4.250000e-07	0.000000e+00	0.000000e+00	0.000000e+00	
1217	4.250080e-07	0.000000e+00	0.000000e+00	0.000000e+00	
1218	4.250240e-07	0.000000e+00	0.000000e+00	0.000000e+00	
1219	4.250560e-07	0.000000e+00	0.000000e+00	0.000000e+00	
1220	4.251200e-07	0.000000e+00	0.000000e+00	0.000000e+00	
1221	4.252480e-07	0.000000e+00	0.000000e+00	0.000000e+00	
1222	4.255040e-07	0.000000e+00	0.000000e+00	0.000000e+00	
1223	4.260160e-07	0.000000e+00	0.000000e+00	0.000000e+00	
1224	4.270400e-07	0.000000e+00	0.000000e+00	0.000000e+00	
1225	4.290880e-07	0.000000e+00	0.000000e+00	0.000000e+00	
1226	4.300000e-07	0.000000e+00	0.000000e+00	0.000000e+00	
1227	4.300100e-07	0.000000e+00	0.000000e+00	0.000000e+00	
1228	4.300300e-07	0.000000e+00	0.000000e+00	0.000000e+00	
1229	4.300700e-07	0.000000e+00	0.000000e+00	0.000000e+00	
1230	4.301000e-07	0.000000e+00	0.000000e+00	0.000000e+00	
1231	4.301080e-07	0.000000e+00	0.000000e+00	0.000000e+00	
1232	4.301240e-07	0.000000e+00	0.000000e+00	0.000000e+00	
1233	4.301560e-07	0.000000e+00	0.000000e+00	0.000000e+00	
1234	4.302200e-07	0.000000e+00	0.000000e+00	0.000000e+00	
1235	4.303480e-07	0.000000e+00	0.000000e+00	0.000000e+00	
1236	4.306040e-07	0.000000e+00	0.000000e+00	0.000000e+00	
1237	4.311160e-07	0.000000e+00	0.000000e+00	0.000000e+00	
1238	4.321400e-07	0.000000e+00	0.000000e+00	0.000000e+00	
1239	4.341880e-07	0.000000e+00	0.000000e+00	0.000000e+00	
1240	4.349000e-07	0.000000e+00	0.000000e+00	0.000000e+00	
1241	4.349100e-07	0.000000e+00	0.000000e+00	0.000000e+00	
1242	4.349300e-07	0.000000e+00	0.000000e+00	0.000000e+00	
1243	4.349700e-07	0.000000e+00	0.000000e+00	0.000000e+00	
1244	4.350000e-07	0.000000e+00	0.000000e+00	0.000000e+00	
1245	4.350080e-07	0.000000e+00	0.000000e+00	0.000000e+00	
1246	4.350240e-07	0.000000e+00	0.000000e+00	0.000000e+00	
1247	4.350560e-07	0.000000e+00	0.000000e+00	0.000000e+00	
1248	4.351200e-07	0.000000e+00	0.000000e+00	0.000000e+00	
1249	4.352480e-07	0.000000e+00	0.000000e+00	0.000000e+00	
1250	4.355040e-07	0.000000e+00	0.000000e+00	0.000000e+00	
1251	4.360160e-07	0.000000e+00	0.000000e+00	0.000000e+00	
1252	4.370400e-07	0.000000e+00	0.000000e+00	0.000000e+00	
1253	4.390880e-07	0.000000e+00	0.000000e+00	0.000000e+00	
1254	4.400000e-07	0.000000e+00	0.000000e+00	0.000000e+00	
1255	4.400100e-07	0.000000e+00	0.000000e+00	0.000000e+00	
1256	4.400300e-07	0.000000e+00	0.000000e+00	0.000000e+00	
1257	4.400700e-07	0.000000e+00	0.000000e+00	0.000000e+00	
1258	4.401000e-07	0.000000e+00	0.000000e+00	0.000000e+00	
1259	4.401080e-07	0.000000e+00	0.000000e+00	0.000000e+00	
1260	4.401240e-07	0.000000e+00	0.000000e+00	0.000000e+00	
1261	4.401560e-07	0.000000e+00	0.000000e+00	0.000000e+00	
1262	4.402200e-07	0.000000e+00	0.000000e+00	0.000000e+00	
1263	4.403480e-07	0.000000e+00	0.000000e+00	0.000000e+00	
1264	4.406040e-07	0.000000e+00	0.000000e+00	0.000000e+00	
1265	4.411160e-07	0.000000e+00	0.000000e+00	0.000000e+00	
1266	4.421400e-07	0.000000e+00	0.000000e+00	0.000000e+00	
1267	4.441880e-07	0.000000e+00	0.000000e+00	0.000000e+00	
1268	4.449000e-07	0.000000e+00	0.000000e+00	0.000000e+00	
1269	4.449100e-07	0.000000e+00	0.000000e+00	0.000000e+00	
1270	4.449300e-07	0.000000e+00	0.000000e+00	0.000000e+00	
1271	4.449700e-07	0.000000e+00	0.000000e+00	0.000000e+00	
1272	4.450000e-07	0.000000e+00	0.000000e+00	0.000000e+00	

Index   time            a1#branch_1_0   a1#branch_1_1   a1#branch_1_2   
--------------------------------------------------------------------------------
1273	4.450080e-07	0.000000e+00	0.000000e+00	0.000000e+00	
1274	4.450240e-07	0.000000e+00	0.000000e+00	0.000000e+00	
1275	4.450560e-07	0.000000e+00	0.000000e+00	0.000000e+00	
1276	4.451200e-07	0.000000e+00	0.000000e+00	0.000000e+00	
1277	4.452480e-07	0.000000e+00	0.000000e+00	0.000000e+00	
1278	4.455040e-07	0.000000e+00	0.000000e+00	0.000000e+00	
1279	4.460160e-07	0.000000e+00	0.000000e+00	0.000000e+00	
1280	4.470400e-07	0.000000e+00	0.000000e+00	0.000000e+00	
1281	4.490880e-07	0.000000e+00	0.000000e+00	0.000000e+00	
1282	4.500000e-07	0.000000e+00	0.000000e+00	0.000000e+00	
1283	4.500100e-07	0.000000e+00	0.000000e+00	0.000000e+00	
1284	4.500300e-07	0.000000e+00	0.000000e+00	0.000000e+00	
1285	4.500700e-07	0.000000e+00	0.000000e+00	0.000000e+00	
1286	4.501000e-07	0.000000e+00	0.000000e+00	0.000000e+00	
1287	4.501080e-07	0.000000e+00	0.000000e+00	0.000000e+00	
1288	4.501240e-07	0.000000e+00	0.000000e+00	0.000000e+00	
1289	4.501560e-07	0.000000e+00	0.000000e+00	0.000000e+00	
1290	4.502200e-07	0.000000e+00	0.000000e+00	0.000000e+00	
1291	4.502300e-07	0.000000e+00	0.000000e+00	0.000000e+00	
1292	4.502400e-07	0.000000e+00	0.000000e+00	0.000000e+00	
1293	4.502600e-07	0.000000e+00	0.000000e+00	0.000000e+00	
1294	4.503000e-07	0.000000e+00	0.000000e+00	0.000000e+00	
1295	4.503300e-07	0.000000e+00	0.000000e+00	0.000000e+00	
1296	4.503380e-07	0.000000e+00	0.000000e+00	0.000000e+00	
1297	4.503540e-07	0.000000e+00	0.000000e+00	0.000000e+00	
1298	4.503860e-07	0.000000e+00	0.000000e+00	0.000000e+00	
1299	4.504500e-07	0.000000e+00	0.000000e+00	0.000000e+00	
1300	4.505780e-07	0.000000e+00	0.000000e+00	0.000000e+00	
1301	4.508340e-07	0.000000e+00	0.000000e+00	0.000000e+00	
1302	4.513460e-07	0.000000e+00	0.000000e+00	0.000000e+00	
1303	4.523700e-07	0.000000e+00	0.000000e+00	0.000000e+00	
1304	4.544180e-07	0.000000e+00	0.000000e+00	0.000000e+00	
1305	4.549000e-07	0.000000e+00	0.000000e+00	0.000000e+00	
1306	4.549100e-07	0.000000e+00	0.000000e+00	0.000000e+00	
1307	4.549300e-07	0.000000e+00	0.000000e+00	0.000000e+00	
1308	4.549700e-07	0.000000e+00	0.000000e+00	0.000000e+00	
1309	4.550000e-07	0.000000e+00	0.000000e+00	0.000000e+00	
1310	4.550080e-07	0.000000e+00	0.000000e+00	0.000000e+00	
1311	4.550240e-07	0.000000e+00	0.000000e+00	0.000000e+00	
1312	4.550560e-07	0.000000e+00	0.000000e+00	0.000000e+00	
1313	4.551200e-07	0.000000e+00	0.000000e+00	0.000000e+00	
1314	4.552480e-07	0.000000e+00	0.000000e+00	0.000000e+00	
1315	4.555040e-07	0.000000e+00	0.000000e+00	0.000000e+00	
1316	4.560160e-07	0.000000e+00	0.000000e+00	0.000000e+00	
1317	4.570400e-07	0.000000e+00	0.000000e+00	0.000000e+00	
1318	4.590880e-07	0.000000e+00	0.000000e+00	0.000000e+00	
1319	4.600000e-07	0.000000e+00	0.000000e+00	0.000000e+00	
1320	4.600100e-07	0.000000e+00	0.000000e+00	0.000000e+00	
1321	4.600300e-07	0.000000e+00	0.000000e+00	0.000000e+00	
1322	4.600700e-07	0.000000e+00	0.000000e+00	0.000000e+00	
1323	4.601000e-07	0.000000e+00	0.000000e+00	0.000000e+00	
1324	4.601080e-07	0.000000e+00	0.000000e+00	0.000000e+00	
1325	4.601240e-07	0.000000e+00	0.000000e+00	0.000000e+00	
1326	4.601560e-07	0.000000e+00	0.000000e+00	0.000000e+00	
1327	4.602200e-07	0.000000e+00	0.000000e+00	0.000000e+00	
1328	4.602300e-07	0.000000e+00	0.000000e+00	0.000000e+00	
1329	4.602400e-07	0.000000e+00	0.000000e+00	0.000000e+00	
1330	4.602600e-07	0.000000e+00	0.000000e+00	0.000000e+00	

Index   time            a1#branch_1_0   a1#branch_1_1   a1#branch_1_2   
--------------------------------------------------------------------------------
1331	4.603000e-07	0.000000e+00	0.000000e+00	0.000000e+00	
1332	4.603300e-07	0.000000e+00	0.000000e+00	0.000000e+00	
1333	4.603380e-07	0.000000e+00	0.000000e+00	0.000000e+00	
1334	4.603540e-07	0.000000e+00	0.000000e+00	0.000000e+00	
1335	4.603860e-07	0.000000e+00	0.000000e+00	0.000000e+00	
1336	4.604500e-07	0.000000e+00	0.000000e+00	0.000000e+00	
1337	4.605780e-07	0.000000e+00	0.000000e+00	0.000000e+00	
1338	4.608340e-07	0.000000e+00	0.000000e+00	0.000000e+00	
1339	4.613460e-07	0.000000e+00	0.000000e+00	0.000000e+00	
1340	4.623700e-07	0.000000e+00	0.000000e+00	0.000000e+00	
1341	4.644180e-07	0.000000e+00	0.000000e+00	0.000000e+00	
1342	4.649000e-07	0.000000e+00	0.000000e+00	0.000000e+00	
1343	4.649100e-07	0.000000e+00	0.000000e+00	0.000000e+00	
1344	4.649300e-07	0.000000e+00	0.000000e+00	0.000000e+00	
1345	4.649700e-07	0.000000e+00	0.000000e+00	0.000000e+00	
1346	4.650000e-07	0.000000e+00	0.000000e+00	0.000000e+00	
1347	4.650080e-07	0.000000e+00	0.000000e+00	0.000000e+00	
1348	4.650240e-07	0.000000e+00	0.000000e+00	0.000000e+00	
1349	4.650560e-07	0.000000e+00	0.000000e+00	0.000000e+00	
1350	4.651200e-07	0.000000e+00	0.000000e+00	0.000000e+00	
1351	4.652480e-07	0.000000e+00	0.000000e+00	0.000000e+00	
1352	4.655040e-07	0.000000e+00	0.000000e+00	0.000000e+00	
1353	4.660160e-07	0.000000e+00	0.000000e+00	0.000000e+00	
1354	4.670400e-07	0.000000e+00	0.000000e+00	0.000000e+00	
1355	4.690880e-07	0.000000e+00	0.000000e+00	0.000000e+00	
1356	4.700000e-07	0.000000e+00	0.000000e+00	0.000000e+00	
1357	4.700100e-07	0.000000e+00	0.000000e+00	0.000000e+00	
1358	4.700300e-07	0.000000e+00	0.000000e+00	0.000000e+00	
1359	4.700700e-07	0.000000e+00	0.000000e+00	0.000000e+00	
1360	4.701000e-07	0.000000e+00	0.000000e+00	0.000000e+00	
1361	4.701080e-07	0.000000e+00	0.000000e+00	0.000000e+00	
1362	4.701240e-07	0.000000e+00	0.000000e+00	0.000000e+00	
1363	4.701560e-07	0.000000e+00	0.000000e+00	0.000000e+00	
1364	4.702200e-07	0.000000e+00	0.000000e+00	0.000000e+00	
1365	4.703480e-07	0.000000e+00	0.000000e+00	0.000000e+00	
1366	4.706040e-07	0.000000e+00	0.000000e+00	0.000000e+00	
1367	4.711160e-07	0.000000e+00	0.000000e+00	0.000000e+00	
1368	4.721400e-07	0.000000e+00	0.000000e+00	0.000000e+00	
1369	4.741880e-07	0.000000e+00	0.000000e+00	0.000000e+00	
1370	4.749000e-07	0.000000e+00	0.000000e+00	0.000000e+00	
1371	4.749100e-07	0.000000e+00	0.000000e+00	0.000000e+00	
1372	4.749300e-07	0.000000e+00	0.000000e+00	0.000000e+00	
1373	4.749700e-07	0.000000e+00	0.000000e+00	0.000000e+00	
1374	4.750000e-07	0.000000e+00	0.000000e+00	0.000000e+00	
1375	4.750080e-07	0.000000e+00	0.000000e+00	0.000000e+00	
1376	4.750240e-07	0.000000e+00	0.000000e+00	0.000000e+00	
1377	4.750560e-07	0.000000e+00	0.000000e+00	0.000000e+00	
1378	4.751200e-07	0.000000e+00	0.000000e+00	0.000000e+00	
1379	4.752480e-07	0.000000e+00	0.000000e+00	0.000000e+00	
1380	4.755040e-07	0.000000e+00	0.000000e+00	0.000000e+00	
1381	4.760160e-07	0.000000e+00	0.000000e+00	0.000000e+00	
1382	4.770400e-07	0.000000e+00	0.000000e+00	0.000000e+00	
1383	4.790880e-07	0.000000e+00	0.000000e+00	0.000000e+00	
1384	4.800000e-07	0.000000e+00	0.000000e+00	0.000000e+00	
1385	4.800100e-07	0.000000e+00	0.000000e+00	0.000000e+00	
1386	4.800300e-07	0.000000e+00	0.000000e+00	0.000000e+00	
1387	4.800700e-07	0.000000e+00	0.000000e+00	0.000000e+00	
1388	4.801000e-07	0.000000e+00	0.000000e+00	0.000000e+00	

Index   time            a1#branch_1_0   a1#branch_1_1   a1#branch_1_2   
--------------------------------------------------------------------------------
1389	4.801080e-07	0.000000e+00	0.000000e+00	0.000000e+00	
1390	4.801240e-07	0.000000e+00	0.000000e+00	0.000000e+00	
1391	4.801560e-07	0.000000e+00	0.000000e+00	0.000000e+00	
1392	4.802200e-07	0.000000e+00	0.000000e+00	0.000000e+00	
1393	4.803480e-07	0.000000e+00	0.000000e+00	0.000000e+00	
1394	4.806040e-07	0.000000e+00	0.000000e+00	0.000000e+00	
1395	4.811160e-07	0.000000e+00	0.000000e+00	0.000000e+00	
1396	4.821400e-07	0.000000e+00	0.000000e+00	0.000000e+00	
1397	4.841880e-07	0.000000e+00	0.000000e+00	0.000000e+00	
1398	4.849000e-07	0.000000e+00	0.000000e+00	0.000000e+00	
1399	4.849100e-07	0.000000e+00	0.000000e+00	0.000000e+00	
1400	4.849300e-07	0.000000e+00	0.000000e+00	0.000000e+00	
1401	4.849700e-07	0.000000e+00	0.000000e+00	0.000000e+00	
1402	4.850000e-07	0.000000e+00	0.000000e+00	0.000000e+00	
1403	4.850080e-07	0.000000e+00	0.000000e+00	0.000000e+00	
1404	4.850240e-07	0.000000e+00	0.000000e+00	0.000000e+00	
1405	4.850560e-07	0.000000e+00	0.000000e+00	0.000000e+00	
1406	4.851200e-07	0.000000e+00	0.000000e+00	0.000000e+00	
1407	4.852480e-07	0.000000e+00	0.000000e+00	0.000000e+00	
1408	4.855040e-07	0.000000e+00	0.000000e+00	0.000000e+00	
1409	4.860160e-07	0.000000e+00	0.000000e+00	0.000000e+00	
1410	4.870400e-07	0.000000e+00	0.000000e+00	0.000000e+00	
1411	4.890880e-07	0.000000e+00	0.000000e+00	0.000000e+00	
1412	4.900000e-07	0.000000e+00	0.000000e+00	0.000000e+00	
1413	4.900100e-07	0.000000e+00	0.000000e+00	0.000000e+00	
1414	4.900300e-07	0.000000e+00	0.000000e+00	0.000000e+00	
1415	4.900700e-07	0.000000e+00	0.000000e+00	0.000000e+00	
1416	4.901000e-07	0.000000e+00	0.000000e+00	0.000000e+00	
1417	4.901080e-07	0.000000e+00	0.000000e+00	0.000000e+00	
1418	4.901240e-07	0.000000e+00	0.000000e+00	0.000000e+00	
1419	4.901560e-07	0.000000e+00	0.000000e+00	0.000000e+00	
1420	4.902200e-07	0.000000e+00	0.000000e+00	0.000000e+00	
1421	4.903480e-07	0.000000e+00	0.000000e+00	0.000000e+00	
1422	4.906040e-07	0.000000e+00	0.000000e+00	0.000000e+00	
1423	4.911160e-07	0.000000e+00	0.000000e+00	0.000000e+00	
1424	4.921400e-07	0.000000e+00	0.000000e+00	0.000000e+00	
1425	4.941880e-07	0.000000e+00	0.000000e+00	0.000000e+00	
1426	4.949000e-07	0.000000e+00	0.000000e+00	0.000000e+00	
1427	4.949100e-07	0.000000e+00	0.000000e+00	0.000000e+00	
1428	4.949300e-07	0.000000e+00	0.000000e+00	0.000000e+00	
1429	4.949700e-07	0.000000e+00	0.000000e+00	0.000000e+00	
1430	4.950000e-07	0.000000e+00	0.000000e+00	0.000000e+00	
1431	4.950080e-07	0.000000e+00	0.000000e+00	0.000000e+00	
1432	4.950240e-07	0.000000e+00	0.000000e+00	0.000000e+00	
1433	4.950560e-07	0.000000e+00	0.000000e+00	0.000000e+00	
1434	4.951200e-07	0.000000e+00	0.000000e+00	0.000000e+00	
1435	4.952480e-07	0.000000e+00	0.000000e+00	0.000000e+00	
1436	4.955040e-07	0.000000e+00	0.000000e+00	0.000000e+00	
1437	4.960160e-07	0.000000e+00	0.000000e+00	0.000000e+00	
1438	4.970400e-07	0.000000e+00	0.000000e+00	0.000000e+00	
1439	4.990880e-07	0.000000e+00	0.000000e+00	0.000000e+00	
1440	5.000000e-07	0.000000e+00	0.000000e+00	0.000000e+00	

                                kicad schematic
                                Transient Analysis  Thu Jul 09 16:12:22  2026
--------------------------------------------------------------------------------
Index   time            a1#branch_1_3   v1#branch       v2#branch       
--------------------------------------------------------------------------------
0	0.000000e+00	0.000000e+00	0.000000e+00	0.000000e+00	
1	1.000000e-12	0.000000e+00	0.000000e+00	0.000000e+00	
2	2.000000e-12	0.000000e+00	0.000000e+00	0.000000e+00	
3	4.000000e-12	0.000000e+00	0.000000e+00	0.000000e+00	
4	8.000000e-12	0.000000e+00	0.000000e+00	0.000000e+00	
5	1.600000e-11	0.000000e+00	0.000000e+00	0.000000e+00	
6	3.200000e-11	0.000000e+00	0.000000e+00	0.000000e+00	
7	6.400000e-11	0.000000e+00	0.000000e+00	0.000000e+00	
8	1.000000e-10	0.000000e+00	0.000000e+00	0.000000e+00	
9	1.064000e-10	0.000000e+00	0.000000e+00	0.000000e+00	
10	1.192000e-10	0.000000e+00	0.000000e+00	0.000000e+00	
11	1.448000e-10	0.000000e+00	0.000000e+00	0.000000e+00	
12	1.960000e-10	0.000000e+00	0.000000e+00	0.000000e+00	
13	2.984000e-10	0.000000e+00	0.000000e+00	0.000000e+00	
14	5.032000e-10	0.000000e+00	0.000000e+00	0.000000e+00	
15	9.128000e-10	0.000000e+00	0.000000e+00	0.000000e+00	
16	1.732000e-09	0.000000e+00	0.000000e+00	0.000000e+00	
17	3.370400e-09	0.000000e+00	0.000000e+00	0.000000e+00	
18	4.900000e-09	0.000000e+00	0.000000e+00	0.000000e+00	
19	4.910000e-09	0.000000e+00	0.000000e+00	0.000000e+00	
20	4.930000e-09	0.000000e+00	0.000000e+00	0.000000e+00	
21	4.970000e-09	0.000000e+00	0.000000e+00	0.000000e+00	
22	5.000000e-09	0.000000e+00	0.000000e+00	0.000000e+00	
23	5.008000e-09	0.000000e+00	0.000000e+00	0.000000e+00	
24	5.024000e-09	0.000000e+00	0.000000e+00	0.000000e+00	
25	5.056000e-09	0.000000e+00	0.000000e+00	0.000000e+00	
26	5.120000e-09	0.000000e+00	0.000000e+00	0.000000e+00	
27	5.248000e-09	0.000000e+00	0.000000e+00	0.000000e+00	
28	5.504000e-09	0.000000e+00	0.000000e+00	0.000000e+00	
29	6.016000e-09	0.000000e+00	0.000000e+00	0.000000e+00	
30	7.040000e-09	0.000000e+00	0.000000e+00	0.000000e+00	
31	9.088000e-09	0.000000e+00	0.000000e+00	0.000000e+00	
32	1.000000e-08	0.000000e+00	0.000000e+00	0.000000e+00	
33	1.001000e-08	0.000000e+00	0.000000e+00	0.000000e+00	
34	1.003000e-08	0.000000e+00	0.000000e+00	0.000000e+00	
35	1.007000e-08	0.000000e+00	0.000000e+00	0.000000e+00	
36	1.010000e-08	0.000000e+00	0.000000e+00	0.000000e+00	
37	1.010800e-08	0.000000e+00	0.000000e+00	0.000000e+00	
38	1.012400e-08	0.000000e+00	0.000000e+00	0.000000e+00	
39	1.015600e-08	0.000000e+00	0.000000e+00	0.000000e+00	
40	1.022000e-08	0.000000e+00	0.000000e+00	0.000000e+00	
41	1.034800e-08	0.000000e+00	0.000000e+00	0.000000e+00	
42	1.060400e-08	0.000000e+00	0.000000e+00	0.000000e+00	
43	1.111600e-08	0.000000e+00	0.000000e+00	0.000000e+00	
44	1.214000e-08	0.000000e+00	0.000000e+00	0.000000e+00	
45	1.418800e-08	0.000000e+00	0.000000e+00	0.000000e+00	
46	1.490000e-08	0.000000e+00	0.000000e+00	0.000000e+00	
47	1.491000e-08	0.000000e+00	0.000000e+00	0.000000e+00	
48	1.493000e-08	0.000000e+00	0.000000e+00	0.000000e+00	
49	1.497000e-08	0.000000e+00	0.000000e+00	0.000000e+00	
50	1.500000e-08	0.000000e+00	0.000000e+00	0.000000e+00	
51	1.500800e-08	0.000000e+00	0.000000e+00	0.000000e+00	
52	1.502400e-08	0.000000e+00	0.000000e+00	0.000000e+00	
53	1.505600e-08	0.000000e+00	0.000000e+00	0.000000e+00	
54	1.512000e-08	0.000000e+00	0.000000e+00	0.000000e+00	

Index   time            a1#branch_1_3   v1#branch       v2#branch       
--------------------------------------------------------------------------------
55	1.524800e-08	0.000000e+00	0.000000e+00	0.000000e+00	
56	1.550400e-08	0.000000e+00	0.000000e+00	0.000000e+00	
57	1.601600e-08	0.000000e+00	0.000000e+00	0.000000e+00	
58	1.704000e-08	0.000000e+00	0.000000e+00	0.000000e+00	
59	1.908800e-08	0.000000e+00	0.000000e+00	0.000000e+00	
60	2.000000e-08	0.000000e+00	0.000000e+00	0.000000e+00	
61	2.001000e-08	0.000000e+00	0.000000e+00	0.000000e+00	
62	2.003000e-08	0.000000e+00	0.000000e+00	0.000000e+00	
63	2.007000e-08	0.000000e+00	0.000000e+00	0.000000e+00	
64	2.010000e-08	0.000000e+00	0.000000e+00	0.000000e+00	
65	2.010800e-08	0.000000e+00	0.000000e+00	0.000000e+00	
66	2.012400e-08	0.000000e+00	0.000000e+00	0.000000e+00	
67	2.015600e-08	0.000000e+00	0.000000e+00	0.000000e+00	
68	2.022000e-08	0.000000e+00	0.000000e+00	0.000000e+00	
69	2.034800e-08	0.000000e+00	0.000000e+00	0.000000e+00	
70	2.060400e-08	0.000000e+00	0.000000e+00	0.000000e+00	
71	2.111600e-08	0.000000e+00	0.000000e+00	0.000000e+00	
72	2.214000e-08	0.000000e+00	0.000000e+00	0.000000e+00	
73	2.418800e-08	0.000000e+00	0.000000e+00	0.000000e+00	
74	2.490000e-08	0.000000e+00	0.000000e+00	0.000000e+00	
75	2.491000e-08	0.000000e+00	0.000000e+00	0.000000e+00	
76	2.493000e-08	0.000000e+00	0.000000e+00	0.000000e+00	
77	2.497000e-08	0.000000e+00	0.000000e+00	0.000000e+00	
78	2.500000e-08	0.000000e+00	0.000000e+00	0.000000e+00	
79	2.500800e-08	0.000000e+00	0.000000e+00	0.000000e+00	
80	2.502400e-08	0.000000e+00	0.000000e+00	0.000000e+00	
81	2.505600e-08	0.000000e+00	0.000000e+00	0.000000e+00	
82	2.512000e-08	0.000000e+00	0.000000e+00	0.000000e+00	
83	2.524800e-08	0.000000e+00	0.000000e+00	0.000000e+00	
84	2.550400e-08	0.000000e+00	0.000000e+00	0.000000e+00	
85	2.601600e-08	0.000000e+00	0.000000e+00	0.000000e+00	
86	2.704000e-08	0.000000e+00	0.000000e+00	0.000000e+00	
87	2.908800e-08	0.000000e+00	0.000000e+00	0.000000e+00	
88	3.000000e-08	0.000000e+00	0.000000e+00	0.000000e+00	
89	3.001000e-08	0.000000e+00	0.000000e+00	0.000000e+00	
90	3.003000e-08	0.000000e+00	0.000000e+00	0.000000e+00	
91	3.007000e-08	0.000000e+00	0.000000e+00	0.000000e+00	
92	3.010000e-08	0.000000e+00	0.000000e+00	0.000000e+00	
93	3.010800e-08	0.000000e+00	0.000000e+00	0.000000e+00	
94	3.012400e-08	0.000000e+00	0.000000e+00	0.000000e+00	
95	3.015600e-08	0.000000e+00	0.000000e+00	0.000000e+00	
96	3.022000e-08	0.000000e+00	0.000000e+00	0.000000e+00	
97	3.034800e-08	0.000000e+00	0.000000e+00	0.000000e+00	
98	3.060400e-08	0.000000e+00	0.000000e+00	0.000000e+00	
99	3.111600e-08	0.000000e+00	0.000000e+00	0.000000e+00	
100	3.214000e-08	0.000000e+00	0.000000e+00	0.000000e+00	
101	3.418800e-08	0.000000e+00	0.000000e+00	0.000000e+00	
102	3.490000e-08	0.000000e+00	0.000000e+00	0.000000e+00	
103	3.491000e-08	0.000000e+00	0.000000e+00	0.000000e+00	
104	3.493000e-08	0.000000e+00	0.000000e+00	0.000000e+00	
105	3.497000e-08	0.000000e+00	0.000000e+00	0.000000e+00	
106	3.500000e-08	0.000000e+00	0.000000e+00	0.000000e+00	
107	3.500800e-08	0.000000e+00	0.000000e+00	0.000000e+00	
108	3.502400e-08	0.000000e+00	0.000000e+00	0.000000e+00	
109	3.505600e-08	0.000000e+00	0.000000e+00	0.000000e+00	
110	3.512000e-08	0.000000e+00	0.000000e+00	0.000000e+00	
111	3.524800e-08	0.000000e+00	0.000000e+00	0.000000e+00	
112	3.550400e-08	0.000000e+00	0.000000e+00	0.000000e+00	

Index   time            a1#branch_1_3   v1#branch       v2#branch       
--------------------------------------------------------------------------------
113	3.601600e-08	0.000000e+00	0.000000e+00	0.000000e+00	
114	3.704000e-08	0.000000e+00	0.000000e+00	0.000000e+00	
115	3.908800e-08	0.000000e+00	0.000000e+00	0.000000e+00	
116	4.000000e-08	0.000000e+00	0.000000e+00	0.000000e+00	
117	4.001000e-08	0.000000e+00	0.000000e+00	0.000000e+00	
118	4.003000e-08	0.000000e+00	0.000000e+00	0.000000e+00	
119	4.007000e-08	0.000000e+00	0.000000e+00	0.000000e+00	
120	4.010000e-08	0.000000e+00	0.000000e+00	0.000000e+00	
121	4.010800e-08	0.000000e+00	0.000000e+00	0.000000e+00	
122	4.012400e-08	0.000000e+00	0.000000e+00	0.000000e+00	
123	4.015600e-08	0.000000e+00	0.000000e+00	0.000000e+00	
124	4.022000e-08	0.000000e+00	0.000000e+00	0.000000e+00	
125	4.034800e-08	0.000000e+00	0.000000e+00	0.000000e+00	
126	4.060400e-08	0.000000e+00	0.000000e+00	0.000000e+00	
127	4.111600e-08	0.000000e+00	0.000000e+00	0.000000e+00	
128	4.214000e-08	0.000000e+00	0.000000e+00	0.000000e+00	
129	4.418800e-08	0.000000e+00	0.000000e+00	0.000000e+00	
130	4.490000e-08	0.000000e+00	0.000000e+00	0.000000e+00	
131	4.491000e-08	0.000000e+00	0.000000e+00	0.000000e+00	
132	4.493000e-08	0.000000e+00	0.000000e+00	0.000000e+00	
133	4.497000e-08	0.000000e+00	0.000000e+00	0.000000e+00	
134	4.500000e-08	0.000000e+00	0.000000e+00	0.000000e+00	
135	4.500800e-08	0.000000e+00	0.000000e+00	0.000000e+00	
136	4.502400e-08	0.000000e+00	0.000000e+00	0.000000e+00	
137	4.505600e-08	0.000000e+00	0.000000e+00	0.000000e+00	
138	4.512000e-08	0.000000e+00	0.000000e+00	0.000000e+00	
139	4.524800e-08	0.000000e+00	0.000000e+00	0.000000e+00	
140	4.550400e-08	0.000000e+00	0.000000e+00	0.000000e+00	
141	4.601600e-08	0.000000e+00	0.000000e+00	0.000000e+00	
142	4.704000e-08	0.000000e+00	0.000000e+00	0.000000e+00	
143	4.908800e-08	0.000000e+00	0.000000e+00	0.000000e+00	
144	5.000000e-08	0.000000e+00	0.000000e+00	0.000000e+00	
145	5.001000e-08	0.000000e+00	0.000000e+00	0.000000e+00	
146	5.003000e-08	0.000000e+00	0.000000e+00	0.000000e+00	
147	5.007000e-08	0.000000e+00	0.000000e+00	0.000000e+00	
148	5.010000e-08	0.000000e+00	0.000000e+00	0.000000e+00	
149	5.010800e-08	0.000000e+00	0.000000e+00	0.000000e+00	
150	5.012400e-08	0.000000e+00	0.000000e+00	0.000000e+00	
151	5.015600e-08	0.000000e+00	0.000000e+00	0.000000e+00	
152	5.022000e-08	0.000000e+00	0.000000e+00	0.000000e+00	
153	5.034800e-08	0.000000e+00	0.000000e+00	0.000000e+00	
154	5.060400e-08	0.000000e+00	0.000000e+00	0.000000e+00	
155	5.111600e-08	0.000000e+00	0.000000e+00	0.000000e+00	
156	5.214000e-08	0.000000e+00	0.000000e+00	0.000000e+00	
157	5.418800e-08	0.000000e+00	0.000000e+00	0.000000e+00	
158	5.490000e-08	0.000000e+00	0.000000e+00	0.000000e+00	
159	5.491000e-08	0.000000e+00	0.000000e+00	0.000000e+00	
160	5.493000e-08	0.000000e+00	0.000000e+00	0.000000e+00	
161	5.497000e-08	0.000000e+00	0.000000e+00	0.000000e+00	
162	5.500000e-08	0.000000e+00	0.000000e+00	0.000000e+00	
163	5.500800e-08	0.000000e+00	0.000000e+00	0.000000e+00	
164	5.502400e-08	0.000000e+00	0.000000e+00	0.000000e+00	
165	5.505600e-08	0.000000e+00	0.000000e+00	0.000000e+00	
166	5.512000e-08	0.000000e+00	0.000000e+00	0.000000e+00	
167	5.524800e-08	0.000000e+00	0.000000e+00	0.000000e+00	
168	5.550400e-08	0.000000e+00	0.000000e+00	0.000000e+00	
169	5.601600e-08	0.000000e+00	0.000000e+00	0.000000e+00	
170	5.704000e-08	0.000000e+00	0.000000e+00	0.000000e+00	

Index   time            a1#branch_1_3   v1#branch       v2#branch       
--------------------------------------------------------------------------------
171	5.908800e-08	0.000000e+00	0.000000e+00	0.000000e+00	
172	6.000000e-08	0.000000e+00	0.000000e+00	0.000000e+00	
173	6.001000e-08	0.000000e+00	0.000000e+00	0.000000e+00	
174	6.003000e-08	0.000000e+00	0.000000e+00	0.000000e+00	
175	6.007000e-08	0.000000e+00	0.000000e+00	0.000000e+00	
176	6.010000e-08	0.000000e+00	0.000000e+00	0.000000e+00	
177	6.010800e-08	0.000000e+00	0.000000e+00	0.000000e+00	
178	6.012400e-08	0.000000e+00	0.000000e+00	0.000000e+00	
179	6.015600e-08	0.000000e+00	0.000000e+00	0.000000e+00	
180	6.022000e-08	0.000000e+00	0.000000e+00	0.000000e+00	
181	6.034800e-08	0.000000e+00	0.000000e+00	0.000000e+00	
182	6.060400e-08	0.000000e+00	0.000000e+00	0.000000e+00	
183	6.111600e-08	0.000000e+00	0.000000e+00	0.000000e+00	
184	6.214000e-08	0.000000e+00	0.000000e+00	0.000000e+00	
185	6.418800e-08	0.000000e+00	0.000000e+00	0.000000e+00	
186	6.490000e-08	0.000000e+00	0.000000e+00	0.000000e+00	
187	6.491000e-08	0.000000e+00	0.000000e+00	0.000000e+00	
188	6.493000e-08	0.000000e+00	0.000000e+00	0.000000e+00	
189	6.497000e-08	0.000000e+00	0.000000e+00	0.000000e+00	
190	6.500000e-08	0.000000e+00	0.000000e+00	0.000000e+00	
191	6.500800e-08	0.000000e+00	0.000000e+00	0.000000e+00	
192	6.502400e-08	0.000000e+00	0.000000e+00	0.000000e+00	
193	6.505600e-08	0.000000e+00	0.000000e+00	0.000000e+00	
194	6.512000e-08	0.000000e+00	0.000000e+00	0.000000e+00	
195	6.524800e-08	0.000000e+00	0.000000e+00	0.000000e+00	
196	6.550400e-08	0.000000e+00	0.000000e+00	0.000000e+00	
197	6.601600e-08	0.000000e+00	0.000000e+00	0.000000e+00	
198	6.704000e-08	0.000000e+00	0.000000e+00	0.000000e+00	
199	6.908800e-08	0.000000e+00	0.000000e+00	0.000000e+00	
200	7.000000e-08	0.000000e+00	0.000000e+00	0.000000e+00	
201	7.001000e-08	0.000000e+00	0.000000e+00	0.000000e+00	
202	7.003000e-08	0.000000e+00	0.000000e+00	0.000000e+00	
203	7.007000e-08	0.000000e+00	0.000000e+00	0.000000e+00	
204	7.010000e-08	0.000000e+00	0.000000e+00	0.000000e+00	
205	7.010800e-08	0.000000e+00	0.000000e+00	0.000000e+00	
206	7.012400e-08	0.000000e+00	0.000000e+00	0.000000e+00	
207	7.015600e-08	0.000000e+00	0.000000e+00	0.000000e+00	
208	7.022000e-08	0.000000e+00	0.000000e+00	0.000000e+00	
209	7.034800e-08	0.000000e+00	0.000000e+00	0.000000e+00	
210	7.060400e-08	0.000000e+00	0.000000e+00	0.000000e+00	
211	7.111600e-08	0.000000e+00	0.000000e+00	0.000000e+00	
212	7.214000e-08	0.000000e+00	0.000000e+00	0.000000e+00	
213	7.418800e-08	0.000000e+00	0.000000e+00	0.000000e+00	
214	7.490000e-08	0.000000e+00	0.000000e+00	0.000000e+00	
215	7.491000e-08	0.000000e+00	0.000000e+00	0.000000e+00	
216	7.493000e-08	0.000000e+00	0.000000e+00	0.000000e+00	
217	7.497000e-08	0.000000e+00	0.000000e+00	0.000000e+00	
218	7.500000e-08	0.000000e+00	0.000000e+00	0.000000e+00	
219	7.500800e-08	0.000000e+00	0.000000e+00	0.000000e+00	
220	7.502400e-08	0.000000e+00	0.000000e+00	0.000000e+00	
221	7.505600e-08	0.000000e+00	0.000000e+00	0.000000e+00	
222	7.512000e-08	0.000000e+00	0.000000e+00	0.000000e+00	
223	7.524800e-08	0.000000e+00	0.000000e+00	0.000000e+00	
224	7.550400e-08	0.000000e+00	0.000000e+00	0.000000e+00	
225	7.601600e-08	0.000000e+00	0.000000e+00	0.000000e+00	
226	7.704000e-08	0.000000e+00	0.000000e+00	0.000000e+00	
227	7.908800e-08	0.000000e+00	0.000000e+00	0.000000e+00	
228	8.000000e-08	0.000000e+00	0.000000e+00	0.000000e+00	

Index   time            a1#branch_1_3   v1#branch       v2#branch       
--------------------------------------------------------------------------------
229	8.001000e-08	0.000000e+00	0.000000e+00	0.000000e+00	
230	8.003000e-08	0.000000e+00	0.000000e+00	0.000000e+00	
231	8.007000e-08	0.000000e+00	0.000000e+00	0.000000e+00	
232	8.010000e-08	0.000000e+00	0.000000e+00	0.000000e+00	
233	8.010800e-08	0.000000e+00	0.000000e+00	0.000000e+00	
234	8.012400e-08	0.000000e+00	0.000000e+00	0.000000e+00	
235	8.015600e-08	0.000000e+00	0.000000e+00	0.000000e+00	
236	8.022000e-08	0.000000e+00	0.000000e+00	0.000000e+00	
237	8.034800e-08	0.000000e+00	0.000000e+00	0.000000e+00	
238	8.060400e-08	0.000000e+00	0.000000e+00	0.000000e+00	
239	8.111600e-08	0.000000e+00	0.000000e+00	0.000000e+00	
240	8.214000e-08	0.000000e+00	0.000000e+00	0.000000e+00	
241	8.418800e-08	0.000000e+00	0.000000e+00	0.000000e+00	
242	8.490000e-08	0.000000e+00	0.000000e+00	0.000000e+00	
243	8.491000e-08	0.000000e+00	0.000000e+00	0.000000e+00	
244	8.493000e-08	0.000000e+00	0.000000e+00	0.000000e+00	
245	8.497000e-08	0.000000e+00	0.000000e+00	0.000000e+00	
246	8.500000e-08	0.000000e+00	0.000000e+00	0.000000e+00	
247	8.500800e-08	0.000000e+00	0.000000e+00	0.000000e+00	
248	8.502400e-08	0.000000e+00	0.000000e+00	0.000000e+00	
249	8.505600e-08	0.000000e+00	0.000000e+00	0.000000e+00	
250	8.512000e-08	0.000000e+00	0.000000e+00	0.000000e+00	
251	8.524800e-08	0.000000e+00	0.000000e+00	0.000000e+00	
252	8.550400e-08	0.000000e+00	0.000000e+00	0.000000e+00	
253	8.601600e-08	0.000000e+00	0.000000e+00	0.000000e+00	
254	8.704000e-08	0.000000e+00	0.000000e+00	0.000000e+00	
255	8.908800e-08	0.000000e+00	0.000000e+00	0.000000e+00	
256	9.000000e-08	0.000000e+00	0.000000e+00	0.000000e+00	
257	9.001000e-08	0.000000e+00	0.000000e+00	0.000000e+00	
258	9.003000e-08	0.000000e+00	0.000000e+00	0.000000e+00	
259	9.007000e-08	0.000000e+00	0.000000e+00	0.000000e+00	
260	9.010000e-08	0.000000e+00	0.000000e+00	0.000000e+00	
261	9.010800e-08	0.000000e+00	0.000000e+00	0.000000e+00	
262	9.012400e-08	0.000000e+00	0.000000e+00	0.000000e+00	
263	9.015600e-08	0.000000e+00	0.000000e+00	0.000000e+00	
264	9.022000e-08	0.000000e+00	0.000000e+00	0.000000e+00	
265	9.034800e-08	0.000000e+00	0.000000e+00	0.000000e+00	
266	9.060400e-08	0.000000e+00	0.000000e+00	0.000000e+00	
267	9.111600e-08	0.000000e+00	0.000000e+00	0.000000e+00	
268	9.214000e-08	0.000000e+00	0.000000e+00	0.000000e+00	
269	9.418800e-08	0.000000e+00	0.000000e+00	0.000000e+00	
270	9.490000e-08	0.000000e+00	0.000000e+00	0.000000e+00	
271	9.491000e-08	0.000000e+00	0.000000e+00	0.000000e+00	
272	9.493000e-08	0.000000e+00	0.000000e+00	0.000000e+00	
273	9.497000e-08	0.000000e+00	0.000000e+00	0.000000e+00	
274	9.500000e-08	0.000000e+00	0.000000e+00	0.000000e+00	
275	9.500800e-08	0.000000e+00	0.000000e+00	0.000000e+00	
276	9.502400e-08	0.000000e+00	0.000000e+00	0.000000e+00	
277	9.505600e-08	0.000000e+00	0.000000e+00	0.000000e+00	
278	9.512000e-08	0.000000e+00	0.000000e+00	0.000000e+00	
279	9.524800e-08	0.000000e+00	0.000000e+00	0.000000e+00	
280	9.550400e-08	0.000000e+00	0.000000e+00	0.000000e+00	
281	9.601600e-08	0.000000e+00	0.000000e+00	0.000000e+00	
282	9.704000e-08	0.000000e+00	0.000000e+00	0.000000e+00	
283	9.908800e-08	0.000000e+00	0.000000e+00	0.000000e+00	
284	1.000000e-07	0.000000e+00	0.000000e+00	0.000000e+00	
285	1.000100e-07	0.000000e+00	0.000000e+00	0.000000e+00	
286	1.000300e-07	0.000000e+00	0.000000e+00	0.000000e+00	

Index   time            a1#branch_1_3   v1#branch       v2#branch       
--------------------------------------------------------------------------------
287	1.000700e-07	0.000000e+00	0.000000e+00	0.000000e+00	
288	1.001000e-07	0.000000e+00	0.000000e+00	0.000000e+00	
289	1.001080e-07	0.000000e+00	0.000000e+00	0.000000e+00	
290	1.001240e-07	0.000000e+00	0.000000e+00	0.000000e+00	
291	1.001560e-07	0.000000e+00	0.000000e+00	0.000000e+00	
292	1.002200e-07	0.000000e+00	0.000000e+00	0.000000e+00	
293	1.003480e-07	0.000000e+00	0.000000e+00	0.000000e+00	
294	1.006040e-07	0.000000e+00	0.000000e+00	0.000000e+00	
295	1.011160e-07	0.000000e+00	0.000000e+00	0.000000e+00	
296	1.021400e-07	0.000000e+00	0.000000e+00	0.000000e+00	
297	1.041880e-07	0.000000e+00	0.000000e+00	0.000000e+00	
298	1.049000e-07	0.000000e+00	0.000000e+00	0.000000e+00	
299	1.049100e-07	0.000000e+00	0.000000e+00	0.000000e+00	
300	1.049300e-07	0.000000e+00	0.000000e+00	0.000000e+00	
301	1.049700e-07	0.000000e+00	0.000000e+00	0.000000e+00	
302	1.050000e-07	0.000000e+00	0.000000e+00	0.000000e+00	
303	1.050080e-07	0.000000e+00	0.000000e+00	0.000000e+00	
304	1.050240e-07	0.000000e+00	0.000000e+00	0.000000e+00	
305	1.050560e-07	0.000000e+00	0.000000e+00	0.000000e+00	
306	1.051200e-07	0.000000e+00	0.000000e+00	0.000000e+00	
307	1.052480e-07	0.000000e+00	0.000000e+00	0.000000e+00	
308	1.055040e-07	0.000000e+00	0.000000e+00	0.000000e+00	
309	1.060160e-07	0.000000e+00	0.000000e+00	0.000000e+00	
310	1.070400e-07	0.000000e+00	0.000000e+00	0.000000e+00	
311	1.090880e-07	0.000000e+00	0.000000e+00	0.000000e+00	
312	1.100000e-07	0.000000e+00	0.000000e+00	0.000000e+00	
313	1.100100e-07	0.000000e+00	0.000000e+00	0.000000e+00	
314	1.100300e-07	0.000000e+00	0.000000e+00	0.000000e+00	
315	1.100700e-07	0.000000e+00	0.000000e+00	0.000000e+00	
316	1.101000e-07	0.000000e+00	0.000000e+00	0.000000e+00	
317	1.101080e-07	0.000000e+00	0.000000e+00	0.000000e+00	
318	1.101240e-07	0.000000e+00	0.000000e+00	0.000000e+00	
319	1.101560e-07	0.000000e+00	0.000000e+00	0.000000e+00	
320	1.102200e-07	0.000000e+00	0.000000e+00	0.000000e+00	
321	1.103480e-07	0.000000e+00	0.000000e+00	0.000000e+00	
322	1.106040e-07	0.000000e+00	0.000000e+00	0.000000e+00	
323	1.111160e-07	0.000000e+00	0.000000e+00	0.000000e+00	
324	1.121400e-07	0.000000e+00	0.000000e+00	0.000000e+00	
325	1.141880e-07	0.000000e+00	0.000000e+00	0.000000e+00	
326	1.149000e-07	0.000000e+00	0.000000e+00	0.000000e+00	
327	1.149100e-07	0.000000e+00	0.000000e+00	0.000000e+00	
328	1.149300e-07	0.000000e+00	0.000000e+00	0.000000e+00	
329	1.149700e-07	0.000000e+00	0.000000e+00	0.000000e+00	
330	1.150000e-07	0.000000e+00	0.000000e+00	0.000000e+00	
331	1.150080e-07	0.000000e+00	0.000000e+00	0.000000e+00	
332	1.150240e-07	0.000000e+00	0.000000e+00	0.000000e+00	
333	1.150560e-07	0.000000e+00	0.000000e+00	0.000000e+00	
334	1.151200e-07	0.000000e+00	0.000000e+00	0.000000e+00	
335	1.152480e-07	0.000000e+00	0.000000e+00	0.000000e+00	
336	1.155040e-07	0.000000e+00	0.000000e+00	0.000000e+00	
337	1.160160e-07	0.000000e+00	0.000000e+00	0.000000e+00	
338	1.170400e-07	0.000000e+00	0.000000e+00	0.000000e+00	
339	1.190880e-07	0.000000e+00	0.000000e+00	0.000000e+00	
340	1.200000e-07	0.000000e+00	0.000000e+00	0.000000e+00	
341	1.200100e-07	0.000000e+00	0.000000e+00	0.000000e+00	
342	1.200300e-07	0.000000e+00	0.000000e+00	0.000000e+00	
343	1.200700e-07	0.000000e+00	0.000000e+00	0.000000e+00	
344	1.201000e-07	0.000000e+00	0.000000e+00	0.000000e+00	

Index   time            a1#branch_1_3   v1#branch       v2#branch       
--------------------------------------------------------------------------------
345	1.201080e-07	0.000000e+00	0.000000e+00	0.000000e+00	
346	1.201240e-07	0.000000e+00	0.000000e+00	0.000000e+00	
347	1.201560e-07	0.000000e+00	0.000000e+00	0.000000e+00	
348	1.202200e-07	0.000000e+00	0.000000e+00	0.000000e+00	
349	1.203480e-07	0.000000e+00	0.000000e+00	0.000000e+00	
350	1.206040e-07	0.000000e+00	0.000000e+00	0.000000e+00	
351	1.211160e-07	0.000000e+00	0.000000e+00	0.000000e+00	
352	1.221400e-07	0.000000e+00	0.000000e+00	0.000000e+00	
353	1.241880e-07	0.000000e+00	0.000000e+00	0.000000e+00	
354	1.249000e-07	0.000000e+00	0.000000e+00	0.000000e+00	
355	1.249100e-07	0.000000e+00	0.000000e+00	0.000000e+00	
356	1.249300e-07	0.000000e+00	0.000000e+00	0.000000e+00	
357	1.249700e-07	0.000000e+00	0.000000e+00	0.000000e+00	
358	1.250000e-07	0.000000e+00	0.000000e+00	0.000000e+00	
359	1.250080e-07	0.000000e+00	0.000000e+00	0.000000e+00	
360	1.250240e-07	0.000000e+00	0.000000e+00	0.000000e+00	
361	1.250560e-07	0.000000e+00	0.000000e+00	0.000000e+00	
362	1.251200e-07	0.000000e+00	0.000000e+00	0.000000e+00	
363	1.252480e-07	0.000000e+00	0.000000e+00	0.000000e+00	
364	1.255040e-07	0.000000e+00	0.000000e+00	0.000000e+00	
365	1.260160e-07	0.000000e+00	0.000000e+00	0.000000e+00	
366	1.270400e-07	0.000000e+00	0.000000e+00	0.000000e+00	
367	1.290880e-07	0.000000e+00	0.000000e+00	0.000000e+00	
368	1.300000e-07	0.000000e+00	0.000000e+00	0.000000e+00	
369	1.300100e-07	0.000000e+00	0.000000e+00	0.000000e+00	
370	1.300300e-07	0.000000e+00	0.000000e+00	0.000000e+00	
371	1.300700e-07	0.000000e+00	0.000000e+00	0.000000e+00	
372	1.301000e-07	0.000000e+00	0.000000e+00	0.000000e+00	
373	1.301080e-07	0.000000e+00	0.000000e+00	0.000000e+00	
374	1.301240e-07	0.000000e+00	0.000000e+00	0.000000e+00	
375	1.301560e-07	0.000000e+00	0.000000e+00	0.000000e+00	
376	1.302200e-07	0.000000e+00	0.000000e+00	0.000000e+00	
377	1.303480e-07	0.000000e+00	0.000000e+00	0.000000e+00	
378	1.306040e-07	0.000000e+00	0.000000e+00	0.000000e+00	
379	1.311160e-07	0.000000e+00	0.000000e+00	0.000000e+00	
380	1.321400e-07	0.000000e+00	0.000000e+00	0.000000e+00	
381	1.341880e-07	0.000000e+00	0.000000e+00	0.000000e+00	
382	1.349000e-07	0.000000e+00	0.000000e+00	0.000000e+00	
383	1.349100e-07	0.000000e+00	0.000000e+00	0.000000e+00	
384	1.349300e-07	0.000000e+00	0.000000e+00	0.000000e+00	
385	1.349700e-07	0.000000e+00	0.000000e+00	0.000000e+00	
386	1.350000e-07	0.000000e+00	0.000000e+00	0.000000e+00	
387	1.350080e-07	0.000000e+00	0.000000e+00	0.000000e+00	
388	1.350240e-07	0.000000e+00	0.000000e+00	0.000000e+00	
389	1.350560e-07	0.000000e+00	0.000000e+00	0.000000e+00	
390	1.351200e-07	0.000000e+00	0.000000e+00	0.000000e+00	
391	1.352480e-07	0.000000e+00	0.000000e+00	0.000000e+00	
392	1.355040e-07	0.000000e+00	0.000000e+00	0.000000e+00	
393	1.360160e-07	0.000000e+00	0.000000e+00	0.000000e+00	
394	1.370400e-07	0.000000e+00	0.000000e+00	0.000000e+00	
395	1.390880e-07	0.000000e+00	0.000000e+00	0.000000e+00	
396	1.400000e-07	0.000000e+00	0.000000e+00	0.000000e+00	
397	1.400100e-07	0.000000e+00	0.000000e+00	0.000000e+00	
398	1.400300e-07	0.000000e+00	0.000000e+00	0.000000e+00	
399	1.400700e-07	0.000000e+00	0.000000e+00	0.000000e+00	
400	1.401000e-07	0.000000e+00	0.000000e+00	0.000000e+00	
401	1.401080e-07	0.000000e+00	0.000000e+00	0.000000e+00	
402	1.401240e-07	0.000000e+00	0.000000e+00	0.000000e+00	

Index   time            a1#branch_1_3   v1#branch       v2#branch       
--------------------------------------------------------------------------------
403	1.401560e-07	0.000000e+00	0.000000e+00	0.000000e+00	
404	1.402200e-07	0.000000e+00	0.000000e+00	0.000000e+00	
405	1.403480e-07	0.000000e+00	0.000000e+00	0.000000e+00	
406	1.406040e-07	0.000000e+00	0.000000e+00	0.000000e+00	
407	1.411160e-07	0.000000e+00	0.000000e+00	0.000000e+00	
408	1.421400e-07	0.000000e+00	0.000000e+00	0.000000e+00	
409	1.441880e-07	0.000000e+00	0.000000e+00	0.000000e+00	
410	1.449000e-07	0.000000e+00	0.000000e+00	0.000000e+00	
411	1.449100e-07	0.000000e+00	0.000000e+00	0.000000e+00	
412	1.449300e-07	0.000000e+00	0.000000e+00	0.000000e+00	
413	1.449700e-07	0.000000e+00	0.000000e+00	0.000000e+00	
414	1.450000e-07	0.000000e+00	0.000000e+00	0.000000e+00	
415	1.450080e-07	0.000000e+00	0.000000e+00	0.000000e+00	
416	1.450240e-07	0.000000e+00	0.000000e+00	0.000000e+00	
417	1.450560e-07	0.000000e+00	0.000000e+00	0.000000e+00	
418	1.451200e-07	0.000000e+00	0.000000e+00	0.000000e+00	
419	1.452480e-07	0.000000e+00	0.000000e+00	0.000000e+00	
420	1.455040e-07	0.000000e+00	0.000000e+00	0.000000e+00	
421	1.460160e-07	0.000000e+00	0.000000e+00	0.000000e+00	
422	1.470400e-07	0.000000e+00	0.000000e+00	0.000000e+00	
423	1.490880e-07	0.000000e+00	0.000000e+00	0.000000e+00	
424	1.500000e-07	0.000000e+00	0.000000e+00	0.000000e+00	
425	1.500100e-07	0.000000e+00	0.000000e+00	0.000000e+00	
426	1.500300e-07	0.000000e+00	0.000000e+00	0.000000e+00	
427	1.500700e-07	0.000000e+00	0.000000e+00	0.000000e+00	
428	1.501000e-07	0.000000e+00	0.000000e+00	0.000000e+00	
429	1.501080e-07	0.000000e+00	0.000000e+00	0.000000e+00	
430	1.501240e-07	0.000000e+00	0.000000e+00	0.000000e+00	
431	1.501560e-07	0.000000e+00	0.000000e+00	0.000000e+00	
432	1.502200e-07	0.000000e+00	0.000000e+00	0.000000e+00	
433	1.503480e-07	0.000000e+00	0.000000e+00	0.000000e+00	
434	1.506040e-07	0.000000e+00	0.000000e+00	0.000000e+00	
435	1.511160e-07	0.000000e+00	0.000000e+00	0.000000e+00	
436	1.521400e-07	0.000000e+00	0.000000e+00	0.000000e+00	
437	1.541880e-07	0.000000e+00	0.000000e+00	0.000000e+00	
438	1.549000e-07	0.000000e+00	0.000000e+00	0.000000e+00	
439	1.549100e-07	0.000000e+00	0.000000e+00	0.000000e+00	
440	1.549300e-07	0.000000e+00	0.000000e+00	0.000000e+00	
441	1.549700e-07	0.000000e+00	0.000000e+00	0.000000e+00	
442	1.550000e-07	0.000000e+00	0.000000e+00	0.000000e+00	
443	1.550080e-07	0.000000e+00	0.000000e+00	0.000000e+00	
444	1.550240e-07	0.000000e+00	0.000000e+00	0.000000e+00	
445	1.550560e-07	0.000000e+00	0.000000e+00	0.000000e+00	
446	1.551200e-07	0.000000e+00	0.000000e+00	0.000000e+00	
447	1.552480e-07	0.000000e+00	0.000000e+00	0.000000e+00	
448	1.555040e-07	0.000000e+00	0.000000e+00	0.000000e+00	
449	1.560160e-07	0.000000e+00	0.000000e+00	0.000000e+00	
450	1.570400e-07	0.000000e+00	0.000000e+00	0.000000e+00	
451	1.590880e-07	0.000000e+00	0.000000e+00	0.000000e+00	
452	1.600000e-07	0.000000e+00	0.000000e+00	0.000000e+00	
453	1.600100e-07	0.000000e+00	0.000000e+00	0.000000e+00	
454	1.600300e-07	0.000000e+00	0.000000e+00	0.000000e+00	
455	1.600700e-07	0.000000e+00	0.000000e+00	0.000000e+00	
456	1.601000e-07	0.000000e+00	0.000000e+00	0.000000e+00	
457	1.601080e-07	0.000000e+00	0.000000e+00	0.000000e+00	
458	1.601240e-07	0.000000e+00	0.000000e+00	0.000000e+00	
459	1.601560e-07	0.000000e+00	0.000000e+00	0.000000e+00	
460	1.602200e-07	0.000000e+00	0.000000e+00	0.000000e+00	

Index   time            a1#branch_1_3   v1#branch       v2#branch       
--------------------------------------------------------------------------------
461	1.603480e-07	0.000000e+00	0.000000e+00	0.000000e+00	
462	1.606040e-07	0.000000e+00	0.000000e+00	0.000000e+00	
463	1.611160e-07	0.000000e+00	0.000000e+00	0.000000e+00	
464	1.621400e-07	0.000000e+00	0.000000e+00	0.000000e+00	
465	1.641880e-07	0.000000e+00	0.000000e+00	0.000000e+00	
466	1.649000e-07	0.000000e+00	0.000000e+00	0.000000e+00	
467	1.649100e-07	0.000000e+00	0.000000e+00	0.000000e+00	
468	1.649300e-07	0.000000e+00	0.000000e+00	0.000000e+00	
469	1.649700e-07	0.000000e+00	0.000000e+00	0.000000e+00	
470	1.650000e-07	0.000000e+00	0.000000e+00	0.000000e+00	
471	1.650080e-07	0.000000e+00	0.000000e+00	0.000000e+00	
472	1.650240e-07	0.000000e+00	0.000000e+00	0.000000e+00	
473	1.650560e-07	0.000000e+00	0.000000e+00	0.000000e+00	
474	1.651200e-07	0.000000e+00	0.000000e+00	0.000000e+00	
475	1.652480e-07	0.000000e+00	0.000000e+00	0.000000e+00	
476	1.655040e-07	0.000000e+00	0.000000e+00	0.000000e+00	
477	1.660160e-07	0.000000e+00	0.000000e+00	0.000000e+00	
478	1.670400e-07	0.000000e+00	0.000000e+00	0.000000e+00	
479	1.690880e-07	0.000000e+00	0.000000e+00	0.000000e+00	
480	1.700000e-07	0.000000e+00	0.000000e+00	0.000000e+00	
481	1.700100e-07	0.000000e+00	0.000000e+00	0.000000e+00	
482	1.700300e-07	0.000000e+00	0.000000e+00	0.000000e+00	
483	1.700700e-07	0.000000e+00	0.000000e+00	0.000000e+00	
484	1.701000e-07	0.000000e+00	0.000000e+00	0.000000e+00	
485	1.701080e-07	0.000000e+00	0.000000e+00	0.000000e+00	
486	1.701240e-07	0.000000e+00	0.000000e+00	0.000000e+00	
487	1.701560e-07	0.000000e+00	0.000000e+00	0.000000e+00	
488	1.702200e-07	0.000000e+00	0.000000e+00	0.000000e+00	
489	1.703480e-07	0.000000e+00	0.000000e+00	0.000000e+00	
490	1.706040e-07	0.000000e+00	0.000000e+00	0.000000e+00	
491	1.711160e-07	0.000000e+00	0.000000e+00	0.000000e+00	
492	1.721400e-07	0.000000e+00	0.000000e+00	0.000000e+00	
493	1.741880e-07	0.000000e+00	0.000000e+00	0.000000e+00	
494	1.749000e-07	0.000000e+00	0.000000e+00	0.000000e+00	
495	1.749100e-07	0.000000e+00	0.000000e+00	0.000000e+00	
496	1.749300e-07	0.000000e+00	0.000000e+00	0.000000e+00	
497	1.749700e-07	0.000000e+00	0.000000e+00	0.000000e+00	
498	1.750000e-07	0.000000e+00	0.000000e+00	0.000000e+00	
499	1.750080e-07	0.000000e+00	0.000000e+00	0.000000e+00	
500	1.750240e-07	0.000000e+00	0.000000e+00	0.000000e+00	
501	1.750560e-07	0.000000e+00	0.000000e+00	0.000000e+00	
502	1.751200e-07	0.000000e+00	0.000000e+00	0.000000e+00	
503	1.752480e-07	0.000000e+00	0.000000e+00	0.000000e+00	
504	1.755040e-07	0.000000e+00	0.000000e+00	0.000000e+00	
505	1.760160e-07	0.000000e+00	0.000000e+00	0.000000e+00	
506	1.770400e-07	0.000000e+00	0.000000e+00	0.000000e+00	
507	1.790880e-07	0.000000e+00	0.000000e+00	0.000000e+00	
508	1.800000e-07	0.000000e+00	0.000000e+00	0.000000e+00	
509	1.800100e-07	0.000000e+00	0.000000e+00	0.000000e+00	
510	1.800300e-07	0.000000e+00	0.000000e+00	0.000000e+00	
511	1.800700e-07	0.000000e+00	0.000000e+00	0.000000e+00	
512	1.801000e-07	0.000000e+00	0.000000e+00	0.000000e+00	
513	1.801080e-07	0.000000e+00	0.000000e+00	0.000000e+00	
514	1.801240e-07	0.000000e+00	0.000000e+00	0.000000e+00	
515	1.801560e-07	0.000000e+00	0.000000e+00	0.000000e+00	
516	1.802200e-07	0.000000e+00	0.000000e+00	0.000000e+00	
517	1.803480e-07	0.000000e+00	0.000000e+00	0.000000e+00	
518	1.806040e-07	0.000000e+00	0.000000e+00	0.000000e+00	

Index   time            a1#branch_1_3   v1#branch       v2#branch       
--------------------------------------------------------------------------------
519	1.811160e-07	0.000000e+00	0.000000e+00	0.000000e+00	
520	1.821400e-07	0.000000e+00	0.000000e+00	0.000000e+00	
521	1.841880e-07	0.000000e+00	0.000000e+00	0.000000e+00	
522	1.849000e-07	0.000000e+00	0.000000e+00	0.000000e+00	
523	1.849100e-07	0.000000e+00	0.000000e+00	0.000000e+00	
524	1.849300e-07	0.000000e+00	0.000000e+00	0.000000e+00	
525	1.849700e-07	0.000000e+00	0.000000e+00	0.000000e+00	
526	1.850000e-07	0.000000e+00	0.000000e+00	0.000000e+00	
527	1.850080e-07	0.000000e+00	0.000000e+00	0.000000e+00	
528	1.850240e-07	0.000000e+00	0.000000e+00	0.000000e+00	
529	1.850560e-07	0.000000e+00	0.000000e+00	0.000000e+00	
530	1.851200e-07	0.000000e+00	0.000000e+00	0.000000e+00	
531	1.852480e-07	0.000000e+00	0.000000e+00	0.000000e+00	
532	1.855040e-07	0.000000e+00	0.000000e+00	0.000000e+00	
533	1.860160e-07	0.000000e+00	0.000000e+00	0.000000e+00	
534	1.870400e-07	0.000000e+00	0.000000e+00	0.000000e+00	
535	1.890880e-07	0.000000e+00	0.000000e+00	0.000000e+00	
536	1.900000e-07	0.000000e+00	0.000000e+00	0.000000e+00	
537	1.900100e-07	0.000000e+00	0.000000e+00	0.000000e+00	
538	1.900300e-07	0.000000e+00	0.000000e+00	0.000000e+00	
539	1.900700e-07	0.000000e+00	0.000000e+00	0.000000e+00	
540	1.901000e-07	0.000000e+00	0.000000e+00	0.000000e+00	
541	1.901080e-07	0.000000e+00	0.000000e+00	0.000000e+00	
542	1.901240e-07	0.000000e+00	0.000000e+00	0.000000e+00	
543	1.901560e-07	0.000000e+00	0.000000e+00	0.000000e+00	
544	1.902200e-07	0.000000e+00	0.000000e+00	0.000000e+00	
545	1.903480e-07	0.000000e+00	0.000000e+00	0.000000e+00	
546	1.906040e-07	0.000000e+00	0.000000e+00	0.000000e+00	
547	1.911160e-07	0.000000e+00	0.000000e+00	0.000000e+00	
548	1.921400e-07	0.000000e+00	0.000000e+00	0.000000e+00	
549	1.941880e-07	0.000000e+00	0.000000e+00	0.000000e+00	
550	1.949000e-07	0.000000e+00	0.000000e+00	0.000000e+00	
551	1.949100e-07	0.000000e+00	0.000000e+00	0.000000e+00	
552	1.949300e-07	0.000000e+00	0.000000e+00	0.000000e+00	
553	1.949700e-07	0.000000e+00	0.000000e+00	0.000000e+00	
554	1.950000e-07	0.000000e+00	0.000000e+00	0.000000e+00	
555	1.950080e-07	0.000000e+00	0.000000e+00	0.000000e+00	
556	1.950240e-07	0.000000e+00	0.000000e+00	0.000000e+00	
557	1.950560e-07	0.000000e+00	0.000000e+00	0.000000e+00	
558	1.951200e-07	0.000000e+00	0.000000e+00	0.000000e+00	
559	1.952480e-07	0.000000e+00	0.000000e+00	0.000000e+00	
560	1.955040e-07	0.000000e+00	0.000000e+00	0.000000e+00	
561	1.960160e-07	0.000000e+00	0.000000e+00	0.000000e+00	
562	1.970400e-07	0.000000e+00	0.000000e+00	0.000000e+00	
563	1.990880e-07	0.000000e+00	0.000000e+00	0.000000e+00	
564	2.000000e-07	0.000000e+00	0.000000e+00	0.000000e+00	
565	2.000100e-07	0.000000e+00	0.000000e+00	0.000000e+00	
566	2.000300e-07	0.000000e+00	0.000000e+00	0.000000e+00	
567	2.000700e-07	0.000000e+00	0.000000e+00	0.000000e+00	
568	2.001000e-07	0.000000e+00	0.000000e+00	0.000000e+00	
569	2.001080e-07	0.000000e+00	0.000000e+00	0.000000e+00	
570	2.001240e-07	0.000000e+00	0.000000e+00	0.000000e+00	
571	2.001560e-07	0.000000e+00	0.000000e+00	0.000000e+00	
572	2.002200e-07	0.000000e+00	0.000000e+00	0.000000e+00	
573	2.003480e-07	0.000000e+00	0.000000e+00	0.000000e+00	
574	2.006040e-07	0.000000e+00	0.000000e+00	0.000000e+00	
575	2.011160e-07	0.000000e+00	0.000000e+00	0.000000e+00	
576	2.021400e-07	0.000000e+00	0.000000e+00	0.000000e+00	

Index   time            a1#branch_1_3   v1#branch       v2#branch       
--------------------------------------------------------------------------------
577	2.041880e-07	0.000000e+00	0.000000e+00	0.000000e+00	
578	2.049000e-07	0.000000e+00	0.000000e+00	0.000000e+00	
579	2.049100e-07	0.000000e+00	0.000000e+00	0.000000e+00	
580	2.049300e-07	0.000000e+00	0.000000e+00	0.000000e+00	
581	2.049700e-07	0.000000e+00	0.000000e+00	0.000000e+00	
582	2.050000e-07	0.000000e+00	0.000000e+00	0.000000e+00	
583	2.050080e-07	0.000000e+00	0.000000e+00	0.000000e+00	
584	2.050240e-07	0.000000e+00	0.000000e+00	0.000000e+00	
585	2.050560e-07	0.000000e+00	0.000000e+00	0.000000e+00	
586	2.051200e-07	0.000000e+00	0.000000e+00	0.000000e+00	
587	2.052480e-07	0.000000e+00	0.000000e+00	0.000000e+00	
588	2.055040e-07	0.000000e+00	0.000000e+00	0.000000e+00	
589	2.060160e-07	0.000000e+00	0.000000e+00	0.000000e+00	
590	2.070400e-07	0.000000e+00	0.000000e+00	0.000000e+00	
591	2.090880e-07	0.000000e+00	0.000000e+00	0.000000e+00	
592	2.100000e-07	0.000000e+00	0.000000e+00	0.000000e+00	
593	2.100100e-07	0.000000e+00	0.000000e+00	0.000000e+00	
594	2.100300e-07	0.000000e+00	0.000000e+00	0.000000e+00	
595	2.100700e-07	0.000000e+00	0.000000e+00	0.000000e+00	
596	2.101000e-07	0.000000e+00	0.000000e+00	0.000000e+00	
597	2.101080e-07	0.000000e+00	0.000000e+00	0.000000e+00	
598	2.101240e-07	0.000000e+00	0.000000e+00	0.000000e+00	
599	2.101560e-07	0.000000e+00	0.000000e+00	0.000000e+00	
600	2.102200e-07	0.000000e+00	0.000000e+00	0.000000e+00	
601	2.103480e-07	0.000000e+00	0.000000e+00	0.000000e+00	
602	2.106040e-07	0.000000e+00	0.000000e+00	0.000000e+00	
603	2.111160e-07	0.000000e+00	0.000000e+00	0.000000e+00	
604	2.121400e-07	0.000000e+00	0.000000e+00	0.000000e+00	
605	2.141880e-07	0.000000e+00	0.000000e+00	0.000000e+00	
606	2.149000e-07	0.000000e+00	0.000000e+00	0.000000e+00	
607	2.149100e-07	0.000000e+00	0.000000e+00	0.000000e+00	
608	2.149300e-07	0.000000e+00	0.000000e+00	0.000000e+00	
609	2.149700e-07	0.000000e+00	0.000000e+00	0.000000e+00	
610	2.150000e-07	0.000000e+00	0.000000e+00	0.000000e+00	
611	2.150080e-07	0.000000e+00	0.000000e+00	0.000000e+00	
612	2.150240e-07	0.000000e+00	0.000000e+00	0.000000e+00	
613	2.150560e-07	0.000000e+00	0.000000e+00	0.000000e+00	
614	2.151200e-07	0.000000e+00	0.000000e+00	0.000000e+00	
615	2.152480e-07	0.000000e+00	0.000000e+00	0.000000e+00	
616	2.155040e-07	0.000000e+00	0.000000e+00	0.000000e+00	
617	2.160160e-07	0.000000e+00	0.000000e+00	0.000000e+00	
618	2.170400e-07	0.000000e+00	0.000000e+00	0.000000e+00	
619	2.190880e-07	0.000000e+00	0.000000e+00	0.000000e+00	
620	2.200000e-07	0.000000e+00	0.000000e+00	0.000000e+00	
621	2.200100e-07	0.000000e+00	0.000000e+00	0.000000e+00	
622	2.200300e-07	0.000000e+00	0.000000e+00	0.000000e+00	
623	2.200700e-07	0.000000e+00	0.000000e+00	0.000000e+00	
624	2.201000e-07	0.000000e+00	0.000000e+00	0.000000e+00	
625	2.201080e-07	0.000000e+00	0.000000e+00	0.000000e+00	
626	2.201240e-07	0.000000e+00	0.000000e+00	0.000000e+00	
627	2.201560e-07	0.000000e+00	0.000000e+00	0.000000e+00	
628	2.202200e-07	0.000000e+00	0.000000e+00	0.000000e+00	
629	2.203480e-07	0.000000e+00	0.000000e+00	0.000000e+00	
630	2.206040e-07	0.000000e+00	0.000000e+00	0.000000e+00	
631	2.211160e-07	0.000000e+00	0.000000e+00	0.000000e+00	
632	2.221400e-07	0.000000e+00	0.000000e+00	0.000000e+00	
633	2.241880e-07	0.000000e+00	0.000000e+00	0.000000e+00	
634	2.249000e-07	0.000000e+00	0.000000e+00	0.000000e+00	

Index   time            a1#branch_1_3   v1#branch       v2#branch       
--------------------------------------------------------------------------------
635	2.249100e-07	0.000000e+00	0.000000e+00	0.000000e+00	
636	2.249300e-07	0.000000e+00	0.000000e+00	0.000000e+00	
637	2.249700e-07	0.000000e+00	0.000000e+00	0.000000e+00	
638	2.250000e-07	0.000000e+00	0.000000e+00	0.000000e+00	
639	2.250080e-07	0.000000e+00	0.000000e+00	0.000000e+00	
640	2.250240e-07	0.000000e+00	0.000000e+00	0.000000e+00	
641	2.250560e-07	0.000000e+00	0.000000e+00	0.000000e+00	
642	2.251200e-07	0.000000e+00	0.000000e+00	0.000000e+00	
643	2.252480e-07	0.000000e+00	0.000000e+00	0.000000e+00	
644	2.255040e-07	0.000000e+00	0.000000e+00	0.000000e+00	
645	2.260160e-07	0.000000e+00	0.000000e+00	0.000000e+00	
646	2.270400e-07	0.000000e+00	0.000000e+00	0.000000e+00	
647	2.290880e-07	0.000000e+00	0.000000e+00	0.000000e+00	
648	2.300000e-07	0.000000e+00	0.000000e+00	0.000000e+00	
649	2.300100e-07	0.000000e+00	0.000000e+00	0.000000e+00	
650	2.300300e-07	0.000000e+00	0.000000e+00	0.000000e+00	
651	2.300700e-07	0.000000e+00	0.000000e+00	0.000000e+00	
652	2.301000e-07	0.000000e+00	0.000000e+00	0.000000e+00	
653	2.301080e-07	0.000000e+00	0.000000e+00	0.000000e+00	
654	2.301240e-07	0.000000e+00	0.000000e+00	0.000000e+00	
655	2.301560e-07	0.000000e+00	0.000000e+00	0.000000e+00	
656	2.302200e-07	0.000000e+00	0.000000e+00	0.000000e+00	
657	2.303480e-07	0.000000e+00	0.000000e+00	0.000000e+00	
658	2.306040e-07	0.000000e+00	0.000000e+00	0.000000e+00	
659	2.311160e-07	0.000000e+00	0.000000e+00	0.000000e+00	
660	2.321400e-07	0.000000e+00	0.000000e+00	0.000000e+00	
661	2.341880e-07	0.000000e+00	0.000000e+00	0.000000e+00	
662	2.349000e-07	0.000000e+00	0.000000e+00	0.000000e+00	
663	2.349100e-07	0.000000e+00	0.000000e+00	0.000000e+00	
664	2.349300e-07	0.000000e+00	0.000000e+00	0.000000e+00	
665	2.349700e-07	0.000000e+00	0.000000e+00	0.000000e+00	
666	2.350000e-07	0.000000e+00	0.000000e+00	0.000000e+00	
667	2.350080e-07	0.000000e+00	0.000000e+00	0.000000e+00	
668	2.350240e-07	0.000000e+00	0.000000e+00	0.000000e+00	
669	2.350560e-07	0.000000e+00	0.000000e+00	0.000000e+00	
670	2.351200e-07	0.000000e+00	0.000000e+00	0.000000e+00	
671	2.352480e-07	0.000000e+00	0.000000e+00	0.000000e+00	
672	2.355040e-07	0.000000e+00	0.000000e+00	0.000000e+00	
673	2.360160e-07	0.000000e+00	0.000000e+00	0.000000e+00	
674	2.370400e-07	0.000000e+00	0.000000e+00	0.000000e+00	
675	2.390880e-07	0.000000e+00	0.000000e+00	0.000000e+00	
676	2.400000e-07	0.000000e+00	0.000000e+00	0.000000e+00	
677	2.400100e-07	0.000000e+00	0.000000e+00	0.000000e+00	
678	2.400300e-07	0.000000e+00	0.000000e+00	0.000000e+00	
679	2.400700e-07	0.000000e+00	0.000000e+00	0.000000e+00	
680	2.401000e-07	0.000000e+00	0.000000e+00	0.000000e+00	
681	2.401080e-07	0.000000e+00	0.000000e+00	0.000000e+00	
682	2.401240e-07	0.000000e+00	0.000000e+00	0.000000e+00	
683	2.401560e-07	0.000000e+00	0.000000e+00	0.000000e+00	
684	2.402200e-07	0.000000e+00	0.000000e+00	0.000000e+00	
685	2.403480e-07	0.000000e+00	0.000000e+00	0.000000e+00	
686	2.406040e-07	0.000000e+00	0.000000e+00	0.000000e+00	
687	2.411160e-07	0.000000e+00	0.000000e+00	0.000000e+00	
688	2.421400e-07	0.000000e+00	0.000000e+00	0.000000e+00	
689	2.441880e-07	0.000000e+00	0.000000e+00	0.000000e+00	
690	2.449000e-07	0.000000e+00	0.000000e+00	0.000000e+00	
691	2.449100e-07	0.000000e+00	0.000000e+00	0.000000e+00	
692	2.449300e-07	0.000000e+00	0.000000e+00	0.000000e+00	

Index   time            a1#branch_1_3   v1#branch       v2#branch       
--------------------------------------------------------------------------------
693	2.449700e-07	0.000000e+00	0.000000e+00	0.000000e+00	
694	2.450000e-07	0.000000e+00	0.000000e+00	0.000000e+00	
695	2.450080e-07	0.000000e+00	0.000000e+00	0.000000e+00	
696	2.450240e-07	0.000000e+00	0.000000e+00	0.000000e+00	
697	2.450560e-07	0.000000e+00	0.000000e+00	0.000000e+00	
698	2.451200e-07	0.000000e+00	0.000000e+00	0.000000e+00	
699	2.452480e-07	0.000000e+00	0.000000e+00	0.000000e+00	
700	2.455040e-07	0.000000e+00	0.000000e+00	0.000000e+00	
701	2.460160e-07	0.000000e+00	0.000000e+00	0.000000e+00	
702	2.470400e-07	0.000000e+00	0.000000e+00	0.000000e+00	
703	2.490880e-07	0.000000e+00	0.000000e+00	0.000000e+00	
704	2.500000e-07	0.000000e+00	0.000000e+00	0.000000e+00	
705	2.500100e-07	0.000000e+00	0.000000e+00	0.000000e+00	
706	2.500300e-07	0.000000e+00	0.000000e+00	0.000000e+00	
707	2.500700e-07	0.000000e+00	0.000000e+00	0.000000e+00	
708	2.501000e-07	0.000000e+00	0.000000e+00	0.000000e+00	
709	2.501080e-07	0.000000e+00	0.000000e+00	0.000000e+00	
710	2.501240e-07	0.000000e+00	0.000000e+00	0.000000e+00	
711	2.501560e-07	0.000000e+00	0.000000e+00	0.000000e+00	
712	2.502200e-07	0.000000e+00	0.000000e+00	0.000000e+00	
713	2.502300e-07	0.000000e+00	0.000000e+00	0.000000e+00	
714	2.502400e-07	0.000000e+00	0.000000e+00	0.000000e+00	
715	2.502600e-07	0.000000e+00	0.000000e+00	0.000000e+00	
716	2.503000e-07	0.000000e+00	0.000000e+00	0.000000e+00	
717	2.503300e-07	0.000000e+00	0.000000e+00	0.000000e+00	
718	2.503380e-07	0.000000e+00	0.000000e+00	0.000000e+00	
719	2.503540e-07	0.000000e+00	0.000000e+00	0.000000e+00	
720	2.503860e-07	0.000000e+00	0.000000e+00	0.000000e+00	
721	2.504500e-07	0.000000e+00	0.000000e+00	0.000000e+00	
722	2.505780e-07	0.000000e+00	0.000000e+00	0.000000e+00	
723	2.508340e-07	0.000000e+00	0.000000e+00	0.000000e+00	
724	2.513460e-07	0.000000e+00	0.000000e+00	0.000000e+00	
725	2.523700e-07	0.000000e+00	0.000000e+00	0.000000e+00	
726	2.544180e-07	0.000000e+00	0.000000e+00	0.000000e+00	
727	2.549000e-07	0.000000e+00	0.000000e+00	0.000000e+00	
728	2.549100e-07	0.000000e+00	0.000000e+00	0.000000e+00	
729	2.549300e-07	0.000000e+00	0.000000e+00	0.000000e+00	
730	2.549700e-07	0.000000e+00	0.000000e+00	0.000000e+00	
731	2.550000e-07	0.000000e+00	0.000000e+00	0.000000e+00	
732	2.550080e-07	0.000000e+00	0.000000e+00	0.000000e+00	
733	2.550240e-07	0.000000e+00	0.000000e+00	0.000000e+00	
734	2.550560e-07	0.000000e+00	0.000000e+00	0.000000e+00	
735	2.551200e-07	0.000000e+00	0.000000e+00	0.000000e+00	
736	2.552480e-07	0.000000e+00	0.000000e+00	0.000000e+00	
737	2.555040e-07	0.000000e+00	0.000000e+00	0.000000e+00	
738	2.560160e-07	0.000000e+00	0.000000e+00	0.000000e+00	
739	2.570400e-07	0.000000e+00	0.000000e+00	0.000000e+00	
740	2.590880e-07	0.000000e+00	0.000000e+00	0.000000e+00	
741	2.600000e-07	0.000000e+00	0.000000e+00	0.000000e+00	
742	2.600100e-07	0.000000e+00	0.000000e+00	0.000000e+00	
743	2.600300e-07	0.000000e+00	0.000000e+00	0.000000e+00	
744	2.600700e-07	0.000000e+00	0.000000e+00	0.000000e+00	
745	2.601000e-07	0.000000e+00	0.000000e+00	0.000000e+00	
746	2.601080e-07	0.000000e+00	0.000000e+00	0.000000e+00	
747	2.601240e-07	0.000000e+00	0.000000e+00	0.000000e+00	
748	2.601560e-07	0.000000e+00	0.000000e+00	0.000000e+00	
749	2.602200e-07	0.000000e+00	0.000000e+00	0.000000e+00	
750	2.602300e-07	0.000000e+00	0.000000e+00	0.000000e+00	

Index   time            a1#branch_1_3   v1#branch       v2#branch       
--------------------------------------------------------------------------------
751	2.602400e-07	0.000000e+00	0.000000e+00	0.000000e+00	
752	2.602600e-07	0.000000e+00	0.000000e+00	0.000000e+00	
753	2.603000e-07	0.000000e+00	0.000000e+00	0.000000e+00	
754	2.603300e-07	0.000000e+00	0.000000e+00	0.000000e+00	
755	2.603380e-07	0.000000e+00	0.000000e+00	0.000000e+00	
756	2.603540e-07	0.000000e+00	0.000000e+00	0.000000e+00	
757	2.603860e-07	0.000000e+00	0.000000e+00	0.000000e+00	
758	2.604500e-07	0.000000e+00	0.000000e+00	0.000000e+00	
759	2.605780e-07	0.000000e+00	0.000000e+00	0.000000e+00	
760	2.608340e-07	0.000000e+00	0.000000e+00	0.000000e+00	
761	2.613460e-07	0.000000e+00	0.000000e+00	0.000000e+00	
762	2.623700e-07	0.000000e+00	0.000000e+00	0.000000e+00	
763	2.644180e-07	0.000000e+00	0.000000e+00	0.000000e+00	
764	2.649000e-07	0.000000e+00	0.000000e+00	0.000000e+00	
765	2.649100e-07	0.000000e+00	0.000000e+00	0.000000e+00	
766	2.649300e-07	0.000000e+00	0.000000e+00	0.000000e+00	
767	2.649700e-07	0.000000e+00	0.000000e+00	0.000000e+00	
768	2.650000e-07	0.000000e+00	0.000000e+00	0.000000e+00	
769	2.650080e-07	0.000000e+00	0.000000e+00	0.000000e+00	
770	2.650240e-07	0.000000e+00	0.000000e+00	0.000000e+00	
771	2.650560e-07	0.000000e+00	0.000000e+00	0.000000e+00	
772	2.651200e-07	0.000000e+00	0.000000e+00	0.000000e+00	
773	2.652480e-07	0.000000e+00	0.000000e+00	0.000000e+00	
774	2.655040e-07	0.000000e+00	0.000000e+00	0.000000e+00	
775	2.660160e-07	0.000000e+00	0.000000e+00	0.000000e+00	
776	2.670400e-07	0.000000e+00	0.000000e+00	0.000000e+00	
777	2.690880e-07	0.000000e+00	0.000000e+00	0.000000e+00	
778	2.700000e-07	0.000000e+00	0.000000e+00	0.000000e+00	
779	2.700100e-07	0.000000e+00	0.000000e+00	0.000000e+00	
780	2.700300e-07	0.000000e+00	0.000000e+00	0.000000e+00	
781	2.700700e-07	0.000000e+00	0.000000e+00	0.000000e+00	
782	2.701000e-07	0.000000e+00	0.000000e+00	0.000000e+00	
783	2.701080e-07	0.000000e+00	0.000000e+00	0.000000e+00	
784	2.701240e-07	0.000000e+00	0.000000e+00	0.000000e+00	
785	2.701560e-07	0.000000e+00	0.000000e+00	0.000000e+00	
786	2.702200e-07	0.000000e+00	0.000000e+00	0.000000e+00	
787	2.703480e-07	0.000000e+00	0.000000e+00	0.000000e+00	
788	2.706040e-07	0.000000e+00	0.000000e+00	0.000000e+00	
789	2.711160e-07	0.000000e+00	0.000000e+00	0.000000e+00	
790	2.721400e-07	0.000000e+00	0.000000e+00	0.000000e+00	
791	2.741880e-07	0.000000e+00	0.000000e+00	0.000000e+00	
792	2.749000e-07	0.000000e+00	0.000000e+00	0.000000e+00	
793	2.749100e-07	0.000000e+00	0.000000e+00	0.000000e+00	
794	2.749300e-07	0.000000e+00	0.000000e+00	0.000000e+00	
795	2.749700e-07	0.000000e+00	0.000000e+00	0.000000e+00	
796	2.750000e-07	0.000000e+00	0.000000e+00	0.000000e+00	
797	2.750080e-07	0.000000e+00	0.000000e+00	0.000000e+00	
798	2.750240e-07	0.000000e+00	0.000000e+00	0.000000e+00	
799	2.750560e-07	0.000000e+00	0.000000e+00	0.000000e+00	
800	2.751200e-07	0.000000e+00	0.000000e+00	0.000000e+00	
801	2.752480e-07	0.000000e+00	0.000000e+00	0.000000e+00	
802	2.755040e-07	0.000000e+00	0.000000e+00	0.000000e+00	
803	2.760160e-07	0.000000e+00	0.000000e+00	0.000000e+00	
804	2.770400e-07	0.000000e+00	0.000000e+00	0.000000e+00	
805	2.790880e-07	0.000000e+00	0.000000e+00	0.000000e+00	
806	2.800000e-07	0.000000e+00	0.000000e+00	0.000000e+00	
807	2.800100e-07	0.000000e+00	0.000000e+00	0.000000e+00	
808	2.800300e-07	0.000000e+00	0.000000e+00	0.000000e+00	

Index   time            a1#branch_1_3   v1#branch       v2#branch       
--------------------------------------------------------------------------------
809	2.800700e-07	0.000000e+00	0.000000e+00	0.000000e+00	
810	2.801000e-07	0.000000e+00	0.000000e+00	0.000000e+00	
811	2.801080e-07	0.000000e+00	0.000000e+00	0.000000e+00	
812	2.801240e-07	0.000000e+00	0.000000e+00	0.000000e+00	
813	2.801560e-07	0.000000e+00	0.000000e+00	0.000000e+00	
814	2.802200e-07	0.000000e+00	0.000000e+00	0.000000e+00	
815	2.803480e-07	0.000000e+00	0.000000e+00	0.000000e+00	
816	2.806040e-07	0.000000e+00	0.000000e+00	0.000000e+00	
817	2.811160e-07	0.000000e+00	0.000000e+00	0.000000e+00	
818	2.821400e-07	0.000000e+00	0.000000e+00	0.000000e+00	
819	2.841880e-07	0.000000e+00	0.000000e+00	0.000000e+00	
820	2.849000e-07	0.000000e+00	0.000000e+00	0.000000e+00	
821	2.849100e-07	0.000000e+00	0.000000e+00	0.000000e+00	
822	2.849300e-07	0.000000e+00	0.000000e+00	0.000000e+00	
823	2.849700e-07	0.000000e+00	0.000000e+00	0.000000e+00	
824	2.850000e-07	0.000000e+00	0.000000e+00	0.000000e+00	
825	2.850080e-07	0.000000e+00	0.000000e+00	0.000000e+00	
826	2.850240e-07	0.000000e+00	0.000000e+00	0.000000e+00	
827	2.850560e-07	0.000000e+00	0.000000e+00	0.000000e+00	
828	2.851200e-07	0.000000e+00	0.000000e+00	0.000000e+00	
829	2.852480e-07	0.000000e+00	0.000000e+00	0.000000e+00	
830	2.855040e-07	0.000000e+00	0.000000e+00	0.000000e+00	
831	2.860160e-07	0.000000e+00	0.000000e+00	0.000000e+00	
832	2.870400e-07	0.000000e+00	0.000000e+00	0.000000e+00	
833	2.890880e-07	0.000000e+00	0.000000e+00	0.000000e+00	
834	2.900000e-07	0.000000e+00	0.000000e+00	0.000000e+00	
835	2.900100e-07	0.000000e+00	0.000000e+00	0.000000e+00	
836	2.900300e-07	0.000000e+00	0.000000e+00	0.000000e+00	
837	2.900700e-07	0.000000e+00	0.000000e+00	0.000000e+00	
838	2.901000e-07	0.000000e+00	0.000000e+00	0.000000e+00	
839	2.901080e-07	0.000000e+00	0.000000e+00	0.000000e+00	
840	2.901240e-07	0.000000e+00	0.000000e+00	0.000000e+00	
841	2.901560e-07	0.000000e+00	0.000000e+00	0.000000e+00	
842	2.902200e-07	0.000000e+00	0.000000e+00	0.000000e+00	
843	2.903480e-07	0.000000e+00	0.000000e+00	0.000000e+00	
844	2.906040e-07	0.000000e+00	0.000000e+00	0.000000e+00	
845	2.911160e-07	0.000000e+00	0.000000e+00	0.000000e+00	
846	2.921400e-07	0.000000e+00	0.000000e+00	0.000000e+00	
847	2.941880e-07	0.000000e+00	0.000000e+00	0.000000e+00	
848	2.949000e-07	0.000000e+00	0.000000e+00	0.000000e+00	
849	2.949100e-07	0.000000e+00	0.000000e+00	0.000000e+00	
850	2.949300e-07	0.000000e+00	0.000000e+00	0.000000e+00	
851	2.949700e-07	0.000000e+00	0.000000e+00	0.000000e+00	
852	2.950000e-07	0.000000e+00	0.000000e+00	0.000000e+00	
853	2.950080e-07	0.000000e+00	0.000000e+00	0.000000e+00	
854	2.950240e-07	0.000000e+00	0.000000e+00	0.000000e+00	
855	2.950560e-07	0.000000e+00	0.000000e+00	0.000000e+00	
856	2.951200e-07	0.000000e+00	0.000000e+00	0.000000e+00	
857	2.952480e-07	0.000000e+00	0.000000e+00	0.000000e+00	
858	2.955040e-07	0.000000e+00	0.000000e+00	0.000000e+00	
859	2.960160e-07	0.000000e+00	0.000000e+00	0.000000e+00	
860	2.970400e-07	0.000000e+00	0.000000e+00	0.000000e+00	
861	2.990880e-07	0.000000e+00	0.000000e+00	0.000000e+00	
862	3.000000e-07	0.000000e+00	0.000000e+00	0.000000e+00	
863	3.000100e-07	0.000000e+00	0.000000e+00	0.000000e+00	
864	3.000300e-07	0.000000e+00	0.000000e+00	0.000000e+00	
865	3.000700e-07	0.000000e+00	0.000000e+00	0.000000e+00	
866	3.001000e-07	0.000000e+00	0.000000e+00	0.000000e+00	

Index   time            a1#branch_1_3   v1#branch       v2#branch       
--------------------------------------------------------------------------------
867	3.001080e-07	0.000000e+00	0.000000e+00	0.000000e+00	
868	3.001240e-07	0.000000e+00	0.000000e+00	0.000000e+00	
869	3.001560e-07	0.000000e+00	0.000000e+00	0.000000e+00	
870	3.002200e-07	0.000000e+00	0.000000e+00	0.000000e+00	
871	3.003480e-07	0.000000e+00	0.000000e+00	0.000000e+00	
872	3.006040e-07	0.000000e+00	0.000000e+00	0.000000e+00	
873	3.011160e-07	0.000000e+00	0.000000e+00	0.000000e+00	
874	3.021400e-07	0.000000e+00	0.000000e+00	0.000000e+00	
875	3.041880e-07	0.000000e+00	0.000000e+00	0.000000e+00	
876	3.049000e-07	0.000000e+00	0.000000e+00	0.000000e+00	
877	3.049100e-07	0.000000e+00	0.000000e+00	0.000000e+00	
878	3.049300e-07	0.000000e+00	0.000000e+00	0.000000e+00	
879	3.049700e-07	0.000000e+00	0.000000e+00	0.000000e+00	
880	3.050000e-07	0.000000e+00	0.000000e+00	0.000000e+00	
881	3.050080e-07	0.000000e+00	0.000000e+00	0.000000e+00	
882	3.050240e-07	0.000000e+00	0.000000e+00	0.000000e+00	
883	3.050560e-07	0.000000e+00	0.000000e+00	0.000000e+00	
884	3.051200e-07	0.000000e+00	0.000000e+00	0.000000e+00	
885	3.052480e-07	0.000000e+00	0.000000e+00	0.000000e+00	
886	3.055040e-07	0.000000e+00	0.000000e+00	0.000000e+00	
887	3.060160e-07	0.000000e+00	0.000000e+00	0.000000e+00	
888	3.070400e-07	0.000000e+00	0.000000e+00	0.000000e+00	
889	3.090880e-07	0.000000e+00	0.000000e+00	0.000000e+00	
890	3.100000e-07	0.000000e+00	0.000000e+00	0.000000e+00	
891	3.100100e-07	0.000000e+00	0.000000e+00	0.000000e+00	
892	3.100300e-07	0.000000e+00	0.000000e+00	0.000000e+00	
893	3.100700e-07	0.000000e+00	0.000000e+00	0.000000e+00	
894	3.101000e-07	0.000000e+00	0.000000e+00	0.000000e+00	
895	3.101080e-07	0.000000e+00	0.000000e+00	0.000000e+00	
896	3.101240e-07	0.000000e+00	0.000000e+00	0.000000e+00	
897	3.101560e-07	0.000000e+00	0.000000e+00	0.000000e+00	
898	3.102200e-07	0.000000e+00	0.000000e+00	0.000000e+00	
899	3.103480e-07	0.000000e+00	0.000000e+00	0.000000e+00	
900	3.106040e-07	0.000000e+00	0.000000e+00	0.000000e+00	
901	3.111160e-07	0.000000e+00	0.000000e+00	0.000000e+00	
902	3.121400e-07	0.000000e+00	0.000000e+00	0.000000e+00	
903	3.141880e-07	0.000000e+00	0.000000e+00	0.000000e+00	
904	3.149000e-07	0.000000e+00	0.000000e+00	0.000000e+00	
905	3.149100e-07	0.000000e+00	0.000000e+00	0.000000e+00	
906	3.149300e-07	0.000000e+00	0.000000e+00	0.000000e+00	
907	3.149700e-07	0.000000e+00	0.000000e+00	0.000000e+00	
908	3.150000e-07	0.000000e+00	0.000000e+00	0.000000e+00	
909	3.150080e-07	0.000000e+00	0.000000e+00	0.000000e+00	
910	3.150240e-07	0.000000e+00	0.000000e+00	0.000000e+00	
911	3.150560e-07	0.000000e+00	0.000000e+00	0.000000e+00	
912	3.151200e-07	0.000000e+00	0.000000e+00	0.000000e+00	
913	3.152480e-07	0.000000e+00	0.000000e+00	0.000000e+00	
914	3.155040e-07	0.000000e+00	0.000000e+00	0.000000e+00	
915	3.160160e-07	0.000000e+00	0.000000e+00	0.000000e+00	
916	3.170400e-07	0.000000e+00	0.000000e+00	0.000000e+00	
917	3.190880e-07	0.000000e+00	0.000000e+00	0.000000e+00	
918	3.200000e-07	0.000000e+00	0.000000e+00	0.000000e+00	
919	3.200100e-07	0.000000e+00	0.000000e+00	0.000000e+00	
920	3.200300e-07	0.000000e+00	0.000000e+00	0.000000e+00	
921	3.200700e-07	0.000000e+00	0.000000e+00	0.000000e+00	
922	3.201000e-07	0.000000e+00	0.000000e+00	0.000000e+00	
923	3.201080e-07	0.000000e+00	0.000000e+00	0.000000e+00	
924	3.201240e-07	0.000000e+00	0.000000e+00	0.000000e+00	

Index   time            a1#branch_1_3   v1#branch       v2#branch       
--------------------------------------------------------------------------------
925	3.201560e-07	0.000000e+00	0.000000e+00	0.000000e+00	
926	3.202200e-07	0.000000e+00	0.000000e+00	0.000000e+00	
927	3.203480e-07	0.000000e+00	0.000000e+00	0.000000e+00	
928	3.206040e-07	0.000000e+00	0.000000e+00	0.000000e+00	
929	3.211160e-07	0.000000e+00	0.000000e+00	0.000000e+00	
930	3.221400e-07	0.000000e+00	0.000000e+00	0.000000e+00	
931	3.241880e-07	0.000000e+00	0.000000e+00	0.000000e+00	
932	3.249000e-07	0.000000e+00	0.000000e+00	0.000000e+00	
933	3.249100e-07	0.000000e+00	0.000000e+00	0.000000e+00	
934	3.249300e-07	0.000000e+00	0.000000e+00	0.000000e+00	
935	3.249700e-07	0.000000e+00	0.000000e+00	0.000000e+00	
936	3.250000e-07	0.000000e+00	0.000000e+00	0.000000e+00	
937	3.250080e-07	0.000000e+00	0.000000e+00	0.000000e+00	
938	3.250240e-07	0.000000e+00	0.000000e+00	0.000000e+00	
939	3.250560e-07	0.000000e+00	0.000000e+00	0.000000e+00	
940	3.251200e-07	0.000000e+00	0.000000e+00	0.000000e+00	
941	3.252480e-07	0.000000e+00	0.000000e+00	0.000000e+00	
942	3.255040e-07	0.000000e+00	0.000000e+00	0.000000e+00	
943	3.260160e-07	0.000000e+00	0.000000e+00	0.000000e+00	
944	3.270400e-07	0.000000e+00	0.000000e+00	0.000000e+00	
945	3.290880e-07	0.000000e+00	0.000000e+00	0.000000e+00	
946	3.300000e-07	0.000000e+00	0.000000e+00	0.000000e+00	
947	3.300100e-07	0.000000e+00	0.000000e+00	0.000000e+00	
948	3.300300e-07	0.000000e+00	0.000000e+00	0.000000e+00	
949	3.300700e-07	0.000000e+00	0.000000e+00	0.000000e+00	
950	3.301000e-07	0.000000e+00	0.000000e+00	0.000000e+00	
951	3.301080e-07	0.000000e+00	0.000000e+00	0.000000e+00	
952	3.301240e-07	0.000000e+00	0.000000e+00	0.000000e+00	
953	3.301560e-07	0.000000e+00	0.000000e+00	0.000000e+00	
954	3.302200e-07	0.000000e+00	0.000000e+00	0.000000e+00	
955	3.303480e-07	0.000000e+00	0.000000e+00	0.000000e+00	
956	3.306040e-07	0.000000e+00	0.000000e+00	0.000000e+00	
957	3.311160e-07	0.000000e+00	0.000000e+00	0.000000e+00	
958	3.321400e-07	0.000000e+00	0.000000e+00	0.000000e+00	
959	3.341880e-07	0.000000e+00	0.000000e+00	0.000000e+00	
960	3.349000e-07	0.000000e+00	0.000000e+00	0.000000e+00	
961	3.349100e-07	0.000000e+00	0.000000e+00	0.000000e+00	
962	3.349300e-07	0.000000e+00	0.000000e+00	0.000000e+00	
963	3.349700e-07	0.000000e+00	0.000000e+00	0.000000e+00	
964	3.350000e-07	0.000000e+00	0.000000e+00	0.000000e+00	
965	3.350080e-07	0.000000e+00	0.000000e+00	0.000000e+00	
966	3.350240e-07	0.000000e+00	0.000000e+00	0.000000e+00	
967	3.350560e-07	0.000000e+00	0.000000e+00	0.000000e+00	
968	3.351200e-07	0.000000e+00	0.000000e+00	0.000000e+00	
969	3.352480e-07	0.000000e+00	0.000000e+00	0.000000e+00	
970	3.355040e-07	0.000000e+00	0.000000e+00	0.000000e+00	
971	3.360160e-07	0.000000e+00	0.000000e+00	0.000000e+00	
972	3.370400e-07	0.000000e+00	0.000000e+00	0.000000e+00	
973	3.390880e-07	0.000000e+00	0.000000e+00	0.000000e+00	
974	3.400000e-07	0.000000e+00	0.000000e+00	0.000000e+00	
975	3.400100e-07	0.000000e+00	0.000000e+00	0.000000e+00	
976	3.400300e-07	0.000000e+00	0.000000e+00	0.000000e+00	
977	3.400700e-07	0.000000e+00	0.000000e+00	0.000000e+00	
978	3.401000e-07	0.000000e+00	0.000000e+00	0.000000e+00	
979	3.401080e-07	0.000000e+00	0.000000e+00	0.000000e+00	
980	3.401240e-07	0.000000e+00	0.000000e+00	0.000000e+00	
981	3.401560e-07	0.000000e+00	0.000000e+00	0.000000e+00	
982	3.402200e-07	0.000000e+00	0.000000e+00	0.000000e+00	

Index   time            a1#branch_1_3   v1#branch       v2#branch       
--------------------------------------------------------------------------------
983	3.403480e-07	0.000000e+00	0.000000e+00	0.000000e+00	
984	3.406040e-07	0.000000e+00	0.000000e+00	0.000000e+00	
985	3.411160e-07	0.000000e+00	0.000000e+00	0.000000e+00	
986	3.421400e-07	0.000000e+00	0.000000e+00	0.000000e+00	
987	3.441880e-07	0.000000e+00	0.000000e+00	0.000000e+00	
988	3.449000e-07	0.000000e+00	0.000000e+00	0.000000e+00	
989	3.449100e-07	0.000000e+00	0.000000e+00	0.000000e+00	
990	3.449300e-07	0.000000e+00	0.000000e+00	0.000000e+00	
991	3.449700e-07	0.000000e+00	0.000000e+00	0.000000e+00	
992	3.450000e-07	0.000000e+00	0.000000e+00	0.000000e+00	
993	3.450080e-07	0.000000e+00	0.000000e+00	0.000000e+00	
994	3.450240e-07	0.000000e+00	0.000000e+00	0.000000e+00	
995	3.450560e-07	0.000000e+00	0.000000e+00	0.000000e+00	
996	3.451200e-07	0.000000e+00	0.000000e+00	0.000000e+00	
997	3.452480e-07	0.000000e+00	0.000000e+00	0.000000e+00	
998	3.455040e-07	0.000000e+00	0.000000e+00	0.000000e+00	
999	3.460160e-07	0.000000e+00	0.000000e+00	0.000000e+00	
1000	3.470400e-07	0.000000e+00	0.000000e+00	0.000000e+00	
1001	3.490880e-07	0.000000e+00	0.000000e+00	0.000000e+00	
1002	3.500000e-07	0.000000e+00	0.000000e+00	0.000000e+00	
1003	3.500100e-07	0.000000e+00	0.000000e+00	0.000000e+00	
1004	3.500300e-07	0.000000e+00	0.000000e+00	0.000000e+00	
1005	3.500700e-07	0.000000e+00	0.000000e+00	0.000000e+00	
1006	3.501000e-07	0.000000e+00	0.000000e+00	0.000000e+00	
1007	3.501080e-07	0.000000e+00	0.000000e+00	0.000000e+00	
1008	3.501240e-07	0.000000e+00	0.000000e+00	0.000000e+00	
1009	3.501560e-07	0.000000e+00	0.000000e+00	0.000000e+00	
1010	3.502200e-07	0.000000e+00	0.000000e+00	0.000000e+00	
1011	3.503480e-07	0.000000e+00	0.000000e+00	0.000000e+00	
1012	3.506040e-07	0.000000e+00	0.000000e+00	0.000000e+00	
1013	3.511160e-07	0.000000e+00	0.000000e+00	0.000000e+00	
1014	3.521400e-07	0.000000e+00	0.000000e+00	0.000000e+00	
1015	3.541880e-07	0.000000e+00	0.000000e+00	0.000000e+00	
1016	3.549000e-07	0.000000e+00	0.000000e+00	0.000000e+00	
1017	3.549100e-07	0.000000e+00	0.000000e+00	0.000000e+00	
1018	3.549300e-07	0.000000e+00	0.000000e+00	0.000000e+00	
1019	3.549700e-07	0.000000e+00	0.000000e+00	0.000000e+00	
1020	3.550000e-07	0.000000e+00	0.000000e+00	0.000000e+00	
1021	3.550080e-07	0.000000e+00	0.000000e+00	0.000000e+00	
1022	3.550240e-07	0.000000e+00	0.000000e+00	0.000000e+00	
1023	3.550560e-07	0.000000e+00	0.000000e+00	0.000000e+00	
1024	3.551200e-07	0.000000e+00	0.000000e+00	0.000000e+00	
1025	3.552480e-07	0.000000e+00	0.000000e+00	0.000000e+00	
1026	3.555040e-07	0.000000e+00	0.000000e+00	0.000000e+00	
1027	3.560160e-07	0.000000e+00	0.000000e+00	0.000000e+00	
1028	3.570400e-07	0.000000e+00	0.000000e+00	0.000000e+00	
1029	3.590880e-07	0.000000e+00	0.000000e+00	0.000000e+00	
1030	3.600000e-07	0.000000e+00	0.000000e+00	0.000000e+00	
1031	3.600100e-07	0.000000e+00	0.000000e+00	0.000000e+00	
1032	3.600300e-07	0.000000e+00	0.000000e+00	0.000000e+00	
1033	3.600700e-07	0.000000e+00	0.000000e+00	0.000000e+00	
1034	3.601000e-07	0.000000e+00	0.000000e+00	0.000000e+00	
1035	3.601080e-07	0.000000e+00	0.000000e+00	0.000000e+00	
1036	3.601240e-07	0.000000e+00	0.000000e+00	0.000000e+00	
1037	3.601560e-07	0.000000e+00	0.000000e+00	0.000000e+00	
1038	3.602200e-07	0.000000e+00	0.000000e+00	0.000000e+00	
1039	3.603480e-07	0.000000e+00	0.000000e+00	0.000000e+00	
1040	3.606040e-07	0.000000e+00	0.000000e+00	0.000000e+00	

Index   time            a1#branch_1_3   v1#branch       v2#branch       
--------------------------------------------------------------------------------
1041	3.611160e-07	0.000000e+00	0.000000e+00	0.000000e+00	
1042	3.621400e-07	0.000000e+00	0.000000e+00	0.000000e+00	
1043	3.641880e-07	0.000000e+00	0.000000e+00	0.000000e+00	
1044	3.649000e-07	0.000000e+00	0.000000e+00	0.000000e+00	
1045	3.649100e-07	0.000000e+00	0.000000e+00	0.000000e+00	
1046	3.649300e-07	0.000000e+00	0.000000e+00	0.000000e+00	
1047	3.649700e-07	0.000000e+00	0.000000e+00	0.000000e+00	
1048	3.650000e-07	0.000000e+00	0.000000e+00	0.000000e+00	
1049	3.650080e-07	0.000000e+00	0.000000e+00	0.000000e+00	
1050	3.650240e-07	0.000000e+00	0.000000e+00	0.000000e+00	
1051	3.650560e-07	0.000000e+00	0.000000e+00	0.000000e+00	
1052	3.651200e-07	0.000000e+00	0.000000e+00	0.000000e+00	
1053	3.652480e-07	0.000000e+00	0.000000e+00	0.000000e+00	
1054	3.655040e-07	0.000000e+00	0.000000e+00	0.000000e+00	
1055	3.660160e-07	0.000000e+00	0.000000e+00	0.000000e+00	
1056	3.670400e-07	0.000000e+00	0.000000e+00	0.000000e+00	
1057	3.690880e-07	0.000000e+00	0.000000e+00	0.000000e+00	
1058	3.700000e-07	0.000000e+00	0.000000e+00	0.000000e+00	
1059	3.700100e-07	0.000000e+00	0.000000e+00	0.000000e+00	
1060	3.700300e-07	0.000000e+00	0.000000e+00	0.000000e+00	
1061	3.700700e-07	0.000000e+00	0.000000e+00	0.000000e+00	
1062	3.701000e-07	0.000000e+00	0.000000e+00	0.000000e+00	
1063	3.701080e-07	0.000000e+00	0.000000e+00	0.000000e+00	
1064	3.701240e-07	0.000000e+00	0.000000e+00	0.000000e+00	
1065	3.701560e-07	0.000000e+00	0.000000e+00	0.000000e+00	
1066	3.702200e-07	0.000000e+00	0.000000e+00	0.000000e+00	
1067	3.703480e-07	0.000000e+00	0.000000e+00	0.000000e+00	
1068	3.706040e-07	0.000000e+00	0.000000e+00	0.000000e+00	
1069	3.711160e-07	0.000000e+00	0.000000e+00	0.000000e+00	
1070	3.721400e-07	0.000000e+00	0.000000e+00	0.000000e+00	
1071	3.741880e-07	0.000000e+00	0.000000e+00	0.000000e+00	
1072	3.749000e-07	0.000000e+00	0.000000e+00	0.000000e+00	
1073	3.749100e-07	0.000000e+00	0.000000e+00	0.000000e+00	
1074	3.749300e-07	0.000000e+00	0.000000e+00	0.000000e+00	
1075	3.749700e-07	0.000000e+00	0.000000e+00	0.000000e+00	
1076	3.750000e-07	0.000000e+00	0.000000e+00	0.000000e+00	
1077	3.750080e-07	0.000000e+00	0.000000e+00	0.000000e+00	
1078	3.750240e-07	0.000000e+00	0.000000e+00	0.000000e+00	
1079	3.750560e-07	0.000000e+00	0.000000e+00	0.000000e+00	
1080	3.751200e-07	0.000000e+00	0.000000e+00	0.000000e+00	
1081	3.752480e-07	0.000000e+00	0.000000e+00	0.000000e+00	
1082	3.755040e-07	0.000000e+00	0.000000e+00	0.000000e+00	
1083	3.760160e-07	0.000000e+00	0.000000e+00	0.000000e+00	
1084	3.770400e-07	0.000000e+00	0.000000e+00	0.000000e+00	
1085	3.790880e-07	0.000000e+00	0.000000e+00	0.000000e+00	
1086	3.800000e-07	0.000000e+00	0.000000e+00	0.000000e+00	
1087	3.800100e-07	0.000000e+00	0.000000e+00	0.000000e+00	
1088	3.800300e-07	0.000000e+00	0.000000e+00	0.000000e+00	
1089	3.800700e-07	0.000000e+00	0.000000e+00	0.000000e+00	
1090	3.801000e-07	0.000000e+00	0.000000e+00	0.000000e+00	
1091	3.801080e-07	0.000000e+00	0.000000e+00	0.000000e+00	
1092	3.801240e-07	0.000000e+00	0.000000e+00	0.000000e+00	
1093	3.801560e-07	0.000000e+00	0.000000e+00	0.000000e+00	
1094	3.802200e-07	0.000000e+00	0.000000e+00	0.000000e+00	
1095	3.803480e-07	0.000000e+00	0.000000e+00	0.000000e+00	
1096	3.806040e-07	0.000000e+00	0.000000e+00	0.000000e+00	
1097	3.811160e-07	0.000000e+00	0.000000e+00	0.000000e+00	
1098	3.821400e-07	0.000000e+00	0.000000e+00	0.000000e+00	

Index   time            a1#branch_1_3   v1#branch       v2#branch       
--------------------------------------------------------------------------------
1099	3.841880e-07	0.000000e+00	0.000000e+00	0.000000e+00	
1100	3.849000e-07	0.000000e+00	0.000000e+00	0.000000e+00	
1101	3.849100e-07	0.000000e+00	0.000000e+00	0.000000e+00	
1102	3.849300e-07	0.000000e+00	0.000000e+00	0.000000e+00	
1103	3.849700e-07	0.000000e+00	0.000000e+00	0.000000e+00	
1104	3.850000e-07	0.000000e+00	0.000000e+00	0.000000e+00	
1105	3.850080e-07	0.000000e+00	0.000000e+00	0.000000e+00	
1106	3.850240e-07	0.000000e+00	0.000000e+00	0.000000e+00	
1107	3.850560e-07	0.000000e+00	0.000000e+00	0.000000e+00	
1108	3.851200e-07	0.000000e+00	0.000000e+00	0.000000e+00	
1109	3.852480e-07	0.000000e+00	0.000000e+00	0.000000e+00	
1110	3.855040e-07	0.000000e+00	0.000000e+00	0.000000e+00	
1111	3.860160e-07	0.000000e+00	0.000000e+00	0.000000e+00	
1112	3.870400e-07	0.000000e+00	0.000000e+00	0.000000e+00	
1113	3.890880e-07	0.000000e+00	0.000000e+00	0.000000e+00	
1114	3.900000e-07	0.000000e+00	0.000000e+00	0.000000e+00	
1115	3.900100e-07	0.000000e+00	0.000000e+00	0.000000e+00	
1116	3.900300e-07	0.000000e+00	0.000000e+00	0.000000e+00	
1117	3.900700e-07	0.000000e+00	0.000000e+00	0.000000e+00	
1118	3.901000e-07	0.000000e+00	0.000000e+00	0.000000e+00	
1119	3.901080e-07	0.000000e+00	0.000000e+00	0.000000e+00	
1120	3.901240e-07	0.000000e+00	0.000000e+00	0.000000e+00	
1121	3.901560e-07	0.000000e+00	0.000000e+00	0.000000e+00	
1122	3.902200e-07	0.000000e+00	0.000000e+00	0.000000e+00	
1123	3.903480e-07	0.000000e+00	0.000000e+00	0.000000e+00	
1124	3.906040e-07	0.000000e+00	0.000000e+00	0.000000e+00	
1125	3.911160e-07	0.000000e+00	0.000000e+00	0.000000e+00	
1126	3.921400e-07	0.000000e+00	0.000000e+00	0.000000e+00	
1127	3.941880e-07	0.000000e+00	0.000000e+00	0.000000e+00	
1128	3.949000e-07	0.000000e+00	0.000000e+00	0.000000e+00	
1129	3.949100e-07	0.000000e+00	0.000000e+00	0.000000e+00	
1130	3.949300e-07	0.000000e+00	0.000000e+00	0.000000e+00	
1131	3.949700e-07	0.000000e+00	0.000000e+00	0.000000e+00	
1132	3.950000e-07	0.000000e+00	0.000000e+00	0.000000e+00	
1133	3.950080e-07	0.000000e+00	0.000000e+00	0.000000e+00	
1134	3.950240e-07	0.000000e+00	0.000000e+00	0.000000e+00	
1135	3.950560e-07	0.000000e+00	0.000000e+00	0.000000e+00	
1136	3.951200e-07	0.000000e+00	0.000000e+00	0.000000e+00	
1137	3.952480e-07	0.000000e+00	0.000000e+00	0.000000e+00	
1138	3.955040e-07	0.000000e+00	0.000000e+00	0.000000e+00	
1139	3.960160e-07	0.000000e+00	0.000000e+00	0.000000e+00	
1140	3.970400e-07	0.000000e+00	0.000000e+00	0.000000e+00	
1141	3.990880e-07	0.000000e+00	0.000000e+00	0.000000e+00	
1142	4.000000e-07	0.000000e+00	0.000000e+00	0.000000e+00	
1143	4.000100e-07	0.000000e+00	0.000000e+00	0.000000e+00	
1144	4.000300e-07	0.000000e+00	0.000000e+00	0.000000e+00	
1145	4.000700e-07	0.000000e+00	0.000000e+00	0.000000e+00	
1146	4.001000e-07	0.000000e+00	0.000000e+00	0.000000e+00	
1147	4.001080e-07	0.000000e+00	0.000000e+00	0.000000e+00	
1148	4.001240e-07	0.000000e+00	0.000000e+00	0.000000e+00	
1149	4.001560e-07	0.000000e+00	0.000000e+00	0.000000e+00	
1150	4.002200e-07	0.000000e+00	0.000000e+00	0.000000e+00	
1151	4.003480e-07	0.000000e+00	0.000000e+00	0.000000e+00	
1152	4.006040e-07	0.000000e+00	0.000000e+00	0.000000e+00	
1153	4.011160e-07	0.000000e+00	0.000000e+00	0.000000e+00	
1154	4.021400e-07	0.000000e+00	0.000000e+00	0.000000e+00	
1155	4.041880e-07	0.000000e+00	0.000000e+00	0.000000e+00	
1156	4.049000e-07	0.000000e+00	0.000000e+00	0.000000e+00	

Index   time            a1#branch_1_3   v1#branch       v2#branch       
--------------------------------------------------------------------------------
1157	4.049100e-07	0.000000e+00	0.000000e+00	0.000000e+00	
1158	4.049300e-07	0.000000e+00	0.000000e+00	0.000000e+00	
1159	4.049700e-07	0.000000e+00	0.000000e+00	0.000000e+00	
1160	4.050000e-07	0.000000e+00	0.000000e+00	0.000000e+00	
1161	4.050080e-07	0.000000e+00	0.000000e+00	0.000000e+00	
1162	4.050240e-07	0.000000e+00	0.000000e+00	0.000000e+00	
1163	4.050560e-07	0.000000e+00	0.000000e+00	0.000000e+00	
1164	4.051200e-07	0.000000e+00	0.000000e+00	0.000000e+00	
1165	4.052480e-07	0.000000e+00	0.000000e+00	0.000000e+00	
1166	4.055040e-07	0.000000e+00	0.000000e+00	0.000000e+00	
1167	4.060160e-07	0.000000e+00	0.000000e+00	0.000000e+00	
1168	4.070400e-07	0.000000e+00	0.000000e+00	0.000000e+00	
1169	4.090880e-07	0.000000e+00	0.000000e+00	0.000000e+00	
1170	4.100000e-07	0.000000e+00	0.000000e+00	0.000000e+00	
1171	4.100100e-07	0.000000e+00	0.000000e+00	0.000000e+00	
1172	4.100300e-07	0.000000e+00	0.000000e+00	0.000000e+00	
1173	4.100700e-07	0.000000e+00	0.000000e+00	0.000000e+00	
1174	4.101000e-07	0.000000e+00	0.000000e+00	0.000000e+00	
1175	4.101080e-07	0.000000e+00	0.000000e+00	0.000000e+00	
1176	4.101240e-07	0.000000e+00	0.000000e+00	0.000000e+00	
1177	4.101560e-07	0.000000e+00	0.000000e+00	0.000000e+00	
1178	4.102200e-07	0.000000e+00	0.000000e+00	0.000000e+00	
1179	4.103480e-07	0.000000e+00	0.000000e+00	0.000000e+00	
1180	4.106040e-07	0.000000e+00	0.000000e+00	0.000000e+00	
1181	4.111160e-07	0.000000e+00	0.000000e+00	0.000000e+00	
1182	4.121400e-07	0.000000e+00	0.000000e+00	0.000000e+00	
1183	4.141880e-07	0.000000e+00	0.000000e+00	0.000000e+00	
1184	4.149000e-07	0.000000e+00	0.000000e+00	0.000000e+00	
1185	4.149100e-07	0.000000e+00	0.000000e+00	0.000000e+00	
1186	4.149300e-07	0.000000e+00	0.000000e+00	0.000000e+00	
1187	4.149700e-07	0.000000e+00	0.000000e+00	0.000000e+00	
1188	4.150000e-07	0.000000e+00	0.000000e+00	0.000000e+00	
1189	4.150080e-07	0.000000e+00	0.000000e+00	0.000000e+00	
1190	4.150240e-07	0.000000e+00	0.000000e+00	0.000000e+00	
1191	4.150560e-07	0.000000e+00	0.000000e+00	0.000000e+00	
1192	4.151200e-07	0.000000e+00	0.000000e+00	0.000000e+00	
1193	4.152480e-07	0.000000e+00	0.000000e+00	0.000000e+00	
1194	4.155040e-07	0.000000e+00	0.000000e+00	0.000000e+00	
1195	4.160160e-07	0.000000e+00	0.000000e+00	0.000000e+00	
1196	4.170400e-07	0.000000e+00	0.000000e+00	0.000000e+00	
1197	4.190880e-07	0.000000e+00	0.000000e+00	0.000000e+00	
1198	4.200000e-07	0.000000e+00	0.000000e+00	0.000000e+00	
1199	4.200100e-07	0.000000e+00	0.000000e+00	0.000000e+00	
1200	4.200300e-07	0.000000e+00	0.000000e+00	0.000000e+00	
1201	4.200700e-07	0.000000e+00	0.000000e+00	0.000000e+00	
1202	4.201000e-07	0.000000e+00	0.000000e+00	0.000000e+00	
1203	4.201080e-07	0.000000e+00	0.000000e+00	0.000000e+00	
1204	4.201240e-07	0.000000e+00	0.000000e+00	0.000000e+00	
1205	4.201560e-07	0.000000e+00	0.000000e+00	0.000000e+00	
1206	4.202200e-07	0.000000e+00	0.000000e+00	0.000000e+00	
1207	4.203480e-07	0.000000e+00	0.000000e+00	0.000000e+00	
1208	4.206040e-07	0.000000e+00	0.000000e+00	0.000000e+00	
1209	4.211160e-07	0.000000e+00	0.000000e+00	0.000000e+00	
1210	4.221400e-07	0.000000e+00	0.000000e+00	0.000000e+00	
1211	4.241880e-07	0.000000e+00	0.000000e+00	0.000000e+00	
1212	4.249000e-07	0.000000e+00	0.000000e+00	0.000000e+00	
1213	4.249100e-07	0.000000e+00	0.000000e+00	0.000000e+00	
1214	4.249300e-07	0.000000e+00	0.000000e+00	0.000000e+00	

Index   time            a1#branch_1_3   v1#branch       v2#branch       
--------------------------------------------------------------------------------
1215	4.249700e-07	0.000000e+00	0.000000e+00	0.000000e+00	
1216	4.250000e-07	0.000000e+00	0.000000e+00	0.000000e+00	
1217	4.250080e-07	0.000000e+00	0.000000e+00	0.000000e+00	
1218	4.250240e-07	0.000000e+00	0.000000e+00	0.000000e+00	
1219	4.250560e-07	0.000000e+00	0.000000e+00	0.000000e+00	
1220	4.251200e-07	0.000000e+00	0.000000e+00	0.000000e+00	
1221	4.252480e-07	0.000000e+00	0.000000e+00	0.000000e+00	
1222	4.255040e-07	0.000000e+00	0.000000e+00	0.000000e+00	
1223	4.260160e-07	0.000000e+00	0.000000e+00	0.000000e+00	
1224	4.270400e-07	0.000000e+00	0.000000e+00	0.000000e+00	
1225	4.290880e-07	0.000000e+00	0.000000e+00	0.000000e+00	
1226	4.300000e-07	0.000000e+00	0.000000e+00	0.000000e+00	
1227	4.300100e-07	0.000000e+00	0.000000e+00	0.000000e+00	
1228	4.300300e-07	0.000000e+00	0.000000e+00	0.000000e+00	
1229	4.300700e-07	0.000000e+00	0.000000e+00	0.000000e+00	
1230	4.301000e-07	0.000000e+00	0.000000e+00	0.000000e+00	
1231	4.301080e-07	0.000000e+00	0.000000e+00	0.000000e+00	
1232	4.301240e-07	0.000000e+00	0.000000e+00	0.000000e+00	
1233	4.301560e-07	0.000000e+00	0.000000e+00	0.000000e+00	
1234	4.302200e-07	0.000000e+00	0.000000e+00	0.000000e+00	
1235	4.303480e-07	0.000000e+00	0.000000e+00	0.000000e+00	
1236	4.306040e-07	0.000000e+00	0.000000e+00	0.000000e+00	
1237	4.311160e-07	0.000000e+00	0.000000e+00	0.000000e+00	
1238	4.321400e-07	0.000000e+00	0.000000e+00	0.000000e+00	
1239	4.341880e-07	0.000000e+00	0.000000e+00	0.000000e+00	
1240	4.349000e-07	0.000000e+00	0.000000e+00	0.000000e+00	
1241	4.349100e-07	0.000000e+00	0.000000e+00	0.000000e+00	
1242	4.349300e-07	0.000000e+00	0.000000e+00	0.000000e+00	
1243	4.349700e-07	0.000000e+00	0.000000e+00	0.000000e+00	
1244	4.350000e-07	0.000000e+00	0.000000e+00	0.000000e+00	
1245	4.350080e-07	0.000000e+00	0.000000e+00	0.000000e+00	
1246	4.350240e-07	0.000000e+00	0.000000e+00	0.000000e+00	
1247	4.350560e-07	0.000000e+00	0.000000e+00	0.000000e+00	
1248	4.351200e-07	0.000000e+00	0.000000e+00	0.000000e+00	
1249	4.352480e-07	0.000000e+00	0.000000e+00	0.000000e+00	
1250	4.355040e-07	0.000000e+00	0.000000e+00	0.000000e+00	
1251	4.360160e-07	0.000000e+00	0.000000e+00	0.000000e+00	
1252	4.370400e-07	0.000000e+00	0.000000e+00	0.000000e+00	
1253	4.390880e-07	0.000000e+00	0.000000e+00	0.000000e+00	
1254	4.400000e-07	0.000000e+00	0.000000e+00	0.000000e+00	
1255	4.400100e-07	0.000000e+00	0.000000e+00	0.000000e+00	
1256	4.400300e-07	0.000000e+00	0.000000e+00	0.000000e+00	
1257	4.400700e-07	0.000000e+00	0.000000e+00	0.000000e+00	
1258	4.401000e-07	0.000000e+00	0.000000e+00	0.000000e+00	
1259	4.401080e-07	0.000000e+00	0.000000e+00	0.000000e+00	
1260	4.401240e-07	0.000000e+00	0.000000e+00	0.000000e+00	
1261	4.401560e-07	0.000000e+00	0.000000e+00	0.000000e+00	
1262	4.402200e-07	0.000000e+00	0.000000e+00	0.000000e+00	
1263	4.403480e-07	0.000000e+00	0.000000e+00	0.000000e+00	
1264	4.406040e-07	0.000000e+00	0.000000e+00	0.000000e+00	
1265	4.411160e-07	0.000000e+00	0.000000e+00	0.000000e+00	
1266	4.421400e-07	0.000000e+00	0.000000e+00	0.000000e+00	
1267	4.441880e-07	0.000000e+00	0.000000e+00	0.000000e+00	
1268	4.449000e-07	0.000000e+00	0.000000e+00	0.000000e+00	
1269	4.449100e-07	0.000000e+00	0.000000e+00	0.000000e+00	
1270	4.449300e-07	0.000000e+00	0.000000e+00	0.000000e+00	
1271	4.449700e-07	0.000000e+00	0.000000e+00	0.000000e+00	
1272	4.450000e-07	0.000000e+00	0.000000e+00	0.000000e+00	

Index   time            a1#branch_1_3   v1#branch       v2#branch       
--------------------------------------------------------------------------------
1273	4.450080e-07	0.000000e+00	0.000000e+00	0.000000e+00	
1274	4.450240e-07	0.000000e+00	0.000000e+00	0.000000e+00	
1275	4.450560e-07	0.000000e+00	0.000000e+00	0.000000e+00	
1276	4.451200e-07	0.000000e+00	0.000000e+00	0.000000e+00	
1277	4.452480e-07	0.000000e+00	0.000000e+00	0.000000e+00	
1278	4.455040e-07	0.000000e+00	0.000000e+00	0.000000e+00	
1279	4.460160e-07	0.000000e+00	0.000000e+00	0.000000e+00	
1280	4.470400e-07	0.000000e+00	0.000000e+00	0.000000e+00	
1281	4.490880e-07	0.000000e+00	0.000000e+00	0.000000e+00	
1282	4.500000e-07	0.000000e+00	0.000000e+00	0.000000e+00	
1283	4.500100e-07	0.000000e+00	0.000000e+00	0.000000e+00	
1284	4.500300e-07	0.000000e+00	0.000000e+00	0.000000e+00	
1285	4.500700e-07	0.000000e+00	0.000000e+00	0.000000e+00	
1286	4.501000e-07	0.000000e+00	0.000000e+00	0.000000e+00	
1287	4.501080e-07	0.000000e+00	0.000000e+00	0.000000e+00	
1288	4.501240e-07	0.000000e+00	0.000000e+00	0.000000e+00	
1289	4.501560e-07	0.000000e+00	0.000000e+00	0.000000e+00	
1290	4.502200e-07	0.000000e+00	0.000000e+00	0.000000e+00	
1291	4.502300e-07	0.000000e+00	0.000000e+00	0.000000e+00	
1292	4.502400e-07	0.000000e+00	0.000000e+00	0.000000e+00	
1293	4.502600e-07	0.000000e+00	0.000000e+00	0.000000e+00	
1294	4.503000e-07	0.000000e+00	0.000000e+00	0.000000e+00	
1295	4.503300e-07	0.000000e+00	0.000000e+00	0.000000e+00	
1296	4.503380e-07	0.000000e+00	0.000000e+00	0.000000e+00	
1297	4.503540e-07	0.000000e+00	0.000000e+00	0.000000e+00	
1298	4.503860e-07	0.000000e+00	0.000000e+00	0.000000e+00	
1299	4.504500e-07	0.000000e+00	0.000000e+00	0.000000e+00	
1300	4.505780e-07	0.000000e+00	0.000000e+00	0.000000e+00	
1301	4.508340e-07	0.000000e+00	0.000000e+00	0.000000e+00	
1302	4.513460e-07	0.000000e+00	0.000000e+00	0.000000e+00	
1303	4.523700e-07	0.000000e+00	0.000000e+00	0.000000e+00	
1304	4.544180e-07	0.000000e+00	0.000000e+00	0.000000e+00	
1305	4.549000e-07	0.000000e+00	0.000000e+00	0.000000e+00	
1306	4.549100e-07	0.000000e+00	0.000000e+00	0.000000e+00	
1307	4.549300e-07	0.000000e+00	0.000000e+00	0.000000e+00	
1308	4.549700e-07	0.000000e+00	0.000000e+00	0.000000e+00	
1309	4.550000e-07	0.000000e+00	0.000000e+00	0.000000e+00	
1310	4.550080e-07	0.000000e+00	0.000000e+00	0.000000e+00	
1311	4.550240e-07	0.000000e+00	0.000000e+00	0.000000e+00	
1312	4.550560e-07	0.000000e+00	0.000000e+00	0.000000e+00	
1313	4.551200e-07	0.000000e+00	0.000000e+00	0.000000e+00	
1314	4.552480e-07	0.000000e+00	0.000000e+00	0.000000e+00	
1315	4.555040e-07	0.000000e+00	0.000000e+00	0.000000e+00	
1316	4.560160e-07	0.000000e+00	0.000000e+00	0.000000e+00	
1317	4.570400e-07	0.000000e+00	0.000000e+00	0.000000e+00	
1318	4.590880e-07	0.000000e+00	0.000000e+00	0.000000e+00	
1319	4.600000e-07	0.000000e+00	0.000000e+00	0.000000e+00	
1320	4.600100e-07	0.000000e+00	0.000000e+00	0.000000e+00	
1321	4.600300e-07	0.000000e+00	0.000000e+00	0.000000e+00	
1322	4.600700e-07	0.000000e+00	0.000000e+00	0.000000e+00	
1323	4.601000e-07	0.000000e+00	0.000000e+00	0.000000e+00	
1324	4.601080e-07	0.000000e+00	0.000000e+00	0.000000e+00	
1325	4.601240e-07	0.000000e+00	0.000000e+00	0.000000e+00	
1326	4.601560e-07	0.000000e+00	0.000000e+00	0.000000e+00	
1327	4.602200e-07	0.000000e+00	0.000000e+00	0.000000e+00	
1328	4.602300e-07	0.000000e+00	0.000000e+00	0.000000e+00	
1329	4.602400e-07	0.000000e+00	0.000000e+00	0.000000e+00	
1330	4.602600e-07	0.000000e+00	0.000000e+00	0.000000e+00	

Index   time            a1#branch_1_3   v1#branch       v2#branch       
--------------------------------------------------------------------------------
1331	4.603000e-07	0.000000e+00	0.000000e+00	0.000000e+00	
1332	4.603300e-07	0.000000e+00	0.000000e+00	0.000000e+00	
1333	4.603380e-07	0.000000e+00	0.000000e+00	0.000000e+00	
1334	4.603540e-07	0.000000e+00	0.000000e+00	0.000000e+00	
1335	4.603860e-07	0.000000e+00	0.000000e+00	0.000000e+00	
1336	4.604500e-07	0.000000e+00	0.000000e+00	0.000000e+00	
1337	4.605780e-07	0.000000e+00	0.000000e+00	0.000000e+00	
1338	4.608340e-07	0.000000e+00	0.000000e+00	0.000000e+00	
1339	4.613460e-07	0.000000e+00	0.000000e+00	0.000000e+00	
1340	4.623700e-07	0.000000e+00	0.000000e+00	0.000000e+00	
1341	4.644180e-07	0.000000e+00	0.000000e+00	0.000000e+00	
1342	4.649000e-07	0.000000e+00	0.000000e+00	0.000000e+00	
1343	4.649100e-07	0.000000e+00	0.000000e+00	0.000000e+00	
1344	4.649300e-07	0.000000e+00	0.000000e+00	0.000000e+00	
1345	4.649700e-07	0.000000e+00	0.000000e+00	0.000000e+00	
1346	4.650000e-07	0.000000e+00	0.000000e+00	0.000000e+00	
1347	4.650080e-07	0.000000e+00	0.000000e+00	0.000000e+00	
1348	4.650240e-07	0.000000e+00	0.000000e+00	0.000000e+00	
1349	4.650560e-07	0.000000e+00	0.000000e+00	0.000000e+00	
1350	4.651200e-07	0.000000e+00	0.000000e+00	0.000000e+00	
1351	4.652480e-07	0.000000e+00	0.000000e+00	0.000000e+00	
1352	4.655040e-07	0.000000e+00	0.000000e+00	0.000000e+00	
1353	4.660160e-07	0.000000e+00	0.000000e+00	0.000000e+00	
1354	4.670400e-07	0.000000e+00	0.000000e+00	0.000000e+00	
1355	4.690880e-07	0.000000e+00	0.000000e+00	0.000000e+00	
1356	4.700000e-07	0.000000e+00	0.000000e+00	0.000000e+00	
1357	4.700100e-07	0.000000e+00	0.000000e+00	0.000000e+00	
1358	4.700300e-07	0.000000e+00	0.000000e+00	0.000000e+00	
1359	4.700700e-07	0.000000e+00	0.000000e+00	0.000000e+00	
1360	4.701000e-07	0.000000e+00	0.000000e+00	0.000000e+00	
1361	4.701080e-07	0.000000e+00	0.000000e+00	0.000000e+00	
1362	4.701240e-07	0.000000e+00	0.000000e+00	0.000000e+00	
1363	4.701560e-07	0.000000e+00	0.000000e+00	0.000000e+00	
1364	4.702200e-07	0.000000e+00	0.000000e+00	0.000000e+00	
1365	4.703480e-07	0.000000e+00	0.000000e+00	0.000000e+00	
1366	4.706040e-07	0.000000e+00	0.000000e+00	0.000000e+00	
1367	4.711160e-07	0.000000e+00	0.000000e+00	0.000000e+00	
1368	4.721400e-07	0.000000e+00	0.000000e+00	0.000000e+00	
1369	4.741880e-07	0.000000e+00	0.000000e+00	0.000000e+00	
1370	4.749000e-07	0.000000e+00	0.000000e+00	0.000000e+00	
1371	4.749100e-07	0.000000e+00	0.000000e+00	0.000000e+00	
1372	4.749300e-07	0.000000e+00	0.000000e+00	0.000000e+00	
1373	4.749700e-07	0.000000e+00	0.000000e+00	0.000000e+00	
1374	4.750000e-07	0.000000e+00	0.000000e+00	0.000000e+00	
1375	4.750080e-07	0.000000e+00	0.000000e+00	0.000000e+00	
1376	4.750240e-07	0.000000e+00	0.000000e+00	0.000000e+00	
1377	4.750560e-07	0.000000e+00	0.000000e+00	0.000000e+00	
1378	4.751200e-07	0.000000e+00	0.000000e+00	0.000000e+00	
1379	4.752480e-07	0.000000e+00	0.000000e+00	0.000000e+00	
1380	4.755040e-07	0.000000e+00	0.000000e+00	0.000000e+00	
1381	4.760160e-07	0.000000e+00	0.000000e+00	0.000000e+00	
1382	4.770400e-07	0.000000e+00	0.000000e+00	0.000000e+00	
1383	4.790880e-07	0.000000e+00	0.000000e+00	0.000000e+00	
1384	4.800000e-07	0.000000e+00	0.000000e+00	0.000000e+00	
1385	4.800100e-07	0.000000e+00	0.000000e+00	0.000000e+00	
1386	4.800300e-07	0.000000e+00	0.000000e+00	0.000000e+00	
1387	4.800700e-07	0.000000e+00	0.000000e+00	0.000000e+00	
1388	4.801000e-07	0.000000e+00	0.000000e+00	0.000000e+00	

Index   time            a1#branch_1_3   v1#branch       v2#branch       
--------------------------------------------------------------------------------
1389	4.801080e-07	0.000000e+00	0.000000e+00	0.000000e+00	
1390	4.801240e-07	0.000000e+00	0.000000e+00	0.000000e+00	
1391	4.801560e-07	0.000000e+00	0.000000e+00	0.000000e+00	
1392	4.802200e-07	0.000000e+00	0.000000e+00	0.000000e+00	
1393	4.803480e-07	0.000000e+00	0.000000e+00	0.000000e+00	
1394	4.806040e-07	0.000000e+00	0.000000e+00	0.000000e+00	
1395	4.811160e-07	0.000000e+00	0.000000e+00	0.000000e+00	
1396	4.821400e-07	0.000000e+00	0.000000e+00	0.000000e+00	
1397	4.841880e-07	0.000000e+00	0.000000e+00	0.000000e+00	
1398	4.849000e-07	0.000000e+00	0.000000e+00	0.000000e+00	
1399	4.849100e-07	0.000000e+00	0.000000e+00	0.000000e+00	
1400	4.849300e-07	0.000000e+00	0.000000e+00	0.000000e+00	
1401	4.849700e-07	0.000000e+00	0.000000e+00	0.000000e+00	
1402	4.850000e-07	0.000000e+00	0.000000e+00	0.000000e+00	
1403	4.850080e-07	0.000000e+00	0.000000e+00	0.000000e+00	
1404	4.850240e-07	0.000000e+00	0.000000e+00	0.000000e+00	
1405	4.850560e-07	0.000000e+00	0.000000e+00	0.000000e+00	
1406	4.851200e-07	0.000000e+00	0.000000e+00	0.000000e+00	
1407	4.852480e-07	0.000000e+00	0.000000e+00	0.000000e+00	
1408	4.855040e-07	0.000000e+00	0.000000e+00	0.000000e+00	
1409	4.860160e-07	0.000000e+00	0.000000e+00	0.000000e+00	
1410	4.870400e-07	0.000000e+00	0.000000e+00	0.000000e+00	
1411	4.890880e-07	0.000000e+00	0.000000e+00	0.000000e+00	
1412	4.900000e-07	0.000000e+00	0.000000e+00	0.000000e+00	
1413	4.900100e-07	0.000000e+00	0.000000e+00	0.000000e+00	
1414	4.900300e-07	0.000000e+00	0.000000e+00	0.000000e+00	
1415	4.900700e-07	0.000000e+00	0.000000e+00	0.000000e+00	
1416	4.901000e-07	0.000000e+00	0.000000e+00	0.000000e+00	
1417	4.901080e-07	0.000000e+00	0.000000e+00	0.000000e+00	
1418	4.901240e-07	0.000000e+00	0.000000e+00	0.000000e+00	
1419	4.901560e-07	0.000000e+00	0.000000e+00	0.000000e+00	
1420	4.902200e-07	0.000000e+00	0.000000e+00	0.000000e+00	
1421	4.903480e-07	0.000000e+00	0.000000e+00	0.000000e+00	
1422	4.906040e-07	0.000000e+00	0.000000e+00	0.000000e+00	
1423	4.911160e-07	0.000000e+00	0.000000e+00	0.000000e+00	
1424	4.921400e-07	0.000000e+00	0.000000e+00	0.000000e+00	
1425	4.941880e-07	0.000000e+00	0.000000e+00	0.000000e+00	
1426	4.949000e-07	0.000000e+00	0.000000e+00	0.000000e+00	
1427	4.949100e-07	0.000000e+00	0.000000e+00	0.000000e+00	
1428	4.949300e-07	0.000000e+00	0.000000e+00	0.000000e+00	
1429	4.949700e-07	0.000000e+00	0.000000e+00	0.000000e+00	
1430	4.950000e-07	0.000000e+00	0.000000e+00	0.000000e+00	
1431	4.950080e-07	0.000000e+00	0.000000e+00	0.000000e+00	
1432	4.950240e-07	0.000000e+00	0.000000e+00	0.000000e+00	
1433	4.950560e-07	0.000000e+00	0.000000e+00	0.000000e+00	
1434	4.951200e-07	0.000000e+00	0.000000e+00	0.000000e+00	
1435	4.952480e-07	0.000000e+00	0.000000e+00	0.000000e+00	
1436	4.955040e-07	0.000000e+00	0.000000e+00	0.000000e+00	
1437	4.960160e-07	0.000000e+00	0.000000e+00	0.000000e+00	
1438	4.970400e-07	0.000000e+00	0.000000e+00	0.000000e+00	
1439	4.990880e-07	0.000000e+00	0.000000e+00	0.000000e+00	
1440	5.000000e-07	0.000000e+00	0.000000e+00	0.000000e+00	

                                kicad schematic
                                Transient Analysis  Thu Jul 09 16:12:22  2026
--------------------------------------------------------------------------------
Index   time            v3#branch       
--------------------------------------------------------------------------------
0	0.000000e+00	0.000000e+00	
1	1.000000e-12	0.000000e+00	
2	2.000000e-12	0.000000e+00	
3	4.000000e-12	0.000000e+00	
4	8.000000e-12	0.000000e+00	
5	1.600000e-11	0.000000e+00	
6	3.200000e-11	0.000000e+00	
7	6.400000e-11	0.000000e+00	
8	1.000000e-10	0.000000e+00	
9	1.064000e-10	0.000000e+00	
10	1.192000e-10	0.000000e+00	
11	1.448000e-10	0.000000e+00	
12	1.960000e-10	0.000000e+00	
13	2.984000e-10	0.000000e+00	
14	5.032000e-10	0.000000e+00	
15	9.128000e-10	0.000000e+00	
16	1.732000e-09	0.000000e+00	
17	3.370400e-09	0.000000e+00	
18	4.900000e-09	0.000000e+00	
19	4.910000e-09	0.000000e+00	
20	4.930000e-09	0.000000e+00	
21	4.970000e-09	0.000000e+00	
22	5.000000e-09	0.000000e+00	
23	5.008000e-09	0.000000e+00	
24	5.024000e-09	0.000000e+00	
25	5.056000e-09	0.000000e+00	
26	5.120000e-09	0.000000e+00	
27	5.248000e-09	0.000000e+00	
28	5.504000e-09	0.000000e+00	
29	6.016000e-09	0.000000e+00	
30	7.040000e-09	0.000000e+00	
31	9.088000e-09	0.000000e+00	
32	1.000000e-08	0.000000e+00	
33	1.001000e-08	0.000000e+00	
34	1.003000e-08	0.000000e+00	
35	1.007000e-08	0.000000e+00	
36	1.010000e-08	0.000000e+00	
37	1.010800e-08	0.000000e+00	
38	1.012400e-08	0.000000e+00	
39	1.015600e-08	0.000000e+00	
40	1.022000e-08	0.000000e+00	
41	1.034800e-08	0.000000e+00	
42	1.060400e-08	0.000000e+00	
43	1.111600e-08	0.000000e+00	
44	1.214000e-08	0.000000e+00	
45	1.418800e-08	0.000000e+00	
46	1.490000e-08	0.000000e+00	
47	1.491000e-08	0.000000e+00	
48	1.493000e-08	0.000000e+00	
49	1.497000e-08	0.000000e+00	
50	1.500000e-08	0.000000e+00	
51	1.500800e-08	0.000000e+00	
52	1.502400e-08	0.000000e+00	
53	1.505600e-08	0.000000e+00	
54	1.512000e-08	0.000000e+00	

Index   time            v3#branch       
--------------------------------------------------------------------------------
55	1.524800e-08	0.000000e+00	
56	1.550400e-08	0.000000e+00	
57	1.601600e-08	0.000000e+00	
58	1.704000e-08	0.000000e+00	
59	1.908800e-08	0.000000e+00	
60	2.000000e-08	0.000000e+00	
61	2.001000e-08	0.000000e+00	
62	2.003000e-08	0.000000e+00	
63	2.007000e-08	0.000000e+00	
64	2.010000e-08	0.000000e+00	
65	2.010800e-08	0.000000e+00	
66	2.012400e-08	0.000000e+00	
67	2.015600e-08	0.000000e+00	
68	2.022000e-08	0.000000e+00	
69	2.034800e-08	0.000000e+00	
70	2.060400e-08	0.000000e+00	
71	2.111600e-08	0.000000e+00	
72	2.214000e-08	0.000000e+00	
73	2.418800e-08	0.000000e+00	
74	2.490000e-08	0.000000e+00	
75	2.491000e-08	0.000000e+00	
76	2.493000e-08	0.000000e+00	
77	2.497000e-08	0.000000e+00	
78	2.500000e-08	0.000000e+00	
79	2.500800e-08	0.000000e+00	
80	2.502400e-08	0.000000e+00	
81	2.505600e-08	0.000000e+00	
82	2.512000e-08	0.000000e+00	
83	2.524800e-08	0.000000e+00	
84	2.550400e-08	0.000000e+00	
85	2.601600e-08	0.000000e+00	
86	2.704000e-08	0.000000e+00	
87	2.908800e-08	0.000000e+00	
88	3.000000e-08	0.000000e+00	
89	3.001000e-08	0.000000e+00	
90	3.003000e-08	0.000000e+00	
91	3.007000e-08	0.000000e+00	
92	3.010000e-08	0.000000e+00	
93	3.010800e-08	0.000000e+00	
94	3.012400e-08	0.000000e+00	
95	3.015600e-08	0.000000e+00	
96	3.022000e-08	0.000000e+00	
97	3.034800e-08	0.000000e+00	
98	3.060400e-08	0.000000e+00	
99	3.111600e-08	0.000000e+00	
100	3.214000e-08	0.000000e+00	
101	3.418800e-08	0.000000e+00	
102	3.490000e-08	0.000000e+00	
103	3.491000e-08	0.000000e+00	
104	3.493000e-08	0.000000e+00	
105	3.497000e-08	0.000000e+00	
106	3.500000e-08	0.000000e+00	
107	3.500800e-08	0.000000e+00	
108	3.502400e-08	0.000000e+00	
109	3.505600e-08	0.000000e+00	
110	3.512000e-08	0.000000e+00	
111	3.524800e-08	0.000000e+00	
112	3.550400e-08	0.000000e+00	

Index   time            v3#branch       
--------------------------------------------------------------------------------
113	3.601600e-08	0.000000e+00	
114	3.704000e-08	0.000000e+00	
115	3.908800e-08	0.000000e+00	
116	4.000000e-08	0.000000e+00	
117	4.001000e-08	0.000000e+00	
118	4.003000e-08	0.000000e+00	
119	4.007000e-08	0.000000e+00	
120	4.010000e-08	0.000000e+00	
121	4.010800e-08	0.000000e+00	
122	4.012400e-08	0.000000e+00	
123	4.015600e-08	0.000000e+00	
124	4.022000e-08	0.000000e+00	
125	4.034800e-08	0.000000e+00	
126	4.060400e-08	0.000000e+00	
127	4.111600e-08	0.000000e+00	
128	4.214000e-08	0.000000e+00	
129	4.418800e-08	0.000000e+00	
130	4.490000e-08	0.000000e+00	
131	4.491000e-08	0.000000e+00	
132	4.493000e-08	0.000000e+00	
133	4.497000e-08	0.000000e+00	
134	4.500000e-08	0.000000e+00	
135	4.500800e-08	0.000000e+00	
136	4.502400e-08	0.000000e+00	
137	4.505600e-08	0.000000e+00	
138	4.512000e-08	0.000000e+00	
139	4.524800e-08	0.000000e+00	
140	4.550400e-08	0.000000e+00	
141	4.601600e-08	0.000000e+00	
142	4.704000e-08	0.000000e+00	
143	4.908800e-08	0.000000e+00	
144	5.000000e-08	0.000000e+00	
145	5.001000e-08	0.000000e+00	
146	5.003000e-08	0.000000e+00	
147	5.007000e-08	0.000000e+00	
148	5.010000e-08	0.000000e+00	
149	5.010800e-08	0.000000e+00	
150	5.012400e-08	0.000000e+00	
151	5.015600e-08	0.000000e+00	
152	5.022000e-08	0.000000e+00	
153	5.034800e-08	0.000000e+00	
154	5.060400e-08	0.000000e+00	
155	5.111600e-08	0.000000e+00	
156	5.214000e-08	0.000000e+00	
157	5.418800e-08	0.000000e+00	
158	5.490000e-08	0.000000e+00	
159	5.491000e-08	0.000000e+00	
160	5.493000e-08	0.000000e+00	
161	5.497000e-08	0.000000e+00	
162	5.500000e-08	0.000000e+00	
163	5.500800e-08	0.000000e+00	
164	5.502400e-08	0.000000e+00	
165	5.505600e-08	0.000000e+00	
166	5.512000e-08	0.000000e+00	
167	5.524800e-08	0.000000e+00	
168	5.550400e-08	0.000000e+00	
169	5.601600e-08	0.000000e+00	
170	5.704000e-08	0.000000e+00	

Index   time            v3#branch       
--------------------------------------------------------------------------------
171	5.908800e-08	0.000000e+00	
172	6.000000e-08	0.000000e+00	
173	6.001000e-08	0.000000e+00	
174	6.003000e-08	0.000000e+00	
175	6.007000e-08	0.000000e+00	
176	6.010000e-08	0.000000e+00	
177	6.010800e-08	0.000000e+00	
178	6.012400e-08	0.000000e+00	
179	6.015600e-08	0.000000e+00	
180	6.022000e-08	0.000000e+00	
181	6.034800e-08	0.000000e+00	
182	6.060400e-08	0.000000e+00	
183	6.111600e-08	0.000000e+00	
184	6.214000e-08	0.000000e+00	
185	6.418800e-08	0.000000e+00	
186	6.490000e-08	0.000000e+00	
187	6.491000e-08	0.000000e+00	
188	6.493000e-08	0.000000e+00	
189	6.497000e-08	0.000000e+00	
190	6.500000e-08	0.000000e+00	
191	6.500800e-08	0.000000e+00	
192	6.502400e-08	0.000000e+00	
193	6.505600e-08	0.000000e+00	
194	6.512000e-08	0.000000e+00	
195	6.524800e-08	0.000000e+00	
196	6.550400e-08	0.000000e+00	
197	6.601600e-08	0.000000e+00	
198	6.704000e-08	0.000000e+00	
199	6.908800e-08	0.000000e+00	
200	7.000000e-08	0.000000e+00	
201	7.001000e-08	0.000000e+00	
202	7.003000e-08	0.000000e+00	
203	7.007000e-08	0.000000e+00	
204	7.010000e-08	0.000000e+00	
205	7.010800e-08	0.000000e+00	
206	7.012400e-08	0.000000e+00	
207	7.015600e-08	0.000000e+00	
208	7.022000e-08	0.000000e+00	
209	7.034800e-08	0.000000e+00	
210	7.060400e-08	0.000000e+00	
211	7.111600e-08	0.000000e+00	
212	7.214000e-08	0.000000e+00	
213	7.418800e-08	0.000000e+00	
214	7.490000e-08	0.000000e+00	
215	7.491000e-08	0.000000e+00	
216	7.493000e-08	0.000000e+00	
217	7.497000e-08	0.000000e+00	
218	7.500000e-08	0.000000e+00	
219	7.500800e-08	0.000000e+00	
220	7.502400e-08	0.000000e+00	
221	7.505600e-08	0.000000e+00	
222	7.512000e-08	0.000000e+00	
223	7.524800e-08	0.000000e+00	
224	7.550400e-08	0.000000e+00	
225	7.601600e-08	0.000000e+00	
226	7.704000e-08	0.000000e+00	
227	7.908800e-08	0.000000e+00	
228	8.000000e-08	0.000000e+00	

Index   time            v3#branch       
--------------------------------------------------------------------------------
229	8.001000e-08	0.000000e+00	
230	8.003000e-08	0.000000e+00	
231	8.007000e-08	0.000000e+00	
232	8.010000e-08	0.000000e+00	
233	8.010800e-08	0.000000e+00	
234	8.012400e-08	0.000000e+00	
235	8.015600e-08	0.000000e+00	
236	8.022000e-08	0.000000e+00	
237	8.034800e-08	0.000000e+00	
238	8.060400e-08	0.000000e+00	
239	8.111600e-08	0.000000e+00	
240	8.214000e-08	0.000000e+00	
241	8.418800e-08	0.000000e+00	
242	8.490000e-08	0.000000e+00	
243	8.491000e-08	0.000000e+00	
244	8.493000e-08	0.000000e+00	
245	8.497000e-08	0.000000e+00	
246	8.500000e-08	0.000000e+00	
247	8.500800e-08	0.000000e+00	
248	8.502400e-08	0.000000e+00	
249	8.505600e-08	0.000000e+00	
250	8.512000e-08	0.000000e+00	
251	8.524800e-08	0.000000e+00	
252	8.550400e-08	0.000000e+00	
253	8.601600e-08	0.000000e+00	
254	8.704000e-08	0.000000e+00	
255	8.908800e-08	0.000000e+00	
256	9.000000e-08	0.000000e+00	
257	9.001000e-08	0.000000e+00	
258	9.003000e-08	0.000000e+00	
259	9.007000e-08	0.000000e+00	
260	9.010000e-08	0.000000e+00	
261	9.010800e-08	0.000000e+00	
262	9.012400e-08	0.000000e+00	
263	9.015600e-08	0.000000e+00	
264	9.022000e-08	0.000000e+00	
265	9.034800e-08	0.000000e+00	
266	9.060400e-08	0.000000e+00	
267	9.111600e-08	0.000000e+00	
268	9.214000e-08	0.000000e+00	
269	9.418800e-08	0.000000e+00	
270	9.490000e-08	0.000000e+00	
271	9.491000e-08	0.000000e+00	
272	9.493000e-08	0.000000e+00	
273	9.497000e-08	0.000000e+00	
274	9.500000e-08	0.000000e+00	
275	9.500800e-08	0.000000e+00	
276	9.502400e-08	0.000000e+00	
277	9.505600e-08	0.000000e+00	
278	9.512000e-08	0.000000e+00	
279	9.524800e-08	0.000000e+00	
280	9.550400e-08	0.000000e+00	
281	9.601600e-08	0.000000e+00	
282	9.704000e-08	0.000000e+00	
283	9.908800e-08	0.000000e+00	
284	1.000000e-07	0.000000e+00	
285	1.000100e-07	0.000000e+00	
286	1.000300e-07	0.000000e+00	

Index   time            v3#branch       
--------------------------------------------------------------------------------
287	1.000700e-07	0.000000e+00	
288	1.001000e-07	0.000000e+00	
289	1.001080e-07	0.000000e+00	
290	1.001240e-07	0.000000e+00	
291	1.001560e-07	0.000000e+00	
292	1.002200e-07	0.000000e+00	
293	1.003480e-07	0.000000e+00	
294	1.006040e-07	0.000000e+00	
295	1.011160e-07	0.000000e+00	
296	1.021400e-07	0.000000e+00	
297	1.041880e-07	0.000000e+00	
298	1.049000e-07	0.000000e+00	
299	1.049100e-07	0.000000e+00	
300	1.049300e-07	0.000000e+00	
301	1.049700e-07	0.000000e+00	
302	1.050000e-07	0.000000e+00	
303	1.050080e-07	0.000000e+00	
304	1.050240e-07	0.000000e+00	
305	1.050560e-07	0.000000e+00	
306	1.051200e-07	0.000000e+00	
307	1.052480e-07	0.000000e+00	
308	1.055040e-07	0.000000e+00	
309	1.060160e-07	0.000000e+00	
310	1.070400e-07	0.000000e+00	
311	1.090880e-07	0.000000e+00	
312	1.100000e-07	0.000000e+00	
313	1.100100e-07	0.000000e+00	
314	1.100300e-07	0.000000e+00	
315	1.100700e-07	0.000000e+00	
316	1.101000e-07	0.000000e+00	
317	1.101080e-07	0.000000e+00	
318	1.101240e-07	0.000000e+00	
319	1.101560e-07	0.000000e+00	
320	1.102200e-07	0.000000e+00	
321	1.103480e-07	0.000000e+00	
322	1.106040e-07	0.000000e+00	
323	1.111160e-07	0.000000e+00	
324	1.121400e-07	0.000000e+00	
325	1.141880e-07	0.000000e+00	
326	1.149000e-07	0.000000e+00	
327	1.149100e-07	0.000000e+00	
328	1.149300e-07	0.000000e+00	
329	1.149700e-07	0.000000e+00	
330	1.150000e-07	0.000000e+00	
331	1.150080e-07	0.000000e+00	
332	1.150240e-07	0.000000e+00	
333	1.150560e-07	0.000000e+00	
334	1.151200e-07	0.000000e+00	
335	1.152480e-07	0.000000e+00	
336	1.155040e-07	0.000000e+00	
337	1.160160e-07	0.000000e+00	
338	1.170400e-07	0.000000e+00	
339	1.190880e-07	0.000000e+00	
340	1.200000e-07	0.000000e+00	
341	1.200100e-07	0.000000e+00	
342	1.200300e-07	0.000000e+00	
343	1.200700e-07	0.000000e+00	
344	1.201000e-07	0.000000e+00	

Index   time            v3#branch       
--------------------------------------------------------------------------------
345	1.201080e-07	0.000000e+00	
346	1.201240e-07	0.000000e+00	
347	1.201560e-07	0.000000e+00	
348	1.202200e-07	0.000000e+00	
349	1.203480e-07	0.000000e+00	
350	1.206040e-07	0.000000e+00	
351	1.211160e-07	0.000000e+00	
352	1.221400e-07	0.000000e+00	
353	1.241880e-07	0.000000e+00	
354	1.249000e-07	0.000000e+00	
355	1.249100e-07	0.000000e+00	
356	1.249300e-07	0.000000e+00	
357	1.249700e-07	0.000000e+00	
358	1.250000e-07	0.000000e+00	
359	1.250080e-07	0.000000e+00	
360	1.250240e-07	0.000000e+00	
361	1.250560e-07	0.000000e+00	
362	1.251200e-07	0.000000e+00	
363	1.252480e-07	0.000000e+00	
364	1.255040e-07	0.000000e+00	
365	1.260160e-07	0.000000e+00	
366	1.270400e-07	0.000000e+00	
367	1.290880e-07	0.000000e+00	
368	1.300000e-07	0.000000e+00	
369	1.300100e-07	0.000000e+00	
370	1.300300e-07	0.000000e+00	
371	1.300700e-07	0.000000e+00	
372	1.301000e-07	0.000000e+00	
373	1.301080e-07	0.000000e+00	
374	1.301240e-07	0.000000e+00	
375	1.301560e-07	0.000000e+00	
376	1.302200e-07	0.000000e+00	
377	1.303480e-07	0.000000e+00	
378	1.306040e-07	0.000000e+00	
379	1.311160e-07	0.000000e+00	
380	1.321400e-07	0.000000e+00	
381	1.341880e-07	0.000000e+00	
382	1.349000e-07	0.000000e+00	
383	1.349100e-07	0.000000e+00	
384	1.349300e-07	0.000000e+00	
385	1.349700e-07	0.000000e+00	
386	1.350000e-07	0.000000e+00	
387	1.350080e-07	0.000000e+00	
388	1.350240e-07	0.000000e+00	
389	1.350560e-07	0.000000e+00	
390	1.351200e-07	0.000000e+00	
391	1.352480e-07	0.000000e+00	
392	1.355040e-07	0.000000e+00	
393	1.360160e-07	0.000000e+00	
394	1.370400e-07	0.000000e+00	
395	1.390880e-07	0.000000e+00	
396	1.400000e-07	0.000000e+00	
397	1.400100e-07	0.000000e+00	
398	1.400300e-07	0.000000e+00	
399	1.400700e-07	0.000000e+00	
400	1.401000e-07	0.000000e+00	
401	1.401080e-07	0.000000e+00	
402	1.401240e-07	0.000000e+00	

Index   time            v3#branch       
--------------------------------------------------------------------------------
403	1.401560e-07	0.000000e+00	
404	1.402200e-07	0.000000e+00	
405	1.403480e-07	0.000000e+00	
406	1.406040e-07	0.000000e+00	
407	1.411160e-07	0.000000e+00	
408	1.421400e-07	0.000000e+00	
409	1.441880e-07	0.000000e+00	
410	1.449000e-07	0.000000e+00	
411	1.449100e-07	0.000000e+00	
412	1.449300e-07	0.000000e+00	
413	1.449700e-07	0.000000e+00	
414	1.450000e-07	0.000000e+00	
415	1.450080e-07	0.000000e+00	
416	1.450240e-07	0.000000e+00	
417	1.450560e-07	0.000000e+00	
418	1.451200e-07	0.000000e+00	
419	1.452480e-07	0.000000e+00	
420	1.455040e-07	0.000000e+00	
421	1.460160e-07	0.000000e+00	
422	1.470400e-07	0.000000e+00	
423	1.490880e-07	0.000000e+00	
424	1.500000e-07	0.000000e+00	
425	1.500100e-07	0.000000e+00	
426	1.500300e-07	0.000000e+00	
427	1.500700e-07	0.000000e+00	
428	1.501000e-07	0.000000e+00	
429	1.501080e-07	0.000000e+00	
430	1.501240e-07	0.000000e+00	
431	1.501560e-07	0.000000e+00	
432	1.502200e-07	0.000000e+00	
433	1.503480e-07	0.000000e+00	
434	1.506040e-07	0.000000e+00	
435	1.511160e-07	0.000000e+00	
436	1.521400e-07	0.000000e+00	
437	1.541880e-07	0.000000e+00	
438	1.549000e-07	0.000000e+00	
439	1.549100e-07	0.000000e+00	
440	1.549300e-07	0.000000e+00	
441	1.549700e-07	0.000000e+00	
442	1.550000e-07	0.000000e+00	
443	1.550080e-07	0.000000e+00	
444	1.550240e-07	0.000000e+00	
445	1.550560e-07	0.000000e+00	
446	1.551200e-07	0.000000e+00	
447	1.552480e-07	0.000000e+00	
448	1.555040e-07	0.000000e+00	
449	1.560160e-07	0.000000e+00	
450	1.570400e-07	0.000000e+00	
451	1.590880e-07	0.000000e+00	
452	1.600000e-07	0.000000e+00	
453	1.600100e-07	0.000000e+00	
454	1.600300e-07	0.000000e+00	
455	1.600700e-07	0.000000e+00	
456	1.601000e-07	0.000000e+00	
457	1.601080e-07	0.000000e+00	
458	1.601240e-07	0.000000e+00	
459	1.601560e-07	0.000000e+00	
460	1.602200e-07	0.000000e+00	

Index   time            v3#branch       
--------------------------------------------------------------------------------
461	1.603480e-07	0.000000e+00	
462	1.606040e-07	0.000000e+00	
463	1.611160e-07	0.000000e+00	
464	1.621400e-07	0.000000e+00	
465	1.641880e-07	0.000000e+00	
466	1.649000e-07	0.000000e+00	
467	1.649100e-07	0.000000e+00	
468	1.649300e-07	0.000000e+00	
469	1.649700e-07	0.000000e+00	
470	1.650000e-07	0.000000e+00	
471	1.650080e-07	0.000000e+00	
472	1.650240e-07	0.000000e+00	
473	1.650560e-07	0.000000e+00	
474	1.651200e-07	0.000000e+00	
475	1.652480e-07	0.000000e+00	
476	1.655040e-07	0.000000e+00	
477	1.660160e-07	0.000000e+00	
478	1.670400e-07	0.000000e+00	
479	1.690880e-07	0.000000e+00	
480	1.700000e-07	0.000000e+00	
481	1.700100e-07	0.000000e+00	
482	1.700300e-07	0.000000e+00	
483	1.700700e-07	0.000000e+00	
484	1.701000e-07	0.000000e+00	
485	1.701080e-07	0.000000e+00	
486	1.701240e-07	0.000000e+00	
487	1.701560e-07	0.000000e+00	
488	1.702200e-07	0.000000e+00	
489	1.703480e-07	0.000000e+00	
490	1.706040e-07	0.000000e+00	
491	1.711160e-07	0.000000e+00	
492	1.721400e-07	0.000000e+00	
493	1.741880e-07	0.000000e+00	
494	1.749000e-07	0.000000e+00	
495	1.749100e-07	0.000000e+00	
496	1.749300e-07	0.000000e+00	
497	1.749700e-07	0.000000e+00	
498	1.750000e-07	0.000000e+00	
499	1.750080e-07	0.000000e+00	
500	1.750240e-07	0.000000e+00	
501	1.750560e-07	0.000000e+00	
502	1.751200e-07	0.000000e+00	
503	1.752480e-07	0.000000e+00	
504	1.755040e-07	0.000000e+00	
505	1.760160e-07	0.000000e+00	
506	1.770400e-07	0.000000e+00	
507	1.790880e-07	0.000000e+00	
508	1.800000e-07	0.000000e+00	
509	1.800100e-07	0.000000e+00	
510	1.800300e-07	0.000000e+00	
511	1.800700e-07	0.000000e+00	
512	1.801000e-07	0.000000e+00	
513	1.801080e-07	0.000000e+00	
514	1.801240e-07	0.000000e+00	
515	1.801560e-07	0.000000e+00	
516	1.802200e-07	0.000000e+00	
517	1.803480e-07	0.000000e+00	
518	1.806040e-07	0.000000e+00	

Index   time            v3#branch       
--------------------------------------------------------------------------------
519	1.811160e-07	0.000000e+00	
520	1.821400e-07	0.000000e+00	
521	1.841880e-07	0.000000e+00	
522	1.849000e-07	0.000000e+00	
523	1.849100e-07	0.000000e+00	
524	1.849300e-07	0.000000e+00	
525	1.849700e-07	0.000000e+00	
526	1.850000e-07	0.000000e+00	
527	1.850080e-07	0.000000e+00	
528	1.850240e-07	0.000000e+00	
529	1.850560e-07	0.000000e+00	
530	1.851200e-07	0.000000e+00	
531	1.852480e-07	0.000000e+00	
532	1.855040e-07	0.000000e+00	
533	1.860160e-07	0.000000e+00	
534	1.870400e-07	0.000000e+00	
535	1.890880e-07	0.000000e+00	
536	1.900000e-07	0.000000e+00	
537	1.900100e-07	0.000000e+00	
538	1.900300e-07	0.000000e+00	
539	1.900700e-07	0.000000e+00	
540	1.901000e-07	0.000000e+00	
541	1.901080e-07	0.000000e+00	
542	1.901240e-07	0.000000e+00	
543	1.901560e-07	0.000000e+00	
544	1.902200e-07	0.000000e+00	
545	1.903480e-07	0.000000e+00	
546	1.906040e-07	0.000000e+00	
547	1.911160e-07	0.000000e+00	
548	1.921400e-07	0.000000e+00	
549	1.941880e-07	0.000000e+00	
550	1.949000e-07	0.000000e+00	
551	1.949100e-07	0.000000e+00	
552	1.949300e-07	0.000000e+00	
553	1.949700e-07	0.000000e+00	
554	1.950000e-07	0.000000e+00	
555	1.950080e-07	0.000000e+00	
556	1.950240e-07	0.000000e+00	
557	1.950560e-07	0.000000e+00	
558	1.951200e-07	0.000000e+00	
559	1.952480e-07	0.000000e+00	
560	1.955040e-07	0.000000e+00	
561	1.960160e-07	0.000000e+00	
562	1.970400e-07	0.000000e+00	
563	1.990880e-07	0.000000e+00	
564	2.000000e-07	0.000000e+00	
565	2.000100e-07	0.000000e+00	
566	2.000300e-07	0.000000e+00	
567	2.000700e-07	0.000000e+00	
568	2.001000e-07	0.000000e+00	
569	2.001080e-07	0.000000e+00	
570	2.001240e-07	0.000000e+00	
571	2.001560e-07	0.000000e+00	
572	2.002200e-07	0.000000e+00	
573	2.003480e-07	0.000000e+00	
574	2.006040e-07	0.000000e+00	
575	2.011160e-07	0.000000e+00	
576	2.021400e-07	0.000000e+00	

Index   time            v3#branch       
--------------------------------------------------------------------------------
577	2.041880e-07	0.000000e+00	
578	2.049000e-07	0.000000e+00	
579	2.049100e-07	0.000000e+00	
580	2.049300e-07	0.000000e+00	
581	2.049700e-07	0.000000e+00	
582	2.050000e-07	0.000000e+00	
583	2.050080e-07	0.000000e+00	
584	2.050240e-07	0.000000e+00	
585	2.050560e-07	0.000000e+00	
586	2.051200e-07	0.000000e+00	
587	2.052480e-07	0.000000e+00	
588	2.055040e-07	0.000000e+00	
589	2.060160e-07	0.000000e+00	
590	2.070400e-07	0.000000e+00	
591	2.090880e-07	0.000000e+00	
592	2.100000e-07	0.000000e+00	
593	2.100100e-07	0.000000e+00	
594	2.100300e-07	0.000000e+00	
595	2.100700e-07	0.000000e+00	
596	2.101000e-07	0.000000e+00	
597	2.101080e-07	0.000000e+00	
598	2.101240e-07	0.000000e+00	
599	2.101560e-07	0.000000e+00	
600	2.102200e-07	0.000000e+00	
601	2.103480e-07	0.000000e+00	
602	2.106040e-07	0.000000e+00	
603	2.111160e-07	0.000000e+00	
604	2.121400e-07	0.000000e+00	
605	2.141880e-07	0.000000e+00	
606	2.149000e-07	0.000000e+00	
607	2.149100e-07	0.000000e+00	
608	2.149300e-07	0.000000e+00	
609	2.149700e-07	0.000000e+00	
610	2.150000e-07	0.000000e+00	
611	2.150080e-07	0.000000e+00	
612	2.150240e-07	0.000000e+00	
613	2.150560e-07	0.000000e+00	
614	2.151200e-07	0.000000e+00	
615	2.152480e-07	0.000000e+00	
616	2.155040e-07	0.000000e+00	
617	2.160160e-07	0.000000e+00	
618	2.170400e-07	0.000000e+00	
619	2.190880e-07	0.000000e+00	
620	2.200000e-07	0.000000e+00	
621	2.200100e-07	0.000000e+00	
622	2.200300e-07	0.000000e+00	
623	2.200700e-07	0.000000e+00	
624	2.201000e-07	0.000000e+00	
625	2.201080e-07	0.000000e+00	
626	2.201240e-07	0.000000e+00	
627	2.201560e-07	0.000000e+00	
628	2.202200e-07	0.000000e+00	
629	2.203480e-07	0.000000e+00	
630	2.206040e-07	0.000000e+00	
631	2.211160e-07	0.000000e+00	
632	2.221400e-07	0.000000e+00	
633	2.241880e-07	0.000000e+00	
634	2.249000e-07	0.000000e+00	

Index   time            v3#branch       
--------------------------------------------------------------------------------
635	2.249100e-07	0.000000e+00	
636	2.249300e-07	0.000000e+00	
637	2.249700e-07	0.000000e+00	
638	2.250000e-07	0.000000e+00	
639	2.250080e-07	0.000000e+00	
640	2.250240e-07	0.000000e+00	
641	2.250560e-07	0.000000e+00	
642	2.251200e-07	0.000000e+00	
643	2.252480e-07	0.000000e+00	
644	2.255040e-07	0.000000e+00	
645	2.260160e-07	0.000000e+00	
646	2.270400e-07	0.000000e+00	
647	2.290880e-07	0.000000e+00	
648	2.300000e-07	0.000000e+00	
649	2.300100e-07	0.000000e+00	
650	2.300300e-07	0.000000e+00	
651	2.300700e-07	0.000000e+00	
652	2.301000e-07	0.000000e+00	
653	2.301080e-07	0.000000e+00	
654	2.301240e-07	0.000000e+00	
655	2.301560e-07	0.000000e+00	
656	2.302200e-07	0.000000e+00	
657	2.303480e-07	0.000000e+00	
658	2.306040e-07	0.000000e+00	
659	2.311160e-07	0.000000e+00	
660	2.321400e-07	0.000000e+00	
661	2.341880e-07	0.000000e+00	
662	2.349000e-07	0.000000e+00	
663	2.349100e-07	0.000000e+00	
664	2.349300e-07	0.000000e+00	
665	2.349700e-07	0.000000e+00	
666	2.350000e-07	0.000000e+00	
667	2.350080e-07	0.000000e+00	
668	2.350240e-07	0.000000e+00	
669	2.350560e-07	0.000000e+00	
670	2.351200e-07	0.000000e+00	
671	2.352480e-07	0.000000e+00	
672	2.355040e-07	0.000000e+00	
673	2.360160e-07	0.000000e+00	
674	2.370400e-07	0.000000e+00	
675	2.390880e-07	0.000000e+00	
676	2.400000e-07	0.000000e+00	
677	2.400100e-07	0.000000e+00	
678	2.400300e-07	0.000000e+00	
679	2.400700e-07	0.000000e+00	
680	2.401000e-07	0.000000e+00	
681	2.401080e-07	0.000000e+00	
682	2.401240e-07	0.000000e+00	
683	2.401560e-07	0.000000e+00	
684	2.402200e-07	0.000000e+00	
685	2.403480e-07	0.000000e+00	
686	2.406040e-07	0.000000e+00	
687	2.411160e-07	0.000000e+00	
688	2.421400e-07	0.000000e+00	
689	2.441880e-07	0.000000e+00	
690	2.449000e-07	0.000000e+00	
691	2.449100e-07	0.000000e+00	
692	2.449300e-07	0.000000e+00	

Index   time            v3#branch       
--------------------------------------------------------------------------------
693	2.449700e-07	0.000000e+00	
694	2.450000e-07	0.000000e+00	
695	2.450080e-07	0.000000e+00	
696	2.450240e-07	0.000000e+00	
697	2.450560e-07	0.000000e+00	
698	2.451200e-07	0.000000e+00	
699	2.452480e-07	0.000000e+00	
700	2.455040e-07	0.000000e+00	
701	2.460160e-07	0.000000e+00	
702	2.470400e-07	0.000000e+00	
703	2.490880e-07	0.000000e+00	
704	2.500000e-07	0.000000e+00	
705	2.500100e-07	0.000000e+00	
706	2.500300e-07	0.000000e+00	
707	2.500700e-07	0.000000e+00	
708	2.501000e-07	0.000000e+00	
709	2.501080e-07	0.000000e+00	
710	2.501240e-07	0.000000e+00	
711	2.501560e-07	0.000000e+00	
712	2.502200e-07	0.000000e+00	
713	2.502300e-07	0.000000e+00	
714	2.502400e-07	0.000000e+00	
715	2.502600e-07	0.000000e+00	
716	2.503000e-07	0.000000e+00	
717	2.503300e-07	0.000000e+00	
718	2.503380e-07	0.000000e+00	
719	2.503540e-07	0.000000e+00	
720	2.503860e-07	0.000000e+00	
721	2.504500e-07	0.000000e+00	
722	2.505780e-07	0.000000e+00	
723	2.508340e-07	0.000000e+00	
724	2.513460e-07	0.000000e+00	
725	2.523700e-07	0.000000e+00	
726	2.544180e-07	0.000000e+00	
727	2.549000e-07	0.000000e+00	
728	2.549100e-07	0.000000e+00	
729	2.549300e-07	0.000000e+00	
730	2.549700e-07	0.000000e+00	
731	2.550000e-07	0.000000e+00	
732	2.550080e-07	0.000000e+00	
733	2.550240e-07	0.000000e+00	
734	2.550560e-07	0.000000e+00	
735	2.551200e-07	0.000000e+00	
736	2.552480e-07	0.000000e+00	
737	2.555040e-07	0.000000e+00	
738	2.560160e-07	0.000000e+00	
739	2.570400e-07	0.000000e+00	
740	2.590880e-07	0.000000e+00	
741	2.600000e-07	0.000000e+00	
742	2.600100e-07	0.000000e+00	
743	2.600300e-07	0.000000e+00	
744	2.600700e-07	0.000000e+00	
745	2.601000e-07	0.000000e+00	
746	2.601080e-07	0.000000e+00	
747	2.601240e-07	0.000000e+00	
748	2.601560e-07	0.000000e+00	
749	2.602200e-07	0.000000e+00	
750	2.602300e-07	0.000000e+00	

Index   time            v3#branch       
--------------------------------------------------------------------------------
751	2.602400e-07	0.000000e+00	
752	2.602600e-07	0.000000e+00	
753	2.603000e-07	0.000000e+00	
754	2.603300e-07	0.000000e+00	
755	2.603380e-07	0.000000e+00	
756	2.603540e-07	0.000000e+00	
757	2.603860e-07	0.000000e+00	
758	2.604500e-07	0.000000e+00	
759	2.605780e-07	0.000000e+00	
760	2.608340e-07	0.000000e+00	
761	2.613460e-07	0.000000e+00	
762	2.623700e-07	0.000000e+00	
763	2.644180e-07	0.000000e+00	
764	2.649000e-07	0.000000e+00	
765	2.649100e-07	0.000000e+00	
766	2.649300e-07	0.000000e+00	
767	2.649700e-07	0.000000e+00	
768	2.650000e-07	0.000000e+00	
769	2.650080e-07	0.000000e+00	
770	2.650240e-07	0.000000e+00	
771	2.650560e-07	0.000000e+00	
772	2.651200e-07	0.000000e+00	
773	2.652480e-07	0.000000e+00	
774	2.655040e-07	0.000000e+00	
775	2.660160e-07	0.000000e+00	
776	2.670400e-07	0.000000e+00	
777	2.690880e-07	0.000000e+00	
778	2.700000e-07	0.000000e+00	
779	2.700100e-07	0.000000e+00	
780	2.700300e-07	0.000000e+00	
781	2.700700e-07	0.000000e+00	
782	2.701000e-07	0.000000e+00	
783	2.701080e-07	0.000000e+00	
784	2.701240e-07	0.000000e+00	
785	2.701560e-07	0.000000e+00	
786	2.702200e-07	0.000000e+00	
787	2.703480e-07	0.000000e+00	
788	2.706040e-07	0.000000e+00	
789	2.711160e-07	0.000000e+00	
790	2.721400e-07	0.000000e+00	
791	2.741880e-07	0.000000e+00	
792	2.749000e-07	0.000000e+00	
793	2.749100e-07	0.000000e+00	
794	2.749300e-07	0.000000e+00	
795	2.749700e-07	0.000000e+00	
796	2.750000e-07	0.000000e+00	
797	2.750080e-07	0.000000e+00	
798	2.750240e-07	0.000000e+00	
799	2.750560e-07	0.000000e+00	
800	2.751200e-07	0.000000e+00	
801	2.752480e-07	0.000000e+00	
802	2.755040e-07	0.000000e+00	
803	2.760160e-07	0.000000e+00	
804	2.770400e-07	0.000000e+00	
805	2.790880e-07	0.000000e+00	
806	2.800000e-07	0.000000e+00	
807	2.800100e-07	0.000000e+00	
808	2.800300e-07	0.000000e+00	

Index   time            v3#branch       
--------------------------------------------------------------------------------
809	2.800700e-07	0.000000e+00	
810	2.801000e-07	0.000000e+00	
811	2.801080e-07	0.000000e+00	
812	2.801240e-07	0.000000e+00	
813	2.801560e-07	0.000000e+00	
814	2.802200e-07	0.000000e+00	
815	2.803480e-07	0.000000e+00	
816	2.806040e-07	0.000000e+00	
817	2.811160e-07	0.000000e+00	
818	2.821400e-07	0.000000e+00	
819	2.841880e-07	0.000000e+00	
820	2.849000e-07	0.000000e+00	
821	2.849100e-07	0.000000e+00	
822	2.849300e-07	0.000000e+00	
823	2.849700e-07	0.000000e+00	
824	2.850000e-07	0.000000e+00	
825	2.850080e-07	0.000000e+00	
826	2.850240e-07	0.000000e+00	
827	2.850560e-07	0.000000e+00	
828	2.851200e-07	0.000000e+00	
829	2.852480e-07	0.000000e+00	
830	2.855040e-07	0.000000e+00	
831	2.860160e-07	0.000000e+00	
832	2.870400e-07	0.000000e+00	
833	2.890880e-07	0.000000e+00	
834	2.900000e-07	0.000000e+00	
835	2.900100e-07	0.000000e+00	
836	2.900300e-07	0.000000e+00	
837	2.900700e-07	0.000000e+00	
838	2.901000e-07	0.000000e+00	
839	2.901080e-07	0.000000e+00	
840	2.901240e-07	0.000000e+00	
841	2.901560e-07	0.000000e+00	
842	2.902200e-07	0.000000e+00	
843	2.903480e-07	0.000000e+00	
844	2.906040e-07	0.000000e+00	
845	2.911160e-07	0.000000e+00	
846	2.921400e-07	0.000000e+00	
847	2.941880e-07	0.000000e+00	
848	2.949000e-07	0.000000e+00	
849	2.949100e-07	0.000000e+00	
850	2.949300e-07	0.000000e+00	
851	2.949700e-07	0.000000e+00	
852	2.950000e-07	0.000000e+00	
853	2.950080e-07	0.000000e+00	
854	2.950240e-07	0.000000e+00	
855	2.950560e-07	0.000000e+00	
856	2.951200e-07	0.000000e+00	
857	2.952480e-07	0.000000e+00	
858	2.955040e-07	0.000000e+00	
859	2.960160e-07	0.000000e+00	
860	2.970400e-07	0.000000e+00	
861	2.990880e-07	0.000000e+00	
862	3.000000e-07	0.000000e+00	
863	3.000100e-07	0.000000e+00	
864	3.000300e-07	0.000000e+00	
865	3.000700e-07	0.000000e+00	
866	3.001000e-07	0.000000e+00	

Index   time            v3#branch       
--------------------------------------------------------------------------------
867	3.001080e-07	0.000000e+00	
868	3.001240e-07	0.000000e+00	
869	3.001560e-07	0.000000e+00	
870	3.002200e-07	0.000000e+00	
871	3.003480e-07	0.000000e+00	
872	3.006040e-07	0.000000e+00	
873	3.011160e-07	0.000000e+00	
874	3.021400e-07	0.000000e+00	
875	3.041880e-07	0.000000e+00	
876	3.049000e-07	0.000000e+00	
877	3.049100e-07	0.000000e+00	
878	3.049300e-07	0.000000e+00	
879	3.049700e-07	0.000000e+00	
880	3.050000e-07	0.000000e+00	
881	3.050080e-07	0.000000e+00	
882	3.050240e-07	0.000000e+00	
883	3.050560e-07	0.000000e+00	
884	3.051200e-07	0.000000e+00	
885	3.052480e-07	0.000000e+00	
886	3.055040e-07	0.000000e+00	
887	3.060160e-07	0.000000e+00	
888	3.070400e-07	0.000000e+00	
889	3.090880e-07	0.000000e+00	
890	3.100000e-07	0.000000e+00	
891	3.100100e-07	0.000000e+00	
892	3.100300e-07	0.000000e+00	
893	3.100700e-07	0.000000e+00	
894	3.101000e-07	0.000000e+00	
895	3.101080e-07	0.000000e+00	
896	3.101240e-07	0.000000e+00	
897	3.101560e-07	0.000000e+00	
898	3.102200e-07	0.000000e+00	
899	3.103480e-07	0.000000e+00	
900	3.106040e-07	0.000000e+00	
901	3.111160e-07	0.000000e+00	
902	3.121400e-07	0.000000e+00	
903	3.141880e-07	0.000000e+00	
904	3.149000e-07	0.000000e+00	
905	3.149100e-07	0.000000e+00	
906	3.149300e-07	0.000000e+00	
907	3.149700e-07	0.000000e+00	
908	3.150000e-07	0.000000e+00	
909	3.150080e-07	0.000000e+00	
910	3.150240e-07	0.000000e+00	
911	3.150560e-07	0.000000e+00	
912	3.151200e-07	0.000000e+00	
913	3.152480e-07	0.000000e+00	
914	3.155040e-07	0.000000e+00	
915	3.160160e-07	0.000000e+00	
916	3.170400e-07	0.000000e+00	
917	3.190880e-07	0.000000e+00	
918	3.200000e-07	0.000000e+00	
919	3.200100e-07	0.000000e+00	
920	3.200300e-07	0.000000e+00	
921	3.200700e-07	0.000000e+00	
922	3.201000e-07	0.000000e+00	
923	3.201080e-07	0.000000e+00	
924	3.201240e-07	0.000000e+00	

Index   time            v3#branch       
--------------------------------------------------------------------------------
925	3.201560e-07	0.000000e+00	
926	3.202200e-07	0.000000e+00	
927	3.203480e-07	0.000000e+00	
928	3.206040e-07	0.000000e+00	
929	3.211160e-07	0.000000e+00	
930	3.221400e-07	0.000000e+00	
931	3.241880e-07	0.000000e+00	
932	3.249000e-07	0.000000e+00	
933	3.249100e-07	0.000000e+00	
934	3.249300e-07	0.000000e+00	
935	3.249700e-07	0.000000e+00	
936	3.250000e-07	0.000000e+00	
937	3.250080e-07	0.000000e+00	
938	3.250240e-07	0.000000e+00	
939	3.250560e-07	0.000000e+00	
940	3.251200e-07	0.000000e+00	
941	3.252480e-07	0.000000e+00	
942	3.255040e-07	0.000000e+00	
943	3.260160e-07	0.000000e+00	
944	3.270400e-07	0.000000e+00	
945	3.290880e-07	0.000000e+00	
946	3.300000e-07	0.000000e+00	
947	3.300100e-07	0.000000e+00	
948	3.300300e-07	0.000000e+00	
949	3.300700e-07	0.000000e+00	
950	3.301000e-07	0.000000e+00	
951	3.301080e-07	0.000000e+00	
952	3.301240e-07	0.000000e+00	
953	3.301560e-07	0.000000e+00	
954	3.302200e-07	0.000000e+00	
955	3.303480e-07	0.000000e+00	
956	3.306040e-07	0.000000e+00	
957	3.311160e-07	0.000000e+00	
958	3.321400e-07	0.000000e+00	
959	3.341880e-07	0.000000e+00	
960	3.349000e-07	0.000000e+00	
961	3.349100e-07	0.000000e+00	
962	3.349300e-07	0.000000e+00	
963	3.349700e-07	0.000000e+00	
964	3.350000e-07	0.000000e+00	
965	3.350080e-07	0.000000e+00	
966	3.350240e-07	0.000000e+00	
967	3.350560e-07	0.000000e+00	
968	3.351200e-07	0.000000e+00	
969	3.352480e-07	0.000000e+00	
970	3.355040e-07	0.000000e+00	
971	3.360160e-07	0.000000e+00	
972	3.370400e-07	0.000000e+00	
973	3.390880e-07	0.000000e+00	
974	3.400000e-07	0.000000e+00	
975	3.400100e-07	0.000000e+00	
976	3.400300e-07	0.000000e+00	
977	3.400700e-07	0.000000e+00	
978	3.401000e-07	0.000000e+00	
979	3.401080e-07	0.000000e+00	
980	3.401240e-07	0.000000e+00	
981	3.401560e-07	0.000000e+00	
982	3.402200e-07	0.000000e+00	

Index   time            v3#branch       
--------------------------------------------------------------------------------
983	3.403480e-07	0.000000e+00	
984	3.406040e-07	0.000000e+00	
985	3.411160e-07	0.000000e+00	
986	3.421400e-07	0.000000e+00	
987	3.441880e-07	0.000000e+00	
988	3.449000e-07	0.000000e+00	
989	3.449100e-07	0.000000e+00	
990	3.449300e-07	0.000000e+00	
991	3.449700e-07	0.000000e+00	
992	3.450000e-07	0.000000e+00	
993	3.450080e-07	0.000000e+00	
994	3.450240e-07	0.000000e+00	
995	3.450560e-07	0.000000e+00	
996	3.451200e-07	0.000000e+00	
997	3.452480e-07	0.000000e+00	
998	3.455040e-07	0.000000e+00	
999	3.460160e-07	0.000000e+00	
1000	3.470400e-07	0.000000e+00	
1001	3.490880e-07	0.000000e+00	
1002	3.500000e-07	0.000000e+00	
1003	3.500100e-07	0.000000e+00	
1004	3.500300e-07	0.000000e+00	
1005	3.500700e-07	0.000000e+00	
1006	3.501000e-07	0.000000e+00	
1007	3.501080e-07	0.000000e+00	
1008	3.501240e-07	0.000000e+00	
1009	3.501560e-07	0.000000e+00	
1010	3.502200e-07	0.000000e+00	
1011	3.503480e-07	0.000000e+00	
1012	3.506040e-07	0.000000e+00	
1013	3.511160e-07	0.000000e+00	
1014	3.521400e-07	0.000000e+00	
1015	3.541880e-07	0.000000e+00	
1016	3.549000e-07	0.000000e+00	
1017	3.549100e-07	0.000000e+00	
1018	3.549300e-07	0.000000e+00	
1019	3.549700e-07	0.000000e+00	
1020	3.550000e-07	0.000000e+00	
1021	3.550080e-07	0.000000e+00	
1022	3.550240e-07	0.000000e+00	
1023	3.550560e-07	0.000000e+00	
1024	3.551200e-07	0.000000e+00	
1025	3.552480e-07	0.000000e+00	
1026	3.555040e-07	0.000000e+00	
1027	3.560160e-07	0.000000e+00	
1028	3.570400e-07	0.000000e+00	
1029	3.590880e-07	0.000000e+00	
1030	3.600000e-07	0.000000e+00	
1031	3.600100e-07	0.000000e+00	
1032	3.600300e-07	0.000000e+00	
1033	3.600700e-07	0.000000e+00	
1034	3.601000e-07	0.000000e+00	
1035	3.601080e-07	0.000000e+00	
1036	3.601240e-07	0.000000e+00	
1037	3.601560e-07	0.000000e+00	
1038	3.602200e-07	0.000000e+00	
1039	3.603480e-07	0.000000e+00	
1040	3.606040e-07	0.000000e+00	

Index   time            v3#branch       
--------------------------------------------------------------------------------
1041	3.611160e-07	0.000000e+00	
1042	3.621400e-07	0.000000e+00	
1043	3.641880e-07	0.000000e+00	
1044	3.649000e-07	0.000000e+00	
1045	3.649100e-07	0.000000e+00	
1046	3.649300e-07	0.000000e+00	
1047	3.649700e-07	0.000000e+00	
1048	3.650000e-07	0.000000e+00	
1049	3.650080e-07	0.000000e+00	
1050	3.650240e-07	0.000000e+00	
1051	3.650560e-07	0.000000e+00	
1052	3.651200e-07	0.000000e+00	
1053	3.652480e-07	0.000000e+00	
1054	3.655040e-07	0.000000e+00	
1055	3.660160e-07	0.000000e+00	
1056	3.670400e-07	0.000000e+00	
1057	3.690880e-07	0.000000e+00	
1058	3.700000e-07	0.000000e+00	
1059	3.700100e-07	0.000000e+00	
1060	3.700300e-07	0.000000e+00	
1061	3.700700e-07	0.000000e+00	
1062	3.701000e-07	0.000000e+00	
1063	3.701080e-07	0.000000e+00	
1064	3.701240e-07	0.000000e+00	
1065	3.701560e-07	0.000000e+00	
1066	3.702200e-07	0.000000e+00	
1067	3.703480e-07	0.000000e+00	
1068	3.706040e-07	0.000000e+00	
1069	3.711160e-07	0.000000e+00	
1070	3.721400e-07	0.000000e+00	
1071	3.741880e-07	0.000000e+00	
1072	3.749000e-07	0.000000e+00	
1073	3.749100e-07	0.000000e+00	
1074	3.749300e-07	0.000000e+00	
1075	3.749700e-07	0.000000e+00	
1076	3.750000e-07	0.000000e+00	
1077	3.750080e-07	0.000000e+00	
1078	3.750240e-07	0.000000e+00	
1079	3.750560e-07	0.000000e+00	
1080	3.751200e-07	0.000000e+00	
1081	3.752480e-07	0.000000e+00	
1082	3.755040e-07	0.000000e+00	
1083	3.760160e-07	0.000000e+00	
1084	3.770400e-07	0.000000e+00	
1085	3.790880e-07	0.000000e+00	
1086	3.800000e-07	0.000000e+00	
1087	3.800100e-07	0.000000e+00	
1088	3.800300e-07	0.000000e+00	
1089	3.800700e-07	0.000000e+00	
1090	3.801000e-07	0.000000e+00	
1091	3.801080e-07	0.000000e+00	
1092	3.801240e-07	0.000000e+00	
1093	3.801560e-07	0.000000e+00	
1094	3.802200e-07	0.000000e+00	
1095	3.803480e-07	0.000000e+00	
1096	3.806040e-07	0.000000e+00	
1097	3.811160e-07	0.000000e+00	
1098	3.821400e-07	0.000000e+00	

Index   time            v3#branch       
--------------------------------------------------------------------------------
1099	3.841880e-07	0.000000e+00	
1100	3.849000e-07	0.000000e+00	
1101	3.849100e-07	0.000000e+00	
1102	3.849300e-07	0.000000e+00	
1103	3.849700e-07	0.000000e+00	
1104	3.850000e-07	0.000000e+00	
1105	3.850080e-07	0.000000e+00	
1106	3.850240e-07	0.000000e+00	
1107	3.850560e-07	0.000000e+00	
1108	3.851200e-07	0.000000e+00	
1109	3.852480e-07	0.000000e+00	
1110	3.855040e-07	0.000000e+00	
1111	3.860160e-07	0.000000e+00	
1112	3.870400e-07	0.000000e+00	
1113	3.890880e-07	0.000000e+00	
1114	3.900000e-07	0.000000e+00	
1115	3.900100e-07	0.000000e+00	
1116	3.900300e-07	0.000000e+00	
1117	3.900700e-07	0.000000e+00	
1118	3.901000e-07	0.000000e+00	
1119	3.901080e-07	0.000000e+00	
1120	3.901240e-07	0.000000e+00	
1121	3.901560e-07	0.000000e+00	
1122	3.902200e-07	0.000000e+00	
1123	3.903480e-07	0.000000e+00	
1124	3.906040e-07	0.000000e+00	
1125	3.911160e-07	0.000000e+00	
1126	3.921400e-07	0.000000e+00	
1127	3.941880e-07	0.000000e+00	
1128	3.949000e-07	0.000000e+00	
1129	3.949100e-07	0.000000e+00	
1130	3.949300e-07	0.000000e+00	
1131	3.949700e-07	0.000000e+00	
1132	3.950000e-07	0.000000e+00	
1133	3.950080e-07	0.000000e+00	
1134	3.950240e-07	0.000000e+00	
1135	3.950560e-07	0.000000e+00	
1136	3.951200e-07	0.000000e+00	
1137	3.952480e-07	0.000000e+00	
1138	3.955040e-07	0.000000e+00	
1139	3.960160e-07	0.000000e+00	
1140	3.970400e-07	0.000000e+00	
1141	3.990880e-07	0.000000e+00	
1142	4.000000e-07	0.000000e+00	
1143	4.000100e-07	0.000000e+00	
1144	4.000300e-07	0.000000e+00	
1145	4.000700e-07	0.000000e+00	
1146	4.001000e-07	0.000000e+00	
1147	4.001080e-07	0.000000e+00	
1148	4.001240e-07	0.000000e+00	
1149	4.001560e-07	0.000000e+00	
1150	4.002200e-07	0.000000e+00	
1151	4.003480e-07	0.000000e+00	
1152	4.006040e-07	0.000000e+00	
1153	4.011160e-07	0.000000e+00	
1154	4.021400e-07	0.000000e+00	
1155	4.041880e-07	0.000000e+00	
1156	4.049000e-07	0.000000e+00	

Index   time            v3#branch       
--------------------------------------------------------------------------------
1157	4.049100e-07	0.000000e+00	
1158	4.049300e-07	0.000000e+00	
1159	4.049700e-07	0.000000e+00	
1160	4.050000e-07	0.000000e+00	
1161	4.050080e-07	0.000000e+00	
1162	4.050240e-07	0.000000e+00	
1163	4.050560e-07	0.000000e+00	
1164	4.051200e-07	0.000000e+00	
1165	4.052480e-07	0.000000e+00	
1166	4.055040e-07	0.000000e+00	
1167	4.060160e-07	0.000000e+00	
1168	4.070400e-07	0.000000e+00	
1169	4.090880e-07	0.000000e+00	
1170	4.100000e-07	0.000000e+00	
1171	4.100100e-07	0.000000e+00	
1172	4.100300e-07	0.000000e+00	
1173	4.100700e-07	0.000000e+00	
1174	4.101000e-07	0.000000e+00	
1175	4.101080e-07	0.000000e+00	
1176	4.101240e-07	0.000000e+00	
1177	4.101560e-07	0.000000e+00	
1178	4.102200e-07	0.000000e+00	
1179	4.103480e-07	0.000000e+00	
1180	4.106040e-07	0.000000e+00	
1181	4.111160e-07	0.000000e+00	
1182	4.121400e-07	0.000000e+00	
1183	4.141880e-07	0.000000e+00	
1184	4.149000e-07	0.000000e+00	
1185	4.149100e-07	0.000000e+00	
1186	4.149300e-07	0.000000e+00	
1187	4.149700e-07	0.000000e+00	
1188	4.150000e-07	0.000000e+00	
1189	4.150080e-07	0.000000e+00	
1190	4.150240e-07	0.000000e+00	
1191	4.150560e-07	0.000000e+00	
1192	4.151200e-07	0.000000e+00	
1193	4.152480e-07	0.000000e+00	
1194	4.155040e-07	0.000000e+00	
1195	4.160160e-07	0.000000e+00	
1196	4.170400e-07	0.000000e+00	
1197	4.190880e-07	0.000000e+00	
1198	4.200000e-07	0.000000e+00	
1199	4.200100e-07	0.000000e+00	
1200	4.200300e-07	0.000000e+00	
1201	4.200700e-07	0.000000e+00	
1202	4.201000e-07	0.000000e+00	
1203	4.201080e-07	0.000000e+00	
1204	4.201240e-07	0.000000e+00	
1205	4.201560e-07	0.000000e+00	
1206	4.202200e-07	0.000000e+00	
1207	4.203480e-07	0.000000e+00	
1208	4.206040e-07	0.000000e+00	
1209	4.211160e-07	0.000000e+00	
1210	4.221400e-07	0.000000e+00	
1211	4.241880e-07	0.000000e+00	
1212	4.249000e-07	0.000000e+00	
1213	4.249100e-07	0.000000e+00	
1214	4.249300e-07	0.000000e+00	

Index   time            v3#branch       
--------------------------------------------------------------------------------
1215	4.249700e-07	0.000000e+00	
1216	4.250000e-07	0.000000e+00	
1217	4.250080e-07	0.000000e+00	
1218	4.250240e-07	0.000000e+00	
1219	4.250560e-07	0.000000e+00	
1220	4.251200e-07	0.000000e+00	
1221	4.252480e-07	0.000000e+00	
1222	4.255040e-07	0.000000e+00	
1223	4.260160e-07	0.000000e+00	
1224	4.270400e-07	0.000000e+00	
1225	4.290880e-07	0.000000e+00	
1226	4.300000e-07	0.000000e+00	
1227	4.300100e-07	0.000000e+00	
1228	4.300300e-07	0.000000e+00	
1229	4.300700e-07	0.000000e+00	
1230	4.301000e-07	0.000000e+00	
1231	4.301080e-07	0.000000e+00	
1232	4.301240e-07	0.000000e+00	
1233	4.301560e-07	0.000000e+00	
1234	4.302200e-07	0.000000e+00	
1235	4.303480e-07	0.000000e+00	
1236	4.306040e-07	0.000000e+00	
1237	4.311160e-07	0.000000e+00	
1238	4.321400e-07	0.000000e+00	
1239	4.341880e-07	0.000000e+00	
1240	4.349000e-07	0.000000e+00	
1241	4.349100e-07	0.000000e+00	
1242	4.349300e-07	0.000000e+00	
1243	4.349700e-07	0.000000e+00	
1244	4.350000e-07	0.000000e+00	
1245	4.350080e-07	0.000000e+00	
1246	4.350240e-07	0.000000e+00	
1247	4.350560e-07	0.000000e+00	
1248	4.351200e-07	0.000000e+00	
1249	4.352480e-07	0.000000e+00	
1250	4.355040e-07	0.000000e+00	
1251	4.360160e-07	0.000000e+00	
1252	4.370400e-07	0.000000e+00	
1253	4.390880e-07	0.000000e+00	
1254	4.400000e-07	0.000000e+00	
1255	4.400100e-07	0.000000e+00	
1256	4.400300e-07	0.000000e+00	
1257	4.400700e-07	0.000000e+00	
1258	4.401000e-07	0.000000e+00	
1259	4.401080e-07	0.000000e+00	
1260	4.401240e-07	0.000000e+00	
1261	4.401560e-07	0.000000e+00	
1262	4.402200e-07	0.000000e+00	
1263	4.403480e-07	0.000000e+00	
1264	4.406040e-07	0.000000e+00	
1265	4.411160e-07	0.000000e+00	
1266	4.421400e-07	0.000000e+00	
1267	4.441880e-07	0.000000e+00	
1268	4.449000e-07	0.000000e+00	
1269	4.449100e-07	0.000000e+00	
1270	4.449300e-07	0.000000e+00	
1271	4.449700e-07	0.000000e+00	
1272	4.450000e-07	0.000000e+00	

Index   time            v3#branch       
--------------------------------------------------------------------------------
1273	4.450080e-07	0.000000e+00	
1274	4.450240e-07	0.000000e+00	
1275	4.450560e-07	0.000000e+00	
1276	4.451200e-07	0.000000e+00	
1277	4.452480e-07	0.000000e+00	
1278	4.455040e-07	0.000000e+00	
1279	4.460160e-07	0.000000e+00	
1280	4.470400e-07	0.000000e+00	
1281	4.490880e-07	0.000000e+00	
1282	4.500000e-07	0.000000e+00	
1283	4.500100e-07	0.000000e+00	
1284	4.500300e-07	0.000000e+00	
1285	4.500700e-07	0.000000e+00	
1286	4.501000e-07	0.000000e+00	
1287	4.501080e-07	0.000000e+00	
1288	4.501240e-07	0.000000e+00	
1289	4.501560e-07	0.000000e+00	
1290	4.502200e-07	0.000000e+00	
1291	4.502300e-07	0.000000e+00	
1292	4.502400e-07	0.000000e+00	
1293	4.502600e-07	0.000000e+00	
1294	4.503000e-07	0.000000e+00	
1295	4.503300e-07	0.000000e+00	
1296	4.503380e-07	0.000000e+00	
1297	4.503540e-07	0.000000e+00	
1298	4.503860e-07	0.000000e+00	
1299	4.504500e-07	0.000000e+00	
1300	4.505780e-07	0.000000e+00	
1301	4.508340e-07	0.000000e+00	
1302	4.513460e-07	0.000000e+00	
1303	4.523700e-07	0.000000e+00	
1304	4.544180e-07	0.000000e+00	
1305	4.549000e-07	0.000000e+00	
1306	4.549100e-07	0.000000e+00	
1307	4.549300e-07	0.000000e+00	
1308	4.549700e-07	0.000000e+00	
1309	4.550000e-07	0.000000e+00	
1310	4.550080e-07	0.000000e+00	
1311	4.550240e-07	0.000000e+00	
1312	4.550560e-07	0.000000e+00	
1313	4.551200e-07	0.000000e+00	
1314	4.552480e-07	0.000000e+00	
1315	4.555040e-07	0.000000e+00	
1316	4.560160e-07	0.000000e+00	
1317	4.570400e-07	0.000000e+00	
1318	4.590880e-07	0.000000e+00	
1319	4.600000e-07	0.000000e+00	
1320	4.600100e-07	0.000000e+00	
1321	4.600300e-07	0.000000e+00	
1322	4.600700e-07	0.000000e+00	
1323	4.601000e-07	0.000000e+00	
1324	4.601080e-07	0.000000e+00	
1325	4.601240e-07	0.000000e+00	
1326	4.601560e-07	0.000000e+00	
1327	4.602200e-07	0.000000e+00	
1328	4.602300e-07	0.000000e+00	
1329	4.602400e-07	0.000000e+00	
1330	4.602600e-07	0.000000e+00	

Index   time            v3#branch       
--------------------------------------------------------------------------------
1331	4.603000e-07	0.000000e+00	
1332	4.603300e-07	0.000000e+00	
1333	4.603380e-07	0.000000e+00	
1334	4.603540e-07	0.000000e+00	
1335	4.603860e-07	0.000000e+00	
1336	4.604500e-07	0.000000e+00	
1337	4.605780e-07	0.000000e+00	
1338	4.608340e-07	0.000000e+00	
1339	4.613460e-07	0.000000e+00	
1340	4.623700e-07	0.000000e+00	
1341	4.644180e-07	0.000000e+00	
1342	4.649000e-07	0.000000e+00	
1343	4.649100e-07	0.000000e+00	
1344	4.649300e-07	0.000000e+00	
1345	4.649700e-07	0.000000e+00	
1346	4.650000e-07	0.000000e+00	
1347	4.650080e-07	0.000000e+00	
1348	4.650240e-07	0.000000e+00	
1349	4.650560e-07	0.000000e+00	
1350	4.651200e-07	0.000000e+00	
1351	4.652480e-07	0.000000e+00	
1352	4.655040e-07	0.000000e+00	
1353	4.660160e-07	0.000000e+00	
1354	4.670400e-07	0.000000e+00	
1355	4.690880e-07	0.000000e+00	
1356	4.700000e-07	0.000000e+00	
1357	4.700100e-07	0.000000e+00	
1358	4.700300e-07	0.000000e+00	
1359	4.700700e-07	0.000000e+00	
1360	4.701000e-07	0.000000e+00	
1361	4.701080e-07	0.000000e+00	
1362	4.701240e-07	0.000000e+00	
1363	4.701560e-07	0.000000e+00	
1364	4.702200e-07	0.000000e+00	
1365	4.703480e-07	0.000000e+00	
1366	4.706040e-07	0.000000e+00	
1367	4.711160e-07	0.000000e+00	
1368	4.721400e-07	0.000000e+00	
1369	4.741880e-07	0.000000e+00	
1370	4.749000e-07	0.000000e+00	
1371	4.749100e-07	0.000000e+00	
1372	4.749300e-07	0.000000e+00	
1373	4.749700e-07	0.000000e+00	
1374	4.750000e-07	0.000000e+00	
1375	4.750080e-07	0.000000e+00	
1376	4.750240e-07	0.000000e+00	
1377	4.750560e-07	0.000000e+00	
1378	4.751200e-07	0.000000e+00	
1379	4.752480e-07	0.000000e+00	
1380	4.755040e-07	0.000000e+00	
1381	4.760160e-07	0.000000e+00	
1382	4.770400e-07	0.000000e+00	
1383	4.790880e-07	0.000000e+00	
1384	4.800000e-07	0.000000e+00	
1385	4.800100e-07	0.000000e+00	
1386	4.800300e-07	0.000000e+00	
1387	4.800700e-07	0.000000e+00	
1388	4.801000e-07	0.000000e+00	

Index   time            v3#branch       
--------------------------------------------------------------------------------
1389	4.801080e-07	0.000000e+00	
1390	4.801240e-07	0.000000e+00	
1391	4.801560e-07	0.000000e+00	
1392	4.802200e-07	0.000000e+00	
1393	4.803480e-07	0.000000e+00	
1394	4.806040e-07	0.000000e+00	
1395	4.811160e-07	0.000000e+00	
1396	4.821400e-07	0.000000e+00	
1397	4.841880e-07	0.000000e+00	
1398	4.849000e-07	0.000000e+00	
1399	4.849100e-07	0.000000e+00	
1400	4.849300e-07	0.000000e+00	
1401	4.849700e-07	0.000000e+00	
1402	4.850000e-07	0.000000e+00	
1403	4.850080e-07	0.000000e+00	
1404	4.850240e-07	0.000000e+00	
1405	4.850560e-07	0.000000e+00	
1406	4.851200e-07	0.000000e+00	
1407	4.852480e-07	0.000000e+00	
1408	4.855040e-07	0.000000e+00	
1409	4.860160e-07	0.000000e+00	
1410	4.870400e-07	0.000000e+00	
1411	4.890880e-07	0.000000e+00	
1412	4.900000e-07	0.000000e+00	
1413	4.900100e-07	0.000000e+00	
1414	4.900300e-07	0.000000e+00	
1415	4.900700e-07	0.000000e+00	
1416	4.901000e-07	0.000000e+00	
1417	4.901080e-07	0.000000e+00	
1418	4.901240e-07	0.000000e+00	
1419	4.901560e-07	0.000000e+00	
1420	4.902200e-07	0.000000e+00	
1421	4.903480e-07	0.000000e+00	
1422	4.906040e-07	0.000000e+00	
1423	4.911160e-07	0.000000e+00	
1424	4.921400e-07	0.000000e+00	
1425	4.941880e-07	0.000000e+00	
1426	4.949000e-07	0.000000e+00	
1427	4.949100e-07	0.000000e+00	
1428	4.949300e-07	0.000000e+00	
1429	4.949700e-07	0.000000e+00	
1430	4.950000e-07	0.000000e+00	
1431	4.950080e-07	0.000000e+00	
1432	4.950240e-07	0.000000e+00	
1433	4.950560e-07	0.000000e+00	
1434	4.951200e-07	0.000000e+00	
1435	4.952480e-07	0.000000e+00	
1436	4.955040e-07	0.000000e+00	
1437	4.960160e-07	0.000000e+00	
1438	4.970400e-07	0.000000e+00	
1439	4.990880e-07	0.000000e+00	
1440	5.000000e-07	0.000000e+00	
